Workbook

Sheet Summary
A1: VENDOR QUOTE FORM
A2: ASSORTMENT PRICE
A4: FROM | B4: : | C4: ROYAL REGENT PRODUCTS INDUSTRIES LIMITED | M4: PREPARED BY : | N4: Charles
A5: CUSTOMER | B5: : | C5: SPIN MASTER TOYS FAR EAST LTD
A6: MATERIAL NO | B6: : | C6: 1097236 | M6: REVISION : | N6: V2
A7: MATERIAL GROUP | B7: :
A8: DESCRIPTION | B8: : | C8: 29090/ T.94703-0001/ PWP LPP - 6.88 Movie Plush Refresh - GML | M8: DATE : | N8: 46096
A10: ASSORTMENT MATRIX:
A11: IND. SKU TOY# | B11: Description | E11: Qty ( per carton ) | F11: Revision | J11: EX FTY (US$) | K11: FOB ID FCL (US$) | L11: FOB ID LCL1 (US$) | M11: FOB ID LCL2 (US$) | N11: FOB ID LCL3 (US$)
A12: =C6 -> 1097236 | B12: =Rocky!C7 -> 29090/ T.94703-0001/ PWP LPP - 6.88 Movie Plush Refresh - GML--Rocky | E12: 2 | J12: =Rocky!L179 -> 2.1259875 | K12: =Rocky!L181 -> 2.1503512 | L12: =Rocky!L185 -> 2.2408449 | M12: =Rocky!L186 -> 2.2028326 | N12: =Rocky!L187 -> 2.1920989
A13: =C6 -> 1097236 | B13: =Skye!C7 -> 29090/ T.94703-0001/ PWP LPP - 6.88 Movie Plush Refresh - GML--Skye | E13: 2 | J13: =Skye!L179 -> 2.278025 | K13: =Skye!L181 -> 2.3023887 | L13: =Skye!L185 -> 2.3928824 | M13: =Skye!L186 -> 2.3548701 | N13: =Skye!L187 -> 2.3441364
A14: =C6 -> 1097236 | B14: =Marshall!C7 -> 29090/ T.94703-0001/ PWP LPP - 6.88 Movie Plush Refresh - GML--Marshall | E14: 2 | J14: =Marshall!L179 -> 2.1801856 | K14: =Marshall!L181 -> 2.2045493 | L14: =Marshall!L185 -> 2.295043 | M14: =Marshall!L186 -> 2.2570307 | N14: =Marshall!L187 -> 2.246297
A15: =C6 -> 1097236 | B15: =Rex!C7 -> 29090/ T.94703-0001/ PWP LPP - 6.88 Movie Plush Refresh - GML--Rex | E15: 2 | J15: =Rex!L179 -> 2.418661 | K15: =Rex!L181 -> 2.4430247 | L15: =Rex!L185 -> 2.5335184 | M15: =Rex!L186 -> 2.495506 | N15: =Rex!L187 -> 2.4847723
A16: =C6 -> 1097236 | B16: =Chase!C7 -> 29090/ T.94703-0001/ PWP LPP - 6.88 Movie Plush Refresh - GML--Chase | E16: 2 | J16: =Chase!L179 -> 2.0808071 | K16: =Chase!L181 -> 2.1051708 | L16: =Chase!L185 -> 2.1956645 | M16: =Chase!L186 -> 2.1576522 | N16: =Chase!L187 -> 2.1469185
A17: =C6 -> 1097236 | B17: =Rubble!C7 -> 29090/ T.94703-0001/ PWP LPP - 6.88 Movie Plush Refresh - GML--Rubble | E17: 2 | J17: =Rubble!L179 -> 2.1542613 | K17: =Rubble!L181 -> 2.178625 | L17: =Rubble!L185 -> 2.2691187 | M17: =Rubble!L186 -> 2.2311064 | N17: =Rubble!L187 -> 2.2203727
A18: =C12 -> 0
A20: REMARKS: EXCHANGE RATE US$1 = HK$7.75 | D20: Case Pack = | E20: =SUM(E12:E19) -> 12 | G20: =I22+1 -> 16369 | H20: to | I20: =Rocky!I168 -> 19248 | J20: =ROUND(SUMPRODUCT($E$12:$E$19,J12:J19)/$E$20,4) -> 2.2063 | K20: =ROUND(SUMPRODUCT($E$12:$E$19,K12:K19)/$E$20,4) -> 2.2307 | L20: =ROUND(SUMPRODUCT($E$12:$E$19,L12:L19)/$E$20,4) -> 2.3212 | M20: =ROUND(SUMPRODUCT($E$12:$E$19,M12:M19)/$E$20,4) -> 2.2832 | N20: =ROUND(SUMPRODUCT($E$12:$E$19,N12:N19)/$E$20,4) -> 2.2724 | O20: (LCL 3)
F21: ( pcs per shipment ) | K21: =K20-J20 -> 0.0244 | L21: =L20-J20 -> 0.1149 | M21: =M20-J20 -> 0.0769 | N21: =N20-J20 -> 0.0661
A22: Unit Cost per CBM for INDONESIA FCL : | D22: =(K21/(E52/E45)) -> 16.607077 | F22: Qty fm | G22: =H24+1 -> 8665 | H22: to | I22: =Rocky!I167 -> 16368 | M22: =M20 -> 2.2832 | O22: (LCL 2)
A23: Unit Cost per CBM for INDONESIA LCL (50%to 75% loaded container) : | D23: =(N21/(E52/E45)) -> 44.988845 | F23: ( pcs per shipment ) | M23: =M21 -> 0.0769
A24: No. of pieces in 40' container : | D24: =((55/E52)*E45) -> 37433.986 | G24: Qty under | H24: =Rocky!I166 -> 8664 | L24: =L20 -> 2.3212 | O24: (LCL 1)
F25: ( pcs per shipment ) | L25: =L21 -> 0.1149
A26: DESIGNATED VENDOR COMPONENT(S) :
A27: PART | C27: VENDOR | D27: COST (US$) | J27: PRODUCT COST + CONSIGNED PARTS + SHIPPING COST
J28: PROJECT(S) WITH TOOLING(S)?
J30: VENDOR FOB INDONESIA FCL: | N30: =K20 -> 2.2307
J31: Consigned parts No | K31: Description | L31: Usage | M31: Unit Cost | N31: TOTAL
A34: Verified By: | D34: Approved By:
J38: TOTAL FOB INDONESIA FCL | N38: =SUM(N30:N37) -> 2.2307
A40: SMTFE Engineer: | D40: Director of Procurement / Ronnen Harary | N40: 0
J41: Total Cost | N41: =SUM(N38:N40) -> 2.2307
A42: Date: | D42: Date: | J42: (Consign Part usage per SKU. Plesase refer to the consign parts usage contents)
A44: Shipping cost to US & TN
A45: Item | D45: pcs/carton | E45: =E20 -> 12
C46: OR | L46: OR
A47: Carton Dimension (inch) : | D47: Carton Dimension (cm) : | J47: Retail Package Dimension (inch) | M47: Retail Package Dimension (cm)
A48: Width - L | B48: 18.5 | C48: inch | D48: Width - L | E48: =B48*2.54 -> 46.99 | F48: cm | J48: Width - L | L48: Inch | M48: Width - L | N48: =K48*2.54 -> 0 | O48: cm
A49: Depth -W | B49: 8.54 | C49: inch | D49: Depth-W | E49: =B49*2.54 -> 21.6916 | F49: cm | J49: Depth-W | L49: Inch | M49: Depth-W | N49: =K49*2.54 -> 0 | O49: cm
A50: Height | B50: 6.81 | C50: inch | D50: Height | E50: =B50*2.54 -> 17.2974 | F50: cm | J50: Height | L50: Inch | M50: Height | N50: =K50*2.54 -> 0 | O50: cm
A51: Weight | C51: lb | D51: Weight | E51: =+B51 -> 0 | F51: lb | J51: Weight | L51: lb | M51: Weight | N51: =+K51 -> 0 | O51: lb
A52: Carton CFT | B52: =(B48*B49*B50)/(12*12*12) -> 0.6226342 | D52: Carton CBM | E52: =(E48*E49*E50)/1000000 -> 0.017631037 | J52: Product CFT | K52: =(K48*K49*K50)/(12*12*12) -> 0

Sheet Rocky
A1: VENDOR QUOTE FORM
A2: INDIVIDUAL COST BREAKDOWN
A3: From (Vendor) : | C3: ROYAL REGENT PRODUCTS INDUSTRIES LIMITED | M3: PREPARED BY : | N3: =Summary!N4 -> Charles
A4: To CUSTOMER : | C4: SPIN MASTER TOYS FAR EAST LTD | M4: REVISION : | N4: =Summary!N6 -> V2
A5: MATERIAL NO ; | C5: =Summary!C6 -> 1097236 | M5: DATE : | N5: =Summary!N8 -> 46096
A6: MATERIAL GROUP : | C6: =Summary!C7 -> 0
A7: DESCRIPTION : | C7: 29090/ T.94703-0001/ PWP LPP - 6.88 Movie Plush Refresh - GML--Rocky
B9: In-Housed Molding | C9: Parts (each row below represents a single mold) | D9: Mold No. | E9: Part No. | F9: Cav/UP | I9: Material | J9: Resin price (US$/kg) | K9: Wt. per toy (g) | L9: US$ per toy | N9: Molding Cost (US$/pc) | O9: Cycle time (sec) | P9: Machine size (Ton) | Q9: Molding Labour Rate (US$/hr)
M10: =IF(F10="","",F10/H10)
L11: =+J11*K11/1000 -> 0 | M11: =IF(F11="","",F11/H11) | N11: 0
M12: =IF(F12="","",F12/H12)
M13: =IF(F13="","",F13/H13)
M14: =IF(F14="","",F14/H14)
L15: =+J15*K15/1000 -> 0 | M15: =IF(F15="","",F15/H15) | N15: 0
M16: =IF(F16="","",F16/H16)
L17: =+J17*K17/1000 -> 0 | M17: =IF(F17="","",F17/H17) | N17: 0
J18: Total Wt. | K18: =SUM(K10:K17) -> 0 | N18: =SUM(N10:N17) -> 0
L19: Sub-total: | M19: =SUM(L10:L18) -> 0
N20: =M19/P98 -> 0
B21: Purchased Part | C21: Description | J21: Unit price (US$/pc) | K21: Usage per toy | L21: US$ per toy
C22: Fabric Cost
C23: 58" 320G 1.5MM White Crystal Super Soft, Digital Positioning Print | D23: 58"320G 1.5MM白色水晶超柔，数码定位印 | J23: =14/6.8*1.06 -> 2.1823529 | K23: 0.11625958 | L23: =K23*J23 -> 0.25371944
C24: 58" 320G 1.5MM White Crystal Super Soft + Bottom-to-Bottom Bonding | D24: 58"320G 1.5MM白色水晶超柔+底对底贴合 | J24: =19.8/6.8*1.06 -> 3.0864706 | K24: 0.0019567784 | L24: =K24*J24 -> 0.0060395391
C25: 58" 220G Black Edge Lurex Fabric | D25: 58" 220G黑色边纶布 | J25: =6.2/6.8*1.06 -> 0.96647059 | K25: 0.00090312851 | L25: =K25*J25 -> 0.00087284714
C26: 36" 2MM Green Jifu Fabric | D26: 36"2MM绿色戟绒布 | J26: =9.2/6.8*1.06 -> 1.4341176 | K26: 0.0045156425 | L26: =K26*J26 -> 0.0064759626
C27: 36" 2MM Gray-Blue Jifu Fabric | D27: 36"2MM灰蓝色戟绒布 | J27: =9.2/6.8*1.06 -> 1.4341176 | K27: 0.0019352754 | L27: =K27*J27 -> 0.0027754126
C28: 58" 180G White Edge Lurex Fabric | D28: 58"180G白色边伦布 | J28: =5/6.8*1.06 -> 0.77941176 | K28: 0.0024083427 | L28: =K28*J28 -> 0.0018770906
L29: =K29*J29 -> 0
L30: =K30*J30 -> 0
L31: =K31*J31 -> 0
L32: =K32*J32 -> 0
M36: =SUM(L23:L36) -> 0.27176029 | N36: =M36/P98 -> 0.39547879
C37: Metal Parts Cost
L38: =J38*K38 -> 0
L39: =J39*K39 -> 0
L40: =J40*K40 -> 0
L41: =J41*K41 -> 0
L42: =J42*K42 -> 0
L43: =J43*K43 -> 0
L44: =J44*K44 -> 0
L45: =J45*K45 -> 0
M46: =SUM(L38:L46) -> 0 | N46: =M46/P98 -> 0
C47: Electronic Parts Cost
L48: =J48*K48 -> 0
L49: =J49*K49 -> 0
L50: =J50*K50 -> 0
L51: =J51*K51 -> 0
L52: =J52*K52 -> 0
L53: =J53*K53 -> 0
L54: =J54*K54 -> 0
L55: =J55*K55 -> 0
L56: =J56*K56 -> 0
L57: =J57*K57 -> 0
M58: =SUM(L48:L58) -> 0 | N58: =M58/P98 -> 0
C59: Others Cost
C60: 6MM white ordinary cotton tape 6MM白色普通棉带 | D60: 6MM白色棉带 | J60: 0.0029768501 | K60: 5.2020202 | L60: =J60*K60 -> 0.015485634
C61: Thread | D61: 604#配色强力线 | J61: 0.00048273245 | K61: 26.010101 | L61: =J61*K61 -> 0.01255592
C62: Stuffing - recycled 3D | D62: 3D (回收 棉) | J62: =0.0085/6.8*1.06 -> 0.001325 | K62: 46.818182 | L62: =J62*K62 -> 0.062034091
C63: SIL | D63: 商标 | J63: 0.0186 | K63: 1 | L63: =J63*K63 -> 0.0186
C64: Embroidery | D64: 电锈 | J64: 0.17372971 | K64: 1 | L64: =J64*K64 -> 0.17372971
M71: =SUM(L60:L71) -> 0.28240535 | N71: =M71/P98 -> 0.41097
L72: Subtotal: | M72: =M36+M46+M58+M71 -> 0.55416564
C74: Special Parts Cost (Special Markup)
L75: =J75*K75 -> 0
L76: =J76*K76 -> 0
L77: =J77*K77 -> 0
L78: =J78*K78 -> 0
L79: =J79*K79 -> 0
L81: Subtotal: | M81: =SUM(L75:L80) -> 0 | N81: =M81/P98 -> 0
B84: Packaging | C84: Description | J84: Unit price (US$/pc) | K84: Usage per toy | L84: US$ per toy
C85: Retail box
C86: H-tag | D86: 250gC2S+4C+AQ/ 4C+AQ | J86: 0.038618596 | K86: 1 | L86: =J86*K86 -> 0.038618596
C87: CDU(12"Lx8"Wx5.5") | D87: 350gCCNB+B9+4C+AQ | J87: 0.51169639 | K87: =1/12 -> 0.083333333 | L87: =J87*K87 -> 0.042641366
C88: Dennison | J88: 0.001 | K88: 1 | L88: =J88*K88 -> 0.001
L89: =J89*K89 -> 0
L90: =J90*K90 -> 0
C91: Master carton
C92: Master carton K3A 18.5" x 8.54" x 6.81" | E92: 12 products into 1 CDU, and 1 CDU into 1 outer carton. | J92: 0.36777928 | K92: =1/12 -> 0.083333333 | L92: =J92*K92 -> 0.030648273
C93: Inner B33 | D93: 防割盖板 | J93: 0.00400284 | K93: 1 | L93: =J93*K93 -> 0.00400284
C94: scotch tape，Tissue | J94: 0.016091082 | K94: 1 | L94: =J94*K94 -> 0.016091082
L97: Subtotal: | M97: =SUM(L85:L96) -> 0.13300216 | N97: =M97/P98 -> 0.19355121
N98: =SUM(N20:N97) -> 1 | P98: =M72+M97 -> 0.6871678
A101: Labor | B101: Molding | C101: Description | L101: US$ per toy
C102: Injection molding | L102: =N18 -> 0
C103: Metal die-casting | L103: 0
C104: Roto-Casting | L104: 0
C105: Blow molding | L105: 0
C106: Others - (pls state) | L106: 0
L107: Subtotal: | M107: =SUM(L102:L106) -> 0
B109: Decoration | C109: Description | J109: Unit cost (US$/op) | K109: No. of ops | L109: US$ per toy
L111: =J111*K111 -> 0
L112: =J112*K112 -> 0
L113: =J113*K113 -> 0
L114: =J114*K114 -> 0
L115: =J115*K115 -> 0
L116: =J116*K116 -> 0
L117: =J117*K117 -> 0
L118: =J118*K118 -> 0
L119: =J119*K119 -> 0
L120: Subtotal: | M120: =SUM(L110:L119) -> 0
...

Sheet Skye
A1: VENDOR QUOTE FORM
A2: INDIVIDUAL COST BREAKDOWN
A3: From (Vendor) : | C3: ROYAL REGENT PRODUCTS INDUSTRIES LIMITED | M3: PREPARED BY : | N3: =Summary!N4 -> Charles
A4: To CUSTOMER : | C4: SPIN MASTER TOYS FAR EAST LTD | M4: REVISION : | N4: =Summary!N6 -> V2
A5: MATERIAL NO ; | C5: =Summary!C6 -> 1097236 | M5: DATE : | N5: =Summary!N8 -> 46096
A6: MATERIAL GROUP : | C6: =Summary!C7 -> 0
A7: DESCRIPTION : | C7: 29090/ T.94703-0001/ PWP LPP - 6.88 Movie Plush Refresh - GML--Skye
B9: In-Housed Molding | C9: Parts (each row below represents a single mold) | D9: Mold No. | E9: Part No. | F9: Cav/UP | I9: Material | J9: Resin price (US$/kg) | K9: Wt. per toy (g) | L9: US$ per toy | N9: Molding Cost (US$/pc) | O9: Cycle time (sec) | P9: Machine size (Ton) | Q9: Molding Labour Rate (US$/hr)
M10: =IF(F10="","",F10/H10)
L11: =+J11*K11/1000 -> 0 | M11: =IF(F11="","",F11/H11) | N11: 0
M12: =IF(F12="","",F12/H12)
M13: =IF(F13="","",F13/H13)
M14: =IF(F14="","",F14/H14)
L15: =+J15*K15/1000 -> 0 | M15: =IF(F15="","",F15/H15) | N15: 0
M16: =IF(F16="","",F16/H16)
L17: =+J17*K17/1000 -> 0 | M17: =IF(F17="","",F17/H17) | N17: 0
J18: Total Wt. | K18: =SUM(K10:K17) -> 0 | N18: =SUM(N10:N17) -> 0
L19: Sub-total: | M19: =SUM(L10:L18) -> 0
N20: =M19/P98 -> 0
B21: Purchased Part | C21: Description | J21: Unit price (US$/pc) | K21: Usage per toy | L21: US$ per toy
C22: Fabric Cost
C23: 58" 320G 1.5MM White Crystal Super Soft, Digital Positioning Print | D23: 58"320G 1.5MM白色水晶超柔，数码定位印 | J23: =14/6.8*1.06 -> 2.1823529 | K23: 0.13110558 | L23: =K23*J23 -> 0.28611864
C24: 63" 950G 20MM Orange Rabbit Fur | D24: 63"950G 20MM橙色兔毛 | J24: =25/6.8*1.06 -> 3.8970588 | K24: 0.0081281566 | L24: =K24*J24 -> 0.031675904
C25: 58" 220G Black Edge Lumber | D25: 58" 220G黑色边纶布 | J25: =6.2/6.8*1.06 -> 0.96647059 | K25: 0.00090312851 | L25: =K25*J25 -> 0.00087284714
C26: 58" 2MM Rose Red Velvet Fabric | D26: 36"2MM玫红色戟绒布 | J26: =9.2/6.8*1.06 -> 1.4341176 | K26: 0.0042145997 | L26: =K26*J26 -> 0.0060442318
C27: 58" 2MM Yellow Velvet Fabric | D27: 36"2MM黄色戟绒布 | J27: =9.2/6.8*1.06 -> 1.4341176 | K27: 0.0011611652 | L27: =K27*J27 -> 0.0016652475
C28: 58" 180G White Edge Lumber | D28: 58"180G白色边伦布 | J28: =5/6.8*1.06 -> 0.77941176 | K28: 0.0019352754 | L28: =K28*J28 -> 0.0015083764
L29: =K29*J29 -> 0
L30: =K30*J30 -> 0
L31: =K31*J31 -> 0
L32: =K32*J32 -> 0
M36: =SUM(L23:L36) -> 0.32788525 | N36: =M36/P98 -> 0.44112531
C37: Metal Parts Cost
L38: =J38*K38 -> 0
L39: =J39*K39 -> 0
L40: =J40*K40 -> 0
L41: =J41*K41 -> 0
L42: =J42*K42 -> 0
L43: =J43*K43 -> 0
L44: =J44*K44 -> 0
L45: =J45*K45 -> 0
M46: =SUM(L38:L46) -> 0 | N46: =M46/P98 -> 0
C47: Electronic Parts Cost
L48: =J48*K48 -> 0
L49: =J49*K49 -> 0
L50: =J50*K50 -> 0
L51: =J51*K51 -> 0
L52: =J52*K52 -> 0
L53: =J53*K53 -> 0
L54: =J54*K54 -> 0
L55: =J55*K55 -> 0
L56: =J56*K56 -> 0
L57: =J57*K57 -> 0
M58: =SUM(L48:L58) -> 0 | N58: =M58/P98 -> 0
C59: Others Cost
C60: 6MM white ordinary cotton tape 6MM白色普通棉带 | D60: 6MM白色棉带 | J60: 0.0029768501 | K60: 5.2020202 | L60: =J60*K60 -> 0.015485634
C61: Thread | D61: 604#配色强力线 | J61: 0.00048273245 | K61: 26.010101 | L61: =J61*K61 -> 0.01255592
C62: Stuffing - recycled 3D | D62: 3D (回收 棉) | J62: =0.0085/6.8*1.06 -> 0.001325 | K62: 46.818182 | L62: =J62*K62 -> 0.062034091
C63: SIL | D63: 商标 | J63: 0.0186 | K63: 1 | L63: =J63*K63 -> 0.0186
C64: Embroidery | D64: 电锈 | J64: 0.17372971 | K64: 1 | L64: =J64*K64 -> 0.17372971
M71: =SUM(L60:L71) -> 0.28240535 | N71: =M71/P98 -> 0.37993825
L72: Subtotal: | M72: =M36+M46+M58+M71 -> 0.6102906
C74: Special Parts Cost (Special Markup)
L75: =J75*K75 -> 0
L76: =J76*K76 -> 0
L77: =J77*K77 -> 0
L78: =J78*K78 -> 0
L79: =J79*K79 -> 0
L81: Subtotal: | M81: =SUM(L75:L80) -> 0 | N81: =M81/P98 -> 0
B84: Packaging | C84: Description | J84: Unit price (US$/pc) | K84: Usage per toy | L84: US$ per toy
C85: Retail box
C86: H-tag | D86: 250gC2S+4C+AQ/ 4C+AQ | J86: 0.038618596 | K86: 1 | L86: =J86*K86 -> 0.038618596
C87: CDU(12"Lx8"Wx5.5") | D87: 350gCCNB+B9+4C+AQ | J87: 0.51169639 | K87: =1/12 -> 0.083333333 | L87: =J87*K87 -> 0.042641366
C88: Dennison | J88: 0.001 | K88: 1 | L88: =J88*K88 -> 0.001
L89: =J89*K89 -> 0
L90: =J90*K90 -> 0
C91: Master carton
C92: Master carton K3A 18.5" x 8.54" x 6.81" | E92: 12 products into 1 CDU, and 1 CDU into 1 outer carton. | J92: 0.36777928 | K92: =1/12 -> 0.083333333 | L92: =J92*K92 -> 0.030648273
C93: Inner B33 | D93: 防割盖板 | J93: 0.00400284 | K93: 1 | L93: =J93*K93 -> 0.00400284
C94: scotch tape，Tissue | J94: 0.016091082 | K94: 1 | L94: =J94*K94 -> 0.016091082
L97: Subtotal: | M97: =SUM(L85:L96) -> 0.13300216 | N97: =M97/P98 -> 0.17893644
N98: =SUM(N20:N97) -> 1 | P98: =M72+M97 -> 0.74329276
A101: Labor | B101: Molding | C101: Description | L101: US$ per toy
C102: Injection molding | L102: =N18 -> 0
C103: Metal die-casting | L103: 0
C104: Roto-Casting | L104: 0
C105: Blow molding | L105: 0
C106: Others - (pls state) | L106: 0
L107: Subtotal: | M107: =SUM(L102:L106) -> 0
B109: Decoration | C109: Description | J109: Unit cost (US$/op) | K109: No. of ops | L109: US$ per toy
L111: =J111*K111 -> 0
L112: =J112*K112 -> 0
L113: =J113*K113 -> 0
L114: =J114*K114 -> 0
L115: =J115*K115 -> 0
L116: =J116*K116 -> 0
L117: =J117*K117 -> 0
L118: =J118*K118 -> 0
L119: =J119*K119 -> 0
L120: Subtotal: | M120: =SUM(L110:L119) -> 0
...

Sheet Marshall
A1: VENDOR QUOTE FORM
A2: INDIVIDUAL COST BREAKDOWN
A3: From (Vendor) : | C3: ROYAL REGENT PRODUCTS INDUSTRIES LIMITED | M3: PREPARED BY : | N3: =Summary!N4 -> Charles
A4: To CUSTOMER : | C4: SPIN MASTER TOYS FAR EAST LTD | M4: REVISION : | N4: =Summary!N6 -> V2
A5: MATERIAL NO ; | C5: =Summary!C6 -> 1097236 | M5: DATE : | N5: =Summary!N8 -> 46096
A6: MATERIAL GROUP : | C6: =Summary!C7 -> 0
A7: DESCRIPTION : | C7: 29090/ T.94703-0001/ PWP LPP - 6.88 Movie Plush Refresh - GML--Marshall
B9: In-Housed Molding | C9: Parts (each row below represents a single mold) | D9: Mold No. | E9: Part No. | F9: Cav/UP | I9: Material | J9: Resin price (US$/kg) | K9: Wt. per toy (g) | L9: US$ per toy | N9: Molding Cost (US$/pc) | O9: Cycle time (sec) | P9: Machine size (Ton) | Q9: Molding Labour Rate (US$/hr)
M10: =IF(F10="","",F10/H10)
L11: =+J11*K11/1000 -> 0 | M11: =IF(F11="","",F11/H11) | N11: 0
M12: =IF(F12="","",F12/H12)
M13: =IF(F13="","",F13/H13)
M14: =IF(F14="","",F14/H14)
L15: =+J15*K15/1000 -> 0 | M15: =IF(F15="","",F15/H15) | N15: 0
M16: =IF(F16="","",F16/H16)
L17: =+J17*K17/1000 -> 0 | M17: =IF(F17="","",F17/H17) | N17: 0
J18: Total Wt. | K18: =SUM(K10:K17) -> 0 | N18: =SUM(N10:N17) -> 0
L19: Sub-total: | M19: =SUM(L10:L18) -> 0
N20: =M19/P98 -> 0
B21: Purchased Part | C21: Description | J21: Unit price (US$/pc) | K21: Usage per toy | L21: US$ per toy
C22: Fabric Cost
C23: 58" 320G 1.5MM white crystal ultra-soft, digital positioning printing | D23: 58"320G 1.5MM白色水晶超柔，数码定位印 | J23: =14/6.8*1.06 -> 2.1823529 | K23: 0.12876019 | L23: =K23*J23 -> 0.28100018
C24: 58" 220G Black Edge Lumber | D24: 58" 220G黑色边纶布 | J24: =6.2/6.8*1.06 -> 0.96647059 | K24: 0.0010625041 | L24: =K24*J24 -> 0.001026879
C25: 58" 2MM red velvet fabric | D25: 36"2MM红色戟绒布 | J25: =9.2/6.8*1.06 -> 1.4341176 | K25: 0.018578644 | L25: =K25*J25 -> 0.026643961
C26: 58" 2MM white velvet fabric | D26: 36"2MM白色戟绒布 | J26: =9.2/6.8*1.06 -> 1.4341176 | K26: 0.001806257 | L26: =K26*J26 -> 0.0025903851
C27: 58" 180G White Edge Lumber | D27: 58"180G白色边伦布 | J27: =5/6.8*1.06 -> 0.77941176 | K27: 0.0024083427 | L27: =K27*J27 -> 0.0018770906
L28: =K28*J28 -> 0
L29: =K29*J29 -> 0
L30: =K30*J30 -> 0
L31: =K31*J31 -> 0
L32: =K32*J32 -> 0
M36: =SUM(L23:L36) -> 0.3131385 | N36: =M36/P98 -> 0.42981294
C37: Metal Parts Cost
L38: =J38*K38 -> 0
L39: =J39*K39 -> 0
L40: =J40*K40 -> 0
L41: =J41*K41 -> 0
L42: =J42*K42 -> 0
L43: =J43*K43 -> 0
L44: =J44*K44 -> 0
L45: =J45*K45 -> 0
M46: =SUM(L38:L46) -> 0 | N46: =M46/P98 -> 0
C47: Electronic Parts Cost
L48: =J48*K48 -> 0
L49: =J49*K49 -> 0
L50: =J50*K50 -> 0
L51: =J51*K51 -> 0
L52: =J52*K52 -> 0
L53: =J53*K53 -> 0
L54: =J54*K54 -> 0
L55: =J55*K55 -> 0
L56: =J56*K56 -> 0
L57: =J57*K57 -> 0
M58: =SUM(L48:L58) -> 0 | N58: =M58/P98 -> 0
C59: Others Cost
C60: 6MM white ordinary cotton tape 6MM白色普通棉带 | D60: 6MM白色棉带 | J60: 0.0029768501 | K60: 5.2020202 | L60: =J60*K60 -> 0.015485634
C61: Thread | D61: 604#配色强力线 | J61: 0.00048273245 | K61: 26.010101 | L61: =J61*K61 -> 0.01255592
C62: Stuffing - recycled 3D | D62: 3D (回收 棉) | J62: =0.0085/6.8*1.06 -> 0.001325 | K62: 46.818182 | L62: =J62*K62 -> 0.062034091
C63: SIL | D63: 商标 | J63: 0.0186 | K63: 1 | L63: =J63*K63 -> 0.0186
C64: Embroidery | D64: 电锈 | J64: 0.17372971 | K64: 1 | L64: =J64*K64 -> 0.17372971
M71: =SUM(L60:L71) -> 0.28240535 | N71: =M71/P98 -> 0.38762871
L72: Subtotal: | M72: =M36+M46+M58+M71 -> 0.59554385
C74: Special Parts Cost (Special Markup)
L75: =J75*K75 -> 0
L76: =J76*K76 -> 0
L77: =J77*K77 -> 0
L78: =J78*K78 -> 0
L79: =J79*K79 -> 0
L81: Subtotal: | M81: =SUM(L75:L80) -> 0 | N81: =M81/P98 -> 0
B84: Packaging | C84: Description | J84: Unit price (US$/pc) | K84: Usage per toy | L84: US$ per toy
C85: Retail box
C86: H-tag | D86: 250gC2S+4C+AQ/ 4C+AQ | J86: 0.038618596 | K86: 1 | L86: =J86*K86 -> 0.038618596
C87: CDU(12"Lx8"Wx5.5") | D87: 350gCCNB+B9+4C+AQ | J87: 0.51169639 | K87: =1/12 -> 0.083333333 | L87: =J87*K87 -> 0.042641366
C88: Dennison | J88: 0.001 | K88: 1 | L88: =J88*K88 -> 0.001
L89: =J89*K89 -> 0
L90: =J90*K90 -> 0
C91: Master carton
C92: Master carton K3A 18.5" x 8.54" x 6.81" | E92: 12 products into 1 CDU, and 1 CDU into 1 outer carton. | J92: 0.36777928 | K92: =1/12 -> 0.083333333 | L92: =J92*K92 -> 0.030648273
C93: Inner B33 | D93: 防割盖板 | J93: 0.00400284 | K93: 1 | L93: =J93*K93 -> 0.00400284
C94: scotch tape，Tissue | J94: 0.016091082 | K94: 1 | L94: =J94*K94 -> 0.016091082
L97: Subtotal: | M97: =SUM(L85:L96) -> 0.13300216 | N97: =M97/P98 -> 0.18255835
N98: =SUM(N20:N97) -> 1 | P98: =M72+M97 -> 0.72854601
A101: Labor | B101: Molding | C101: Description | L101: US$ per toy
C102: Injection molding | L102: =N18 -> 0
C103: Metal die-casting | L103: 0
C104: Roto-Casting | L104: 0
C105: Blow molding | L105: 0
C106: Others - (pls state) | L106: 0
L107: Subtotal: | M107: =SUM(L102:L106) -> 0
B109: Decoration | C109: Description | J109: Unit cost (US$/op) | K109: No. of ops | L109: US$ per toy
L111: =J111*K111 -> 0
L112: =J112*K112 -> 0
L113: =J113*K113 -> 0
L114: =J114*K114 -> 0
L115: =J115*K115 -> 0
L116: =J116*K116 -> 0
L117: =J117*K117 -> 0
L118: =J118*K118 -> 0
L119: =J119*K119 -> 0
L120: Subtotal: | M120: =SUM(L110:L119) -> 0
...

Sheet Rex
A1: VENDOR QUOTE FORM
A2: INDIVIDUAL COST BREAKDOWN
A3: From (Vendor) : | C3: ROYAL REGENT PRODUCTS INDUSTRIES LIMITED | M3: PREPARED BY : | N3: =Summary!N4 -> Charles
A4: To CUSTOMER : | C4: SPIN MASTER TOYS FAR EAST LTD | M4: REVISION : | N4: =Summary!N6 -> V2
A5: MATERIAL NO ; | C5: =Summary!C6 -> 1097236 | M5: DATE : | N5: =Summary!N8 -> 46096
A6: MATERIAL GROUP : | C6: =Summary!C7 -> 0
A7: DESCRIPTION : | C7: 29090/ T.94703-0001/ PWP LPP - 6.88 Movie Plush Refresh - GML--Rex
B9: In-Housed Molding | C9: Parts (each row below represents a single mold) | D9: Mold No. | E9: Part No. | F9: Cav/UP | I9: Material | J9: Resin price (US$/kg) | K9: Wt. per toy (g) | L9: US$ per toy | N9: Molding Cost (US$/pc) | O9: Cycle time (sec) | P9: Machine size (Ton) | Q9: Molding Labour Rate (US$/hr)
M10: =IF(F10="","",F10/H10)
L11: =+J11*K11/1000 -> 0 | M11: =IF(F11="","",F11/H11) | N11: 0
M12: =IF(F12="","",F12/H12)
M13: =IF(F13="","",F13/H13)
M14: =IF(F14="","",F14/H14)
L15: =+J15*K15/1000 -> 0 | M15: =IF(F15="","",F15/H15) | N15: 0
M16: =IF(F16="","",F16/H16)
L17: =+J17*K17/1000 -> 0 | M17: =IF(F17="","",F17/H17) | N17: 0
J18: Total Wt. | K18: =SUM(K10:K17) -> 0 | N18: =SUM(N10:N17) -> 0
L19: Sub-total: | M19: =SUM(L10:L18) -> 0
N20: =M19/P98 -> 0
B21: Purchased Part | C21: Description | J21: Unit price (US$/pc) | K21: Usage per toy | L21: US$ per toy
C22: Fabric Cost
C23: 58" 320G 1.5MM White Crystal Super Soft + Digital Positioning Print | D23: 58"320G 1.5MM白色水晶超柔+数码定位印 | J23: =14/6.8*1.06 -> 2.1823529 | K23: 0.14776912 | L23: =K23*J23 -> 0.32248438
C24: 58" 220G Black Edge Lurex Fabric | D24: 58" 220G黑色边纶布 | J24: =6.2/6.8*1.06 -> 0.96647059 | K24: 0.00090312851 | L24: =K24*J24 -> 0.00087284714
C25: 36" 2MM Black Jifu Fabric | D25: 36"2MM黑色戟绒布 | J25: =9.2/6.8*1.06 -> 1.4341176 | K25: 0.0053724568 | L25: =K25*J25 -> 0.007704735
C26: 36" 2MM Black Jifu Fabric | D26: 36"2MM黑色戟绒布 | J26: =9.2/6.8*1.06 -> 1.4341176 | K26: 0.010235456 | L26: =K26*J26 -> 0.014678849
C27: 36" 2MM White Jifu + Digital Positioning Print | D27: 36"2MM白色戟绒+数码定位印 | J27: =17.1/6.8*1.06 -> 2.6655882 | K27: 0.0090312851 | L27: =K27*J27 -> 0.024073687
C28: 58" 180G White Edge Lurex Fabric | D28: 58"180G白色边伦布 | J28: =5/6.8*1.06 -> 0.77941176 | K28: 0.001806257 | L28: =K28*J28 -> 0.001407818
L29: =K29*J29 -> 0
L30: =K30*J30 -> 0
L31: =K31*J31 -> 0
L32: =K32*J32 -> 0
M36: =SUM(L23:L36) -> 0.37122231 | N36: =M36/P98 -> 0.47191487
C37: Metal Parts Cost
L38: =J38*K38 -> 0
L39: =J39*K39 -> 0
L40: =J40*K40 -> 0
L41: =J41*K41 -> 0
L42: =J42*K42 -> 0
L43: =J43*K43 -> 0
L44: =J44*K44 -> 0
L45: =J45*K45 -> 0
M46: =SUM(L38:L46) -> 0 | N46: =M46/P98 -> 0
C47: Electronic Parts Cost
L48: =J48*K48 -> 0
L49: =J49*K49 -> 0
L50: =J50*K50 -> 0
L51: =J51*K51 -> 0
L52: =J52*K52 -> 0
L53: =J53*K53 -> 0
L54: =J54*K54 -> 0
L55: =J55*K55 -> 0
L56: =J56*K56 -> 0
L57: =J57*K57 -> 0
M58: =SUM(L48:L58) -> 0 | N58: =M58/P98 -> 0
C59: Others Cost
C60: 6MM white ordinary cotton tape 6MM白色普通棉带 | D60: 6MM白色棉带 | J60: 0.0029768501 | K60: 5.2020202 | L60: =J60*K60 -> 0.015485634
C61: Thread | D61: 604#配色强力线 | J61: 0.00048273245 | K61: 26.010101 | L61: =J61*K61 -> 0.01255592
C62: Stuffing - recycled 3D | D62: 3D (回收 棉) | J62: =0.0085/6.8*1.06 -> 0.001325 | K62: 46.818182 | L62: =J62*K62 -> 0.062034091
C63: SIL | D63: 商标 | J63: 0.0186 | K63: 1 | L63: =J63*K63 -> 0.0186
C64: Embroidery | D64: 电锈 | J64: 0.17372971 | K64: 1 | L64: =J64*K64 -> 0.17372971
M71: =SUM(L60:L71) -> 0.28240535 | N71: =M71/P98 -> 0.35900667
L72: Subtotal: | M72: =M36+M46+M58+M71 -> 0.65362767
C74: Special Parts Cost (Special Markup)
L75: =J75*K75 -> 0
L76: =J76*K76 -> 0
L77: =J77*K77 -> 0
L78: =J78*K78 -> 0
L79: =J79*K79 -> 0
L81: Subtotal: | M81: =SUM(L75:L80) -> 0 | N81: =M81/P98 -> 0
B84: Packaging | C84: Description | J84: Unit price (US$/pc) | K84: Usage per toy | L84: US$ per toy
C85: Retail box
C86: H-tag | D86: 250gC2S+4C+AQ/ 4C+AQ | J86: 0.038618596 | K86: 1 | L86: =J86*K86 -> 0.038618596
C87: CDU(12"Lx8"Wx5.5") | D87: 350gCCNB+B9+4C+AQ | J87: 0.51169639 | K87: =1/12 -> 0.083333333 | L87: =J87*K87 -> 0.042641366
C88: Dennison | J88: 0.001 | K88: 1 | L88: =J88*K88 -> 0.001
L89: =J89*K89 -> 0
L90: =J90*K90 -> 0
C91: Master carton
C92: Master carton K3A 18.5" x 8.54" x 6.81" | E92: 12 products into 1 CDU, and 1 CDU into 1 outer carton. | J92: 0.36777928 | K92: =1/12 -> 0.083333333 | L92: =J92*K92 -> 0.030648273
C93: Inner B33 | D93: 防割盖板 | J93: 0.00400284 | K93: 1 | L93: =J93*K93 -> 0.00400284
C94: scotch tape，Tissue | J94: 0.016091082 | K94: 1 | L94: =J94*K94 -> 0.016091082
L97: Subtotal: | M97: =SUM(L85:L96) -> 0.13300216 | N97: =M97/P98 -> 0.16907846
N98: =SUM(N20:N97) -> 1 | P98: =M72+M97 -> 0.78662982
A101: Labor | B101: Molding | C101: Description | L101: US$ per toy
C102: Injection molding | L102: =N18 -> 0
C103: Metal die-casting | L103: 0
C104: Roto-Casting | L104: 0
C105: Blow molding | L105: 0
C106: Others - (pls state) | L106: 0
L107: Subtotal: | M107: =SUM(L102:L106) -> 0
B109: Decoration | C109: Description | J109: Unit cost (US$/op) | K109: No. of ops | L109: US$ per toy
L111: =J111*K111 -> 0
L112: =J112*K112 -> 0
L113: =J113*K113 -> 0
L114: =J114*K114 -> 0
L115: =J115*K115 -> 0
L116: =J116*K116 -> 0
L117: =J117*K117 -> 0
L118: =J118*K118 -> 0
L119: =J119*K119 -> 0
L120: Subtotal: | M120: =SUM(L110:L119) -> 0
...

Sheet Chase
A1: VENDOR QUOTE FORM
A2: INDIVIDUAL COST BREAKDOWN
A3: From (Vendor) : | C3: ROYAL REGENT PRODUCTS INDUSTRIES LIMITED | M3: PREPARED BY : | N3: =Summary!N4 -> Charles
A4: To CUSTOMER : | C4: SPIN MASTER TOYS FAR EAST LTD | M4: REVISION : | N4: =Summary!N6 -> V2
A5: MATERIAL NO ; | C5: =Summary!C6 -> 1097236 | M5: DATE : | N5: =Summary!N8 -> 46096
A6: MATERIAL GROUP : | C6: =Summary!C7 -> 0
A7: DESCRIPTION : | C7: 29090/ T.94703-0001/ PWP LPP - 6.88 Movie Plush Refresh - GML--Chase
B9: In-Housed Molding | C9: Parts (each row below represents a single mold) | D9: Mold No. | E9: Part No. | F9: Cav/UP | I9: Material | J9: Resin price (US$/kg) | K9: Wt. per toy (g) | L9: US$ per toy | N9: Molding Cost (US$/pc) | O9: Cycle time (sec) | P9: Machine size (Ton) | Q9: Molding Labour Rate (US$/hr)
M10: =IF(F10="","",F10/H10)
L11: =+J11*K11/1000 -> 0 | M11: =IF(F11="","",F11/H11) | N11: 0
M12: =IF(F12="","",F12/H12)
M13: =IF(F13="","",F13/H13)
M14: =IF(F14="","",F14/H14)
L15: =+J15*K15/1000 -> 0 | M15: =IF(F15="","",F15/H15) | N15: 0
M16: =IF(F16="","",F16/H16)
L17: =+J17*K17/1000 -> 0 | M17: =IF(F17="","",F17/H17) | N17: 0
J18: Total Wt. | K18: =SUM(K10:K17) -> 0 | N18: =SUM(N10:N17) -> 0
L19: Sub-total: | M19: =SUM(L10:L18) -> 0
N20: =M19/P98 -> 0
B21: Purchased Part | C21: Description | J21: Unit price (US$/pc) | K21: Usage per toy | L21: US$ per toy
C22: Fabric Cost
C23: 58" 320G 1.5MM White Crystal Super Soft, Digital Positioning Print | D23: 58"320G 1.5MM白色水晶超柔，数码定位印 | J23: =14/6.8*1.06 -> 2.1823529 | K23: 0.11218825 | L23: =K23*J23 -> 0.24483436
C24: 58" 220G black edge linen fabric | D24: 58" 220G黑色边纶布 | J24: =6.2/6.8*1.06 -> 0.96647059 | K24: 0.00090312851 | L24: =K24*J24 -> 0.00087284714
C25: 36" 2MM black jinvelvet fabric | D25: 36"2MM黑色戟绒布 | J25: =9.2/6.8*1.06 -> 1.4341176 | K25: 0.0038903997 | L25: =K25*J25 -> 0.0055792909
C26: 36" 2MM dark brown jinvelvet fabric | D26: 36"2MM深棕色戟绒布 | J26: =9.2/6.8*1.06 -> 1.4341176 | K26: 0.0019066046 | L26: =K26*J26 -> 0.0027342953
C27: 58" 180G white edge linen fabric | D27: 58"180G白色边伦布 | J27: =5/6.8*1.06 -> 0.77941176 | K27: 0.0020642937 | L27: =K27*J27 -> 0.0016089348
L28: =K28*J28 -> 0
L29: =K29*J29 -> 0
L30: =K30*J30 -> 0
L31: =K31*J31 -> 0
L32: =K32*J32 -> 0
M36: =SUM(L23:L36) -> 0.25562973 | N36: =M36/P98 -> 0.38094716
C37: Metal Parts Cost
L38: =J38*K38 -> 0
L39: =J39*K39 -> 0
L40: =J40*K40 -> 0
L41: =J41*K41 -> 0
L42: =J42*K42 -> 0
L43: =J43*K43 -> 0
L44: =J44*K44 -> 0
L45: =J45*K45 -> 0
M46: =SUM(L38:L46) -> 0 | N46: =M46/P98 -> 0
C47: Electronic Parts Cost
L48: =J48*K48 -> 0
L49: =J49*K49 -> 0
L50: =J50*K50 -> 0
L51: =J51*K51 -> 0
L52: =J52*K52 -> 0
L53: =J53*K53 -> 0
L54: =J54*K54 -> 0
L55: =J55*K55 -> 0
L56: =J56*K56 -> 0
L57: =J57*K57 -> 0
M58: =SUM(L48:L58) -> 0 | N58: =M58/P98 -> 0
C59: Others Cost
C60: 6MM white ordinary cotton tape 6MM白色普通棉带 | D60: 6MM白色棉带 | J60: 0.0029768501 | K60: 5.2020202 | L60: =J60*K60 -> 0.015485634
C61: Thread | D61: 604#配色强力线 | J61: 0.00048273245 | K61: 26.010101 | L61: =J61*K61 -> 0.01255592
C62: Stuffing - recycled 3D | D62: 3D (回收 棉) | J62: =0.0085/6.8*1.06 -> 0.001325 | K62: 46.818182 | L62: =J62*K62 -> 0.062034091
C63: SIL | D63: 商标 | J63: 0.0186 | K63: 1 | L63: =J63*K63 -> 0.0186
C64: Embroidery | D64: 电锈 | J64: 0.17372971 | K64: 1 | L64: =J64*K64 -> 0.17372971
M71: =SUM(L60:L71) -> 0.28240535 | N71: =M71/P98 -> 0.420849
L72: Subtotal: | M72: =M36+M46+M58+M71 -> 0.53803508
C74: Special Parts Cost (Special Markup)
L75: =J75*K75 -> 0
L76: =J76*K76 -> 0
L77: =J77*K77 -> 0
L78: =J78*K78 -> 0
L79: =J79*K79 -> 0
L81: Subtotal: | M81: =SUM(L75:L80) -> 0 | N81: =M81/P98 -> 0
B84: Packaging | C84: Description | J84: Unit price (US$/pc) | K84: Usage per toy | L84: US$ per toy
C85: Retail box
C86: H-tag | D86: 250gC2S+4C+AQ/ 4C+AQ | J86: 0.038618596 | K86: 1 | L86: =J86*K86 -> 0.038618596
C87: CDU(12"Lx8"Wx5.5") | D87: 350gCCNB+B9+4C+AQ | J87: 0.51169639 | K87: =1/12 -> 0.083333333 | L87: =J87*K87 -> 0.042641366
C88: Dennison | J88: 0.001 | K88: 1 | L88: =J88*K88 -> 0.001
L89: =J89*K89 -> 0
L90: =J90*K90 -> 0
C91: Master carton
C92: Master carton K3A 18.5" x 8.54" x 6.81" | E92: 12 products into 1 CDU, and 1 CDU into 1 outer carton. | J92: 0.36777928 | K92: =1/12 -> 0.083333333 | L92: =J92*K92 -> 0.030648273
C93: Inner B33 | D93: 防割盖板 | J93: 0.00400284 | K93: 1 | L93: =J93*K93 -> 0.00400284
C94: scotch tape，Tissue | J94: 0.016091082 | K94: 1 | L94: =J94*K94 -> 0.016091082
L97: Subtotal: | M97: =SUM(L85:L96) -> 0.13300216 | N97: =M97/P98 -> 0.19820384
N98: =SUM(N20:N97) -> 1 | P98: =M72+M97 -> 0.67103724
A101: Labor | B101: Molding | C101: Description | L101: US$ per toy
C102: Injection molding | L102: =N18 -> 0
C103: Metal die-casting | L103: 0
C104: Roto-Casting | L104: 0
C105: Blow molding | L105: 0
C106: Others - (pls state) | L106: 0
L107: Subtotal: | M107: =SUM(L102:L106) -> 0
B109: Decoration | C109: Description | J109: Unit cost (US$/op) | K109: No. of ops | L109: US$ per toy
L111: =J111*K111 -> 0
L112: =J112*K112 -> 0
L113: =J113*K113 -> 0
L114: =J114*K114 -> 0
L115: =J115*K115 -> 0
L116: =J116*K116 -> 0
L117: =J117*K117 -> 0
L118: =J118*K118 -> 0
L119: =J119*K119 -> 0
L120: Subtotal: | M120: =SUM(L110:L119) -> 0
...

Sheet Rubble
A1: VENDOR QUOTE FORM
A2: INDIVIDUAL COST BREAKDOWN
A3: From (Vendor) : | C3: ROYAL REGENT PRODUCTS INDUSTRIES LIMITED | M3: PREPARED BY : | N3: =Summary!N4 -> Charles
A4: To CUSTOMER : | C4: SPIN MASTER TOYS FAR EAST LTD | M4: REVISION : | N4: =Summary!N6 -> V2
A5: MATERIAL NO ; | C5: =Summary!C6 -> 1097236 | M5: DATE : | N5: =Summary!N8 -> 46096
A6: MATERIAL GROUP : | C6: =Summary!C7 -> 0
A7: DESCRIPTION : | C7: 29090/ T.94703-0001/ PWP LPP - 6.88 Movie Plush Refresh - GML--Rubble
B9: In-Housed Molding | C9: Parts (each row below represents a single mold) | D9: Mold No. | E9: Part No. | F9: Cav/UP | I9: Material | J9: Resin price (US$/kg) | K9: Wt. per toy (g) | L9: US$ per toy | N9: Molding Cost (US$/pc) | O9: Cycle time (sec) | P9: Machine size (Ton) | Q9: Molding Labour Rate (US$/hr)
M10: =IF(F10="","",F10/H10)
L11: =+J11*K11/1000 -> 0 | M11: =IF(F11="","",F11/H11) | N11: 0
M12: =IF(F12="","",F12/H12)
M13: =IF(F13="","",F13/H13)
M14: =IF(F14="","",F14/H14)
L15: =+J15*K15/1000 -> 0 | M15: =IF(F15="","",F15/H15) | N15: 0
M16: =IF(F16="","",F16/H16)
L17: =+J17*K17/1000 -> 0 | M17: =IF(F17="","",F17/H17) | N17: 0
J18: Total Wt. | K18: =SUM(K10:K17) -> 0 | N18: =SUM(N10:N17) -> 0
L19: Sub-total: | M19: =SUM(L10:L18) -> 0
N20: =M19/P98 -> 0
B21: Purchased Part | C21: Description | J21: Unit price (US$/pc) | K21: Usage per toy | L21: US$ per toy
C22: Fabric Cost
C23: 58" 320G 1.5MM White Crystal Ultra Soft, Digital Positioning Printing | D23: 58"320G 1.5MM白色水晶超柔，数码定位印 | J23: =14/6.8*1.06 -> 2.1823529 | K23: 0.12443706 | L23: =K23*J23 -> 0.27156558
C24: 58" 220G Black Edge Lumber | D24: 58" 220G黑色边纶布 | J24: =6.2/6.8*1.06 -> 0.96647059 | K24: 0.00082102592 | L24: =K24*J24 -> 0.0007934974
C25: 58" 2MM Yellow Velvet Fabric | D25: 36"2MM黄色戟绒布 | J25: =9.2/6.8*1.06 -> 1.4341176 | K25: 0.0049261555 | L25: =K25*J25 -> 0.0070646865
C26: 58" 2MM Brownish Yellow Velvet | D26: 36"2MM焦黄色戟绒布 | J26: =9.2/6.8*1.06 -> 1.4341176 | K26: 0.0010034761 | L26: =K26*J26 -> 0.0014391028
C27: 58" 180G White Edge Lumber | D27: 58"180G白色边伦布 | J27: =5/6.8*1.06 -> 0.77941176 | K27: 0.0031198985 | L27: =K27*J27 -> 0.0024316856
L28: =K28*J28 -> 0
L29: =K29*J29 -> 0
L30: =K30*J30 -> 0
L31: =K31*J31 -> 0
L32: =K32*J32 -> 0
M36: =SUM(L23:L36) -> 0.28329455 | N36: =M36/P98 -> 0.40545831
C37: Metal Parts Cost
L38: =J38*K38 -> 0
L39: =J39*K39 -> 0
L40: =J40*K40 -> 0
L41: =J41*K41 -> 0
L42: =J42*K42 -> 0
L43: =J43*K43 -> 0
L44: =J44*K44 -> 0
L45: =J45*K45 -> 0
M46: =SUM(L38:L46) -> 0 | N46: =M46/P98 -> 0
C47: Electronic Parts Cost
L48: =J48*K48 -> 0
L49: =J49*K49 -> 0
L50: =J50*K50 -> 0
L51: =J51*K51 -> 0
L52: =J52*K52 -> 0
L53: =J53*K53 -> 0
L54: =J54*K54 -> 0
L55: =J55*K55 -> 0
L56: =J56*K56 -> 0
L57: =J57*K57 -> 0
M58: =SUM(L48:L58) -> 0 | N58: =M58/P98 -> 0
C59: Others Cost
C60: 6MM white ordinary cotton tape 6MM白色普通棉带 | D60: 6MM白色棉带 | J60: 0.0029768501 | K60: 5.2020202 | L60: =J60*K60 -> 0.015485634
C61: Thread | D61: 604#配色强力线 | J61: 0.00048273245 | K61: 26.010101 | L61: =J61*K61 -> 0.01255592
C62: Stuffing - recycled 3D | D62: 3D (回收 棉) | J62: =0.0085/6.8*1.06 -> 0.001325 | K62: 46.818182 | L62: =J62*K62 -> 0.062034091
C63: SIL | D63: 商标 | J63: 0.0186 | K63: 1 | L63: =J63*K63 -> 0.0186
C64: Embroidery | D64: 电锈 | J64: 0.17372971 | K64: 1 | L64: =J64*K64 -> 0.17372971
M71: =SUM(L60:L71) -> 0.28240535 | N71: =M71/P98 -> 0.40418566
L72: Subtotal: | M72: =M36+M46+M58+M71 -> 0.56569991
C74: Special Parts Cost (Special Markup)
L75: =J75*K75 -> 0
L76: =J76*K76 -> 0
L77: =J77*K77 -> 0
L78: =J78*K78 -> 0
L79: =J79*K79 -> 0
L81: Subtotal: | M81: =SUM(L75:L80) -> 0 | N81: =M81/P98 -> 0
B84: Packaging | C84: Description | J84: Unit price (US$/pc) | K84: Usage per toy | L84: US$ per toy
C85: Retail box
C86: H-tag | D86: 250gC2S+4C+AQ/ 4C+AQ | J86: 0.038618596 | K86: 1 | L86: =J86*K86 -> 0.038618596
C87: CDU(12"Lx8"Wx5.5") | D87: 350gCCNB+B9+4C+AQ | J87: 0.51169639 | K87: =1/12 -> 0.083333333 | L87: =J87*K87 -> 0.042641366
C88: Dennison | J88: 0.001 | K88: 1 | L88: =J88*K88 -> 0.001
L89: =J89*K89 -> 0
L90: =J90*K90 -> 0
C91: Master carton
C92: Master carton K3A 18.5" x 8.54" x 6.81" | E92: 12 products into 1 CDU, and 1 CDU into 1 outer carton. | J92: 0.36777928 | K92: =1/12 -> 0.083333333 | L92: =J92*K92 -> 0.030648273
C93: Inner B33 | D93: 防割盖板 | J93: 0.00400284 | K93: 1 | L93: =J93*K93 -> 0.00400284
C94: scotch tape，Tissue | J94: 0.016091082 | K94: 1 | L94: =J94*K94 -> 0.016091082
L97: Subtotal: | M97: =SUM(L85:L96) -> 0.13300216 | N97: =M97/P98 -> 0.19035604
N98: =SUM(N20:N97) -> 1 | P98: =M72+M97 -> 0.69870206
A101: Labor | B101: Molding | C101: Description | L101: US$ per toy
C102: Injection molding | L102: =N18 -> 0
C103: Metal die-casting | L103: 0
C104: Roto-Casting | L104: 0
C105: Blow molding | L105: 0
C106: Others - (pls state) | L106: 0
L107: Subtotal: | M107: =SUM(L102:L106) -> 0
B109: Decoration | C109: Description | J109: Unit cost (US$/op) | K109: No. of ops | L109: US$ per toy
L111: =J111*K111 -> 0
L112: =J112*K112 -> 0
L113: =J113*K113 -> 0
L114: =J114*K114 -> 0
L115: =J115*K115 -> 0
L116: =J116*K116 -> 0
L117: =J117*K117 -> 0
L118: =J118*K118 -> 0
L119: =J119*K119 -> 0
L120: Subtotal: | M120: =SUM(L110:L119) -> 0
...
