Workbook

Sheet 名称
A1: ITEM
A2: 1025130 | B2: 新款四角星（OMTS)
A3: 1124135 | B3: 复仇者联盟游戏机
A4: 1124138 | B4: 转盘游戏机-EN
A5: 1125103 | B5: 红色比卡超-EN
A6: 1125115 | B6: 新点读笔地图
A7: 1125130 | B7: 新款四角星（OMTS)
A8: 1125151 | B8: 绿波比卡超 EN
A9: 1125155 | B9: PTE 比卡超圆形游戏机
A10: 1224138 | B10: 转盘游戏机-ES
A11: 1425130 | B11: 新款四角星（OMTS)
A12: 1522113 | B12: 圆形灯-SL
A13: 3021070 | B13: 橙色超级男仔小精灵-SE
... A25: 4724113 | B25: 圆形灯
A26: 1121118- US | B26: 金属色比卡超-EN
A27: 1123103- US-TAR | B27: 红色比卡超-EN-US
A28: 1124138- UK | B28: 转盘游戏机
A29: 1125103- US-MIL | B29: 红色比卡超-EN-US
A30: 1125106- US-MIL | B30: 紫波比卡超-EN-US
A31: 1125110- US-MIL | B31: 四角星抢答器 EN US
A32: 1125117- US-MIL | B32: 比卡超手表 EN-US
A33: 1125118- US-MIL | B33: 金属色比卡超-EN-US
A34: 1125124- US-MIL | B34: 白色比卡超 EN-US
A35: 1125130- US | B35: 新款四角星（OMTS)
A36: 1125151- US-MIL | B36: 绿波比卡超 EN-US
A37: 1125155- UK | B37: PTE 比卡超圆形游戏机
... A39: 1125159- UK | B39: 新款五角星-UK

Sheet 总接单
A1: 产品名称 | I1: 四角星 | L1: 游戏机 | P1: 圆形灯 | Q1: 魔镜 | R1: 小精灵 | T1: 五角星 | X1: 比卡超精灵球 | AF1: 地图 | AI1: 新点读笔地图 | AJ1: 速度头 | AK1: 蓝精灵 | AL1: 超级精灵球 | AM1: 米奇老鼠头 | AN1: 足球
A2: 接单日期 | B2: 国家 | C2: PO号 | D2: CUSTOMER PO | E2: ITEM | F2: 产品名称 | G2: 数量 | H2: 验货期 | I2: 四角星抢答器 | J2: 涡轮四角星 | K2: 新款四角星（OMTS) | L2: PTE 比卡超圆形游戏机 | M2: 城市游戏机 | N2: 复仇者联盟游戏机 | O2: 转盘游戏机 | P2: 圆形灯 | Q2: 魔镜 | R2: 橙色超级男仔小精灵（四方彩盒版本） | S2: 橙色超级男仔小精灵（六边彩盒版本） | T2: 五角星 | U2: 小孩五角星 | V2: 新款五角星 | W2: 米奇五角星 | X2: 比卡超手表 | Y2: 绿波比卡超 | Z2: 金属色比卡超 | AA2: 红色比卡超 | AB2: 紫波比卡超 | AC2: 金属色比卡超 | AD2: 灰红波比卡超 | AE2: 白色比卡超 | AF2: 平板地图 | AG2: 世界地图 | AH2: 动物地图 | AI2: 新点读笔地图 | AJ2: 速度头 | AK2: 蓝精灵 | AL2: 超级精灵球 | AM2: 迪士尼米奇头 | AN2: 足球 | AO2: 单价USD | AP2: 金额USD | AQ2: 金额HKD
A3: 45943 | B3: 德国 | D3: PO-25101302 | E3: 1825103 | F3: 红色比卡超-DE | G3: 6000 | H3: 46023 | AA3: =G3 -> 6000 | AO3: 2.119 | AP3: =SUM(I3:AN3)*AO3 -> 12714 | AQ3: =AP3*7.75 -> 98533.5
A4: 45943 | B4: 德国 | D4: PO-25101302 | E4: 1825155 | F4: PTE 比卡超圆形游戏机-DE | G4: 5004 | H4: 46023 | L4: =G4 -> 5004 | AO4: 4.516 | AP4: =SUM(I4:AN4)*AO4 -> 22598.06 | AQ4: =AP4*7.75 -> 175134.97
A5: 45954 | B5: 法国 | D5: PO-25101601 | E5: 1025103 | F5: 红色比卡超 | G5: 4002 | H5: 46007 | AA5: =G5 -> 4002 | AO5: 2.119 | AP5: =SUM(I5:AN5)*AO5 -> 8480.24 | AQ5: =AP5*7.75 -> 65721.86
A6: 45954 | B6: 法国 | D6: PO-25101601 | E6: 1025117 | F6: 比卡超手表 | G6: 3000 | H6: 46007 | X6: =G6 -> 3000 | AO6: 2.656 | AP6: =SUM(I6:AN6)*AO6 -> 7968 | AQ6: =AP6*7.75 -> 61752
A7: 45954 | B7: 法国 | D7: PO-25101601 | E7: 1025155 | F7: PTE 圆型游戏机 | G7: 8004 | H7: 46007 | L7: =G7 -> 8004 | AO7: 4.516 | AP7: =SUM(I7:AN7)*AO7 -> 36146.06 | AQ7: =AP7*7.75 -> 280131.97
A8: 45954 | B8: 波兰 | D8: PO-25102401 | E8: 1426107 | F8: 足球 | G8: 15 | H8: 46034 | AN8: =G8 -> 15 | AO8: 0 | AP8: =SUM(I8:AN8)*AO8 -> 0 | AQ8: =AP8*7.75 -> 0
A9: 45954 | B9: 波兰 | D9: PO-25102401 | E9: 1426107 | F9: 足球 | G9: 8520 | H9: 46041 | AN9: =G9 -> 8520 | AO9: 3.912 | AP9: =SUM(I9:AN9)*AO9 -> 33330.24 | AQ9: =AP9*7.75 -> 258309.36
A10: 45968 | B10: 希腊 | D10: PO-25110501 | E10: 1324138 | F10: 转盘游戏机 GR | G10: 5004 | H10: 46021 | O10: =G10 -> 5004 | AO10: 3.865 | AP10: =SUM(I10:AN10)*AO10 -> 19340.46 | AQ10: =AP10*7.75 -> 149888.57
A11: 45968 | B11: 希腊 | D11: PO-25110502 | E11: 1325107 | F11: 足球 GR | G11: 6000 | H11: 46021 | AN11: =G11 -> 6000 | AO11: 3.912 | AP11: =SUM(I11:AN11)*AO11 -> 23472 | AQ11: =AP11*7.75 -> 181908
A12: 45968 | B12: 希腊 | D12: PO-25110502 | E12: 1325107 | F12: 足球 GR | G12: 6 | H12: 46021 | AN12: =G12 -> 6 | AO12: 0 | AP12: =SUM(I12:AN12)*AO12 -> 0 | AQ12: =AP12*7.75 -> 0
A13: 45968 | B13: 希腊 | D13: PO-25110502 | E13: 1325107 | F13: 足球 GR | G13: 10 | H13: 46021 | AN13: =G13 -> 10 | AO13: 0 | AP13: =SUM(I13:AN13)*AO13 -> 0 | AQ13: =AP13*7.75 -> 0
A14: 45972 | B14: 克罗地亚 | D14: PO-25111001 | E14: 4726107 | F14: 足球 CR | G14: 5076 | H14: 45683 | AN14: =G14 -> 5076 | AO14: 3.912 | AP14: =SUM(I14:AN14)*AO14 -> 19857.31 | AQ14: =AP14*7.75 -> 153894.15
A15: 45972 | B15: 克罗地亚 | C15: 样品 | D15: PO-25111001 | E15: 4726107 | F15: 足球 CR | G15: 10 | H15: 45683 | AN15: =G15 -> 10 | AO15: 0 | AP15: =SUM(I15:AN15)*AO15 -> 0 | AQ15: =AP15*7.75 -> 0
A16: 45975 | B16: 罗马尼亚 | D16: PO-25111401 | E16: 3826107 | F16: 足球 RO | G16: 6168 | H16: 46037 | AN16: =G16 -> 6168 | AO16: 3.912 | AP16: =SUM(I16:AN16)*AO16 -> 24129.22 | AQ16: =AP16*7.75 -> 187001.46
A17: 45975 | B17: 罗马尼亚 | D17: PO-25111401 | E17: 3826107 | F17: 足球 RO | G17: 10 | H17: 46045 | AN17: =G17 -> 10 | AO17: 0 | AP17: =SUM(I17:AN17)*AO17 -> 0 | AQ17: =AP17*7.75 -> 0
A18: 45978 | B18: 意大利 | C18: 签办 | D18: PO-25111701 | E18: 3225107 | F18: 足球 IT | G18: 3 | H18: 46021 | AN18: =G18 -> 3 | AO18: 0 | AP18: =SUM(I18:AN18)*AO18 -> 0 | AQ18: =AP18*7.75 -> 0
A19: 45978 | B19: 意大利 | D19: PO-25111701 | E19: 3225107 | F19: 足球 IT | G19: 7200 | H19: 46038 | AN19: =G19 -> 7200 | AO19: 3.912 | AP19: =SUM(I19:AN19)*AO19 -> 28166.4 | AQ19: =AP19*7.75 -> 218289.6
A20: 45978 | B20: 意大利 | D20: PO-25111701 | E20: 3225107 | F20: 足球 IT | G20: 10 | H20: 46038 | AN20: =G20 -> 10 | AO20: 0 | AP20: =SUM(I20:AN20)*AO20 -> 0 | AQ20: =AP20*7.75 -> 0
A21: 45985 | B21: 美国 | D21: PO-25112401 | E21: 1123103- US-TAR | F21: 红色比卡超 EN-US | G21: 12600 | H21: 46034 | AA21: =G21 -> 12600 | AO21: 2.089 | AP21: =SUM(I21:AN21)*AO21 -> 26321.4 | AQ21: =AP21*7.75 -> 203990.85
A22: 45988 | B22: 新西兰 | D22: PO-25112503 | E22: 1126148 | F22: 足球 EN(黑色外壳） | G22: 822 | H22: 46045 | AN22: =G22 -> 822 | AO22: 3.912 | AP22: =SUM(I22:AN22)*AO22 -> 3215.66 | AQ22: =AP22*7.75 -> 24921.37
A23: 45988 | B23: 新西兰 | D23: PO-25112601 | E23: 1126148 | F23: 足球 EN(黑色外壳） | G23: 426 | H23: 46045 | AN23: =G23 -> 426 | AO23: 3.912 | AP23: =SUM(I23:AN23)*AO23 -> 1666.51 | AQ23: =AP23*7.75 -> 12915.45
A24: 45988 | B24: 保加利亚 | D24: PO-25112603 | E24: 3117070 | F24: 橙色超级男仔小精灵 | G24: 2508 | H24: 46045 | R24: =G24 -> 2508 | AO24: 2.77 | AP24: =SUM(I24:AN24)*AO24 -> 6947.16 | AQ24: =AP24*7.75 -> 53840.49
A25: 45988 | B25: 保加利亚 | D25: PO-25112603 | E25: 3124115 | F25: 新点读笔地图-BU/EN | G25: 1500 | H25: 46045 | AI25: =G25 -> 1500 | AO25: 4.132 | AP25: =SUM(I25:AN25)*AO25 -> 6198 | AQ25: =AP25*7.75 -> 48034.5
A26: 45992 | B26: 澳大利亚 | D26: PO-25120101 | E26: 1126148 | F26: 足球 EN(黑色外壳） | G26: 1500 | H26: 46045 | AN26: =G26 -> 1500 | AO26: 3.912 | AP26: =SUM(I26:AN26)*AO26 -> 5868 | AQ26: =AP26*7.75 -> 45477
A27: 45992 | B27: 澳大利亚 | D27: PO-25120101 | E27: 1126148 | F27: 足球 EN(黑色外壳） | G27: 12 | H27: 46045 | AN27: =G27 -> 12 | AO27: 0 | AP27: =SUM(I27:AN27)*AO27 -> 0 | AQ27: =AP27*7.75 -> 0
A28: 45992 | B28: 澳大利亚 | D28: PO-25120101 | E28: 1121118- AU | F28: 金属色比卡超 | G28: 2208 | H28: 46045 | Z28: =G28 -> 2208 | AO28: 2.09 | AP28: =SUM(I28:AN28)*AO28 -> 4614.72 | AQ28: =AP28*7.75 -> 35764.08
A29: 45992 | B29: 澳大利亚 | D29: PO-25120101 | E29: 1121118- AU | F29: 金属色比卡超 | G29: 12 | H29: 46045 | Z29: =G29 -> 12 | AO29: 0 | AP29: =SUM(I29:AN29)*AO29 -> 0 | AQ29: =AP29*7.75 -> 0
A30: 45999 | B30: 巴西 | D30: PO-25120501 | E30: 3325103 | F30: 红色比卡超 | G30: 3000 | H30: 46059 | AA30: =G30 -> 3000 | AO30: 2.176 | AP30: =SUM(I30:AN30)*AO30 -> 6528 | AQ30: =AP30*7.75 -> 50592
A31: 45999 | B31: 巴西 | D31: PO-25120501 | E31: 3325103 | F31: 红色比卡超 | G31: 18 | H31: 46059 | AA31: =G31 -> 18 | AO31: 0 | AP31: =SUM(I31:AN31)*AO31 -> 0 | AQ31: =AP31*7.75 -> 0
A32: 45999 | B32: 巴西 | D32: PO-25120501 | E32: 3325110 | F32: 四角星抢答器 | G32: 3000 | H32: 46059 | I32: =G32 -> 3000 | AO32: 3.361 | AP32: =SUM(I32:AN32)*AO32 -> 10083 | AQ32: =AP32*7.75 -> 78143.25
A33: 45999 | B33: 巴西 | D33: PO-25120501 | E33: 3325110 | F33: 四角星抢答器 | G33: 18 | H33: 46059 | I33: =G33 -> 18 | AO33: 0 | AP33: =SUM(I33:AN33)*AO33 -> 0 | AQ33: =AP33*7.75 -> 0
A34: 46000 | B34: 斯洛文尼亚 | D34: PO-25120803 | E34: 1526103 | F34: 红色比卡超-SL | G34: 3000 | H34: 46091 | AA34: =G34 -> 3000 | AO34: 1.937 | AP34: =SUM(I34:AN34)*AO34 -> 5811 | AQ34: =AP34*7.75 -> 45035.25
A35: 46000 | B35: 斯洛文尼亚 | D35: PO-25120803 | E35: 1526103 | F35: 红色比卡超-SL | G35: 16 | H35: 46091 | AA35: =G35 -> 16 | AO35: 0 | AP35: =SUM(I35:AN35)*AO35 -> 0 | AQ35: =AP35*7.75 -> 0
A36: 46000 | B36: 斯洛文尼亚（克罗地亚） | D36: PO-25120803 | E36: 4726103 | F36: 红色比卡超-CR | G36: 3000 | H36: 46091 | AA36: =G36 -> 3000 | AO36: 1.937 | AP36: =SUM(I36:AN36)*AO36 -> 5811 | AQ36: =AP36*7.75 -> 45035.25
A37: 46000 | B37: 斯洛文尼亚（克罗地亚） | D37: PO-25120803 | E37: 4726103 | F37: 红色比卡超-CR | G37: 16 | H37: 46091 | AA37: =G37 -> 16 | AO37: 0 | AP37: =SUM(I37:AN37)*AO37 -> 0 | AQ37: =AP37*7.75 -> 0
A38: 46001 | B38: 法国 | D38: PO-25121001 | E38: 1025103 | F38: 红色比卡超-FR | G38: 4002 | H38: 46045 | AA38: =G38 -> 4002 | AO38: 2.119 | AP38: =SUM(I38:AN38)*AO38 -> 8480.24 | AQ38: =AP38*7.75 -> 65721.86
A39: 46001 | B39: 法国 | D39: PO-25121002 | E39: 1025155 | F39: PTE 圆型游戏机-FR | G39: 6000 | H39: 46045 | L39: =G39 -> 6000 | AO39: 4.516 | AP39: =SUM(I39:AN39)*AO39 -> 27096 | AQ39: =AP39*7.75 -> 209994
A40: 46001 | B40: 法国 | D40: PO-25121002 | E40: 1025155 | F40: PTE 圆型游戏机-FR | G40: 6 | H40: 46045 | L40: =G40 -> 6 | AO40: 0 | AP40: =SUM(I40:AN40)*AO40 -> 0 | AQ40: =AP40*7.75 -> 0
A41: 46001 | B41: 法国 | D41: PO-25121004 | E41: 1025155 | F41: PTE 圆型游戏机-FR | G41: 2004 | H41: 46045 | L41: =G41 -> 2004 | AO41: 4.516 | AP41: =SUM(I41:AN41)*AO41 -> 9050.06 | AQ41: =AP41*7.75 -> 70137.97
A42: 46001 | B42: 法国 | D42: PO-25121003 | E42: 1026107 | F42: 足球-FR | G42: 6000 | H42: 46045 | AN42: =G42 -> 6000 | AO42: 3.912 | AP42: =SUM(I42:AN42)*AO42 -> 23472 | AQ42: =AP42*7.75 -> 181908
A43: 46001 | B43: 法国 | D43: PO-25121003 | E43: 1026107 | F43: 足球-FR | G43: 6 | H43: 46045 | AN43: =G43 -> 6 | AO43: 0 | AP43: =SUM(I43:AN43)*AO43 -> 0 | AQ43: =AP43*7.75 -> 0
A44: 46003 | B44: 欧洲 | D44: PO-25121201 | E44: 3222103 | F44: 红色比卡超-IT | G44: 1500 | H44: 46042 | AA44: =G44 -> 1500 | AO44: 1.937 | AP44: =SUM(I44:AN44)*AO44 -> 2905.5 | AQ44: =AP44*7.75 -> 22517.63
A45: 46003 | B45: 欧洲 | D45: PO-25121201 | E45: 3222103 | F45: 红色比卡超-IT | G45: 1104 | H45: 46042 | AA45: =G45 -> 1104 | AO45: 1.937 | AP45: =SUM(I45:AN45)*AO45 -> 2138.45 | AQ45: =AP45*7.75 -> 16572.99
A46: 46003 | B46: 欧洲 | D46: PO-25121201 | E46: 3222110 | F46: 四角星抢答器-IT | G46: 1500 | H46: 46042 | I46: =G46 -> 1500 | AO46: 3.06 | AP46: =SUM(I46:AN46)*AO46 -> 4590 | AQ46: =AP46*7.75 -> 35572.5
A47: 46003 | B47: 欧洲 | D47: PO-25121201 | E47: 3222110 | F47: 四角星抢答器-IT | G47: 1104 | H47: 46042 | I47: =G47 -> 1104 | AO47: 3.06 | AP47: =SUM(I47:AN47)*AO47 -> 3378.24 | AQ47: =AP47*7.75 -> 26181.36
A48: 46009 | B48: 匈牙利 | D48: PO-25121801 | E48: 4524138 | F48: 转盘游戏机-HU | G48: 11190 | H48: 6 | O48: =G48 -> 11190 | AO48: 3.865 | AP48: =SUM(I48:AN48)*AO48 -> 43249.35 | AQ48: =AP48*7.75 -> 335182.46
A49: 46027 | B49: 美国 | D49: PO-26010501 | E49: 1126103-US | F49: 红色比卡超 EN-US | G49: 13620 | H49: 46086 | AA49: =G49 -> 13620 | AO49: 1.913 | AP49: =SUM(I49:AN49)*AO49 -> 26055.06 | AQ49: =AP49*7.75 -> 201926.72
A50: 46038 | B50: 罗马尼亚 | D50: PO-26011501 | E50: 3816003- 0106 | F50: 动物地图 RO | G50: 2304 | H50: 46104 | AH50: =G50 -> 2304 | AO50: 7.285 | AP50: =SUM(I50:AN50)*AO50 -> 16784.64 | AQ50: =AP50*7.75 -> 130080.96
A51: 46038 | B51: 罗马尼亚 | D51: PO-26011501 | E51: 3816097- 0106 | F51: 速度头 RO | G51: 1704 | H51: 46104 | AJ51: =G51 -> 1704 | AO51: 3.359 | AP51: =SUM(I51:AN51)*AO51 -> 5723.74 | AQ51: =AP51*7.75 -> 44358.99
A52: 46052 | B52: 美国 | D52: PO-26020301 | E52: 1125155- US | F52: PTE 比卡超圆形游戏机 | G52: =14700-4380 -> 10320 | H52: 46104 | L52: =G52 -> 10320 | AO52: 4.214 | AP52: =SUM(I52:AN52)*AO52 -> 43488.48 | AQ52: =AP52*7.75 -> 337035.72
A53: 46052 | B53: 美国 | D53: PO-26020301 | E53: 1125155- US | F53: PTE 比卡超圆形游戏机 | G53: 4380 | H53: 46104 | L53: =G53 -> 4380 | AO53: 4.214 | AP53: =SUM(I53:AN53)*AO53 -> 18457.32 | AQ53: =AP53*7.75 -> 143044.23
A54: 46057 | B54: 西班牙 | D54: PO-26020203 | E54: 1226146 | F54: 蓝精灵-ES | G54: 11760 | H54: 46157 | AK54: =G54 -> 11760 | AO54: 2.57 | AP54: =SUM(I54:AN54)*AO54 -> 30223.2 | AQ54: =AP54*7.75 -> 234229.8
A55: 46057 | B55: 西班牙 | C55: 签办 | D55: PO-26020203 | E55: 1226146 | F55: 蓝精灵-ES | G55: 12 | H55: 46157 | AK55: =G55 -> 12 | AO55: 0 | AP55: =SUM(I55:AN55)*AO55 -> 0 | AQ55: =AP55*7.75 -> 0
A56: 46057 | B56: 西班牙 | C56: 大货办 | D56: PO-26020203 | E56: 1226146 | F56: 蓝精灵-ES | G56: 18 | H56: 46157 | AK56: =G56 -> 18 | AO56: 0 | AP56: =SUM(I56:AN56)*AO56 -> 0 | AQ56: =AP56*7.75 -> 0
A57: 46057 | B57: 欧洲 | D57: PO-26020201 | E57: 1926155 | F57: PTE 圆型游戏机-SW | G57: 4002 | H57: 46171 | L57: =G57 -> 4002 | AO57: 3.977 | AP57: =SUM(I57:AN57)*AO57 -> 15915.95 | AQ57: =AP57*7.75 -> 123348.61
A58: 46057 | B58: 欧洲 | C58: 大货办 | D58: PO-26020201 | E58: 1926155 | F58: PTE 圆型游戏机-SW | G58: 12 | H58: 46171 | L58: =G58 -> 12 | AO58: 0 | AP58: =SUM(I58:AN58)*AO58 -> 0 | AQ58: =AP58*7.75 -> 0
A59: 46057 | B59: 欧洲 | D59: PO-26020202 | E59: 5426155 | F59: PTE 圆型游戏机-DA | G59: 4002 | H59: 46171 | L59: =G59 -> 4002 | AO59: 3.977 | AP59: =SUM(I59:AN59)*AO59 -> 15915.95 | AQ59: =AP59*7.75 -> 123348.61
A60: 46057 | B60: 欧洲 | D60: PO-26020202 | E60: 5426155 | F60: PTE 圆型游戏机-DA | G60: 12 | H60: 46171 | L60: =G60 -> 12 | AO60: 0 | AP60: =SUM(I60:AN60)*AO60 -> 0 | AQ60: =AP60*7.75 -> 0
A61: 46077 | B61: 澳大利亚 | D61: PO-26020901 | E61: 1125131 | F61: 灰红波比卡超 EN-AU | G61: 3600 | H61: 46125 | AD61: =G61 -> 3600 | AO61: 2.081 | AP61: =SUM(I61:AN61)*AO61 -> 7491.6 | AQ61: =AP61*7.75 -> 58059.9
A62: 46077 | B62: 澳大利亚 | C62: 大货办 | D62: PO-26020901 | E62: 1125131 | F62: 灰红波比卡超 EN-AU | G62: 12 | H62: 46125 | AD62: =G62 -> 12 | AO62: 0 | AP62: =SUM(I62:AN62)*AO62 -> 0 | AQ62: =AP62*7.75 -> 0
A63: 46077 | B63: 美国 | D63: PO-26021601 | E63: 1121118-US | F63: 金属色比卡超-EN | G63: 2700 | H63: 46136 | AC63: =G63 -> 2700 | AO63: 2.063 | AP63: =SUM(I63:AN63)*AO63 -> 5570.1 | AQ63: =AP63*7.75 -> 43168.28
A64: 46077 | B64: 美国 | C64: 大货办 | D64: PO-26021601 | E64: 1121118-US | F64: 金属色比卡超-EN | G64: 8 | H64: 46136 | AC64: =G64 -> 8 | AO64: 0 | AP64: =SUM(I64:AN64)*AO64 -> 0 | AQ64: =AP64*7.75 -> 0
A65: 46077 | B65: 美国 | D65: PO-26021602 | E65: 1121118-US-DG | F65: 金属色比卡超-EN | G65: 51778 | H65: 46136 | AC65: =G65 -> 51778 | AO65: 2.137 | AP65: =SUM(I65:AN65)*AO65 -> 110649.59 | AQ65: =AP65*7.75 -> 857534.32
A66: 46077 | B66: 美国 | C66: 大货办 | D66: PO-26021602 | E66: 1121118-US-DG | F66: 金属色比卡超-EN | G66: 18 | H66: 46136 | AC66: =G66 -> 18 | AO66: 0 | AP66: =SUM(I66:AN66)*AO66 -> 0 | AQ66: =AP66*7.75 -> 0
A67: 46077 | B67: 澳大利亚 | D67: PO-26020901 | E67: 1122117- AU-NEW | F67: 比卡超手表 EN-AU | G67: 3000 | H67: 46125 | X67: =G67 -> 3000 | AO67: 2.656 | AP67: =SUM(I67:AN67)*AO67 -> 7968 | AQ67: =AP67*7.75 -> 61752
A68: 46078 | B68: 澳大利亚 | D68: PO-26022001 | E68: 1126146 | F68: 蓝精灵-EN | G68: 2400 | H68: 46121 | AK68: =G68 -> 2400 | AO68: 2.57 | AP68: =SUM(I68:AN68)*AO68 -> 6168 | AQ68: =AP68*7.75 -> 47802
A69: 46078 | B69: 澳大利亚 | C69: 大货办 | D69: PO-26022001 | E69: 1126146 | F69: 蓝精灵-EN | G69: 18 | H69: 46121 | AK69: =G69 -> 18 | AO69: 0 | AP69: =SUM(I69:AN69)*AO69 -> 0 | AQ69: =AP69*7.75 -> 0
A70: 46078 | B70: 澳大利亚 | D70: PO-26022001 | E70: 1126168 | F70: 涡轮四角星 | G70: 2400 | H70: 46121 | J70: =G70 -> 2400 | AO70: 3.392 | AP70: =SUM(I70:AN70)*AO70 -> 8140.8 | AQ70: =AP70*7.75 -> 63091.2
A71: 46078 | B71: 澳大利亚 | C71: 大货办 | D71: PO-26022001 | E71: 1126168 | F71: 涡轮四角星 | G71: 18 | H71: 46121 | J71: =G71 -> 18 | AO71: 0 | AP71: =SUM(I71:AN71)*AO71 -> 0 | AQ71: =AP71*7.75 -> 0
A72: 46080 | B72: 欧洲 | D72: PO-26022601 | E72: 1426155 | F72: PTE 圆型游戏机- PL | G72: 9210 | H72: 46212 | L72: =G72 -> 9210 | AO72: 4.335 | AP72: =SUM(I72:AN72)*AO72 -> 39925.35 | AQ72: =AP72*7.75 -> 309421.46
A73: 46080 | B73: 欧洲 | C73: 大货办 | D73: PO-26022601 | E73: 1426155 | F73: PTE 圆型游戏机- PL | G73: 15 | H73: 46212 | L73: =G73 -> 15 | AO73: 0 | AP73: =SUM(I73:AN73)*AO73 -> 0 | AQ73: =AP73*7.75 -> 0
A74: 46080 | B74: 欧洲 | D74: PO-26022602 | E74: 1426169 | F74: 超级精灵球- PL | G74: 9000 | H74: 46213 | AL74: =G74 -> 9000 | AO74: 2.573 | AP74: =SUM(I74:AN74)*AO74 -> 23157 | AQ74: =AP74*7.75 -> 179466.75
A75: 46080 | B75: 欧洲 | C75: 大货办 | D75: PO-26022602 | E75: 1426169 | F75: 超级精灵球- PL | G75: 15 | H75: 46213 | AL75: =G75 -> 15 | AO75: 0 | AP75: =SUM(I75:AN75)*AO75 -> 0 | AQ75: =AP75*7.75 -> 0
A76: 46080 | B76: 塞尔维亚 | D76: PO-26022303 | E76: 3023072 | F76: 五角星-SE | G76: 3000 | H76: 46162 | T76: =G76 -> 3000 | AO76: 4.624 | AP76: =SUM(I76:AN76)*AO76 -> 13872 | AQ76: =AP76*7.75 -> 107508
A77: 46080 | B77: 塞尔维亚 | D77: PO-26022303 | E77: 3025130 | F77: 新款四角星-SE | G77: 2502 | H77: 46162 | K77: =G77 -> 2502 | AO77: 3.345 | AP77: =SUM(I77:AN77)*AO77 -> 8369.19 | AQ77: =AP77*7.75 -> 64861.22
A78: 46080 | B78: 塞尔维亚 | D78: PO-26022303 | E78: 3026107 | F78: 足球-SE | G78: 1500 | H78: 46162 | AN78: =G78 -> 1500 | AO78: 3.912 | AP78: =SUM(I78:AN78)*AO78 -> 5868 | AQ78: =AP78*7.75 -> 45477
A79: 46080 | B79: 匈牙利 | D79: PO-26022603 | E79: 4522098 | F79: 小孩五角星-HU | G79: 10320 | H79: 46226 | U79: =G79 -> 10320 | AO79: 3.699 | AP79: =SUM(I79:AN79)*AO79 -> 38173.68 | AQ79: =AP79*7.75 -> 295846.02
A80: 46083 | B80: 澳大利亚 | D80: PO-26030203 | E80: 1125103 | F80: 红色比卡超-EN | G80: 1800 | H80: 46202 | AA80: =G80 -> 1800 | AO80: 1.899 | AP80: =SUM(I80:AN80)*AO80 -> 3418.2 | AQ80: =AP80*7.75 -> 26491.05
A81: 46083 | B81: 澳大利亚 | C81: 大货办 | D81: PO-26030203 | E81: 1125103 | F81: 红色比卡超-EN | G81: 18 | H81: 46202 | AA81: =G81 -> 18 | AO81: 0 | AP81: =SUM(I81:AN81)*AO81 -> 0 | AQ81: =AP81*7.75 -> 0
A82: 46083 | B82: 澳大利亚 | D82: PO-26030203 | E82: 1126169 | F82: 超级精灵球-EN | G82: 3000 | H82: 46202 | Y82: =G82 -> 3000 | AO82: 2.573 | AP82: =SUM(I82:AN82)*AO82 -> 7719 | AQ82: =AP82*7.75 -> 59822.25
A83: 46083 | B83: 澳大利亚 | C83: 大货办 | D83: PO-26030203 | E83: 1126169 | F83: 超级精灵球-EN | G83: 18 | H83: 46202 | Y83: =G83 -> 18 | AO83: 0 | AP83: =SUM(I83:AN83)*AO83 -> 0 | AQ83: =AP83*7.75 -> 0
A84: 46083 | B84: 匈牙利 | D84: PO-26022702 | E84: 4525159 | F84: 新款五角星-HU | G84: 3000 | H84: 46183 | V84: 3000 | AO84: 3.545 | AP84: =SUM(I84:AN84)*AO84 -> 10635 | AQ84: 82421.25
A85: 46083 | B85: 匈牙利 | D85: PO-26022701 | E85: 4526146 | F85: 蓝精灵-HU | G85: 8004 | H85: 46202 | AK85: =G85 -> 8004 | AO85: 2.57 | AP85: =SUM(I85:AN85)*AO85 -> 20570.28 | AQ85: =AP85*7.75 -> 159419.67
A86: 46083 | B86: 匈牙利 | C86: 签办 | D86: PO-26022701 | E86: 4526146 | F86: 蓝精灵-HU | G86: 6 | H86: 46202 | AK86: =G86 -> 6 | AO86: 0 | AP86: =SUM(I86:AN86)*AO86 -> 0 | AQ86: =AP86*7.75 -> 0
A87: 46083 | B87: 匈牙利 | D87: PO-26022701 | E87: 4526168 | F87: 涡轮四角星-HU | G87: 4998 | H87: 46202 | J87: =G87 -> 4998 | AO87: 3.392 | AP87: =SUM(I87:AN87)*AO87 -> 16953.22 | AQ87: =AP87*7.75 -> 131387.46
A88: 46083 | B88: 匈牙利 | C88: 签办 | D88: PO-26022701 | E88: 4526168 | F88: 涡轮四角星-HU | G88: 6 | H88: 46202 | J88: =G88 -> 6 | AO88: 0 | AP88: =SUM(I88:AN88)*AO88 -> 0 | AQ88: =AP88*7.75 -> 0
A89: 46087 | B89: 比利时(保加利亚） | D89: PO-26030601 | E89: 3126107 | F89: 足球- BU | G89: 5004 | H89: 46136 | AN89: =G89 -> 5004 | AO89: 3.912 | AP89: =SUM(I89:AN89)*AO89 -> 19575.65 | AQ89: =AP89*7.75 -> 151711.29
A90: 46087 | B90: 比利时(保加利亚） | C90: 大货办 | D90: PO-26030601 | E90: 3126107 | F90: 足球- BU | G90: 6 | H90: 46136 | AN90: =G90 -> 6 | AO90: 0 | AP90: =SUM(I90:AN90)*AO90 -> 0 | AQ90: =AP90*7.75 -> 0
A91: 46087 | B91: 美国 | D91: PO-26030603 | E91: 1123103- US-TAR | F91: 红色比卡超-EN-US | G91: 15600 | H91: 46150 | AA91: =G91 -> 15600 | AO91: 2.051 | AP91: =SUM(I91:AN91)*AO91 -> 31995.6 | AQ91: =AP91*7.75 -> 247965.9
A92: 46091 | B92: 美国 | D92: PO-26030901 | E92: 1126146- US | F92: 蓝精灵-EN-US | G92: 13680 | H92: 46183 | AK92: =G92 -> 13680 | AO92: 2.603 | AP92: =SUM(I92:AN92)*AO92 -> 35609.04 | AQ92: =AP92*7.75 -> 275970.06
A93: 46091 | B93: 美国 | C93: 签办 | D93: PO-26030901 | E93: 1126146- US | F93: 蓝精灵-EN-US | G93: 36 | H93: 46183 | AK93: =G93 -> 36 | AO93: 0 | AP93: =SUM(I93:AN93)*AO93 -> 0 | AQ93: =AP93*7.75 -> 0
A94: 46091 | B94: 美国 | D94: PO-26030905 | E94: 1126156- US | F94: 迪士尼游戏机-EN-US | G94: 12360 | H94: 46199 | W94: =G94 -> 12360 | AO94: 3.317 | AP94: =SUM(I94:AN94)*AO94 -> 40998.12 | AQ94: =AP94*7.75 -> 317735.43
A95: 46091 | B95: 美国 | C95: 签办 | D95: PO-26030905 | E95: 1126156- US | F95: 迪士尼游戏机-EN-US | G95: 36 | H95: 46199 | W95: =G95 -> 36 | AO95: 0 | AP95: =SUM(I95:AN95)*AO95 -> 0 | AQ95: =AP95*7.75 -> 0
A96: 46091 | B96: 美国 | D96: PO-26030904 | E96: 1126164- US | F96: 迪士尼米奇头-EN-US | G96: 13200 | H96: 46213 | AM96: =G96 -> 13200 | AO96: 2.697 | AP96: =SUM(I96:AN96)*AO96 -> 35600.4 | AQ96: =AP96*7.75 -> 275903.1
A97: 46091 | B97: 美国 | C97: 签办 | D97: PO-26030904 | E97: 1126164- US | F97: 迪士尼米奇头-EN-US | G97: 36 | H97: 46213 | AM97: =G97 -> 36 | AO97: 0 | AP97: =SUM(I97:AN97)*AO97 -> 0 | AQ97: =AP97*7.75 -> 0
A98: 46091 | B98: 美国 | D98: PO-26030902 | E98: 1126168- US | F98: 涡轮四角星- EN-US | G98: 10800 | H98: 46183 | J98: =G98 -> 10800 | AO98: 3.396 | AP98: =SUM(I98:AN98)*AO98 -> 36676.8 | AQ98: =AP98*7.75 -> 284245.2
A99: 46091 | B99: 美国 | C99: 签办 | D99: PO-26030902 | E99: 1126168- US | F99: 涡轮四角星- EN-US | G99: 36 | H99: 46183 | J99: =G99 -> 36 | AO99: 0 | AP99: =SUM(I99:AN99)*AO99 -> 0 | AQ99: =AP99*7.75 -> 0
A100: 46091 | B100: 美国 | D100: PO-26030903 | E100: 1126169- US | F100: 超级精灵球-EN-US | G100: 9000 | H100: 46169 | AL100: =G100 -> 9000 | AO100: 2.587 | AP100: =SUM(I100:AN100)*AO100 -> 23283 | AQ100: =AP100*7.75 -> 180443.25
...

Sheet 总排期
A1: 接单期 | B1: 第三客户名称 | C1: 国家 | D1: 客PO号 | E1: PO | F1: ITEM | G1: 货名 | H1: 数量 | I1: 装箱数 | J1: 总箱数 | K1: 验货期 | L1: 客确认验货期 | M1: 第三方验货期 | N1: 是否安排自检 | O1: 船期SO | P1: 计划走货期 | Q1: 签办进度 | R1: 客贴纸 | S1: 客供物料（IC） | T1: 包装进度 | U1: 箱唛移印资料 | V1: 日期码 | W1: PCBA/MCU/Flash IC | X1: 备注 | Y1: 单价USD | Z1: 金额USD | AA1: 金额HKD | AB1: 发票号 | AC1: 是否入系统 | AD1: 做货车间 | AE1: 生产车间 | AF1: 下单明细 | AG1: 送回数量 | AH1: 欠数 | AI1: 送货日期 | AJ1: 掉期天数 | AK1: 纸箱 | AL1: 贴纸 | AM1: 预计完成时间 | AN1: 彩盒样品寄出时间 | AO1: 说明书样品寄出时间 | AP1: 彩盒打稿OK时间 | AQ1: 说明书打稿OK时间 | AR1: 整体签板 | AS1: 收到包装日期
A2: 45988 | B2: Felyx | C2: 保加利亚 | E2: PO-25112603 | F2: 3124115 | G2: 新点读笔地图-BU/EN | H2: 1500 | I2: 6 | J2: =H2/I2 -> 250 | K2: 46142 | L2: 待确认 | P2: 46142 | S2: 46007 | T2: 翻单25041001 | U2: 打稿中 | V2: 260221BU | W2: World Tour Map: XM25QH128C BU/EN | X2: 中英文版本，不含电池，带有地图，OID笔，手册和纸张插入 | Y2: 4.132 | Z2: =H2*Y2 -> 6198 | AA2: =Z2*7.75 -> 48034.5 | AC2: 已入系统 | AD2: B | AE2: 东莞
A3: 46148 | B3: GP Italy | C3: 意大利 | E3: PO-26050602 | F3: 3222103 | G3: 红色比卡超-IT | H3: 1896 | I3: 6 | J3: =H3/I3 -> 316 | K3: 46213 | L3: 46216 | O3: 46239 | P3: 46209 | S3: 46172 | T3: 翻单25121201 | U3: 6/3确认移印箱唛 | V3: 261821IT | W3: PKM Kanto PCBA: ZPK028A(IT) | X3: 带电，GP意大利包装 | Y3: 1.899 | Z3: =H3*Y3 -> 3600.5 | AA3: =Z3*7.75 -> 27903.88 | AC3: 已入系统 | AD3: B | AE3: 邵阳 | AF3: 系统出单 | AG3: 1896 | AH3: =AG3-H3 -> 0 | AM3: 46201
A4: 46148 | B4: GP Italy | C4: 意大利 | E4: PO-26050602 | F4: 3222110 | G4: 四角星抢答器-IT | H4: 1896 | I4: 6 | J4: =H4/I4 -> 316 | K4: 46213 | L4: 46216 | O4: 46239 | P4: 46209 | S4: 46172 | T4: 翻单25121201 | U4: 6/3确认移印箱唛 | V4: 261821IT | W4: PKM Trivia Flash: ZPT011A(IT) MCU: ZPT001D | X4: 带电，GP意大利包装 | Y4: 3.06 | Z4: =H4*Y4 -> 5801.76 | AA4: =Z4*7.75 -> 44963.64 | AC4: 已入系统 | AD4: B | AE4: 邵阳 | AF4: 系统出单 | AG4: =1806+90 -> 1896 | AH4: =AG4-H4 -> 0 | AM4: 46200
A5: 46148 | B5: GP Italy | C5: 意大利 | E5: PO-26050601 | F5: 3225130 | G5: OMTS新款四角星-IT | H5: 8004 | I5: 6 | J5: =H5/I5 -> 1334 | K5: 46213 | L5: 46216 | O5: 46239 | P5: 46209 | S5: 46172 | T5: 5/27确认文档 | U5: 6/3确认移印箱唛 | V5: 261821IT | W5: Flash: AMSFX032CHX-043 MCU: AM32A070A-046 | X5: 带电，GP意大利包装 | Y5: 3.345 | Z5: =H5*Y5 -> 26773.38 | AA5: =Z5*7.75 -> 207493.7 | AC5: 已入系统 | AD5: B | AE5: 邵阳 | AF5: 系统出单 | AG5: =4584+2520+606+294 -> 8004 | AH5: =AG5-H5 -> 0 | AM5: 46210
A6: 46111 | B6: Gialamas - Greece | C6: 希腊 | E6: PO-26032507 | F6: 1326168 | G6: 涡轮四角星-GR | H6: 4680 | I6: 6 | J6: =H6/I6 -> 780 | K6: 46217 | L6: 46220 | O6: 46230 | P6: 46219 | S6: 46171 | T6: 4/29确认文档 | U6: 6/11确认移印，7/1确认箱唛 | V6: 261821GR | W6: IC Factory part no. Flash: AMSFX128DHX-P06 MCU: AM32A070A-050 | X6: 带电， 希腊包装 | Y6: 3.382 | Z6: =H6*Y6 -> 15827.76 | AA6: =Z6*7.75 -> 122665.14 | AC6: 已入系统 | AD6: B | AE6: 新邵 | AF6: 系统出单 | AG6: =2340+1404+468+468 -> 4680 | AH6: =AG6-H6 -> 0
A7: 46094 | B7: TM Toys -Poland | C7: 波兰 | E7: PO-26031201 | F7: 1426146 | G7: 蓝精灵-PL | H7: 4002 | I7: 6 | J7: =H7/I7 -> 667 | K7: 46220 | L7: 46223 | O7: 46237 | P7: 46219 | S7: ok | T7: 4/10确认文档 | U7: 4/10确认移印，4/30确认箱 | V7: 261821PL | W7: PCBA: ZZT003A(PL) | X7: 波兰版，带电,注意区分箱唛 | Y7: 2.59 | Z7: =H7*Y7 -> 10365.18 | AA7: =Z7*7.75 -> 80330.15 | AC7: 已入系统 | AD7: B | AE7: 新邵 | AF7: 系统出单 | AG7: =3168+102+732 -> 4002 | AH7: =AG7-H7 -> 0 | AM7: 7/14补齐尾数
A8: 46094 | B8: TM Toys -Poland | C8: 波兰(匈牙利） | E8: PO-26031201 | F8: 4526169 | G8: 超级精灵球-HU | H8: 5004 | I8: 6 | J8: =H8/I8 -> 834 | K8: 46220 | L8: 46223 | O8: 46237 | P8: 46219 | S8: 46176 | T8: 5/21确认彩盒，6/22确认说明书 | U8: 4/10确认移印，4/30确认箱 | V8: 261821HU | W8: PCBA: ZPU004A(HU) | X8: 匈牙利版，带电 | Y8: 2.573 | Z8: =H8*Y8 -> 12875.29 | AA8: =Z8*7.75 -> 99783.5 | AC8: 已入系统 | AD8: B | AE8: 东莞
A9: 45999 | B9: Pillowtex - Brazil | C9: 巴西（葡萄牙） | E9: PO-25120501 | F9: 3325110 | G9: 四角星抢答器 BR | H9: 3000 | I9: 6 | J9: 500 | K9: 46223 | L9: 46227 | O9: 46241 | P9: 46192 | S9: 46178 | T9: 1/29收到包装 | U9: 1/21确认箱唛，1/14确认移印 | V9: 260701BR | W9: Flash: ZPT012A(BR) MCU: ZPT001D | X9: 带电，新包装 | Y9: 3.361 | Z9: =H9*Y9 -> 10083 | AA9: =Z9*7.75 -> 78143.25 | AC9: 已入系统 | AD9: 邵阳 | AE9: 邵阳 | AF9: 系统出单 | AG9: 3000 | AH9: =AG9-H9 -> 0 | AM9: 46215
A10: 46115 | B10: GP France_Amazon | C10: 法国 | E10: PO-26040206 | F10: 1026107 | G10: 足球-FR | H10: 540 | I10: 6 | J10: =H10/I10 -> 90 | K10: 46224 | L10: 46225 | O10: 46235 | P10: 46202 | R10: 6/30收到外箱贴纸 | S10: 4/20 | T10: 翻单跟25121003 | U10: 4/30确认箱唛移印 | V10: 261821FR | W10: IC Factory part no.: Flash: ZFZ002E(FR) MCU: ZFZ001A | X10: 带电，法国GP包装，贴亚马逊外箱贴纸 | Y10: 4.765 | Z10: =H10*Y10 -> 2573.1 | AA10: =Z10*7.75 -> 19941.53 | AC10: 已入系统 | AD10: B | AE10: 新邵 | AF10: 系统出单 | AG10: =504+36 -> 540 | AH10: =AG10-H10 -> 0 | AM10: 46197
A11: 46115 | B11: GP France_Amazon | C11: 法国 | E11: PO-26040207 | F11: 1026107 | G11: 足球-FR | H11: 336 | I11: 6 | J11: =H11/I11 -> 56 | K11: 46224 | L11: 46225 | P11: 46223 | R11: 7/21收到 | S11: 4/20 | T11: 翻单跟25121003 | U11: 4/30确认箱唛移印 | V11: 261821FR | W11: IC Factory part no.: Flash: ZFZ002E(FR) MCU: ZFZ001A | X11: 带电，法国GP包装，贴亚马逊外箱贴纸 | Y11: 4.765 | Z11: =H11*Y11 -> 1601.04 | AA11: =Z11*7.75 -> 12408.06 | AC11: 已入系统 | AD11: B | AE11: 新邵 | AF11: 系统出单 | AG11: 336 | AH11: =AG11-H11 -> 0 | AM11: 46203
A12: 46080 | B12: Orbico | C12: 波兰 | E12: PO-26022601 | F12: 1426155 | G12: PTE 圆型游戏机- PL | H12: 9210 | I12: 6 | J12: =H12/I12 -> 1535 | K12: 46227 | L12: 46230 | O12: 46231 | P12: 46219 | T12: 4/2确认包装 | U12: 4/2确认箱唛移印 | V12: 261821PL | W12: Flash: ZPE009A(PL) MCU: ZPE001A | X12: 带电，波兰新包装 | Y12: 4.335 | Z12: =H12*Y12 -> 39925.35 | AA12: =Z12*7.75 -> 309421.46 | AC12: 已入系统 | AD12: B | AE12: 邵阳 | AF12: 系统出单 | AG12: =4104+3612+1356+138 -> 9210 | AH12: =AG12-H12 -> 0 | AM12: 46219
A13: 46080 | B13: Orbico | C13: 波兰 | E13: PO-26022602 | F13: 1426169 | G13: 超级精灵球- PL | H13: 9000 | I13: 6 | J13: =H13/I13 -> 1500 | K13: 46227 | L13: 46230 | O13: 46242 | P13: 46220 | S13: 46196 | T13: 5/21确认彩盒,7/3确认说明书 | U13: 5/25确认箱，5/21确认移印 | V13: 261821PL | W13: PCBA: ZPU003A(PL) | X13: 带电，波兰新包装 | Y13: 2.573 | Z13: =H13*Y13 -> 23157 | AA13: =Z13*7.75 -> 179466.75 | AC13: 已入系统 | AD13: B | AE13: 东莞 | AH13: =AG13-H13 -> -9000
A14: 46164 | B14: CAFFARO - Argentina | C14: 阿根廷 | E14: PO-26052103 | F14: 5226146 | G14: 蓝精灵-LA | H14: 5460 | I14: 4 | J14: =H14/I14 -> 1365 | K14: 46230 | L14: 46230 | O14: 46237 | P14: 46219 | S14: 46197 | T14: 6/10确认文档 | U14: 6/1确认箱唛移印 | V14: 261821ES | W14: PCBA: ZZT010A(LA) | X14: 西班牙语 阿根廷（西班牙）包装，带电（用客指定 Vinnic 电池） | Y14: 2.657 | Z14: =H14*Y14 -> 14507.22 | AA14: =Z14*7.75 -> 112430.96 | AC14: 已入系统 | AD14: B | AE14: 新邵 | AF14: 系统出单 | AG14: =1260+1680+840+1680 -> 5460 | AH14: =AG14-H14 -> 0
A15: 46142 | B15: Talent Show | C15: 克罗地亚 | E15: PO-26042901 | F15: 4726146 | G15: 蓝精灵-CR | H15: 5460 | I15: 6 | J15: =H15/I15 -> 910 | K15: 46231 | L15: 46233 | O15: 46239 | P15: 46220 | S15: 46198 | T15: 4/30确认文档 | U15: 5/6确认箱唛移印 | V15: 261821HR | W15: PCBA: ZZT008A(CR) | X15: 带电，克罗地亚包装 | Y15: 2.59 | Z15: =H15*Y15 -> 14141.4 | AA15: =Z15*7.75 -> 109595.85 | AC15: 已入系统 | AD15: B | AE15: 新邵 | AF15: 系统出单 | AG15: =1056+2112+2292 -> 5460 | AH15: =AG15-H15 -> 0
A16: 46091 | B16: Ultra Pro | C16: 美国 | E16: PO-26030904 | F16: 1126164- US | G16: 迪士尼米奇头-EN-US | H16: 13200 | I16: 6 | J16: =H16/I16 -> 2200 | K16: 46237 | L16: CMA – 8/5 , CIS – 8/6，8/10返验 | O16: 46242 | P16: 46233 | S16: 46206 | T16: 6/3收到包装 | U16: 5/11确认箱唛,6/5确认移印 | V16: DONGGUAN 07/2026 EN | W16: PCBA: ZDG001A(EN) | X16: 带电，喷金属油+闪粉 -外箱增加上下平咭，客ITEM号：10307 | Y16: 2.697 | Z16: =H16*Y16 -> 35600.4 | AA16: =Z16*7.75 -> 275903.1 | AC16: 已入系统 | AD16: B | AE16: 新邵 | AF16: 系统出单 | AG16: =3024+2520+504+2520+3024+1008+600 -> 13200 | AH16: =AG16-H16 -> 0 | AM16: 46237
A17: 46157 | B17: Educa | C17: 西班牙 | E17: PO-26051503 | F17: 1226168 | G17: 涡轮四角星- ES | H17: 10020 | I17: 6 | J17: =H17/I17 -> 1670 | K17: 46237 | L17: Customer Educa 8/4 | O17: 46241 | P17: 46227 | R17: 外箱贴纸 20677-73455 | S17: 46193 | T17: 7/9确认彩盒，7/13确认说明书 | U17: 6/12确认箱唛,6/22确认移印 | V17: 261821ES | W17: Flash: AMSFX128DHS-P09 MCU: AM32A070A-050 | X17: 带电，西班牙包装，客PO:73455 ,包装上增加一第客供贴纸 包装需要备品 2%（彩盒+纸箱） | Y17: 3.45 | Z17: =H17*Y17 -> 34569 | AA17: =Z17*7.75 -> 267909.75 | AC17: 已入系统 | AD17: B | AE17: 新邵 | AF17: 系统出单 | AG17: =6552+1512+504+1008+444 -> 10020 | AH17: =AG17-H17 -> 0 | AM17: 46235
A18: 46098 | B18: Ultra Pro | C18: 加拿大 | E18: PO-26031602 | F18: 1126164-US | G18: 迪士尼米奇头-EN-US | H18: 5280 | I18: 6 | J18: =H18/I18 -> 880 | K18: 46239 | L18: CMA – 8/5 , CIS – 8/6，8/14返验 | O18: 46250 | P18: 46230 | S18: 46210 | T18: 包装跟美国US | U18: 5/8确认箱唛，6/5确认移印 | V18: DONGGUAN 07/2026 EN | W18: Disney Guess PCBA: ZDG001A(EN) | X18: 带电，喷金属油+闪粉 -外箱增加上下平咭，客ITEM号：10307 | Y18: 2.697 | Z18: =H18*Y18 -> 14240.16 | AA18: =Z18*7.75 -> 110361.24 | AC18: 已入系统 | AD18: B | AE18: 新邵 | AF18: 系统出单 | AG18: =360+504+2016+1512+504+90+294 -> 5280 | AH18: =AG18-H18 -> 0 | AM18: 46239
A19: 46169 | B19: Proludis Giocattoli - Italy | C19: 意大利 | E19: PO-26052201 | F19: 3226159 | G19: 新款五角星-IT | H19: 5004 | I19: 6 | J19: =H19/I19 -> 834 | K19: 46252 | L19: 46253 | P19: 46234 | S19: 46177 | T19: 6/3确认文档 | U19: 6/15确认箱唛及移印 | V19: 262171IT | W19: FOF Ultimate Flash: ZFU009A(IT)，MCU: ZFU001A | X19: 带电，意大利包装 | Y19: 3.651 | Z19: =H19*Y19 -> 18269.6 | AA19: =Z19*7.75 -> 141589.4 | AC19: 已入系统 | AD19: B | AE19: 邵阳 | AF19: 系统出单 | AG19: =4152+774+78 -> 5004 | AH19: =AG19-H19 -> 0 | AM19: 预计7/31
A20: 46169 | B20: Proludis Giocattoli - Italy | C20: 意大利 | E20: PO-26052201 | F20: 3226169 | G20: 超级精灵球-IT | H20: 5004 | I20: 6 | J20: =H20/I20 -> 834 | K20: 46240 | L20: 46241 | P20: 46234 | S20: 46203 | T20: 5/4收到包装，7/3确认说明书 | U20: 6/15确认箱唛及移印 | V20: 262171IT | W20: PMK Ultimate PCBA: ZPU005A(IT) | X20: 带电，意大利包装 | Y20: 2.573 | Z20: =H20*Y20 -> 12875.29 | AA20: =Z20*7.75 -> 99783.5 | AC20: 已入系统 | AD20: B | AE20: 东莞 | AH20: =AG20-H20 -> -5004
A21: 46157 | B21: Educa | C21: 西班牙 | E21: PO-26051502 | F21: 1226157 | G21: 城市套装游戏机-ES | H21: 8400 | I21: 4 | J21: =H21/I21 -> 2100 | K21: 46240 | L21: Customer Educa 8/12 | O21: 46247 | P21: 46230 | R21: 外箱贴纸 20668-73434 | S21: 46212 | T21: 6/5确认文档 | U21: 6/12确认箱唛,6/15确认移印 | V21: 261821ES | W21: Flash: AMSFX128DHS-P08 MCU: AM32A070A-051 | X21: 带电，西班牙包装，客PO:73434 包装需要备品 2%（彩盒+纸箱） | Y21: 4.772 | Z21: =H21*Y21 -> 40084.8 | AA21: =Z21*7.75 -> 310657.2 | AC21: 已入系统 | AD21: B | AE21: 新邵 | AF21: 系统出单 | AG21: =336+1004+672+2352+3696+340 -> 8400 | AH21: =AG21-H21 -> 0 | AM21: 46240
A22: 46151 | B22: Toy Partner | C22: 西班牙 | E22: PO-26050701 | F22: 1226169 | G22: 超级精灵球-ES | H22: 6000 | I22: 6 | J22: =H22/I22 -> 1000 | K22: 46241 | L22: 46245 | O22: 46246 | P22: 46231 | S22: 46203 | T22: 5/28确认包装 | U22: 6/16确认箱唛，6/25确认移印 | V22: 262171ES | W22: PCBA: ZPU006A(ES) | X22: 带电，西班牙包装 | Y22: 2.573 | Z22: =H22*Y22 -> 15438 | AA22: =Z22*7.75 -> 119644.5 | AC22: 已入系统 | AD22: B | AE22: 东莞 | AH22: =AG22-H22 -> -6000
A23: 46161 | B23: Dexy | C23: 塞尔维亚 | E23: PO-26051802 | F23: 3026146 | G23: 蓝精灵-SE | H23: 5460 | I23: 6 | J23: =H23/I23 -> 910 | K23: 46241 | L23: 46244 | O23: 46247 | P23: 46239 | S23: 6/25 | T23: 5/19确认文档 | U23: 5/26确认箱唛移印 | V23: 261821SE | W23: PCBA: ZZT007A(SE) | X23: 带电，塞尔维亚包装 | Y23: 2.667 | Z23: =H23*Y23 -> 14561.82 | AA23: =Z23*7.75 -> 112854.11 | AC23: 已入系统 | AD23: B | AE23: 新邵 | AF23: 系统出单 | AG23: =528+294+4224+414 -> 5460 | AH23: =AG23-H23 -> 0 | AM23: 46238
A24: 46136 | B24: GP France | C24: 法国 | E24: PO-26042401 | F24: 1026156 | G24: 迪士尼游戏机-FR | H24: 4800 | I24: 6 | J24: =H24/I24 -> 800 | K24: 46244 | L24: 46248 | P24: 46232 | S24: 46204 | T24: 6/26确认文档 | U24: 6/25确认移印箱唛 | V24: 262171FR | W24: IC Factory part no. Flash: ZDT002A(FR) MCU: ZDT001A | X24: 带电，GP法国包装 | Y24: 3.303 | Z24: =H24*Y24 -> 15854.4 | AA24: =Z24*7.75 -> 122871.6 | AC24: 已入系统 | AD24: B | AE24: 东莞 | AH24: =AG24-H24 -> -4800
A25: 46163 | B25: Asmodee - CZ | C25: 捷克共和国 | E25: PO-26052004 | F25: 3526107 | G25: 足球-CZ | H25: 5040 | I25: 6 | J25: =H25/I25 -> 840 | K25: 46244 | L25: 46251 | P25: 46251 | S25: 46198 | T25: 5/22确认包装 | U25: 7/16确认箱唛移印 | V25: 262171CZ | W25: Flash: ZFZ007C(CZ) MCU: ZFZ001A | X25: 带电，捷克包装 | Y25: 4.029 | Z25: =H25*Y25 -> 20306.16 | AA25: =Z25*7.75 -> 157372.74 | AC25: 已入系统 | AD25: B | AE25: 新邵 | AF25: 系统出单 | AG25: =252+2520+2016+252 -> 5040 | AH25: =AG25-H25 -> 0 | AM25: 46243
A26: 46151 | B26: Toy Partner | C26: 西班牙（葡萄牙语） | E26: PO-26050702 | F26: 3326103 | G26: 红色比卡超-PO | H26: 3000 | I26: 6 | J26: =H26/I26 -> 500 | K26: 46244 | L26: 46245 | O26: 46246 | P26: 46231 | S26: 46207 | T26: 7/9确认包装 | U26: 6/16确认箱唛，6/25确认移印 | V26: 262171PO | W26: PCBA: ZPK041A(PO) | X26: 带电，（无隔电片） 葡萄牙语版包装 | Y26: 1.899 | Z26: =H26*Y26 -> 5697 | AA26: =Z26*7.75 -> 44151.75 | AC26: 已入系统 | AD26: B | AE26: 邵阳 | AF26: 系统出单 | AG26: =2988+12 -> 3000 | AH26: =AG26-H26 -> 0 | AM26: 46248
A27: 46091 | B27: Ultra Pro | C27: 美国 | E27: PO-26030905 | F27: 1126156- US | G27: 迪士尼游戏机-EN-US | H27: 12360 | I27: 6 | J27: =H27/I27 -> 2060 | K27: 46246 | L27: CMA – 8/13 , CIS – 8/14 | O27: 46249 | P27: 46233 | S27: 46205 | T27: 6/3收到包装 | U27: 5/11确认箱唛,6/5确认移印 | V27: DONGGUAN 07/2026 EN | W27: Flash: ZDT001A(EN) MCU: ZDT001A | X27: 带电，美国US包装 -外箱增加上下平咭 客ITEM:10308 | Y27: 3.317 | Z27: =H27*Y27 -> 40998.12 | AA27: =Z27*7.75 -> 317735.43 | AC27: 已入系统 | AD27: B | AE27: 新邵 | AF27: 系统出单 | AG27: =504+2016+1512+2016+2520+3024+768 -> 12360 | AH27: =AG27-H27 -> 0
A28: 46098 | B28: Ultra Pro | C28: 加拿大 | E28: PO-26031602 | F28: 1126156-US | G28: 迪士尼游戏机-EN-US | H28: 4980 | I28: 6 | J28: =H28/I28 -> 830 | K28: 46246 | L28: CMA – 8/13 , CIS – 8/17 | O28: 46250 | P28: 46233 | S28: 46205 | T28: 包装跟美国US | U28: 5/8确认箱唛，6/5确认移印 | V28: DONGGUAN 07/2026 EN | W28: Disney Trivia Flash: ZDT001A(EN) MCU: ZDT001A | X28: 带电，美国US包装 -外箱增加上下平咭 客ITEM:10308 | Y28: 3.317 | Z28: =H28*Y28 -> 16518.66 | AA28: =Z28*7.75 -> 128019.62 | AC28: 已入系统 | AD28: B | AE28: 新邵 | AF28: 系统出单 | AG28: =504+2016+504+1008+948 -> 4980 | AH28: =AG28-H28 -> 0
A29: 46121 | B29: Sunman - Romania | C29: 罗马尼亚 | E29: PO-26040802 | F29: 3826164 | G29: 迪士尼米奇头-RO | H29: 5400 | I29: 6 | J29: =H29/I29 -> 900 | K29: 46248 | L29: 46251 | P29: 46234 | S29: 46210 | T29: 7/3确认彩盒，7/10确认说明书 | U29: 6/17确认箱唛，移印待确认 | V29: 262171RO | W29: IC Factory part no. PCBA: ZDG004A(RO) | X29: 带电，喷金属油+闪粉，罗马尼亚包装 | Y29: 2.683 | Z29: =H29*Y29 -> 14488.2 | AA29: =Z29*7.75 -> 112283.55 | AC29: 已入系统 | AD29: B | AE29: 新邵 | AF29: 系统出单 | AG29: =1944+1008+1368+1080 -> 5400 | AH29: =AG29-H29 -> 0 | AM29: 46248
A30: 46111 | B30: Gialamas - Greece | C30: 希腊 | E30: PO-26032603 | F30: 1326103 | G30: 红色比卡超-GR | H30: 4500 | I30: 6 | J30: =H30/I30 -> 750 | K30: 46251 | L30: 46254 | P30: 46240 | S30: 46218 | T30: 7/8确认包装 | U30: 6/11确认移印，7/1确认箱唛 | V30: 262171GR | W30: Pokemon Kanto GR PCBA - ZPK040A(GR) | X30: 带电，无隔电片， 希腊包装 | Y30: 1.899 | Z30: =H30*Y30 -> 8545.5 | AA30: =Z30*7.75 -> 66227.63 | AC30: 已入系统 | AD30: B | AE30: 邵阳 | AF30: 系统出单 | AG30: =4470+30 -> 4500 | AH30: =AG30-H30 -> 0
A31: 46164 | B31: Golden Bear | C31: 英国 | E31: PO-26052202 | F31: 1125155- UK | G31: PTE 圆型游戏机-EN-UK | H31: 7002 | I31: 6 | J31: =H31/I31 -> 1167 | K31: =P31 -> 46251 | L31: 46252 | P31: 46251 | T31: 6/15确认彩盒，拼图更新2026，6/24确认说明书 | U31: 6/25确认移印箱唛 | V31: 262171EN | W31: Flash: ZPE001A(EN) MCU: ZPE001A | X31: 英国版-有盖版彩盒，带电池， x 4C双面游戏板(50CM)，包装需要使用FSC纸张（内卡/彩盒/说明书/拼图），请注意：外箱封一条长胶带密封纸箱。補回120pcs遊戲版給美國客戶 | Y31: 4.335 | Z31: =H31*Y31 -> 30353.67 | AA31: =Z31*7.75 -> 235240.94 | AC31: 已入系统 | AD31: B | AE31: 邵阳 | AF31: 系统出单 | AG31: =2520+3480+954+48 -> 7002 | AH31: =AG31-H31 -> 0
A32: 46151 | B32: Toy Partner | C32: 西班牙 | E32: PO-26050703 | F32: 1226156 | G32: 迪士尼游戏机-ES | H32: 4980 | I32: 6 | J32: =H32/I32 -> 830 | K32: 46251 | L32: 46254 | P32: 46248 | S32: 46210 | T32: 6/23确认文档 | U32: 6/22确认箱唛，6/25确认移印 | V32: 262171ES | W32: IC Factory part no. Flash: ZDT004A(ES) MCU: ZDT001A | X32: 带电，西班牙包装 | Y32: 3.303 | Z32: =H32*Y32 -> 16448.94 | AA32: =Z32*7.75 -> 127479.29 | AC32: 已入系统 | AD32: B | AE32: 新邵 | AF32: 系统出单 | AH32: =AG32-H32 -> -4980
A33: 46111 | B33: Gialamas - Greece | C33: 希腊 | E33: PO-26032603 | F33: 1326110 | G33: 四角星抢答器-GR | H33: 6300 | I33: 6 | J33: =H33/I33 -> 1050 | K33: 46251 | L33: 46254 | P33: 46240 | S33: 46213 | T33: 6/25确认文档 | U33: 6/11确认移印，7/1确认箱唛 | V33: 262171GR | W33: Pokemon Trainer Trivia GR Flash - ZPT013A(GR) MCU: ZPT001D | X33: 带电， 希腊包装,留意面壳LGOG移印跟彩盒LOGO一样 | Y33: 3.06 | Z33: =H33*Y33 -> 19278 | AA33: =Z33*7.75 -> 149404.5 | AC33: 已入系统 | AD33: B | AE33: 邵阳 | AF33: 系统出单 | AG33: =4572 -> 4572 | AH33: =AG33-H33 -> -1728
A34: 46121 | B34: Sunman - Turkey | C34: 土耳其 | E34: PO-26040801 | F34: 3626146 | G34: 蓝精灵-TU | H34: 8010 | I34: 6 | J34: =H34/I34 -> 1335 | K34: 46252 | L34: 46255 | P34: 46234 | S34: 46203 | T34: 4/9确认文档 | U34: 5/14确认移印，5/8箱唛确认 | V34: 261821TU | W34: Magic Tim PCBA: ZZT012A(TU) | X34: 带电，土耳其包装 | Y34: 2.59 | Z34: =H34*Y34 -> 20745.9 | AA34: =Z34*7.75 -> 160780.73 | AC34: 已入系统 | AD34: B | AE34: 新邵 | AF34: 系统出单 | AG34: =4752+1584+1056+528+90 -> 8010 | AH34: =AG34-H34 -> 0 | AM34: 46235
A35: 46169 | B35: Proludis Giocattoli - Italy | C35: 意大利 | E35: PO-26052201 | F35: 3226164 | G35: 迪士尼米奇头-IT | H35: 3000 | I35: 6 | J35: =H35/I35 -> 500 | K35: 46251 | L35: 46253 | P35: 46234 | S35: 46213 | T35: 7/14确认包装 | U35: 6/15确认箱唛及移印 | V35: 262171IT | W35: Disney Guess PCBA: ZDG005A(IT) | X35: 带电，喷金属油+闪粉，意大利包装 | Y35: 2.683 | Z35: =H35*Y35 -> 8049 | AA35: =Z35*7.75 -> 62379.75 | AC35: 已入系统 | AD35: B | AE35: 新邵 | AF35: 系统出单 | AG35: =2520+450+30 -> 3000 | AH35: =AG35-H35 -> 0 | AM35: 46244
A36: 46111 | B36: Gialamas - Greece | C36: 希腊 | E36: PO-26032603 | F36: 1326164 | G36: 迪士尼米奇头-GR | H36: 5280 | I36: 6 | J36: =H36/I36 -> 880 | K36: 46253 | L36: 46254 | P36: 46240 | S36: 46218 | T36: 7/6确认彩盒，7/10确认说明书 | U36: 6/11确认移印，7/1确认箱唛 | V36: 262171GR | W36: Disney Guess GR PCBA - ZDG002A(GR) | X36: 带电， 希腊包装，喷金属油+闪粉 | Y36: 2.64 | Z36: =H36*Y36 -> 13939.2 | AA36: =Z36*7.75 -> 108028.8 | AC36: 已入系统 | AD36: B | AE36: 新邵 | AF36: 系统出单 | AH36: =AG36-H36 -> -5280
A37: 46121 | B37: Sunman - Turkey | C37: 土耳其 | E37: PO-26040801 | F37: 3626164 | G37: 迪士尼米奇头-TU | H37: 5280 | I37: 6 | J37: =H37/I37 -> 880 | K37: 46254 | L37: 46255 | P37: 46234 | S37: 46218 | T37: 7/6确认彩盒，7/13确认说明书 | U37: 移印待确认，5/8箱唛确认 | V37: 261821TU | W37: Disney Guess PCBA : ZDG003A(TU) | X37: 带电，喷金属油+闪粉，土耳其包装 | Y37: 2.64 | Z37: =H37*Y37 -> 13939.2 | AA37: =Z37*7.75 -> 108028.8 | AC37: 已入系统 | AD37: B | AE37: 新邵 | AF37: 系统出单 | AG37: =1008+1008+504 -> 2520 | AH37: =AG37-H37 -> -2760
A38: 46189 | B38: Flat River | C38: 美国 | E38: PO-26061101 | F38: 1125103- US-MIL | G38: 红色比卡超EN-US | H38: 1758 | I38: 6 | J38: =H38/I38 -> 293 | K38: 46254 | L38: 46258 | P38: 46251 | S38: 46208 | T38: 7/15确认包装 | U38: 7/24确认箱唛，7/13确认移印，7/27确认邮包盒唛头 | V38: DONGGUAN 08/2026 EN | W38: PKM Kanto: ZPK001B(EN) | X38: 带电，无隔电片， 新包装（彩盒+邮包盒） | Y38: 2.122 | Z38: =H38*Y38 -> 3730.48 | AA38: =Z38*7.75 -> 28911.22 | AC38: 已入系统 | AD38: B | AE38: 邵阳 | AF38: 系统出单 | AG38: 1758 | AH38: =AG38-H38 -> 0
A39: 46189 | B39: Flat River | C39: 美国 | E39: PO-26061101 | F39: 1125106- US-MIL | G39: 紫波比卡超EN-US | H39: 1650 | I39: 6 | J39: =H39/I39 -> 275 | K39: 46254 | L39: 46258 | P39: 46251 | S39: 46208 | T39: 7/15确认包装 | U39: 7/24确认箱唛，7/13确认移印，7/27确认邮包盒唛头 | V39: DONGGUAN 08/2026 EN | W39: PKM Ash: ZPK013A(EN) | X39: 带电，无隔电片， 新包装（彩盒+邮包盒） | Y39: 2.163 | Z39: =H39*Y39 -> 3568.95 | AA39: =Z39*7.75 -> 27659.36 | AC39: 已入系统 | AD39: B | AE39: 邵阳 | AF39: 系统出单 | AG39: 1650 | AH39: =AG39-H39 -> 0
A40: 46189 | B40: Flat River | C40: 美国 | E40: PO-26061101 | F40: 1125117- US-MIL | G40: 比卡超手表 EN-US | H40: 2202 | I40: 6 | J40: =H40/I40 -> 367 | K40: 46254 | L40: 46258 | P40: 46251 | S40: 46208 | T40: 说明书翻单26031303，彩盒7/15更新 | U40: 7/24确认箱唛，7/13确认移印，7/27确认邮包盒唛头 | V40: DONGGUAN 08/2026 EN | W40: PKM Mission:ZPD001A(EN) | X40: 不带电， 新包装（彩盒+邮包盒） | Y40: 2.913 | Z40: =H40*Y40 -> 6414.43 | AA40: =Z40*7.75 -> 49711.83 | AC40: 已入系统 | AD40: B | AE40: 邵阳 | AF40: 系统出单 | AH40: =AG40-H40 -> -2202
A41: 46189 | B41: Flat River | C41: 美国 | E41: PO-26061101 | F41: 1125118- US-MIL | G41: 金属色比卡超 EN-US | H41: 600 | I41: 6 | J41: =H41/I41 -> 100 | K41: 46254 | L41: 46258 | P41: 46251 | S41: 46208 | T41: 7/15确认包装 | U41: 7/24确认箱唛，7/13确认移印，7/27确认邮包盒唛头 | V41: DONGGUAN 08/2026 EN | W41: PKM Legacy: ZPK017A(EN) | X41: 带电，无隔电片， 新包装（彩盒+邮包盒） | Y41: 2.272 | Z41: =H41*Y41 -> 1363.2 | AA41: =Z41*7.75 -> 10564.8 | AC41: 已入系统 | AD41: B | AE41: 邵阳 | AF41: 系统出单 | AG41: 600 | AH41: =AG41-H41 -> 0
A42: 46189 | B42: Flat River | C42: 美国 | E42: PO-26061101 | F42: 1125155- US-MIL | G42: PTE 圆型游戏机EN-US | H42: 1752 | I42: 6 | J42: =H42/I42 -> 292 | K42: 46254 | L42: 46258 | P42: 46251 | S42: 46208 | T42: 7/15确认包装 | U42: 7/24确认箱唛，7/13确认移印，7/27确认邮包盒唛头 | V42: DONGGUAN 08/2026 EN | W42: PKM Expert: MCU: ZPE001A + Flash: ZPE001A(EN) | X42: 带电， 新包装（彩盒+邮包盒） | Y42: 4.62 | Z42: =H42*Y42 -> 8094.24 | AA42: =Z42*7.75 -> 62730.36 | AC42: 已入系统 | AD42: B | AE42: 邵阳 | AF42: 系统出单 | AH42: =AG42-H42 -> -1752
A43: 46189 | B43: Flat River | C43: 美国 | E43: PO-26061102 | F43: 1125103- US-MIL | G43: 红色比卡超EN-US | H43: 1758 | I43: 6 | J43: =H43/I43 -> 293 | K43: 46254 | L43: 46258 | P43: 46251 | S43: 46208 | T43: 7/15确认包装 | U43: 7/24确认箱唛，7/13确认移印，7/27确认邮包盒唛头 | V43: DONGGUAN 08/2026 EN | W43: PKM Kanto: ZPK001B(EN) | X43: 带电，无隔电片， 新包装（彩盒+邮包盒） | Y43: 2.122 | Z43: =H43*Y43 -> 3730.48 | AA43: =Z43*7.75 -> 28911.22 | AC43: 已入系统 | AD43: B | AE43: 邵阳 | AF43: 系统出单 | AG43: =1752 -> 1752 | AH43: =AG43-H43 -> -6
A44: 46189 | B44: Flat River | C44: 美国 | E44: PO-26061102 | F44: 1125106- US-MIL | G44: 紫波比卡超EN-US | H44: 1650 | I44: 6 | J44: =H44/I44 -> 275 | K44: 46254 | L44: 46258 | P44: 46251 | S44: 46208 | T44: 7/15确认包装 | U44: 7/24确认箱唛，7/13确认移印，7/27确认邮包盒唛头 | V44: DONGGUAN 08/2026 EN | W44: PKM Ash: ZPK013A(EN) | X44: 带电，无隔电片， 新包装（彩盒+邮包盒） | Y44: 2.163 | Z44: =H44*Y44 -> 3568.95 | AA44: =Z44*7.75 -> 27659.36 | AC44: 已入系统 | AD44: B | AE44: 邵阳 | AF44: 系统出单 | AG44: 1650 | AH44: =AG44-H44 -> 0
A45: 46189 | B45: Flat River | C45: 美国 | E45: PO-26061102 | F45: 1125117- US-MIL | G45: 比卡超手表EN-US | H45: 2202 | I45: 6 | J45: =H45/I45 -> 367 | K45: 46254 | L45: 46258 | P45: 46251 | S45: 46208 | T45: 说明书翻单26031303，彩盒7/15更新 | U45: 7/24确认箱唛，7/13确认移印，7/27确认邮包盒唛头 | V45: DONGGUAN 08/2026 EN | W45: PKM Mission:ZPD001A(EN) | X45: 不带电， 新包装（彩盒+邮包盒） | Y45: 2.913 | Z45: =H45*Y45 -> 6414.43 | AA45: =Z45*7.75 -> 49711.83 | AC45: 已入系统 | AD45: B | AE45: 邵阳 | AF45: 系统出单 | AH45: =AG45-H45 -> -2202
A46: 46189 | B46: Flat River | C46: 美国 | E46: PO-26061102 | F46: 1125118- US-MIL | G46: 金属色比卡超EN-US | H46: 600 | I46: 6 | J46: =H46/I46 -> 100 | K46: 46254 | L46: 46258 | P46: 46251 | S46: 46208 | T46: 7/15确认包装 | U46: 7/24确认箱唛，7/13确认移印，7/27确认邮包盒唛头 | V46: DONGGUAN 08/2026 EN | W46: PKM Legacy: ZPK017A(EN) | X46: 带电，无隔电片， 新包装（彩盒+邮包盒） | Y46: 2.272 | Z46: =H46*Y46 -> 1363.2 | AA46: =Z46*7.75 -> 10564.8 | AC46: 已入系统 | AD46: B | AE46: 邵阳 | AF46: 系统出单 | AG46: 600 | AH46: =AG46-H46 -> 0
A47: 46189 | B47: Flat River | C47: 美国 | E47: PO-26061102 | F47: 1125155- US-MIL | G47: PTE 圆型游戏机EN-US | H47: 1752 | I47: 6 | J47: =H47/I47 -> 292 | K47: 46254 | L47: 46258 | P47: 46251 | S47: 46208 | T47: 7/15确认包装 | U47: 7/24确认箱唛，7/13确认移印，7/27确认邮包盒唛头 | V47: DONGGUAN 08/2026 EN | W47: PKM Expert: MCU: ZPE001A + Flash: ZPE001A(EN) | X47: 带电， 新包装（彩盒+邮包盒） | Y47: 4.62 | Z47: =H47*Y47 -> 8094.24 | AA47: =Z47*7.75 -> 62730.36 | AC47: 已入系统 | AD47: B | AE47: 邵阳 | AF47: 系统出单 | AH47: =AG47-H47 -> -1752
A48: 46185 | B48: Dumel | C48: 波兰 | E48: PO-26061201 | F48: 14441 | G48: 魔镜 | H48: 4380 | I48: 12 | J48: =H48/I48 -> 365 | K48: 46254 | L48: 46254 | P48: 46244 | S48: 46225 | T48: 翻单25052301 | U48: 6/29确认箱唛移印 | V48: 262171PL | W48: Mirror: ZZA008A(PL) | X48: 有3节AAA电池给我试试 -新包装，小册子，手册（1页） | Y48: 3.374 | Z48: =H48*Y48 -> 14778.12 | AA48: =Z48*7.75 -> 114530.43 | AC48: 已入系统 | AD48: B | AE48: 东莞 | AH48: =AG48-H48 -> -4380
A49: 46202 | B49: Flat River | C49: 美国 | E49: PO-26062701 | F49: 1126169- US-MIL | G49: 超级精灵球-EN | H49: 3000 | I49: 6 | J49: =H49/I49 -> 500 | K49: 46254 | L49: 46255 | P49: 46254 | S49: 46223 | T49: 7/13收到包装 ,跟澳洲版 | U49: 7/24确认箱唛，7/13确认移印，7/27确认邮包盒唛头 | V49: DONGGUAN 08/2026 EN | W49: PKM Ultimate PCBA: ZPU001A(EN | X49: 带电，彩盒+邮包盒装 | Y49: 2.825 | Z49: =H49*Y49 -> 8475 | AA49: =Z49*7.75 -> 65681.25 | AC49: 已入系统 | AD49: B | AE49: 东莞 | AH49: =AG49-H49 -> -3000
A50: 46206 | B50: U. Games | C50: 澳大利亚 | E50: PO-26070301 | F50: 1125103 | G50: 红色比卡超-EN | H50: 2004 | I50: 6 | J50: =H50/I50 -> 334 | K50: =P50-7 -> 46254 | L50: 46261 | P50: 46261 | T50: 跟PO#26061101 | U50: 7/28确认箱唛移印 | V50: 262171EN | W50: PKM Kanto PCBA: ZPK001B(EN) | X50: 带电，无隔电片， 标准Zanzoon英文包装（与美国不一样），包装，将使用亚马逊美国订单包装) | Y50: 1.899 | Z50: =H50*Y50 -> 3805.6 | AA50: =Z50*7.75 -> 29493.4 | AC50: 已入系统 | AD50: B | AE50: 邵阳 | AF50: 系统出单 | AH50: =AG50-H50 -> -2004
A51: 46206 | B51: U. Games | C51: 澳大利亚 | E51: PO-26070301 | F51: 1125155 | G51: PTE 圆型游戏机-EN | H51: 1200 | I51: 6 | J51: =H51/I51 -> 200 | K51: =P51-7 -> 46254 | L51: 46261 | P51: 46261 | T51: 跟PO#26061101 | U51: 7/28确认箱唛移印 | V51: 262171EN | W51: PKM Expert: Flash - ZPE001A(EN) / MCU - ZPE001A | X51: 带电，（带盖子的包）（游戏板- 50厘米） -标准Zanzoon英文包装（与美国不一样） 包装，将使用亚马逊美国订单包装) | Y51: 4.335 | Z51: =H51*Y51 -> 5202 | AA51: =Z51*7.75 -> 40315.5 | AC51: 已入系统 | AD51: B | AE51: 邵阳 | AF51: 系统出单 | AH51: =AG51-H51 -> -1200
A52: 46206 | B52: U. Games | C52: 澳大利亚 | E52: PO-26070301 | F52: 1126169 | G52: 超级精灵球-EN | H52: 1500 | I52: 6 | J52: =H52/I52 -> 250 | K52: =P52-7 -> 46254 | L52: 46261 | P52: 46261 | T52: 7/15确认包装 ,跟澳洲版 | U52: 7/28确认箱唛移印 | V52: 262171EN | W52: PKM Ultimate PCBA: ZPU001A(EN) | X52: 带电 -标准Zanzoon英文包装（与美国不一样） 包装，将使用亚马逊美国订单包装) | Y52: 2.573 | Z52: =H52*Y52 -> 3859.5 | AA52: =Z52*7.75 -> 29911.13 | AC52: 已入系统 | AD52: B | AE52: 东莞 | AH52: =AG52-H52 -> -1500
A53: 46202 | B53: Flat River | C53: 美国 | E53: PO-26062701 | F53: 1126169- US-MIL | G53: 超级精灵球-EN | H53: 3000 | I53: 6 | J53: =H53/I53 -> 500 | K53: 46254 | L53: 46255 | P53: 46264 | S53: 46223 | T53: 7/15确认包装 ,跟澳洲版 | U53: 7/24确认箱唛，7/13确认移印，7/27确认邮包盒唛头 | V53: DONGGUAN 08/2026 EN | W53: PKM Ultimate PCBA: ZPU001A(EN | X53: 带电，彩盒+邮包盒装 | Y53: 2.825 | Z53: =H53*Y53 -> 8475 | AA53: =Z53*7.75 -> 65681.25 | AC53: 已入系统 | AD53: B | AE53: 东莞 | AH53: =AG53-H53 -> -3000
A54: 45988 | B54: Felyx | C54: 保加利亚 | E54: PO-25112603 | F54: 3117070 | G54: 橙色超级男仔小精灵-BU | H54: 2508 | I54: 12 | J54: =H54/I54 -> 209 | K54: 46266 | P54: 46142 | S54: 46007 | T54: 翻单25041001 | U54: 12/12确认箱唛移印 | V54: 260221BU | W54: IC Factory part no. SMJ PCBA: ZZE008A(BU) | X54: 使用矩形盒子，手指\脚指\胸部有喷油/移印,带电 | Y54: 2.77 | Z54: =H54*Y54 -> 6947.16 | AA54: =Z54*7.75 -> 53840.49 | AC54: 已入系统 | AD54: B | AE54: 邵阳 | AF54: 系统出单 | AH54: =AG54-H54 -> -2508
A55: 46213 | B55: Educa | C55: 西班牙（法国版） | D55: 73788 | E55: PO-26071002 | F55: 1026157 | G55: 城市套装游戏机-FR | H55: 2000 | I55: 4 | J55: =H55/I55 -> 500 | K55: 46269 | P55: 46269 | R55: 外箱贴纸 20690-73788 | S55: 46233 | T55: 包装跟26051501更新Batch code:73788 | U55: 8/12确认箱唛及移印 | V55: 262451FR | W55: Brainopolis FR Flash: AMSFX128DHS-P07 MCU: AM32A070A-052 | X55: 客PO：73788 -带电，法文版包装，有外箱贴纸，包装需要备品 2%（彩盒+纸箱） | Y55: 4.772 | Z55: =H55*Y55 -> 9544 | AA55: =Z55*7.75 -> 73966 | AC55: 已入系统 | AD55: B | AE55: 新邵 | AF55: 系统出单 | AH55: =AG55-H55 -> -2000
A56: 46213 | B56: Educa | C56: 西班牙 | D56: 73788 | E56: PO-26071002 | F56: 1226157 | G56: 城市套装游戏机-ES | H56: 5000 | I56: 4 | J56: =H56/I56 -> 1250 | K56: 46269 | P56: 46269 | R56: 外箱贴纸 20668-73788 | S56: 46233 | T56: 包装跟26051502更新Batch code:73788 | U56: 8/12确认箱唛及移印 | V56: 262451ES | W56: Brainopolis ES Flash: AMSFX128DHS-P08 MCU: AM32A070A-052 | X56: 客PO：73788 -带电，西班牙版包装，有外箱贴纸，包装需要备品 2%（彩盒+纸箱） | Y56: 4.772 | Z56: =H56*Y56 -> 23860 | AA56: =Z56*7.75 -> 184915 | AC56: 已入系统 | AD56: B | AE56: 新邵 | AF56: 系统出单 | AH56: =AG56-H56 -> -5000
A57: 46213 | B57: Educa | C57: 西班牙 | D57: 73790 | E57: PO-26071002 | F57: 1226168 | G57: 涡轮四角星- ES | H57: 1002 | I57: 6 | J57: =H57/I57+H58/I58 -> 947 | K57: 46269 | P57: 46269 | R57: 外箱贴纸 20677-73790 | S57: 46233 | T57: 包装跟26051503更新Batch code:73790 | U57: 8/12确认箱唛及移印 | V57: 262451ES | W57: Turbo Trivia ES Flash: AMSFX128DHS-P09 MCU: AM32A070A-050 | X57: 客PO：73788 -带电，西班牙版包装，有外箱贴纸，包装需要备品 2%（彩盒+纸箱） | Y57: 3.45 | Z57: =H57*Y57 -> 3456.9 | AA57: =Z57*7.75 -> 26790.98 | AC57: 已入系统 | AD57: B | AE57: 新邵 | AF57: 系统出单 | AH57: =AG57-H57 -> -1002
A58: 46213 | B58: Educa | C58: 西班牙 | D58: 73790 | E58: PO-26071001 | F58: 1226168 | G58: 涡轮四角星- ES | H58: 4680 | I58: 6 | K58: 46269 | P58: 46269 | R58: 外箱贴纸 20677-73790 | S58: 46233 | T58: 包装跟26051503更新Batch code:73790 | U58: 8/12确认箱唛及移印 | V58: 262451ES | W58: Flash: AMSFX128DHS-P09 MCU: AM32A070A-050 | X58: 客PO：:73790 -带电，西班牙版包装，有外箱贴纸，包装需要备品 2%（彩盒+纸箱） | Y58: 3.45 | Z58: =H58*Y58 -> 16146 | AA58: =Z58*7.75 -> 125131.5 | AC58: 已入系统 | AD58: B | AE58: 新邵 | AF58: 系统出单 | AH58: =AG58-H58 -> -4680
A59: 46219 | B59: Felyx | C59: 保加利亚 | E59: PO-26071601 | F59: 3124138 | G59: 转盘游戏机-BU | H59: 3600 | I59: 6 | J59: =H59/I59 -> 600 | K59: 46275 | P59: 46266 | S59: 46240 | T59: 翻单25041001 | U59: 7/29确认箱唛移印 | V59: 262451BU | W59: Wheel U Dare BU MCU: AM32A070A-043 SPI: AMSFX032CHX-023 | X59: 带电，希腊包装 -将与订单号25112603 /超级魔法精灵一起发货 BU - 2,508件 | Y59: 4.059 | Z59: =H59*Y59 -> 14612.4 | AA59: =Z59*7.75 -> 113246.1 | AC59: 已入系统 | AD59: B | AE59: 邵阳 | AF59: 系统出单 | AH59: =AG59-H59 -> -3600
A60: 46189 | B60: Ultra Pro | C60: 美国 | D60: PO-20260225-013 | E60: PO-26061601 | F60: 1126169- US | G60: 超级精灵球-EN-US | H60: 9000 | I60: 6 | J60: =H60/I60 -> 1500 | K60: 46279 | L60: 46279 | P60: 46279 | S60: 46219 | T60: 翻单26030903 | U60: 8/12确认箱唛及移印 | V60: DONGGUAN 09/2026 EN | W60: PKM Ultimate PCBA: ZPU001A(EN | X60: 带电，美国US包装，PKM Ultimate - 10309 -外箱增加上下平咭 | Y60: 2.587 | Z60: =H60*Y60 -> 23283 | AA60: =Z60*7.75 -> 180443.25 | AC60: 已入系统 | AD60: B | AE60: 东莞 | AH60: =AG60-H60 -> -9000
A61: 46238 | B61: Ultra Pro / PSI | C61: 美国 | D61: PO-20260728-008 | E61: PO-26080402 | F61: 1126155- US-TRG | G61: PTE 圆型游戏机-EN-US-TRG | H61: 10800 | I61: 4 | J61: =H61/I61 -> 2700 | K61: 46281 | P61: 46281 | S61: 46235 | T61: 翻单26052001更新客ITEM:10305-TRG | U61: 打稿中 | V61: DONGGUAN 09/2026 EN | W61: Flash - ZPE001A(EN) MCU - ZPE001A | X61: 客： PO号码PO-20260728-008 （Target USA） 缩小版包装（无翻盖），英文版拼图49CM，客ITEM:10305-TRG 带电，外箱增加上下平咭 | Y61: 3.899 | Z61: =H61*Y61 -> 42109.2 | AA61: =Z61*7.75 -> 326346.3 | AC61: 已入系统 | AD61: B
A62: 46240 | B62: Toy Partner | C62: 西班牙 | E62: PO-26080501 | F62: 1226169 | G62: 超级精灵球-ES | H62: 2400 | I62: 6 | J62: =H62/I62 -> 400 | K62: =P62-7 -> 46283 | P62: 46290 | S62: 46265 | T62: 翻单26050701 | U62: 打稿中 | V62: 262451ES | W62: PCBA: ZPU006A(ES) | X62: 客户项目编号50240 -有4个AAA电池，包括试用我 -整箱装运 -目标检查日期：2026年9月25日 | Y62: 2.573 | Z62: =H62*Y62 -> 6175.2 | AA62: =Z62*7.75 -> 47857.8 | AC62: 已入系统 | AD62: B
A63: 46195 | B63: Ultra Pro | C63: 美国 | D63: PO-20260225-014 | E63: PO-26061803 | F63: 1126164- US | G63: 迪士尼米奇头-EN-US | H63: 13200 | I63: 6 | J63: =H63/I63 -> 2200 | K63: 46295 | P63: 46303 | S63: ok | T63: 翻单26030904 | U63: 打稿中 | V63: DONGGUAN 09/2026 EN | W63: PCBA: ZDG001A(EN) | X63: 带电，喷金属油+闪粉 -外箱增加上下平咭，客ITEM号：10307 | Y63: 2.697 | Z63: =H63*Y63 -> 35600.4 | AA63: =Z63*7.75 -> 275903.1 | AC63: 已入系统 | AD63: B | AE63: 新邵 | AH63: =AG63-H63 -> -13200
A64: 46195 | B64: Ultra Pro | C64: 美国 | D64: PO-20260225-015 | E64: PO-26061802 | F64: 1126156- US | G64: 迪士尼游戏机-EN-US | H64: 12360 | I64: 6 | J64: =H64/I64 -> 2060 | K64: 46295 | P64: 46303 | S64: ok | T64: 翻单26030905 | U64: 打稿中 | V64: DONGGUAN 09/2026 EN | W64: Flash: ZDT001A(EN) MCU: ZDT001A | X64: 带电，美国US包装 -外箱增加上下平咭 客ITEM:10308 | Y64: 3.317 | Z64: =H64*Y64 -> 40998.12 | AA64: =Z64*7.75 -> 317735.43 | AC64: 已入系统 | AD64: B | AE64: 新邵 | AH64: =AG64-H64 -> -12360
A65: 46195 | B65: Ultra Pro - Canada | C65: 加拿大 | D65: PO-20260225-019 | E65: PO-26061804 | F65: 1126156- US | G65: 迪士尼游戏机-EN-US | H65: 4980 | I65: 6 | J65: =H65/I65 -> 830 | K65: 46295 | P65: 46303 | S65: ok | T65: 翻单26030905 | U65: 打稿中 | V65: DONGGUAN 09/2026 EN | W65: Flash: ZDT001A(EN) MCU: ZDT001A | X65: 带电，美国US包装 -外箱增加上下平咭 客ITEM:10308 | Y65: 3.317 | Z65: =H65*Y65 -> 16518.66 | AA65: =Z65*7.75 -> 128019.62 | AC65: 已入系统 | AD65: B | AE65: 新邵 | AH65: =AG65-H65 -> -4980
A66: 46195 | B66: Ultra Pro - Canada | C66: 加拿大 | D66: PO-20260225-019 | E66: PO-26061804 | F66: 1126164- US | G66: 迪士尼米奇头-EN-US | H66: 5280 | I66: 6 | J66: =H66/I66 -> 880 | K66: 46295 | P66: 46303 | S66: ok | T66: 翻单26030904 | U66: 打稿中 | V66: DONGGUAN 09/2026 EN | W66: PCBA: ZDG001A(EN) | X66: 带电，喷金属油+闪粉 -外箱增加上下平咭，客ITEM号：10307 | Y66: 2.697 | Z66: =H66*Y66 -> 14240.16 | AA66: =Z66*7.75 -> 110361.24 | AC66: 已入系统 | AD66: B | AE66: 新邵 | AH66: =AG66-H66 -> -5280
A67: 46238 | B67: Modell & Hobby | C67: 匈牙利 | E67: PO-26080401 | F67: 4524138 | G67: 转盘游戏机-HU | H67: 5796 | I67: 6 | J67: =H67/I67 -> 966 | K67: =P67-7 -> 46304 | P67: 46311 | T67: 翻单待客人确认 | W67: MCU: AM32A070A-042 SPI: AMSFX032CHX-020 | X67: 带电-匈牙利版包装 | Y67: 4.059 | Z67: =H67*Y67 -> 23525.96 | AA67: =Z67*7.75 -> 182326.19 | AC67: 已入系统 | AD67: B
A68: 46238 | B68: Modell & Hobby | C68: 匈牙利 | E68: PO-26080401 | F68: 4525159 | G68: 新款五角星-HU | H68: 5796 | I68: 6 | J68: =H68/I68 -> 966 | K68: =P68-7 -> 46304 | P68: 46311 | T68: 翻单待客人确认 | W68: MCU: ZFU001A Flash: ZFU002A(HU) | X68: 带电-匈牙利版包装 | Y68: 3.651 | Z68: =H68*Y68 -> 21161.2 | AA68: =Z68*7.75 -> 163999.3 | AC68: 已入系统 | AD68: B
A69: 46195 | B69: Ultra Pro | C69: 美国 | D69: PO-20260225-016 | E69: PO-26061801 | F69: 1126156- US | G69: 迪士尼游戏机-EN-US | H69: 2320 | I69: 6 | J69: =H69/I69 -> 387 | K69: =P69-7 -> 46365 | P69: 46372 | S69: ok | T69: 翻单26030905 | U69: 打稿中 | V69: DONGGUAN 12/2026 EN | W69: Flash: ZDT001A(EN) MCU: ZDT001A | X69: 带电，美国US包装 -外箱增加上下平咭 客ITEM:10308 | Y69: 3.317 | Z69: =H69*Y69 -> 7695.44 | AA69: =Z69*7.75 -> 59639.66 | AC69: 已入系统 | AD69: B | AE69: 新邵 | AH69: =AG69-H69 -> -2320
A70: 46148 | B70: GP Italy | C70: 意大利 | E70: PO-26050501 | F70: 3226156 | G70: 迪士尼游戏机-IT | H70: 4800 | I70: 6 | J70: =H70/I70 -> 800 | K70: 待复 | L70: 暂停备料 | P70: 46249 | S70: 46213 | T70: 欠 | U70: 6/3确认移印箱唛 | V70: 262171IT | W70: Flash: ZDT003A(IT) MCU: ZDT001A | X70: 带电，GP意大利包装 | Y70: 3.303 | Z70: =H70*Y70 -> 15854.4 | AA70: =Z70*7.75 -> 122871.6 | AC70: 已入系统 | AD70: B | AE70: 新邵 | AH70: =AG70-H70 -> -4800
G76: 合计 | H76: =SUM(H2:H75) -> 324818 | Z76: =SUM(Z2:Z75) -> 1030897 | AA76: =SUM(AA2:AA75) -> 7989452
S78: .
A79: 以下标注内容区分识别备注：
A81: 粉色填充 | B81: 扣单/转单
A82: 粉色字体 | B82: 已经出货
A83: 红色字体 | B83: 取消单
A84: 黄色填充 | B84: 新加单或更改
A85: 蓝色字体 | B85: 已经完成订单
A86: 类型 | B86: 内容

Sheet 样办排期
A1: 接单期 | B1: 第三客户名称 | C1: 国家 | D1: 客PO号 | E1: PO | F1: ITEM | G1: 货名 | H1: 数量 | I1: 装箱数 | J1: 总箱数 | K1: 交办日期 | L1: 验货期 | M1: 第三方验货期 | N1: 是否安排自检 | O1: 船期SO | P1: 计划走货期 | Q1: 样办回来日期 | R1: 样办寄出日期 | S1: 欠数 | T1: 签回日期 | U1: 客贴纸 | V1: 客供物料（IC） | W1: 包装进度 | X1: 箱唛移印资料 | Y1: 日期码 | Z1: PCBA/MCU/Flash IC | AA1: 备注 | AB1: 单价USD | AC1: 金额USD | AD1: 金额HKD | AE1: 发票号 | AF1: 是否入系统 | AG1: 做货车间 | AH1: 生产车间 | AI1: 下单明细 | AJ1: 电子交期 | AK1: 塑胶交期 | AL1: 包装交期 | AM1: 送回数量 | AN1: 欠数 | AO1: 送货日期 | AP1: 掉期天数 | AQ1: 纸箱 | AR1: 贴纸 | AS1: 样板交期 | AT1: 彩盒样品寄出时间 | AU1: 说明书样品寄出时间 | AV1: 彩盒打稿OK时间 | AW1: 说明书打稿OK时间 | AX1: 整体签板 | AY1: 收到包装日期
A2: 46083 | B2: Modell & Hobby | C2: 匈牙利 | D2: 签办 | E2: PO-26022701 | F2: 4526168 | G2: 涡轮四角星-HU | H2: 5 | K2: =L2-14 -> #N/A | L2: =VLOOKUP($F2,总排期!$F:$U,6,0) -> #N/A | P2: =VLOOKUP($F2,总排期!$F:$U,11,0) -> #N/A | R2: 7/11寄出5PCS | T2: 46218 | V2: =VLOOKUP($F2,总排期!$F:$U,14,0) -> #N/A | W2: =VLOOKUP($F2,总排期!$F:$U,15,0) -> #N/A | X2: =VLOOKUP($F2,总排期!$F:$U,16,0) -> #N/A | Y2: 261821HU | Z2: Flash: AMSFX128DHS-P03 MCU: AM32A070A-050 | AA2: 带电，匈牙利包装 | AB2: 0 | AC2: =H2*AB2 -> 0 | AD2: =AC2*7.75 -> 0 | AF2: 已入系统 | AG2: B | AH2: 新邵 | AI2: 系统出单 | AJ2: OK | AL2: OK | AM2: 6 | AN2: =AM2-H2 -> 1 | AS2: 46210
A3: 46148 | B3: GP Italy | C3: 意大利 | D3: 大货办+签办 | E3: PO-26050601 | F3: 3225130 | G3: OMTS新款四角星-IT | H3: 6 | K3: =L3-14 -> 46199 | L3: =VLOOKUP($F3,总排期!$F:$U,6,0) -> 46213 | P3: =VLOOKUP($F3,总排期!$F:$U,11,0) -> 46209 | Q3: 46211 | R3: 7/8寄出2PCS,7/20补寄4PCS | T3: 46214 | V3: =VLOOKUP($F3,总排期!$F:$U,14,0) -> 46172 | W3: =VLOOKUP($F3,总排期!$F:$U,15,0) -> 5/27确认文档 | X3: =VLOOKUP($F3,总排期!$F:$U,16,0) -> 6/3确认移印箱唛 | Y3: 261821IT | Z3: Flash: AMSFX032CHX-043 MCU: AM32A070A-046 | AA3: 带电，GP意大利包装 | AB3: 0 | AC3: =H3*AB3 -> 0 | AD3: =AC3*7.75 -> 0 | AF3: 已入系统 | AG3: B | AH3: 邵阳 | AI3: 系统出单 | AJ3: OK | AL3: OK | AM3: 6 | AN3: =AM3-H3 -> 0 | AS3: 46209
A4: 46111 | B4: Gialamas - Greece | C4: 希腊 | D4: 签办 | E4: PO-26032507 | F4: 1326168 | G4: 涡轮四角星-GR | H4: 6 | K4: =L4-14 -> 46203 | L4: =VLOOKUP($F4,总排期!$F:$U,6,0) -> 46217 | P4: =VLOOKUP($F4,总排期!$F:$U,11,0) -> 46219 | Q4: 46211 | R4: 7/8寄出3PCS,其余质量问题 | T4: 46214 | V4: =VLOOKUP($F4,总排期!$F:$U,14,0) -> 46171 | W4: =VLOOKUP($F4,总排期!$F:$U,15,0) -> 4/29确认文档 | X4: =VLOOKUP($F4,总排期!$F:$U,16,0) -> 6/11确认移印，7/1确认箱唛 | Y4: 261821GR | Z4: IC Factory part no. Flash: AMSFX128DHX-P06 MCU: AM32A070A-050 | AA4: 带电， 希腊包装 | AB4: 0 | AC4: =H4*AB4 -> 0 | AD4: =AC4*7.75 -> 0 | AF4: 已入系统 | AG4: B | AH4: 新邵 | AI4: 系统出单 | AJ4: OK | AL4: OK | AM4: 6 | AN4: =AM4-H4 -> 0 | AS4: 46210
A5: 46106 | B5: Apollo - Slovenia | C5: 斯洛文尼亚 | D5: 签办 | E5: PO-26032503 | F5: 1526146 | G5: 蓝精灵-SL | H5: 15 | K5: =L5-14 -> #N/A | L5: =VLOOKUP($F5,总排期!$F:$U,6,0) -> #N/A | P5: =VLOOKUP($F5,总排期!$F:$U,11,0) -> #N/A | R5: 7/11寄出5PCS,7/15寄出10PCS | T5: 46218 | V5: =VLOOKUP($F5,总排期!$F:$U,14,0) -> #N/A | W5: =VLOOKUP($F5,总排期!$F:$U,15,0) -> #N/A | X5: =VLOOKUP($F5,总排期!$F:$U,16,0) -> #N/A | Y5: 261821SL | Z5: IC Factory part no. ZZT009A(SL) | AA5: 带电，跟PO-26032504拼柜走货 | AB5: 0 | AC5: =H5*AB5 -> 0 | AD5: =AC5*7.75 -> 0 | AF5: 已入系统 | AG5: B | AH5: 新邵 | AI5: 系统出单 | AJ5: OK | AL5: OK | AM5: 16 | AN5: =AM5-H5 -> 1 | AS5: 46211
A6: 46094 | B6: TM Toys -Poland | C6: 波兰(匈牙利） | D6: 签办 | E6: PO-26031201 | F6: 4526169 | G6: 超级精灵球-HU | H6: 16 | K6: =L6-14 -> 46206 | L6: =VLOOKUP($F6,总排期!$F:$U,6,0) -> 46220 | P6: =VLOOKUP($F6,总排期!$F:$U,11,0) -> 46219 | Q6: 46211 | R6: 46211 | T6: 46223 | V6: =VLOOKUP($F6,总排期!$F:$U,14,0) -> 46176 | W6: =VLOOKUP($F6,总排期!$F:$U,15,0) -> 5/21确认彩盒，6/22确认说明书 | X6: =VLOOKUP($F6,总排期!$F:$U,16,0) -> 4/10确认移印，4/30确认箱 | Y6: 261821HU | Z6: PCBA: ZPU004A(HU) | AA6: 匈牙利版，带电 | AB6: 0 | AC6: =H6*AB6 -> 0 | AD6: =AC6*7.75 -> 0 | AF6: 已入系统 | AG6: B | AH6: 东莞 | AN6: =AM6-H6 -> -16
A7: 46163 | B7: Ultra Pro | C7: 美国 | D7: 签办 | E7: PO-26052001 | F7: 1126155-US | G7: PTE 圆型游戏机-EN-US | H7: 28 | K7: =L7-14 -> #N/A | L7: =VLOOKUP($F7,总排期!$F:$U,6,0) -> #N/A | P7: =VLOOKUP($F7,总排期!$F:$U,11,0) -> #N/A | R7: 7/15寄出28PCS | T7: 46223 | V7: =VLOOKUP($F7,总排期!$F:$U,14,0) -> #N/A | W7: =VLOOKUP($F7,总排期!$F:$U,15,0) -> #N/A | X7: =VLOOKUP($F7,总排期!$F:$U,16,0) -> #N/A | Y7: DONGGUAN 07/2026 EN | Z7: Flash - ZPE001A(EN) MCU - ZPE001A | AA7: 带电，缩小版包装（无翻盖）。外箱增加上下平咭 | AB7: 0 | AC7: =H7*AB7 -> 0 | AD7: =AC7*7.75 -> 0 | AF7: 已入系统 | AG7: B | AH7: 邵阳 | AI7: 系统出单 | AJ7: OK | AL7: 46210 | AN7: =AM7-H7 -> -28
A8: 45999 | B8: Pillowtex - Brazil | C8: 巴西（葡萄牙） | D8: 签办 | E8: PO-25120501 | F8: 3325110 | G8: 四角星抢答器 BR | H8: 6 | K8: =L8-14 -> 46209 | L8: =VLOOKUP($F8,总排期!$F:$U,6,0) -> 46223 | P8: =VLOOKUP($F8,总排期!$F:$U,11,0) -> 46192 | Q8: 46213 | R8: 7/10寄出 | T8: 46224 | V8: =VLOOKUP($F8,总排期!$F:$U,14,0) -> 46178 | W8: =VLOOKUP($F8,总排期!$F:$U,15,0) -> 1/29收到包装 | X8: =VLOOKUP($F8,总排期!$F:$U,16,0) -> 1/21确认箱唛，1/14确认移印 | Y8: 260701BR | Z8: Flash: ZPT012A(BR) MCU: ZPT001D | AA8: 带电，新包装 | AB8: 0 | AC8: =H8*AB8 -> 0 | AD8: =AC8*7.75 -> 0 | AF8: 已入系统 | AG8: B | AH8: 邵阳 | AI8: 系统出单 | AJ8: OK | AL8: OK | AM8: 6 | AN8: =AM8-H8 -> 0 | AS8: 46211
A9: 46083 | B9: Modell & Hobby | C9: 匈牙利 | D9: 签办 | E9: PO-26022701 | F9: 4526146 | G9: 蓝精灵-HU | H9: 6 | K9: =L9-14 -> #N/A | L9: =VLOOKUP($F9,总排期!$F:$U,6,0) -> #N/A | P9: =VLOOKUP($F9,总排期!$F:$U,11,0) -> #N/A | R9: 7/15寄出4PCS | T9: 46223 | V9: =VLOOKUP($F9,总排期!$F:$U,14,0) -> #N/A | W9: =VLOOKUP($F9,总排期!$F:$U,15,0) -> #N/A | X9: =VLOOKUP($F9,总排期!$F:$U,16,0) -> #N/A | Y9: 261821HU | Z9: PCBA: ZZT005A(HU) | AA9: 带电，匈牙利包装 | AB9: 0 | AC9: =H9*AB9 -> 0 | AD9: =AC9*7.75 -> 0 | AF9: 已入系统 | AG9: B | AH9: 新邵 | AI9: 系统出单 | AJ9: OK | AL9: OK | AM9: 6 | AN9: =AM9-H9 -> 0 | AS9: 46213
A10: 46161 | B10: Talent Show | C10: 克罗地亚 | D10: 签办 | E10: PO-26051803 | F10: 4724113 | G10: 圆形灯-CR | H10: 3 | K10: =L10-14 -> #N/A | L10: =VLOOKUP($F10,总排期!$F:$U,6,0) -> #N/A | P10: =VLOOKUP($F10,总排期!$F:$U,11,0) -> #N/A | R10: 7/20寄出 | T10: 46225 | V10: =VLOOKUP($F10,总排期!$F:$U,14,0) -> #N/A | W10: =VLOOKUP($F10,总排期!$F:$U,15,0) -> #N/A | X10: =VLOOKUP($F10,总排期!$F:$U,16,0) -> #N/A | Y10: 261821HR | Z10: CR Flash: AMSFX032BHX-011 MCU: AM32A070A-021 | AA10: 不带电，克罗地亚包装 | AB10: 0 | AC10: =H10*AB10 -> 0 | AD10: =AC10*7.75 -> 0 | AF10: 已入系统 | AG10: B | AH10: 邵阳 | AI10: 系统出单 | AJ10: OK | AL10: 46210 | AM10: 3 | AN10: =AM10-H10 -> 0
A11: 46080 | B11: Orbico | C11: 波兰 | D11: 签办 | E11: PO-26022601 | F11: 1426155 | G11: PTE 圆型游戏机- PL | H11: 7 | K11: =L11-14 -> 46213 | L11: =VLOOKUP($F11,总排期!$F:$U,6,0) -> 46227 | P11: =VLOOKUP($F11,总排期!$F:$U,11,0) -> 46219 | R11: 7/17寄出15PCS退回，7/21寄出7PCS | T11: 46227 | V11: =VLOOKUP($F11,总排期!$F:$U,14,0) -> 0 | W11: =VLOOKUP($F11,总排期!$F:$U,15,0) -> 4/2确认包装 | X11: =VLOOKUP($F11,总排期!$F:$U,16,0) -> 4/2确认箱唛移印 | Y11: 261821PL | Z11: Flash: ZPE009A(PL) MCU: ZPE001A | AA11: 带电，波兰新包装 | AB11: 0 | AC11: =H11*AB11 -> 0 | AD11: =AC11*7.75 -> 0 | AF11: 已入系统 | AG11: B | AH11: 邵阳 | AI11: 系统出单 | AJ11: OK | AL11: 46214 | AM11: 18 | AN11: =AM11-H11 -> 11 | AS11: 46210
A12: 46080 | B12: Orbico | C12: 波兰 | D12: 签办 | E12: PO-26022602 | F12: 1426169 | G12: 超级精灵球- PL | H12: 15 | K12: =L12-14 -> 46213 | L12: =VLOOKUP($F12,总排期!$F:$U,6,0) -> 46227 | P12: =VLOOKUP($F12,总排期!$F:$U,11,0) -> 46220 | R12: 7/22寄出 | T12: 46230 | V12: =VLOOKUP($F12,总排期!$F:$U,14,0) -> 46196 | W12: =VLOOKUP($F12,总排期!$F:$U,15,0) -> 5/21确认彩盒,7/3确认说明书 | X12: =VLOOKUP($F12,总排期!$F:$U,16,0) -> 5/25确认箱，5/21确认移印 | Y12: 261821PL | Z12: PCBA: ZPU003A(PL) | AA12: 带电，波兰新包装 | AB12: 0 | AC12: =H12*AB12 -> 0 | AD12: =AC12*7.75 -> 0 | AF12: 已入系统 | AG12: B | AH12: 东莞 | AN12: =AM12-H12 -> -15
A13: 46164 | B13: CAFFARO - Argentina | C13: 阿根廷 | D13: 大货办+签办 | E13: PO-26052103 | F13: 5226146 | G13: 蓝精灵-LA | H13: 8 | K13: =L13-14 -> 46216 | L13: =VLOOKUP($F13,总排期!$F:$U,6,0) -> 46230 | P13: =VLOOKUP($F13,总排期!$F:$U,11,0) -> 46219 | R13: 7/21寄出5PCS，7/29寄出3PCS | T13: 46227 | V13: =VLOOKUP($F13,总排期!$F:$U,14,0) -> 46197 | W13: =VLOOKUP($F13,总排期!$F:$U,15,0) -> 6/10确认文档 | X13: =VLOOKUP($F13,总排期!$F:$U,16,0) -> 6/1确认箱唛移印 | Y13: 261821ES | Z13: PCBA: ZZT010A(LA) | AA13: 西班牙语 阿根廷（西班牙）包装，带电（用客指定 Vinnic 电池） | AB13: 0 | AC13: =H13*AB13 -> 0 | AD13: =AC13*7.75 -> 0 | AF13: 已入系统 | AG13: B | AH13: 新邵 | AI13: 系统出单 | AJ13: 7月7号已交5535 | AL13: OK | AM13: 12 | AN13: =AM13-H13 -> 4
A14: 46142 | B14: Talent Show | C14: 克罗地亚 | D14: 大货办+签办 | E14: PO-26042901 | F14: 4726146 | G14: 蓝精灵-CR | H14: 4 | K14: =L14-14 -> 46217 | L14: =VLOOKUP($F14,总排期!$F:$U,6,0) -> 46231 | P14: =VLOOKUP($F14,总排期!$F:$U,11,0) -> 46220 | R14: 7/15寄出4PCS | T14: 46223 | V14: =VLOOKUP($F14,总排期!$F:$U,14,0) -> 46198 | W14: =VLOOKUP($F14,总排期!$F:$U,15,0) -> 4/30确认文档 | X14: =VLOOKUP($F14,总排期!$F:$U,16,0) -> 5/6确认箱唛移印 | Y14: 261821HR | Z14: PCBA: ZZT008A(CR) | AA14: 带电，克罗地亚包装 | AB14: 0 | AC14: =H14*AB14 -> 0 | AD14: =AC14*7.75 -> 0 | AF14: 已入系统 | AG14: B | AH14: 新邵 | AI14: 系统出单 | AJ14: 7月10号交 | AL14: OK | AM14: 4 | AN14: =AM14-H14 -> 0
A15: 46169 | B15: Proludis Giocattoli - Italy | C15: 意大利 | D15: 大货办+签办 | E15: PO-26052201 | F15: 3226159 | G15: 新款五角星-IT | H15: 8 | K15: =L15-14 -> 46238 | L15: =VLOOKUP($F15,总排期!$F:$U,6,0) -> 46252 | P15: =VLOOKUP($F15,总排期!$F:$U,11,0) -> 46234 | R15: 7/30寄出2PCS，8/5补6PCS | T15: 46238 | V15: =VLOOKUP($F15,总排期!$F:$U,14,0) -> 46177 | W15: =VLOOKUP($F15,总排期!$F:$U,15,0) -> 6/3确认文档 | X15: =VLOOKUP($F15,总排期!$F:$U,16,0) -> 6/15确认箱唛及移印 | Y15: 262171IT | Z15: FOF Ultimate Flash: ZFU009A(IT)，MCU: ZFU001A | AA15: 带电，意大利包装 | AB15: 0 | AC15: =H15*AB15 -> 0 | AD15: =AC15*7.75 -> 0 | AF15: 已入系统 | AG15: B | AH15: 邵阳 | AI15: 系统出单 | AM15: 8 | AN15: =AM15-H15 -> 0
A16: 46121 | B16: Sunman - Turkey | C16: 土耳其 | D16: 大货办+签办 | E16: PO-26040801 | F16: 3626146 | G16: 蓝精灵-TU | H16: 6 | K16: =L16-14 -> 46238 | L16: =VLOOKUP($F16,总排期!$F:$U,6,0) -> 46252 | P16: =VLOOKUP($F16,总排期!$F:$U,11,0) -> 46234 | R16: 7/28寄出3PCS，8/5补3PCS | T16: 46238 | V16: =VLOOKUP($F16,总排期!$F:$U,14,0) -> 46203 | W16: =VLOOKUP($F16,总排期!$F:$U,15,0) -> 4/9确认文档 | X16: =VLOOKUP($F16,总排期!$F:$U,16,0) -> 5/14确认移印，5/8箱唛确认 | Y16: 261821TU | Z16: Magic Tim PCBA: ZZT012A(TU) | AA16: 带电，土耳其包装 | AB16: 0 | AC16: =H16*AB16 -> 0 | AD16: =AC16*7.75 -> 0 | AF16: 已入系统 | AG16: B | AH16: 新邵 | AI16: 系统出单 | AM16: 12 | AN16: =AM16-H16 -> 6
A17: 46091 | B17: Ultra Pro | C17: 美国 | D17: 签办 | E17: PO-26030904 | F17: 1126164- US | G17: 迪士尼米奇头-EN-US | H17: 12 | K17: =L17-14 -> 46223 | L17: =VLOOKUP($F17,总排期!$F:$U,6,0) -> 46237 | P17: =VLOOKUP($F17,总排期!$F:$U,11,0) -> 46233 | R17: 签办工程已安排，大货办需要2箱 | T17: 46227 | V17: =VLOOKUP($F17,总排期!$F:$U,14,0) -> 46206 | W17: =VLOOKUP($F17,总排期!$F:$U,15,0) -> 6/3收到包装 | X17: =VLOOKUP($F17,总排期!$F:$U,16,0) -> 5/11确认箱唛,6/5确认移印 | Y17: DONGGUAN 07/2026 EN | Z17: PCBA: ZDG001A(EN) | AA17: 带电，喷金属油+闪粉 -外箱增加上下平咭，客ITEM号：10307 | AB17: 0 | AC17: =H17*AB17 -> 0 | AD17: =AC17*7.75 -> 0 | AF17: 已入系统 | AG17: B | AH17: 新邵 | AN17: =AM17-H17 -> -12
A18: 46157 | B18: Educa | C18: 西班牙 | D18: 大货办+签办 | E18: PO-26051503 | F18: 1226168 | G18: 涡轮四角星- ES | H18: 12 | K18: =L18-14 -> 46223 | L18: =VLOOKUP($F18,总排期!$F:$U,6,0) -> 46237 | P18: =VLOOKUP($F18,总排期!$F:$U,11,0) -> 46227 | R18: 需大货办2箱，要有正箱，签办7/27寄出4PCS | T18: 46233 | V18: =VLOOKUP($F18,总排期!$F:$U,14,0) -> 46193 | W18: =VLOOKUP($F18,总排期!$F:$U,15,0) -> 7/9确认彩盒，7/13确认说明书 | X18: =VLOOKUP($F18,总排期!$F:$U,16,0) -> 6/12确认箱唛,6/22确认移印 | Y18: 261821ES | Z18: Flash: AMSFX128DHS-P09 MCU: AM32A070A-050 | AA18: 带电，西班牙包装，客PO:73455 ,包装上增加一第客供贴纸 包装需要备品 2% | AB18: 0 | AC18: =H18*AB18 -> 0 | AD18: =AC18*7.75 -> 0 | AF18: 已入系统 | AG18: B | AH18: 新邵 | AI18: 系统出单 | AJ18: 7月16号开始交 | AM18: 18 | AN18: =AM18-H18 -> 6
A19: 46169 | B19: Proludis Giocattoli - Italy | C19: 意大利 | D19: 大货办+签办 | E19: PO-26052201 | F19: 3226169 | G19: 超级精灵球-IT | H19: 12 | K19: =L19-14 -> 46226 | L19: =VLOOKUP($F19,总排期!$F:$U,6,0) -> 46240 | P19: =VLOOKUP($F19,总排期!$F:$U,11,0) -> 46234 | R19: 8/1寄出 | T19: 46240 | V19: =VLOOKUP($F19,总排期!$F:$U,14,0) -> 46203 | W19: =VLOOKUP($F19,总排期!$F:$U,15,0) -> 5/4收到包装，7/3确认说明书 | X19: =VLOOKUP($F19,总排期!$F:$U,16,0) -> 6/15确认箱唛及移印 | Y19: 262171IT | Z19: PMK Ultimate PCBA: ZPU005A(IT) | AA19: 带电，意大利包装 | AB19: 0 | AC19: =H19*AB19 -> 0 | AD19: =AC19*7.75 -> 0 | AF19: 已入系统 | AG19: B | AH19: 东莞 | AN19: =AM19-H19 -> -12
A20: 46151 | B20: Toy Partner | C20: 西班牙 | D20: 大货办+签办 | E20: PO-26050701 | F20: 1226169 | G20: 超级精灵球-ES | H20: 12 | K20: =L20-14 -> 46227 | L20: =VLOOKUP($F20,总排期!$F:$U,6,0) -> 46241 | P20: =VLOOKUP($F20,总排期!$F:$U,11,0) -> 46231 | R20: 7/25 寄出 | T20: 46233 | V20: =VLOOKUP($F20,总排期!$F:$U,14,0) -> 46203 | W20: =VLOOKUP($F20,总排期!$F:$U,15,0) -> 5/28确认包装 | X20: =VLOOKUP($F20,总排期!$F:$U,16,0) -> 6/16确认箱唛，6/25确认移印 | Y20: 262171ES | Z20: PCBA: ZPU006A(ES) | AA20: 带电，西班牙包装 | AB20: 0 | AC20: =H20*AB20 -> 0 | AD20: =AC20*7.75 -> 0 | AF20: 已入系统 | AG20: B | AH20: 东莞 | AN20: =AM20-H20 -> -12
A21: 46161 | B21: Dexy | C21: 塞尔维亚 | D21: 大货办 | E21: PO-26051802 | F21: 3026146 | G21: 蓝精灵-SE | H21: 6 | K21: =L21-14 -> 46227 | L21: =VLOOKUP($F21,总排期!$F:$U,6,0) -> 46241 | P21: =VLOOKUP($F21,总排期!$F:$U,11,0) -> 46239 | R21: 7/25 寄出3PCS | T21: 46233 | V21: =VLOOKUP($F21,总排期!$F:$U,14,0) -> 6/25 | W21: =VLOOKUP($F21,总排期!$F:$U,15,0) -> 5/19确认文档 | X21: =VLOOKUP($F21,总排期!$F:$U,16,0) -> 5/26确认箱唛移印 | Y21: 261821SE | Z21: PCBA: ZZT007A(SE) | AA21: 带电，塞尔维亚包装 | AB21: 0 | AC21: =H21*AB21 -> 0 | AD21: =AC21*7.75 -> 0 | AF21: 已入系统 | AG21: B | AH21: 新邵 | AI21: 系统出单 | AJ21: 已交2240 | AM21: 6 | AN21: =AM21-H21 -> 0
A22: 46157 | B22: Educa | C22: 西班牙 | D22: 大货办+签办 | E22: PO-26051502 | F22: 1226157 | G22: 城市套装游戏机-ES | H22: 8 | K22: =L22-14 -> 46226 | L22: =VLOOKUP($F22,总排期!$F:$U,6,0) -> 46240 | P22: =VLOOKUP($F22,总排期!$F:$U,11,0) -> 46230 | R22: 需大货办2箱,8/7寄出，签办7/27寄出4PCS | T22: 46233 | V22: =VLOOKUP($F22,总排期!$F:$U,14,0) -> 46212 | W22: =VLOOKUP($F22,总排期!$F:$U,15,0) -> 6/5确认文档 | X22: =VLOOKUP($F22,总排期!$F:$U,16,0) -> 6/12确认箱唛,6/15确认移印 | Y22: 261821ES | Z22: Flash: AMSFX128DHS-P08 MCU: AM32A070A-051 | AA22: 带电，西班牙包装，客PO:73434 包装需要备品 2% | AB22: 0 | AC22: =H22*AB22 -> 0 | AD22: =AC22*7.75 -> 0 | AF22: 已入系统 | AG22: B | AH22: 新邵 | AN22: =AM22-H22 -> -8
A23: 46164 | B23: Golden Bear | C23: 英国 | E23: PO-26052202 | F23: 1125155- UK | G23: PTE 圆型游戏机-EN-UK | H23: 8 | I23: 6 | J23: =H23/I23 -> 1 | K23: =L23-14 -> 46237 | L23: =VLOOKUP($F23,总排期!$F:$U,6,0) -> 46251 | P23: 46251 | R23: 东莞寄2套，湖南8/1寄 6PCS | T23: 46240 | V23: =VLOOKUP($F23,总排期!$F:$U,14,0) -> 0 | W23: =VLOOKUP($F23,总排期!$F:$U,15,0) -> 6/15确认彩盒，拼图更新2026，6/24确认说明书 | X23: =VLOOKUP($F23,总排期!$F:$U,16,0) -> 6/25确认移印箱唛 | Y23: 262171EN | Z23: Flash: ZPE001A(EN) MCU: ZPE001A | AA23: 英国版-有盖版彩盒，带电池， x 4C双面游戏板(50CM)，包装需要使用FSC纸张（内卡/彩盒/说明书/拼图），请注意：外箱封一条长胶带密封纸箱。補回120pcs遊戲版給美國客戶 | AC23: 已入系统 | AD23: B | AE23: 邵阳 | AF23: 系统出单 | AG23: B | AH23: 邵阳 | AM23: 8 | AN23: =AM23-H23 -> 0
A24: 46091 | B24: Ultra Pro | C24: 美国 | D24: 签办 | E24: PO-26030905 | F24: 1126156- US | G24: 迪士尼游戏机-EN-US | H24: 18 | K24: =L24-14 -> 46232 | L24: =VLOOKUP($F24,总排期!$F:$U,6,0) -> 46246 | P24: =VLOOKUP($F24,总排期!$F:$U,11,0) -> 46233 | R24: 签办工程已安排，大货办需要3箱 | T24: 46223 | V24: =VLOOKUP($F24,总排期!$F:$U,14,0) -> 46205 | W24: =VLOOKUP($F24,总排期!$F:$U,15,0) -> 6/3收到包装 | X24: =VLOOKUP($F24,总排期!$F:$U,16,0) -> 5/11确认箱唛,6/5确认移印 | Y24: DONGGUAN 06/2026 EN | Z24: Flash: ZDT001A(EN) MCU: ZDT001A | AA24: 带电，美国US包装 -外箱增加上下平咭 客ITEM:10308 | AB24: 0 | AC24: =H24*AB24 -> 0 | AD24: =AC24*7.75 -> 0 | AG24: B | AH24: 新邵 | AN24: =AM24-H24 -> -18
A25: 46136 | B25: GP France | C25: 法国 | D25: 大货办+签办 | E25: PO-26042401 | F25: 1026156 | G25: 迪士尼游戏机-FR | H25: 12 | K25: =L25-14 -> 46230 | L25: =VLOOKUP($F25,总排期!$F:$U,6,0) -> 46244 | P25: =VLOOKUP($F25,总排期!$F:$U,11,0) -> 46232 | R25: 8/6 寄出 | T25: 46244 | V25: =VLOOKUP($F25,总排期!$F:$U,14,0) -> 46204 | W25: =VLOOKUP($F25,总排期!$F:$U,15,0) -> 6/26确认文档 | X25: =VLOOKUP($F25,总排期!$F:$U,16,0) -> 6/25确认移印箱唛 | Y25: 262171FR | Z25: IC Factory part no. Flash: ZDT002A(FR) MCU: ZDT001A | AA25: 带电，GP法国包装 | AB25: 0 | AC25: =H25*AB25 -> 0 | AD25: =AC25*7.75 -> 0 | AG25: B | AH25: 东莞 | AN25: =AM25-H25 -> -12
A26: 46163 | B26: Asmodee - CZ | C26: 捷克共和国 | D26: 签办 | E26: PO-26052004 | F26: 3526107 | G26: 足球-CZ | H26: 3 | K26: =L26-14 -> 46230 | L26: =VLOOKUP($F26,总排期!$F:$U,6,0) -> 46244 | P26: =VLOOKUP($F26,总排期!$F:$U,11,0) -> 46251 | R26: 8/6 寄出 | T26: 46244 | V26: =VLOOKUP($F26,总排期!$F:$U,14,0) -> 46198 | W26: =VLOOKUP($F26,总排期!$F:$U,15,0) -> 5/22确认包装 | X26: =VLOOKUP($F26,总排期!$F:$U,16,0) -> 7/16确认箱唛移印 | Y26: 262171CZ | Z26: Flash: ZFZ007C(CZ) MCU: ZFZ001A | AA26: 带电，捷克包装 | AB26: 0 | AC26: =H26*AB26 -> 0 | AD26: =AC26*7.75 -> 0 | AF26: 已入系统 | AG26: B | AH26: 新邵 | AI26: 系统出单 | AN26: =AM26-H26 -> -3
A27: 260 | B27: Toy Partner | C27: 西班牙（葡萄牙语） | D27: 大货办+签办 | E27: PO-26050702 | F27: 3326103 | G27: 红色比卡超-PO | H27: 8 | K27: =L27-14 -> 46230 | L27: =VLOOKUP($F27,总排期!$F:$U,6,0) -> 46244 | P27: =VLOOKUP($F27,总排期!$F:$U,11,0) -> 46231 | R27: 湖南8/5寄4PCS，8/13寄4PCS | T27: 46244 | V27: =VLOOKUP($F27,总排期!$F:$U,14,0) -> 46207 | W27: =VLOOKUP($F27,总排期!$F:$U,15,0) -> 7/9确认包装 | X27: =VLOOKUP($F27,总排期!$F:$U,16,0) -> 6/16确认箱唛，6/25确认移印 | Y27: 262171PO | Z27: PCBA: ZPK041A(PO) | AA27: 带电，（无隔电片） （葡萄牙语版包装） | AB27: 0 | AC27: =H27*AB27 -> 0 | AD27: =AC27*7.75 -> 0 | AF27: 已入系统 | AG27: B | AH27: 邵阳 | AI27: 系统出单 | AM27: 4 | AN27: =AM27-H27 -> -4
A28: 46169 | B28: Proludis Giocattoli - Italy | C28: 意大利 | D28: 大货办+签办 | E28: PO-26052201 | F28: 3226164 | G28: 迪士尼米奇头-IT | H28: 10 | K28: =L28-14 -> 46237 | L28: =VLOOKUP($F28,总排期!$F:$U,6,0) -> 46251 | P28: =VLOOKUP($F28,总排期!$F:$U,11,0) -> 46234 | R28: 8/8寄出 4PCS | S28: 欠6PCS | T28: 46251 | V28: =VLOOKUP($F28,总排期!$F:$U,14,0) -> 46213 | W28: =VLOOKUP($F28,总排期!$F:$U,15,0) -> 7/14确认包装 | X28: =VLOOKUP($F28,总排期!$F:$U,16,0) -> 6/15确认箱唛及移印 | Y28: 262171IT | Z28: Disney Guess PCBA: ZDG005A(IT) | AA28: 带电，意大利包装 | AB28: 0 | AC28: =H28*AB28 -> 0 | AD28: =AC28*7.75 -> 0 | AF28: 已入系统 | AG28: B | AH28: 新邵 | AN28: =AM28-H28 -> -10
A29: 46121 | B29: Sunman - Romania | C29: 罗马尼亚 | D29: 大货办+签办 | E29: PO-26040802 | F29: 3826164 | G29: 迪士尼米奇头-RO | H29: 12 | K29: =L29-14 -> 46234 | L29: =VLOOKUP($F29,总排期!$F:$U,6,0) -> 46248 | P29: =VLOOKUP($F29,总排期!$F:$U,11,0) -> 46234 | R29: 8/12寄出 5PCS，8/15寄6PCS,，客人退回4PCS | T29: 46251 | V29: =VLOOKUP($F29,总排期!$F:$U,14,0) -> 46210 | W29: =VLOOKUP($F29,总排期!$F:$U,15,0) -> 7/3确认彩盒，7/10确认说明书 | X29: =VLOOKUP($F29,总排期!$F:$U,16,0) -> 6/17确认箱唛，移印待确认 | Y29: 262171RO | Z29: IC Factory part no. PCBA: ZDG004A(RO) | AA29: 带电，罗马尼亚包装 | AB29: 0 | AC29: =H29*AB29 -> 0 | AD29: =AC29*7.75 -> 0 | AF29: 已入系统 | AG29: B | AH29: 新邵 | AN29: =AM29-H29 -> -12
A30: 46111 | B30: Gialamas - Greece | C30: 希腊 | D30: 大货办+签办 | E30: PO-26032603 | F30: 1326103 | G30: 红色比卡超-GR | H30: 12 | K30: =L30-14 -> 46237 | L30: =VLOOKUP($F30,总排期!$F:$U,6,0) -> 46251 | P30: =VLOOKUP($F30,总排期!$F:$U,11,0) -> 46240 | R30: 8/10寄出 5PCS 8/14寄出6PCS | T30: 46251 | V30: =VLOOKUP($F30,总排期!$F:$U,14,0) -> 46218 | W30: =VLOOKUP($F30,总排期!$F:$U,15,0) -> 7/8确认包装 | X30: =VLOOKUP($F30,总排期!$F:$U,16,0) -> 6/11确认移印，7/1确认箱唛 | Y30: 262171GR | Z30: Pokemon Kanto GR PCBA - ZPK040A(GR) | AA30: 带电，无隔电片， 希腊包装 | AB30: 0 | AC30: =H30*AB30 -> 0 | AD30: =AC30*7.75 -> 0 | AF30: 已入系统 | AG30: B | AH30: 邵阳 | AI30: 系统出单 | AM30: 6 | AN30: =AM30-H30 -> -6
A31: 46111 | B31: Gialamas - Greece | C31: 希腊 | D31: 大货办+签办 | E31: PO-26032603 | F31: 1326164 | G31: 迪士尼米奇头-GR | H31: 12 | K31: =L31-14 -> 46239 | L31: =VLOOKUP($F31,总排期!$F:$U,6,0) -> 46253 | P31: =VLOOKUP($F31,总排期!$F:$U,11,0) -> 46240 | R31: 8/12寄出 5PCS | S31: 欠6PCS | T31: 46251 | V31: =VLOOKUP($F31,总排期!$F:$U,14,0) -> 46218 | W31: =VLOOKUP($F31,总排期!$F:$U,15,0) -> 7/6确认彩盒，7/10确认说明书 | X31: =VLOOKUP($F31,总排期!$F:$U,16,0) -> 6/11确认移印，7/1确认箱唛 | Y31: 262171GR | Z31: Disney Guess GR PCBA - ZDG002A(GR) | AA31: 带电， 希腊包装，喷金属油+闪粉 | AB31: 0 | AC31: =H31*AB31 -> 0 | AD31: =AC31*7.75 -> 0 | AF31: 已入系统 | AG31: B | AH31: 新邵 | AN31: =AM31-H31 -> -12
A32: 46111 | B32: Gialamas - Greece | C32: 希腊 | D32: 签办 | E32: PO-26032603 | F32: 1326110 | G32: 四角星抢答器-GR | H32: 12 | K32: =L32-14 -> 46237 | L32: =VLOOKUP($F32,总排期!$F:$U,6,0) -> 46251 | P32: =VLOOKUP($F32,总排期!$F:$U,11,0) -> 46240 | R32: 8/16寄出 | V32: =VLOOKUP($F32,总排期!$F:$U,14,0) -> 46213 | W32: =VLOOKUP($F32,总排期!$F:$U,15,0) -> 6/25确认文档 | X32: =VLOOKUP($F32,总排期!$F:$U,16,0) -> 6/11确认移印，7/1确认箱唛 | Y32: 262171GR | Z32: Pokemon Trainer Trivia GR Flash - ZPT013A(GR) MCU: ZPT001D | AA32: 带电， 希腊包装,留意面壳LGOG移印跟彩盒LOGO一样 | AB32: 0 | AC32: =H32*AB32 -> 0 | AD32: =AC32*7.75 -> 0 | AF32: 已入系统 | AG32: B | AH32: 邵阳 | AN32: =AM32-H32 -> -12
A33: 46121 | B33: Sunman - Turkey | C33: 土耳其 | D33: 大货办+签办 | E33: PO-26040801 | F33: 3626164 | G33: 迪士尼米奇头-TU | H33: 6 | K33: =L33-14 -> 46240 | L33: =VLOOKUP($F33,总排期!$F:$U,6,0) -> 46254 | P33: =VLOOKUP($F33,总排期!$F:$U,11,0) -> 46234 | R33: 8/1寄出4PCS测试办，8/11寄测试办2PCS | T33: 46251 | V33: =VLOOKUP($F33,总排期!$F:$U,14,0) -> 46218 | W33: =VLOOKUP($F33,总排期!$F:$U,15,0) -> 7/6确认彩盒，7/13确认说明书 | X33: =VLOOKUP($F33,总排期!$F:$U,16,0) -> 移印待确认，5/8箱唛确认 | Y33: 261821TU | Z33: Disney Guess PCBA : ZDG003A(TU) | AA33: 带电，喷金属油+闪粉，土耳其包装 | AB33: 0 | AC33: =H33*AB33 -> 0 | AD33: =AC33*7.75 -> 0 | AF33: 已入系统 | AG33: B | AH33: 新邵 | AN33: =AM33-H33 -> -6
A34: 46151 | B34: Toy Partner | C34: 西班牙 | D34: 大货办+签办 | E34: PO-26050703 | F34: 1226156 | G34: 迪士尼游戏机-ES | H34: 12 | K34: =L34-14 -> 46237 | L34: =VLOOKUP($F34,总排期!$F:$U,6,0) -> 46251 | P34: =VLOOKUP($F34,总排期!$F:$U,11,0) -> 46248 | R34: 8/14寄出 | V34: =VLOOKUP($F34,总排期!$F:$U,14,0) -> 46210 | W34: =VLOOKUP($F34,总排期!$F:$U,15,0) -> 6/23确认文档 | X34: =VLOOKUP($F34,总排期!$F:$U,16,0) -> 6/22确认箱唛，6/25确认移印 | Y34: 262171ES | Z34: IC Factory part no. Flash: ZDT004A(ES) MCU: ZDT001A | AA34: 带电，西班牙包装 | AB34: 0 | AC34: =H34*AB34 -> 0 | AD34: =AC34*7.75 -> 0 | AG34: B | AH34: 新邵 | AN34: =AM34-H34 -> -12
A35: 46148 | B35: GP Italy | C35: 意大利 | D35: 大货办+签办 | E35: PO-26050501 | F35: 3226156 | G35: 迪士尼游戏机-IT | H35: 12 | K35: =L35-14 -> #VALUE! | L35: =VLOOKUP($F35,总排期!$F:$U,6,0) -> 待复 | P35: =VLOOKUP($F35,总排期!$F:$U,11,0) -> 46249 | V35: =VLOOKUP($F35,总排期!$F:$U,14,0) -> 46213 | W35: =VLOOKUP($F35,总排期!$F:$U,15,0) -> 欠 | X35: =VLOOKUP($F35,总排期!$F:$U,16,0) -> 6/3确认移印箱唛 | Y35: 262171IT | Z35: Flash: ZDT003A(IT) MCU: ZDT001A | AA35: 带电，GP意大利包装 | AB35: 0 | AC35: =H35*AB35 -> 0 | AD35: =AC35*7.75 -> 0 | AG35: B | AH35: 新邵 | AN35: =AM35-H35 -> -12
A36: 46189 | B36: Flat River | C36: 美国 | D36: 大货办+签办 | E36: PO-26061101 | F36: 1125103- US-MIL | G36: 红色比卡超EN-US | H36: 6 | K36: =L36-14 -> 46240 | L36: =VLOOKUP($F36,总排期!$F:$U,6,0) -> 46254 | P36: =VLOOKUP($F36,总排期!$F:$U,11,0) -> 46251 | V36: =VLOOKUP($F36,总排期!$F:$U,14,0) -> 46208 | W36: =VLOOKUP($F36,总排期!$F:$U,15,0) -> 7/15确认包装 | X36: =VLOOKUP($F36,总排期!$F:$U,16,0) -> 7/24确认箱唛，7/13确认移印，7/27确认邮包盒唛头 | Z36: PKM Kanto: ZPK001B(EN) | AA36: 带电，无隔电片， 新包装（彩盒+邮包盒） | AB36: 0 | AC36: =H36*AB36 -> 0 | AD36: =AC36*7.75 -> 0 | AF36: 已入系统 | AG36: B | AH36: 邵阳 | AI36: 系统出单 | AN36: =AM36-H36 -> -6
A37: 46189 | B37: Flat River | C37: 美国 | D37: 大货办+签办 | E37: PO-26061101 | F37: 1125106- US-MIL | G37: 紫波比卡超EN-US | H37: 6 | K37: =L37-14 -> 46240 | L37: =VLOOKUP($F37,总排期!$F:$U,6,0) -> 46254 | P37: =VLOOKUP($F37,总排期!$F:$U,11,0) -> 46251 | V37: =VLOOKUP($F37,总排期!$F:$U,14,0) -> 46208 | W37: =VLOOKUP($F37,总排期!$F:$U,15,0) -> 7/15确认包装 | X37: =VLOOKUP($F37,总排期!$F:$U,16,0) -> 7/24确认箱唛，7/13确认移印，7/27确认邮包盒唛头 | Z37: PKM Ash: ZPK013A(EN) | AA37: 带电，无隔电片， 新包装（彩盒+邮包盒） | AB37: 0 | AC37: =H37*AB37 -> 0 | AD37: =AC37*7.75 -> 0 | AF37: 已入系统 | AG37: B | AH37: 邵阳 | AI37: 系统出单 | AN37: =AM37-H37 -> -6
A38: 46189 | B38: Flat River | C38: 美国 | D38: 大货办+签办 | E38: PO-26061101 | F38: 1125117- US-MIL | G38: 比卡超手表 EN-US | H38: 6 | K38: =L38-14 -> 46240 | L38: =VLOOKUP($F38,总排期!$F:$U,6,0) -> 46254 | P38: =VLOOKUP($F38,总排期!$F:$U,11,0) -> 46251 | V38: =VLOOKUP($F38,总排期!$F:$U,14,0) -> 46208 | W38: =VLOOKUP($F38,总排期!$F:$U,15,0) -> 说明书翻单26031303，彩盒7/15更新 | X38: =VLOOKUP($F38,总排期!$F:$U,16,0) -> 7/24确认箱唛，7/13确认移印，7/27确认邮包盒唛头 | Z38: PKM Mission:ZPD001A(EN) | AA38: 不带电， 新包装（彩盒+邮包盒） | AB38: 0 | AC38: =H38*AB38 -> 0 | AD38: =AC38*7.75 -> 0 | AF38: 已入系统 | AG38: B | AH38: 邵阳 | AI38: 系统出单 | AN38: =AM38-H38 -> -6
A39: 46189 | B39: Flat River | C39: 美国 | D39: 大货办+签办 | E39: PO-26061101 | F39: 1125118- US-MIL | G39: 金属色比卡超 EN-US | H39: 6 | K39: =L39-14 -> 46240 | L39: =VLOOKUP($F39,总排期!$F:$U,6,0) -> 46254 | P39: =VLOOKUP($F39,总排期!$F:$U,11,0) -> 46251 | V39: =VLOOKUP($F39,总排期!$F:$U,14,0) -> 46208 | W39: =VLOOKUP($F39,总排期!$F:$U,15,0) -> 7/15确认包装 | X39: =VLOOKUP($F39,总排期!$F:$U,16,0) -> 7/24确认箱唛，7/13确认移印，7/27确认邮包盒唛头 | Z39: PKM Legacy: ZPK017A(EN) | AA39: 带电，无隔电片， 新包装（彩盒+邮包盒） | AB39: 0 | AC39: =H39*AB39 -> 0 | AD39: =AC39*7.75 -> 0 | AF39: 已入系统 | AG39: B | AH39: 邵阳 | AI39: 系统出单 | AN39: =AM39-H39 -> -6
A40: 46189 | B40: Flat River | C40: 美国 | D40: 大货办+签办 | E40: PO-26061101 | F40: 1125155- US-MIL | G40: PTE 圆型游戏机EN-US | H40: 6 | K40: =L40-14 -> 46240 | L40: =VLOOKUP($F40,总排期!$F:$U,6,0) -> 46254 | P40: =VLOOKUP($F40,总排期!$F:$U,11,0) -> 46251 | V40: =VLOOKUP($F40,总排期!$F:$U,14,0) -> 46208 | W40: =VLOOKUP($F40,总排期!$F:$U,15,0) -> 7/15确认包装 | X40: =VLOOKUP($F40,总排期!$F:$U,16,0) -> 7/24确认箱唛，7/13确认移印，7/27确认邮包盒唛头 | Z40: PKM Expert: MCU: ZPE001A + Flash: ZPE001A(EN) | AA40: 带电， 新包装（彩盒+邮包盒） | AB40: 0 | AC40: =H40*AB40 -> 0 | AD40: =AC40*7.75 -> 0 | AF40: 已入系统 | AG40: B | AH40: 邵阳 | AI40: 系统出单 | AN40: =AM40-H40 -> -6
G45: 合计 | H45: =SUM(H2:H44) -> 368 | AC45: =SUM(AC2:AC44) -> 0 | AD45: =SUM(AD2:AD44) -> 0
V47: .
A48: 以下标注内容区分识别备注：
A50: 粉色填充 | B50: 扣单/转单
A51: 粉色字体 | B51: 已经出货
A52: 红色字体 | B52: 取消单
A53: 黄色填充 | B53: 新加单或更改
A54: 蓝色字体 | B54: 已经完成订单
A55: 类型 | B55: 内容

Sheet 已走货
A1: 接单期 | B1: 第三客户名称 | C1: 国家 | D1: 第三方PO | E1: Cust. PO NO. | F1: ITEM | G1: 货名 | H1: 数量 | I1: 装箱数 | J1: 总箱数 | K1: 出货期 | L1: 验货期 | M1: 第三方验货期 | N1: 是否安排自检 | O1: 船期SO | P1: 计划走货期 | Q1: 追客新资料期 | R1: 客贴纸 | S1: 客供物料（IC） | T1: 包装核对 | U1: 箱唛资料 | V1: 日期码 | W1: PCBA/MCU/Flash IC | X1: 备注 | Y1: 单价(USD) | Z1: 金额USD | AA1: 金额HKD | AB1: 发票号 | AC1: 是否入系统 | AD1: 做货车间 | AE1: 生产车间 | AF1: 下单明细 | AG1: 送回数量 | AH1: 欠数 | AI1: 纸箱 | AJ1: 贴纸 | AK1: 预计完成时间 | AL1: 彩盒样品寄出时间 | AM1: 说明书样品寄出时间 | AN1: 彩盒打稿OK时间 | AO1: 说明书打稿OK时间 | AP1: 整体签板 | AQ1: 收到包装日期
A2: 45943 | B2: Asmodee Germany | C2: 德国 | E2: PO-25101302 | F2: 1825103 | G2: 红色比卡超 DE | H2: 6000 | I2: 6 | J2: 1000 | K2: 46027 | L2: OK | P2: 46023 | S2: 45962 | T2: 翻单25050602 | U2: 10/24确认箱唛移印 | V2: 253601DE | W2: PCBA: ZPK009A(DE) | X2: 带电,带隔电片 | Y2: 2.119 | Z2: 12714 | AA2: 98533.5 | AB2: FH20220282 | AC2: 已入系统 | AD2: B | AE2: 邵阳 | AF2: 系统出单 | AG2: 6000 | AH2: 0
A3: 45943 | B3: Asmodee Germany | C3: 德国 | E3: PO-25101302 | F3: 1825155 | G3: PTE 比卡超圆形游戏机 DE | H3: 5004 | I3: 6 | J3: 834 | K3: 46027 | L3: OK | P3: 46023 | S3: 45954 | T3: 翻单25050602 | U3: 10/24确认箱唛移印 | V3: 253601DE | W3: MCU: ZPE001A Flash: ZPE003A(DE) | X3: 带电 | Y3: 4.516 | Z3: 22598.06 | AA3: 175134.97 | AB3: FH20220282 | AC3: 已入系统 | AD3: B | AE3: 邵阳 | AF3: 系统出单 | AG3: 5004 | AH3: 0
A4: 45954 | B4: GP France | C4: 法国 | E4: PO-25101601 | F4: 1025103 | G4: 红色比卡超 | H4: 4002 | I4: 6 | J4: 667 | K4: 46009 | L4: OK | P4: 46010 | S4: 45975 | T4: 翻单25041905彩盒/说明书新档案11/20确认 | U4: 11/13确认箱唛移印 | V4: 253601FR | W4: IC Factory part no. PCBA: ZPK004A(FR) | X4: 带电池，包装上印有Triman标志，包装：GP法国pkg + I/S（带法国标志），带隔电片 | Y4: 2.119 | Z4: 8480.24 | AA4: 65721.86 | AB4: FH20220283 | AC4: 已入系统 | AD4: B | AE4: 邵阳 | AF4: 系统出单 | AG4: 4002 | AH4: 0
A5: 45954 | B5: GP France | C5: 法国 | E5: PO-25101601 | F5: 1025117 | G5: 比卡超手表 | H5: 3000 | I5: 6 | J5: 500 | K5: 46009 | L5: OK | P5: 46010 | S5: 45975 | T5: 翻单25041905地图/彩盒及说明书新档案11/20确认 | U5: 11/13确认箱唛移印 | V5: 253601FR | W5: IC Factory part no.: PCBA: ZPD002A(FR | X5: 不带电池，包装上印有Triman标志，包装：GP法国pkg + I/S（带法国标志） | Y5: 2.656 | Z5: 7968 | AA5: 61752 | AB5: FH20220283 | AC5: 已入系统 | AD5: B | AE5: 邵阳 | AF5: 系统出单 | AG5: 3000 | AH5: 0
A6: 45954 | B6: GP France | C6: 法国 | E6: PO-25101601 | F6: 1025155 | G6: PTE 圆型游戏机 | H6: 8004 | I6: 6 | J6: 1334 | K6: 46009 | L6: OK | P6: 46010 | S6: 45975 | T6: 翻单25041905彩盒及拼图/说明书新档案11/20确认 | U6: 11/13确认箱唛移印 | V6: 253601FR | W6: IC Factory part no. MCU: ZPE001A Flash: ZPE002A(FR) | X6: 带电池，包装上印有Triman标志，包装：GP法国pkg + I/S（带法国标志） | Y6: 4.516 | Z6: 36146.06 | AA6: 280131.97 | AB6: FH20220283 | AC6: 已入系统 | AD6: B | AE6: 邵阳 | AF6: 系统出单 | AG6: 8004 | AH6: 0
A7: 45985 | B7: Target | C7: 美国 | E7: PO-25112401 | F7: 1123103- US-TAR | G7: 红色比卡超 EN-US | H7: 12600 | I7: 6 | J7: 2100 | K7: 46030 | L7: 46030 | P7: 46037 | S7: 45996 | T7: 翻单25052901 | U7: 12/11确认箱唛移印 | V7: DONGGUAN 01/2026 EN | W7: PCBA:ZPK001B(EN) | X7: 没有隔电片，带电，額外的貼紙(可移贴纸(2pcs)+ 胶袋包装)，MIC:带针咪头，有Try Me功能，外箱增加上下平咭 | Y7: 2.089 | Z7: 26321.4 | AA7: 203990.85 | AB7: FH20220284 | AC7: 已入系统 | AD7: B | AE7: 邵阳 | AF7: 系统出单 | AG7: 12600 | AH7: 0 | AJ7: OK
A8: 45968 | B8: GP Greece | C8: 希腊 | E8: PO-25110501 | F8: 1324138 | G8: 转盘游戏机 GR | H8: 5004 | I8: 6 | J8: 834 | K8: 46035 | L8: 46035 | P8: 46028 | S8: 45978 | T8: 翻单24062313 | U8: 11/20确认箱唛移印 | V8: 260061GR | W8: MCU: AM32A070A-042 Flash: AMSFX032CHX-031 | X8: 带电，包装希腊GP版 | Y8: 3.865 | Z8: 19340.46 | AA8: 149888.57 | AB8: FH20220285 | AC8: 已入系统 | AD8: B | AE8: 邵阳 | AF8: 系统出单 | AG8: 5004 | AH8: 0
A9: 45968 | B9: GP Greece | C9: 希腊 | E9: PO-25110502 | F9: 1325107 | G9: 足球 GR | H9: 6000 | I9: 6 | J9: 1000 | K9: 46035 | L9: 46035 | P9: 46028 | S9: 45978 | T9: 包装11/17确认 | U9: 移印工程跟进，11/20确认箱唛 | V9: 260061GR | W9: Flash: ZFZ014A(GE) MCU: ZFZ001A | X9: 带电，包装希腊GP版 | Y9: 3.912 | Z9: 23472 | AA9: 181908 | AB9: FH20220285 | AC9: 已入系统 | AD9: B | AE9: 东莞
A10: 45972 | B10: Talent Show | C10: 克罗地亚 | E10: PO-25111001 | F10: 4726107 | G10: 足球 CR | H10: 5076 | I10: 6 | J10: =H10/I10 -> 846 | K10: 46045 | L10: ok | P10: 45690 | S10: 46009 | T10: 12/30确认 | U10: 11/20确认箱唛移印 | V10: 260221HR | W10: Flash: ZFZ005C(CR) MCU: ZFZ001A | X10: 带电，克罗地亚包装 | Y10: 3.912 | Z10: =H10*Y10 -> 19857.31 | AA10: =Z10*7.75 -> 153894.15 | AB10: FH20220286 | AC10: 已入系统 | AD10: B | AE10: 东莞
A11: 45954 | C11: 波兰 | E11: PO-25102401 | F11: 1426107 | G11: 足球 PL | H11: 8520 | I11: 6 | J11: =H11/I11 -> 1420 | K11: 46048 | L11: 46052 | P11: 46048 | S11: 46016 | T11: 1/7确认 | U11: 12/1确认箱唛移印 | V11: 260221PL | W11: Flash: ZFZ004C(PL) MCU: ZFZ001B | X11: 波兰版包装 -带电（ 3个2AA电池）,主纸箱有特殊的点线（只封一条胶纸，胶纸不能超过虚线） | Y11: 3.912 | Z11: =H11*Y11 -> 33330.24 | AA11: =Z11*7.75 -> 258309.36 | AB11: FH20220287 | AC11: 已入系统 | AD11: B | AE11: 东莞
A12: 46001 | B12: GP France | C12: 法国 | E12: PO-25121001 | F12: 1025103 | G12: 红色比卡超-FR | H12: 4002 | I12: 6 | J12: 667 | K12: 46045 | L12: 46049 | P12: 46052 | S12: 46020 | T12: 翻单25101601 | U12: 12/18确认移印箱唛 | V12: 260221FR | W12: PCBA: ZPK004A(FR) | X12: 带电池，包装上印有Triman标志，包装：GP法国pkg + I/S（带法国标志），带隔电片 | Y12: 2.119 | Z12: 8480.24 | AA12: 65721.86 | AB12: FH20220288 | AC12: 已入系统 | AD12: B | AE12: 邵阳 | AF12: 系统出单 | AG12: 4002 | AH12: 0 | AK12: 46036
A13: 46001 | B13: GP France | C13: 法国 | E13: PO-25121002 | F13: 1025155 | G13: PTE 圆型游戏机-FR | H13: 6000 | I13: 6 | J13: 1000 | K13: 46045 | L13: 46049 | P13: 46052 | S13: 46014 | T13: 翻单25101601 | U13: 12/18确认移印箱唛 | V13: 260221FR | W13: MCU: ZPE001A Flash: ZPE002A(FR) | X13: 带电池，包装上印有Triman标志，包装：GP法国pkg + I/S（带法国标志） | Y13: 4.516 | Z13: 27096 | AA13: 209994 | AB13: FH20220288 | AC13: 已入系统 | AD13: B | AE13: 邵阳 | AF13: 系统出单 | AG13: 6000 | AH13: 0 | AK13: 46042
A14: 46001 | B14: GP France | C14: 法国 | E14: PO-25121004 | F14: 1025155 | G14: PTE 圆型游戏机-FR | H14: 2004 | I14: 6 | J14: 334 | K14: 46045 | L14: 46049 | P14: 46052 | S14: 46014 | T14: 翻单25101601 | U14: 12/18确认移印箱唛 | V14: 260221FR | W14: MCU: ZPE001A Flash: ZPE002A(FR) | X14: 带电池，包装上印有Triman标志，包装：GP法国pkg + I/S（带法国标志） | Y14: 4.516 | Z14: 9050.06 | AA14: 70137.97 | AB14: FH20220288 | AC14: 已入系统 | AD14: B | AE14: 邵阳 | AF14: 系统出单 | AG14: 2004 | AH14: 0 | AK14: 46044
A15: 46001 | B15: GP France | C15: 法国 | E15: PO-25121003 | F15: 1026107 | G15: 足球-FR | H15: 6000 | I15: 6 | J15: 1000 | K15: 46045 | L15: 46049 | P15: 46052 | S15: 46008 | T15: 12/30确认 | U15: 12/18确认移印箱唛 | V15: 260221FR | W15: Flash: ZFZ002E(FR) MCU: MCU: ZFZ001A | X15: 带电池，包装上印有Triman标志，包装：GP法国pkg + I/S（带法国标志） | Y15: 3.912 | Z15: 23472 | AA15: 181908 | AB15: FH20220288 | AC15: 已入系统 | AD15: B | AE15: 东莞
A16: 45978 | B16: Grandi Giochi - Italy | C16: 意大利 | E16: PO-25111701 | F16: 3225107 | G16: 足球 IT | H16: 7200 | I16: 6 | J16: 1200 | K16: 46045 | L16: ok | P16: 46045 | S16: 45993 | T16: 12/8确认 | U16: 11/25确认移印，11/20确认箱唛 | V16: 260221IT | W16: Flash: ZFZ006F(IT) MCU: ZFZ001A | X16: 带电，意大利包装 | Y16: 3.912 | Z16: 28166.4 | AA16: 218289.6 | AB16: FH20220289 | AC16: 已入系统 | AD16: B | AE16: 东莞
A17: 46003 | B17: GP - Italy | C17: 意大利 | E17: PO-25121201 | F17: 3222103 | G17: 红色比卡超-IT | H17: 1500 | I17: 6 | J17: 250 | K17: 46042 | L17: 46051 | P17: 46049 | S17: 46020 | T17: 12/23确认 | U17: 12/30确认箱唛,1/5确认移印 | V17: 260221IT | W17: PCBA: ZPK028A(IT) | X17: 带电,无隔电片 | Y17: 1.937 | Z17: 2905.5 | AA17: 22517.63 | AB17: FH20220290 | AC17: 已入系统 | AD17: B | AE17: 邵阳 | AF17: 系统出单 | AG17: 1500 | AH17: 0 | AK17: 46039
A18: 46003 | B18: GP - Italy | C18: 意大利 | E18: PO-25121201 | F18: 3222103 | G18: 红色比卡超-IT | H18: 1104 | I18: 6 | J18: 184 | K18: 46042 | L18: 46051 | P18: 46049 | S18: 46020 | T18: 12/23确认 | U18: 12/30确认箱唛,1/5确认移印 | V18: 260221IT | W18: PCBA: ZPK028A(IT) | X18: 带电,无隔电片 | Y18: 1.937 | Z18: 2138.45 | AA18: 16572.99 | AB18: FH20220290 | AC18: 已入系统 | AD18: B | AE18: 邵阳 | AF18: 系统出单 | AG18: 1104 | AH18: 0 | AK18: 46041
A19: 46003 | B19: GP - Italy | C19: 意大利 | E19: PO-25121201 | F19: 3222110 | G19: 四角星抢答器-IT | H19: 1500 | I19: 6 | J19: 250 | K19: 46042 | L19: 46051 | P19: 46049 | S19: 46010 | T19: 12/23确认 | U19: 12/30确认箱唛,1/5确认移印 | V19: 260221IT | W19: Flash: ZPT011A(IT) MCU: ZPT001D | X19: 带电 | Y19: 3.06 | Z19: 4590 | AA19: 35572.5 | AB19: FH20220290 | AC19: 已入系统 | AD19: B | AE19: 邵阳 | AF19: 系统出单 | AG19: 1500 | AH19: 0 | AK19: 46043
A20: 46003 | B20: GP - Italy | C20: 意大利 | E20: PO-25121201 | F20: 3222110 | G20: 四角星抢答器-IT | H20: 1104 | I20: 6 | J20: 184 | K20: 46042 | L20: 46051 | P20: 46049 | S20: 46010 | T20: 12/23确认 | U20: 12/30确认箱唛,1/5确认移印 | V20: 260221IT | W20: Flash: ZPT011A(IT) MCU: ZPT001D | X20: 带电 | Y20: 3.06 | Z20: 3378.24 | AA20: 26181.36 | AB20: FH20220290 | AC20: 已入系统 | AD20: B | AE20: 邵阳 | AF20: 系统出单 | AG20: 1104 | AH20: 0 | AK20: 46043
A21: 45992 | B21: U. Games | C21: 澳大利亚 | E21: PO-25120101 | F21: 1121118- AU | G21: 金属色比卡超 | H21: 2208 | I21: 6 | J21: =H21/I21 -> 368 | K21: =P21-7 -> 46045 | L21: 46051 | P21: 46052 | S21: 46016 | T21: 1/8确认 | U21: 12/18确认箱唛，12/15确认移印 | V21: 260221EN | W21: PCBA: ZPK017A(EN) | X21: 标准Zanzoon英文包装,无隔电片，带电 | Y21: 2.09 | Z21: =H21*Y21 -> 4614.72 | AA21: =Z21*7.75 -> 35764.08 | AB21: FH20220291 | AC21: 已入系统 | AD21: B | AE21: 邵阳 | AF21: 系统出单 | AG21: =2172+36 -> 2208 | AH21: =AG21-H21 -> 0 | AK21: 46044
A22: 45992 | B22: U. Games | C22: 澳大利亚 | E22: PO-25120101 | F22: 1126148 | G22: 足球 EN(黑色外壳） | H22: 1500 | I22: 6 | J22: =H22/I22 -> 250 | K22: =P22-7 -> 46045 | L22: 46051 | P22: 46052 | S22: 46006 | T22: 1/5确认 | U22: 12/18确认箱唛，12/15确认移印 | V22: 260221EN | W22: Flash: ZFZ001G(EN) MCU: ZFZ001A | X22: 带电，标准Zanzoon英文包装 | Y22: 3.912 | Z22: =H22*Y22 -> 5868 | AA22: =Z22*7.75 -> 45477 | AB22: FH20220291 | AC22: 已入系统 | AD22: B | AE22: 东莞
A23: 45975 | B23: Altex | C23: 罗马尼亚 | E23: PO-25111401 | F23: 3826107 | G23: 足球 RO | H23: 6168 | I23: 6 | J23: =H23/I23 -> 1028 | K23: 46052 | L23: 46055 | P23: 46052 | S23: 46021 | T23: 1/5确认 | U23: 12/30确认箱唛移印 | V23: 260221RO | W23: Flash: ZFZ003B(RO) MCU: ZFZ001A | X23: 带电，罗马尼亚包装 | Y23: 3.912 | Z23: =H23*Y23 -> 24129.22 | AA23: =Z23*7.75 -> 187001.46 | AB23: FH20220292 | AC23: 已入系统 | AD23: B | AE23: 东莞
A24: 46027 | B24: Ultra Pro | C24: 美国 | E24: PO-26010501 | F24: 1126103-US | G24: 红色比卡超 EN-US | H24: 13620 | I24: 6 | J24: =H24/I24 -> 2270 | K24: 46086 | L24: 46090 | P24: 46086 | S24: 46037 | T24: 新包装1/13确认 | U24: 1/9确认移印箱唛 | V24: DONGGUAN 03/2026 EN | W24: PCBA:ZPK001B(EN) | X24: 没有隔电片，带电，不需要額外的貼紙，MIC:带针咪头，有Try Me功能，外箱增加上下平咭 | Y24: 1.913 | Z24: =H24*Y24 -> 26055.06 | AA24: =Z24*7.75 -> 201926.72 | AB24: FH20220293 | AC24: 已入系统 | AD24: B | AE24: 邵阳 | AF24: 系统出单 | AG24: =13584+36 -> 13620 | AH24: =AG24-H24 -> 0
A25: 45988 | B25: U Games / Warehouse | C25: 新西兰 | E25: PO-25112503 | F25: 1126148 | G25: 足球 EN(黑色外壳） | H25: 822 | I25: 6 | J25: =H25/I25 -> 137 | K25: =P25-7 -> 46045 | L25: 46051 | P25: 46052 | S25: 46006 | T25: 1/5确认 | U25: 12/15确认箱唛，移印跟PO-25120101 | V25: 260221EN | W25: Flash: ZFZ001G(EN) MCU: ZFZ001A | X25: 带电，标准Zanzoon英文包装 | Y25: 3.912 | Z25: =H25*Y25 -> 3215.66 | AA25: =Z25*7.75 -> 24921.37 | AB25: FH20220294 | AC25: 已入系统 | AD25: B | AE25: 东莞
A26: 45988 | B26: U Games / Warehouse | C26: 新西兰 | E26: PO-25112601 | F26: 1126148 | G26: 足球 EN(黑色外壳） | H26: 426 | I26: 6 | J26: =H26/I26 -> 71 | K26: =P26-7 -> 46045 | L26: 46051 | P26: 46052 | S26: 46006 | T26: 1/5确认 | U26: 12/15确认箱唛，移印跟PO-25120101 | V26: 260221EN | W26: Flash: ZFZ001G(EN) MCU: ZFZ001A | X26: 带电，标准Zanzoon英文包装 | Y26: 3.912 | Z26: =H26*Y26 -> 1666.51 | AA26: =Z26*7.75 -> 12915.45 | AB26: FH20220295 | AC26: 已入系统 | AD26: B | AE26: 东莞
A27: 46009 | B27: Modell & Hobby | C27: 匈牙利 | E27: PO-25121801 | F27: 4524138 | G27: 转盘游戏机-HU | H27: 11190 | I27: 6 | J27: =H27/I27 -> 1865 | K27: 46087 | L27: 46087 | P27: 46087 | S27: 45665 | T27: 翻单24112501 | U27: 1/14确认移印箱唛 | V27: 260641HU | W27: MCU: AM32A070A-042 SPI: AMSFX032CHX-020 | X27: 带电 | Y27: 3.865 | Z27: =H27*Y27 -> 43249.35 | AA27: =Z27*7.75 -> 335182.46 | AB27: FH20220296 | AC27: 已入系统 | AD27: B | AE27: 邵阳 | AF27: 系统出单 | AG27: 11190 | AH27: =AG27-H27 -> 0
A28: 46052 | B28: US-WM | C28: 美国 | E28: PO-26020301 | F28: 1125155- US | G28: PTE 比卡超圆形游戏机 | H28: 4380 | I28: 6 | J28: =H28/I28 -> 730 | K28: 46104 | L28: 46104 | P28: 46104 | R28: 46080 | S28: 46058 | T28: 翻单25012206,更新ITEM号 | U28: 2/5确认移印箱唛 | V28: DONGGUAN 03/2026 EN | W28: Flash - ZPE001A(EN) MCU - ZPE001A | X28: 带电池，纸箱的顶部和底部添加硬纸板，贴 RFID贴纸（客供） | Y28: 4.214 | Z28: =H28*Y28 -> 18457.32 | AA28: =Z28*7.75 -> 143044.23 | AB28: FH20220297 | AC28: 已入系统 | AD28: B | AE28: 邵阳 | AF28: 系统出单 | AG28: =2520+3462+3456+4374+858+30 -> 14700 | AH28: =AG28-H28 -> 10320
A29: 46052 | B29: US-WM | C29: 美国 | E29: PO-26020301 | F29: 1125155- US | G29: PTE 比卡超圆形游戏机 | H29: =14700-4380 -> 10320 | I29: 6 | J29: =H29/I29 -> 1720 | K29: 46104 | L29: 46104 | P29: 46104 | R29: 46080 | S29: 46058 | T29: 翻单25012206,更新ITEM号 | U29: 2/5确认移印箱唛 | V29: DONGGUAN 03/2026 EN | W29: Flash - ZPE001A(EN) MCU - ZPE001A | X29: 带电池，纸箱的顶部和底部添加硬纸板，贴 RFID贴纸（客供） | Y29: 4.214 | Z29: =H29*Y29 -> 43488.48 | AA29: =Z29*7.75 -> 337035.72 | AB29: FH20220298 | AC29: 已入系统 | AD29: B | AE29: 邵阳 | AF29: 系统出单 | AG29: =2520+3462+3456+4374+858+30 -> 14700 | AH29: =AG29-H29 -> 4380
A30: 46038 | B30: Network One | C30: 罗马尼亚 | E30: PO-26011501 | F30: 3816003- 0106 | G30: 动物地图 RO | H30: 2304 | I30: 6 | J30: =H30/I30 -> 384 | K30: 46104 | L30: 46111 | P30: 46104 | S30: 工厂自行采购 | T30: 2/6收到包装 | U30: 1/25确认移印箱唛 | V30: 260701RO | W30: MCU: TRD16P101A-ZA40 Flash: SPI16M-ZA41(TR1605F48-4_16M) | X30: 带电 罗马尼亚包装 | Y30: 7.285 | Z30: =H30*Y30 -> 16784.64 | AA30: =Z30*7.75 -> 130080.96 | AB30: FH20220299 | AC30: 已入系统 | AD30: B | AE30: 车间 | AH30: =AG30-H30 -> -2304
A31: 46038 | B31: Network One | C31: 罗马尼亚 | E31: PO-26011501 | F31: 3816097- 0106 | G31: 速度头 RO | H31: 1704 | I31: 6 | J31: =H31/I31 -> 284 | K31: 46104 | L31: 46111 | P31: 46104 | S31: MCU用库存1951PCS，Flash 1/30 | T31: 2/6收到包装 | U31: 1/25确认移印箱唛 | V31: 260701RO | W31: Flash: ZSD010A(RO) MCU: ZSD001B | X31: 带电(三档开关） 罗马尼亚包装 | Y31: 3.359 | Z31: =H31*Y31 -> 5723.74 | AA31: =Z31*7.75 -> 44358.99 | AB31: FH20220299 | AC31: 已入系统 | AD31: B | AE31: 车间 | AH31: =AG31-H31 -> -1704
A32: 46000 | B32: 斯洛文尼亚（克罗地亚） | C32: 斯洛文尼亚（克罗地亚） | E32: PO-25120803 | F32: 4726103 | G32: 红色比卡超-CR | H32: 3000 | I32: 6 | J32: =H32/I32 -> 500 | K32: 46159 | P32: 46159 | W32: PTG Kanto SL: ZPK038A(SL) | X32: 口袋妖怪关东（没有拉标签） -口袋妖怪教练猜关东版在克罗地亚版本和 斯洛文尼亚版，用1 × 20英尺的集装箱运往斯洛文尼亚 - 3个AAA电池包括试用我 -每个需要16个签名样品 | Y32: 1.937 | Z32: =H32*Y32 -> 5811 | AA32: =Z32*7.75 -> 45035.25 | AB32: FH20220300 | AD32: B
A33: 46000 | C33: 斯洛文尼亚 | E33: PO-25120803 | F33: 1526103 | G33: 红色比卡超-SL | H33: 3000 | I33: 6 | J33: =H33/I33 -> 500 | K33: 46140 | P33: 46140 | W33: PTG Kanto CR: ZPK039A(CR) | X33: 口袋妖怪关东（没有拉标签） -口袋妖怪教练猜关东版在克罗地亚版本和 斯洛文尼亚版，用1 × 20英尺的集装箱运往斯洛文尼亚 - 3个AAA电池包括试用我 -每个需要16个签名样品 | Y33: 1.937 | Z33: =H33*Y33 -> 5811 | AA33: =Z33*7.75 -> 45035.25 | AB33: FH20220300 | AD33: B
A34: 46077 | B34: 澳大利亚 | C34: 澳大利亚 | E34: PO-26020901 | F34: 1125131 | G34: 灰红波比卡超 EN-AU | H34: 3600 | I34: 6 | J34: =H34/I34 -> 600 | K34: 46141 | P34: 46141 | W34: PKM Mission: ZPD001A(EN) | X34: 3 × AAA电池包括口袋妖怪教练猜 试试我的冠军 没有电池的口袋妖怪训练师任务 -标准Zanzoon英文包装 -需要12个签名样品作为PKM任务样品 -船1 × 20 | Y34: 2.081 | Z34: =H34*Y34 -> 7491.6 | AA34: =Z34*7.75 -> 58059.9 | AB34: FH20220301 | AD34: B
A35: 46077 | B35: 澳大利亚 | C35: 澳大利亚 | E35: PO-26020901 | F35: 1122117- AU-NEW | G35: 比卡超手表 EN-AU | H35: 3000 | I35: 6 | J35: =H35/I35 -> 500 | K35: 46141 | P35: 46141 | W35: PKM Champions: ZPK030A(EN) | X35: 3 × AAA电池包括口袋妖怪教练猜 试试我的冠军 没有电池的口袋妖怪训练师任务 -标准Zanzoon英文包装 -需要12个签名样品作为PKM任务样品 -船1 × 20 | Y35: 2.656 | Z35: =H35*Y35 -> 7968 | AA35: =Z35*7.75 -> 61752 | AB35: FH20220301 | AD35: B
A36: 46087 | C36: 比利时(保加利亚） | E36: PO-26030601 | F36: 3126107 | G36: 足球- BU | H36: 5004 | I36: 6 | J36: =H36/I36 -> 834 | K36: 46136 | P36: 46136 | W36: Flash: ZFZ015A(BU) | X36: 保加利亚版的3 × AA电池包括尝试我 -需要6个装运样品。 | Y36: 3.912 | Z36: =H36*Y36 -> 19575.65 | AA36: =Z36*7.75 -> 151711.29 | AB36: FH20220302 | AD36: B
A37: 46077 | B37: Dollar General | C37: 美国 | E37: PO-26021602 | F37: 1121118-US-DG | G37: 金属色比卡超-EN | H37: 11014 | I37: 2 | J37: =H37/I37 -> 5507 | K37: 46142 | L37: 46147 | P37: 46142 | R37: 有 | S37: 46098 | T37: 3/11确认文档，打版中 | U37: 3/13确认移印,3/16确认箱唛 | V37: DONGGUAN 04/2026 EN | W37: ZPK017A(EN) | X37: 无隔电片，带电，贴价钱贴纸 外箱增加上下平咭 | Y37: 2.137 | Z37: =H37*Y37 -> 23536.92 | AA37: =Z37*7.75 -> 182411.13 | AB37: FH20220303 | AC37: 已入系统 | AD37: B | AE37: 邵阳 | AF37: 系统出单 | AG37: =6840+3330+3060+1080+3240+3574+1508+516+2250+6120+3240+1080+8174+4336+3400 -> 51748 | AH37: =AG37-H37 -> 40734
A38: 46077 | B38: Ultra Pro | C38: 美国 | E38: PO-26021601 | F38: 1121118-US | G38: 金属色比卡超-EN | H38: 2700 | I38: 6 | J38: =H38/I38 -> 450 | K38: 46142 | L38: 46147 | P38: 46142 | S38: 46098 | T38: 3/11确认文档 | U38: 3/13确认移印,3/16确认箱唛 | V38: DONGGUAN 04/2026 EN | W38: ZPK017A(EN) | X38: 无隔电片，带电， 外箱增加上下平咭 | Y38: 2.063 | Z38: =H38*Y38 -> 5570.1 | AA38: =Z38*7.75 -> 43168.28 | AB38: FH20220303 | AC38: 已入系统 | AD38: B | AE38: 邵阳 | AF38: 系统出单 | AG38: =2664+36 -> 2700 | AH38: =AG38-H38 -> 0
A39: 46077 | C39: 美国 | E39: PO-26021602 | F39: 1121118-US-DG | G39: 金属色比卡超-EN | H39: 13588 | I39: 2 | J39: =H39/I39 -> 6794 | K39: 46143 | P39: 46143 | V39: DONGGUAN 04/2026 EN | W39: ZPK017A(EN) | X39: 无隔电片，带电，贴价钱贴纸 外箱增加上下平咭 | Y39: 2.137 | Z39: =H39*Y39 -> 29037.56 | AA39: =Z39*7.75 -> 225041.09 | AB39: FH20220304 | AC39: 已入系统 | AD39: B
A40: 46077 | C40: 美国 | E40: PO-26021602 | F40: 1121118-US-DG | G40: 金属色比卡超-EN | H40: 13588 | I40: 2 | J40: =H40/I40 -> 6794 | K40: 46143 | P40: 46143 | W40: IC Factory part no. ZPK017A(EN) | X40: 项目编号10312 —无复位拉卡 -配有3节AAA电池 -遵守美国法规 -口袋妖怪Trianer Guess Legacy EN，包装上有特殊的文字，新的项目编号和EAN代码（适用于Dollar General）， 2电脑包 -包装上印有Dollar General价格票，大批量印刷前需进行防印 -需要2个包装+ Dollar General价格标签+ 2个纸板 （像正常的UP运输一样），额外费用US$0.074（2件包装和贴纸）+ $0.0136（纸板）。 -需要18个装运样品 -可能需要客户特殊的质量控制（如取样） | Y40: 2.137 | Z40: =H40*Y40 -> 29037.56 | AA40: =Z40*7.75 -> 225041.09 | AB40: FH20220305 | AC40: 已入系统 | AD40: B
A41: 46077 | C41: 美国 | E41: PO-26021602 | F41: 1121118-US-DG | G41: 金属色比卡超-EN | H41: 13588 | I41: 2 | J41: =H41/I41 -> 6794 | K41: 46143 | P41: 46143 | W41: IC Factory part no. ZPK017A(EN) | X41: 项目编号10312 —无复位拉卡 -配有3节AAA电池 -遵守美国法规 -口袋妖怪Trianer Guess Legacy EN，包装上有特殊的文字，新的项目编号和EAN代码（适用于Dollar General）， 2电脑包 -包装上印有Dollar General价格票，大批量印刷前需进行防印 -需要2个包装+ Dollar General价格标签+ 2个纸板 （像正常的UP运输一样），额外费用US$0.074（2件包装和贴纸）+ $0.0136（纸板）。 -需要18个装运样品 -可能需要客户特殊的质量控制（如取样） | Y41: 2.137 | Z41: =H41*Y41 -> 29037.56 | AA41: =Z41*7.75 -> 225041.09 | AB41: FH20220306 | AC41: 已入系统 | AD41: B
A42: 45999 | B42: Pillowtex - Brazil | C42: 巴西（葡萄牙） | E42: PO-25120501 | F42: 3325103 | G42: 红色比卡超 BR | H42: 3000 | I42: 6 | J42: =H42/I42 -> 500 | K42: 46134 | L42: 46135 | P42: 46134 | S42: 46098 | T42: 1/29收到包装 | U42: 1/21确认箱唛，1/14确认移印 | V42: 260701BR | W42: PCBA: ZPK037A(BR) | X42: 带电，新包装，无隔电片 | Y42: 2.176 | Z42: =H42*Y42 -> 6528 | AA42: =Z42*7.75 -> 50592 | AB42: FH20220307 | AC42: 已入系统 | AD42: B | AE42: 邵阳 | AF42: 系统出单 | AG42: =1296+1704 -> 3000 | AH42: =AG42-H42 -> 0
A43: 46087 | B43: Ultra Pro / PSI | C43: 美国 | E43: PO-26030603 | F43: 1123103- US-TAR | G43: 红色比卡超-EN-US | H43: 15600 | I43: 6 | J43: =H43/I43 -> 2600 | K43: =P43-7 -> 46150 | L43: 46157 | P43: 46157 | S43: 46111 | T43: 翻25112401更新日期2026 | U43: 3/13确认移印箱唛 | V43: DONGGUAN 05/2026 EN | W43: ZPK001B(EN) | X43: 没有隔电片，带电，額外的貼紙(可移贴纸(2pcs)+ 胶袋包装)，MIC:带针咪头，有Try Me功能，外箱增加上下平咭 | Y43: 2.051 | Z43: =H43*Y43 -> 31995.6 | AA43: =Z43*7.75 -> 247965.9 | AB43: FH20220308 | AC43: 已入系统 | AD43: B | AE43: 邵阳 | AF43: 系统出单 | AG43: =5832+7128+2640 -> 15600 | AH43: =AG43-H43 -> 0
A44: 46101 | B44: U. Games | C44: 澳大利亚 | E44: PO-26032001 | F44: 1125131 | G44: 灰红波比卡超-EN-AU | H44: 6300 | I44: 6 | J44: =H44/I44 -> 1050 | K44: =P44-7 -> 46150 | L44: 46159 | P44: 46157 | S44: 46122 | T44: 翻单PO-26020901 | U44: 3/25确认移印箱唛 | V44: 261521EN | W44: PKM Champions: ZPK030A(EN) | X44: 与3 × AAA电池包括口袋妖怪教练猜 试试我的冠军 -标准Zanzoon英文包装 | Y44: 2.081 | Z44: =H44*Y44 -> 13110.3 | AA44: =Z44*7.75 -> 101604.83 | AB44: FH20220309 | AC44: 已入系统 | AD44: B | AE44: 邵阳 | AF44: 系统出单 | AG44: =1440+4830+30 -> 6300 | AH44: =AG44-H44 -> 0
A45: 46091 | B45: Ultra Pro | C45: 美国 | E45: PO-26030903 | F45: 1126169- US | G45: 超级精灵球-EN-US | H45: 9000 | I45: 6 | J45: =H45/I45 -> 1500 | K45: 46172 | L45: 6/2 CMA验80% 6/4 CIS验 100% | P45: 46172 | S45: 46152 | T45: 4/20确认文档 | U45: 5/11确认箱唛，4/30确认移印 | V45: DONGGUAN 06/2026 EN | W45: ZPU001A(EN) | X45: 带电，美国US包装 -外箱增加上下平咭 | Y45: 2.587 | Z45: =H45*Y45 -> 23283 | AA45: =Z45*7.75 -> 180443.25 | AB45: FH20220319 | AC45: 已入系统 | AD45: B | AE45: 东莞 | AH45: =AG45-H45 -> -9000
A46: 46080 | B46: Dexy | C46: 塞尔维亚 | E46: PO-26022303 | F46: 3023072 | G46: 五角星-SE | H46: 3000 | I46: 6 | J46: =H46/I46 -> 500 | K46: =P46-7 -> 46162 | L46: 46168 | P46: 46169 | S46: IC工厂自行采购 | T46: 翻单23051801 | U46: 3/9确认移印箱唛 | V46: 261521SE | W46: Flash IC CODE: TR1506F58-7-SER_64M@ MCU IC CODE: TR1405S07-127(Production).OTP | X46: 带电,塞尔维亚包装 | Y46: 4.624 | Z46: =H46*Y46 -> 13872 | AA46: =Z46*7.75 -> 107508 | AB46: FH20220317 | AC46: 已入系统 | AD46: B | AE46: 邵阳 | AF46: 系统出单 | AG46: =840+1758+354+48 -> 3000 | AH46: =AG46-H46 -> 0
A47: 46080 | B47: Dexy | C47: 塞尔维亚 | E47: PO-26022303 | F47: 3025130 | G47: OMTS 新款四角星-SE | H47: 2502 | I47: 6 | J47: =H47/I47 -> 417 | K47: =P47-7 -> 46162 | L47: 46168 | P47: 46169 | S47: OK | T47: 翻单25051201 | U47: 3/9确认移印箱唛 | V47: 261521SE | W47: Flash: AMSFX032CHX-041 MCU: AM32A070A-047 | X47: 带电,塞尔维亚包装 | Y47: 3.345 | Z47: =H47*Y47 -> 8369.19 | AA47: =Z47*7.75 -> 64861.22 | AB47: FH20220317 | AC47: 已入系统 | AD47: B | AE47: 邵阳 | AF47: 系统出单 | AG47: =2100+336+66 -> 2502 | AH47: =AG47-H47 -> 0 | AI47: 46169 | AJ47: =AI47-L47 -> 1
A48: 46080 | B48: Dexy | C48: 塞尔维亚 | E48: PO-26022303 | F48: 3026107 | G48: 足球-SE | H48: 1500 | I48: 6 | J48: =H48/I48 -> 250 | K48: =P48-7 -> 46162 | L48: 46168 | P48: 46169 | S48: OK | T48: 3/11确认 | U48: 3/9确认移印箱唛 | V48: 261521SE | W48: Flash: ZFZ009A(B)/(SE) MCU: ZFZ001A | X48: 带电,塞尔维亚包装 | Y48: 3.912 | Z48: =H48*Y48 -> 5868 | AA48: =Z48*7.75 -> 45477 | AB48: FH20220317 | AC48: 已入系统 | AD48: B | AE48: 新邵 | AF48: 系统出单 | AG48: =1332+168+12 -> 1512 | AH48: =AG48-H48 -> 12 | AI48: 46156 | AJ48: =AI48-L48 -> -12
A49: 46115 | B49: GP France | C49: 法国 | E49: PO-26040202 | F49: 1026107 | G49: 足球-FR | H49: 5004 | I49: 6 | J49: =H49/I49 -> 834 | K49: =P49-7 -> 46167 | L49: 46174 | P49: 46174 | S49: 4/20 | T49: 翻单跟25121003 | U49: 4/30确认箱唛移印 | V49: 261821FR | W49: IC Factory part no.: Flash: ZFZ002E(FR) MCU: ZFZ001A | X49: 带电，法国GP包装。 | Y49: 3.912 | Z49: =H49*Y49 -> 19575.65 | AA49: =Z49*7.75 -> 151711.29 | AB49: FH20220318 | AC49: 已入系统 | AD49: B | AE49: 新邵 | AF49: 系统出单 | AG49: 5004 | AH49: =AG49-H49 -> 0
A50: 46098 | B50: TM Toys - Poland | C50: 波兰 | E50: PO-26031603 | F50: 1426146 | G50: 蓝精灵-PL | H50: 12000 | I50: 6 | J50: =H50/I50 -> 2000 | K50: 46181 | L50: 46188 | P50: 46181 | S50: 46142 | T50: 4/15确认文档 | U50: 4/10确认移印，4/30确认箱 | V50: 261521PL | W50: Magic Tim PCBA: ZZT003A(PL) | X50: 波兰版，带电,注意区分箱唛 | Y50: 2.59 | Z50: =H50*Y50 -> 31080 | AA50: =Z50*7.75 -> 240870 | AB50: FH20220320 | AC50: 已入系统 | AD50: B | AE50: 新邵 | AF50: 系统出单 | AG50: =2112+2640+1584+1584+1530+2112+438 -> 12000 | AH50: =AG50-H50 -> 0
A51: 46098 | B51: TM Toys - Poland | C51: 波兰 | E51: PO-26031603 | F51: 1426146 | G51: 蓝精灵-PL | H51: 9000 | I51: 6 | J51: =H51/I51 -> 1500 | K51: 46181 | L51: 46188 | P51: 46181 | S51: 46142 | T51: 4/15确认文档 | U51: 4/10确认移印，4/30确认箱 | V51: 261521PL | W51: Magic Tim PCBA: ZZT003A(PL) | X51: 波兰版，带电,注意区分箱唛 | Y51: 2.59 | Z51: =H51*Y51 -> 23310 | AA51: =Z51*7.75 -> 180652.5 | AB51: FH20220320 | AC51: 已入系统 | AD51: B | AE51: 新邵 | AF51: 系统出单 | AG51: =5280+1920+1800 -> 9000 | AH51: =AG51-H51 -> 0
A52: 46106 | B52: Orbico | C52: 波兰 | E52: PO-26032404 | F52: 1422110 | G52: 四角星抢答器-PL | H52: 12000 | I52: 6 | J52: =H52/I52 -> 2000 | K52: 46176 | L52: 46177 | P52: 46176 | S52: OK | T52: 4/27确认文档 | U52: 4/2确认箱唛移印 | V52: 261521PL | W52: Flash: ZPT008B(PL) MCU: ZPT001D | X52: 带电，更新包装，留意面壳LGOG移印跟彩盒LOGO一样 | Y52: 3.06 | Z52: =H52*Y52 -> 36720 | AA52: =Z52*7.75 -> 284580 | AB52: FH20220321 | AC52: 已入系统 | AD52: B | AE52: 邵阳 | AF52: 系统出单 | AG52: =420+8346+2520+714 -> 12000 | AH52: =AG52-H52 -> 0
A53: 46100 | B53: Lakeshore | C53: 美国 | E53: PO-26031901 | F53: 1125087 | G53: 平板地图-USA EN | H53: 984 | I53: 12 | J53: =H53/I53 -> 82 | K53: =P53-7 -> 46150 | L53: 46160 | P53: 46157 | R53: 外箱贴纸 | S53: IC工厂自行采购 | T53: 3/25确认 | U53: 4/2确认箱唛移印 | V53: E26 | W53: Main MCU: TRD16P161B-ZA53 SPI Flash: SPI32M-ZA54 | X53: 外箱条码贴纸一张，每张贴纸有流水号，所有物料可按照 3K备料 | Y53: 4.686 | Z53: =H53*Y53 -> 4611.02 | AA53: =Z53*7.75 -> 35735.41 | AB53: FH20220314 | AC53: 已入系统 | AD53: B | AE53: 东莞 | AH53: =AG53-H53 -> -984
A54: 46100 | B54: Lakeshore | C54: 美国 | E54: PO-26031901 | F54: 1125087 | G54: 平板地图-USA EN | H54: 516 | I54: 12 | J54: =H54/I54 -> 43 | K54: =P54-7 -> 46150 | L54: 46160 | P54: 46157 | R54: 外箱贴纸 | S54: IC工厂自行采购 | T54: 3/25确认 | U54: 4/2确认箱唛移印 | V54: E26 | W54: Main MCU: TRD16P161B-ZA53 SPI Flash: SPI32M-ZA54 | X54: 外箱条码贴纸一张，每张贴纸有流水号，所有物料可按照 3K备料 | Y54: 4.686 | Z54: =H54*Y54 -> 2417.98 | AA54: =Z54*7.75 -> 18739.35 | AB54: FH20220315 | AC54: 已入系统 | AD54: B | AE54: 东莞 | AH54: =AG54-H54 -> -516
A55: 46094 | B55: SIDJ | C55: 法国 | E55: PO-26031301 | F55: 1026169 | G55: 超级精灵球-FR | H55: 1122 | I55: 6 | J55: =H55/I55 -> 187 | K55: 46178 | L55: 46180 | P55: 46178 | S55: 46152 | T55: 5/19确认说明书，5/14确认彩盒 | U55: 4/16确认箱唛移印 | V55: 2100626 | W55: PCBA: ZPU002A(FR) | X55: 带电，法文版，空运 | Y55: 3.031 | Z55: =H55*Y55 -> 3400.78 | AA55: =Z55*7.75 -> 26356.05 | AB55: FH20220316 | AC55: 已入系统 | AD55: B | AE55: 东莞 | AH55: =AG55-H55 -> -1122
A56: 46091 | B56: Ultra Pro | C56: 美国 | E56: PO-26030901 | F56: 1126146- US | G56: 蓝精灵-EN-US | H56: 13680 | I56: 6 | J56: =H56/I56 -> 2280 | K56: 46174 | L56: 6/1 CMA验 6/3 CIS验100% | P56: 46174 | S56: 0K | T56: 4/24确认文档 | U56: 箱唛打稿中，4/30确认移印 | V56: DONGGUAN 06/2026 EN | W56: PCBA: ZZT001A(EN) | X56: 带电，美国US包装 -外箱增加上下平咭 | Y56: 2.603 | Z56: =H56*Y56 -> 35609.04 | AA56: =Z56*7.75 -> 275970.06 | AB56: FH20220313 | AC56: 已入系统 | AD56: B | AE56: 东莞 | AF56: 系统出单 | AH56: =AG56-H56 -> -13680
A57: 46112 | B57: GP - Greece | C57: 希腊 | E57: PO-26033001 | F57: 1325130 | G57: 新款四角星-GR | H57: 5400 | I57: 6 | J57: =H57/I57 -> 900 | K57: 46178 | L57: 46181 | P57: 46181 | S57: 46142 | T57: 4/30确认文档 | U57: 4/20确认箱唛移印 | V57: 261521GR | W57: IC Factory part no. Flash: AMSFX032CHX-044 MCU: AM32A070A-046 | X57: 带电 客ITEM：GPN00202 希腊GP包装 | Y57: 3.345 | Z57: =H57*Y57 -> 18063 | AA57: =Z57*7.75 -> 139988.25 | AB57: FH20220312 | AC57: 已入系统 | AD57: B | AE57: 邵阳 | AF57: 系统出单 | AG57: =6120+360+360+162 -> 7002 | AH57: =AG57-H57 -> 1602
A58: 46094 | B58: Flat River | C58: 美国 | E58: PO-26031303 | F58: 1125110-US-MIL | G58: 四角星抢答器-EN US | H58: 1002 | I58: 6 | J58: =H58/I58 -> 167 | K58: =P58-7 -> 46162 | L58: 46168 | P58: 46169 | S58: OK | T58: 4/15确认文档 | U58: 3/24确认邮包装及外箱箱唛/移印 | V58: DONGGUAN 05/2026 EN | W58: MCU: ZPT001D Flash: ZPT001D(EN) | X58: 带电，4C彩盒+邮包盒（有唛头）,开关打在OFF档 | Y58: 3.351 | Z58: =H58*Y58 -> 3357.7 | AA58: =Z58*7.75 -> 26022.18 | AB58: FH20220311 | AC58: 已入系统 | AD58: B | AE58: 邵阳 | AF58: 系统出单 | AG58: 1002 | AH58: =AG58-H58 -> 0 | AI58: 46168 | AJ58: =AI58-L58 -> 0
A59: 46094 | B59: Flat River | C59: 美国 | E59: PO-26031303 | F59: 1125117-US-MIL | G59: 比卡超手表-EN US | H59: 3804 | I59: 6 | J59: =H59/I59 -> 634 | K59: =P59-7 -> 46162 | L59: 46168 | P59: 46169 | S59: OK | T59: 4/15确认文档 | U59: 3/24确认邮包装及外箱箱唛/移印 | V59: DONGGUAN 05/2026 EN | W59: PCBA: ZPD001A(EN) | X59: 不带电，4C彩盒+邮包盒（有唛头） | Y59: 2.913 | Z59: =H59*Y59 -> 11081.05 | AA59: =Z59*7.75 -> 85878.14 | AB59: FH20220311 | AC59: 已入系统 | AD59: B | AE59: 邵阳 | AF59: 系统出单 | AG59: =3804 -> 3804 | AH59: =AG59-H59 -> 0 | AI59: 46163 | AJ59: =AI59-L59 -> -5
A60: 46057 | B60: Bizak - Spain | C60: 西班牙 | E60: PO-26020203 | F60: 1226146 | G60: 蓝精灵-ES | H60: 11760 | I60: 6 | J60: =H60/I60 -> 1960 | K60: 46174 | L60: 46174 | P60: 46174 | S60: 46142 | T60: 3/26确认文档 | U60: 3/18确认移印，4/30确认箱唛 | V60: 261521ES | W60: IC Factory part no. PCBA - ZZT002A(ES) | X60: 带电,西班牙包装 | Y60: 2.57 | Z60: =H60*Y60 -> 30223.2 | AA60: =Z60*7.75 -> 234229.8 | AB60: FH20220310 | AC60: 已入系统 | AD60: B | AE60: 新邵 | AF60: 系统出单 | AG60: =528+1056+4224+528+5424 -> 11760 | AH60: =AG60-H60 -> 0
A61: 46057 | B61: Proxy - Sweden | C61: 瑞典 | E61: PO-26020201 | F61: 1422110 | G61: PTE 圆型游戏机-SW | H61: 4002 | I61: 6 | J61: =H61/I61 -> 667 | K61: 46167 | L61: 46185 | P61: 46167 | S61: 46137 | T61: 4/1确认，拼图缩小49CM英文版 | U61: 4/27确认移印箱唛 | V61: 261521SE | W61: Flash: ZPE007A(SW) MCU - ZPE001A | X61: 带电 -新包装（缩小版，彩盒无盖） | Y61: 3.977 | Z61: =H61*Y61 -> 15915.95 | AA61: =Z61*7.75 -> 123348.61 | AB61: FH20220322 | AC61: 已入系统 | AD61: B | AE61: 邵阳 | AF61: 系统出单 | AG61: =3948+54 -> 4002 | AH61: =AG61-H61 -> 0
A62: 46135 | B62: Proxy - Sweden | C62: 瑞典(丹麦) | E62: PO-26020201 | F62: 5426155 | G62: PTE 圆型游戏机-DA | H62: 1002 | I62: 6 | J62: =H62/I62 -> 167 | K62: 46167 | L62: 46185 | P62: 46167 | S62: 46142 | T62: 跟PO-26020202一样 | U62: 4/27确认移印箱唛 | V62: 261521DK | W62: Flash: ZPE008A(DA) MCU - ZPE001A | X62: 带电 -新包装（缩小版，彩盒无盖） | Y62: 3.977 | Z62: =H62*Y62 -> 3984.95 | AA62: =Z62*7.75 -> 30883.36 | AB62: FH20220322 | AC62: 已入系统 | AE62: 邵阳 | AF62: 系统出单 | AG62: 1002 | AH62: =AG62-H62 -> 0
A63: 46115 | B63: GP France | C63: 法国 | E63: PO-26040204 | F63: 1025110 | G63: 四角星抢答器-FR | H63: 3000 | I63: 6 | J63: =H63/I63 -> 500 | K63: =P63-7 -> 46183 | L63: 46188 | P63: 46190 | S63: 4/20 | T63: 4/27确认文档 | U63: 4/30确认箱唛移印 | V63: 261821FR | W63: IC Factory part no. MCU: ZPT001D Flash: ZPT002B(FR) | X63: 带电，法国GP包装,留意面壳LGOG移印跟彩盒LOGO一样 | Y63: 3.06 | Z63: =H63*Y63 -> 9180 | AA63: =Z63*7.75 -> 71145 | AB63: FH20220323 | AC63: 已入系统 | AD63: B | AE63: 邵阳 | AF63: 系统出单 | AG63: =2988+12 -> 3000 | AH63: =AG63-H63 -> 0 | AM63: 46186
A64: 46115 | B64: GP France | C64: 法国 | E64: PO-26040208 | F64: 1026107 | G64: 足球-FR | H64: 3996 | I64: 6 | J64: =H64/I64 -> 666 | K64: =P64-7 -> 46183 | L64: 46188 | P64: 46190 | S64: 4/20 | T64: 翻单跟25121003 | U64: 4/30确认箱唛移印 | V64: 261821FR | W64: IC Factory part no.: Flash: ZFZ002E(FR) MCU: ZFZ001A | X64: 带电，法国GP包装。 | Y64: 3.912 | Z64: =H64*Y64 -> 15632.35 | AA64: =Z64*7.75 -> 121150.71 | AB64: FH20220323 | AC64: 已入系统 | AD64: B | AE64: 新邵 | AF64: 系统出单 | AG64: =1008+2772+216 -> 3996 | AH64: =AG64-H64 -> 0
A65: 2026/2/25周三 | B65: U. Games | C65: 澳大利亚 | E65: PO-26022001 | F65: 1126146 | G65: 蓝精灵-EN | H65: 2400 | I65: 6 | J65: 400 | K65: 2026/6/9周二 | L65: 46199 | O65: 46204 | P65: 2026/6/16周二 | S65: OK | T65: 3/31确认文档 | U65: 3/31确认移印箱唛 | V65: 261521EN | W65: PCBA: ZZT001A(EN) | X65: 带电 -标准Zanzoon英文包装 | Y65: 2.57 | Z65: 6168 | AA65: 47802 | AB65: FH20220324 | AC65: 已入系统 | AD65: B | AE65: 新邵 | AF65: 系统出单 | AG65: 2400 | AH65: 0 | AI65: 46191
A66: 2026/2/25周三 | B66: U. Games | C66: 澳大利亚 | E66: PO-26022001 | F66: 1126168 | G66: 涡轮四角星 | H66: 2400 | I66: 6 | J66: 400 | K66: 2026/6/16周二 | L66: 46199 | O66: 46204 | P66: 2026/6/16周二 | S66: 46155 | T66: 4/14收到包装 | U66: 3/31确认移印箱唛 | V66: 261521EN | W66: Flash: AMSFX128DHX-P01 MCU: AM32A070A-050 | X66: 带电 -标准Zanzoon英文包装 | Y66: 3.392 | Z66: 8140.8 | AA66: 63091.2 | AB66: FH20220324 | AC66: 已入系统 | AD66: B | AE66: 东莞 | AH66: -2400
A67: 46098 | B67: Ultra Pro | C67: 加拿大 | E67: PO-26031601 | F67: 1126169-US | G67: 超级精灵球-EN-US | H67: 4200 | I67: 6 | J67: 700 | K67: 46196 | L67: 6/23 CIS | O67: 46203 | P67: 46183 | S67: 46168 | T67: 包装跟PO-26030903美国US | U67: 5/8确认箱唛，4/30确认移印 | V67: DONGGUAN 06/2026 EN | W67: PKM Ultimate PCBA: ZPU001A(EN | X67: 带电， -外箱增加上下平咭 | Y67: 2.587 | Z67: 10865.4 | AA67: 84206.85 | AB67: FH20220325 | AC67: 已入系统 | AD67: B | AE67: 东莞 | AH67: -4200
A68: 46098 | B68: Ultra Pro | C68: 加拿大 | E68: PO-26031601 | F68: 1126168-US | G68: 涡轮四角星-EN-US | H68: 5100 | I68: 6 | J68: 850 | K68: 46197 | L68: 6/24 CIS | O68: 46203 | P68: 46183 | S68: 46155 | T68: 包装跟美国US | U68: 5/8确认箱唛，4/30确认移印 | V68: DONGGUAN 06/2026 EN | W68: Turbo Trivia Flash: AMSFX128DHX-P01 MCU: AM32A070A-050 | X68: 带电， -外箱增加上下平咭 | Y68: 3.396 | Z68: 17319.6 | AA68: 134226.9 | AB68: FH20220325 | AC68: 已入系统 | AD68: B | AE68: 新邵 | AF68: 系统出单 | AG68: 5100 | AH68: 0 | AI68: 46197
A69: 46104 | B69: ADC Blackfire - Romania | C69: 罗马尼亚 | E69: PO-26032301 | F69: 3826146 | G69: 蓝精灵-RO | H69: 13680 | I69: 6 | J69: 2280 | K69: 46182 | L69: 46195 | O69: 46206 | P69: 46189 | S69: 46142 | T69: 4/17确认文档 | U69: 4/30确认箱唛移印 | V69: 261821RO | W69: Magic Tim PCBA: ZZT006A(RO) | X69: 带电，罗马尼亚包装 | Y69: 2.59 | Z69: 35431.2 | AA69: 274591.8 | AB69: FH20220326 | AC69: 已入系统 | AD69: B | AE69: 新邵 | AF69: 系统出单 | AG69: 13680 | AH69: 0 | AI69: 46196
A70: 46098 | B70: Ultra Pro | C70: 加拿大 | E70: PO-26031601 | F70: 1126146-US | G70: 蓝精灵-EN-US | H70: 5460 | I70: 6 | J70: =H70/I70 -> 910 | K70: =P70-7 -> 46176 | L70: 6/23 CIS | O70: 46204 | P70: 46183 | S70: 46142 | T70: 包装跟美国US | U70: 5/8确认箱唛，4/30确认移印 | V70: DONGGUAN 06/2026 EN | W70: Magic Tim PCBA: ZZT001A(EN) | X70: 带电， -外箱增加上下平咭 | Y70: 2.603 | Z70: =H70*Y70 -> 14212.38 | AA70: =Z70*7.75 -> 110145.95 | AB70: FH20220327 | AC70: 已入系统 | AD70: B | AE70: 新邵 | AF70: 系统出单 | AG70: =528+3168+1764 -> 5460 | AH70: =AG70-H70 -> 0
A71: 46091 | B71: Ultra Pro | C71: 美国 | E71: PO-26030902 | F71: 1126168- US | G71: 涡轮四角星- EN-US | H71: 10800 | I71: 6 | J71: =H71/I71 -> 1800 | K71: 46197 | L71: CMA 6/23，CIS 6/24 | O71: 46203 | P71: 46188 | S71: 46155 | T71: 4/22确认档案,6/2更新说明书 | U71: 5/11确认箱唛，4/30确认移印 | V71: DONGGUAN 06/2026 EN | W71: Flash: AMSFX128DHX-P01 MCU: AM32A070A-050 | X71: 带电，美国US包装 -外箱增加上下平咭 | Y71: 3.396 | Z71: =H71*Y71 -> 36676.8 | AA71: =Z71*7.75 -> 284245.2 | AB71: FH20220328 | AC71: 已入系统 | AD71: B | AE71: 东莞 | AH71: =AG71-H71 -> -10800
A72: 46104 | B72: ADC Blackfire - Romania | C72: 罗马尼亚 | E72: PO-26032301 | F72: 3826168 | G72: 涡轮四角星-RO | H72: 4680 | I72: 6 | J72: =H72/I72 -> 780 | K72: 46202 | L72: 46203 | O72: 46206 | P72: 46189 | S72: 46152 | T72: 4/29确认文档 | U72: 4/30确认箱唛移印 | V72: 261821RO | W72: Turbo Trivia Flash: AMSFX128DHX-P05 MCU: M32A070A-050 | X72: 带电，罗马尼亚包装 | Y72: 3.382 | Z72: =H72*Y72 -> 15827.76 | AA72: =Z72*7.75 -> 122665.14 | AB72: FH20220329 | AC72: 已入系统 | AD72: B | AE72: 新邵 | AF72: 系统出单 | AG72: =1008+1512+1374+714+72 -> 4680 | AH72: =AG72-H72 -> 0 | AM72: 46202
A73: 46125 | B73: Lakeshore | C73: 美国 | E73: PO-26041301 | F73: 1125087 | G73: 平板地图-USA EN | H73: 3312 | I73: 12 | J73: =H73/I73 -> 276 | K73: =P73-7 -> 46183 | L73: 46197 | O73: 46205 | P73: 46190 | R73: 外箱贴纸 | S73: IC工厂自行采购 | T73: 翻单26031901 | U73: 4/30确认箱唛移印 | V73: F26 | W73: Main MCU: TRD16P161B-ZA53 (TR2301S067-7 ) SPI Flash: SPI32M-ZA54 | X73: 外箱条码贴纸一张，每张贴纸有流水号 | Y73: 4.906 | Z73: =H73*Y73 -> 16248.67 | AA73: =Z73*7.75 -> 125927.19 | AB73: FH20220330 | AC73: 已入系统 | AD73: B | AE73: 东莞 | AH73: =AG73-H73 -> -3312
A74: 46125 | B74: Lakeshore | C74: 美国 | E74: PO-26041301 | F74: 1125087 | G74: 平板地图-USA EN | H74: 2016 | I74: 12 | J74: =H74/I74 -> 168 | K74: =P74-7 -> 46183 | L74: 46197 | O74: 46205 | P74: 46190 | R74: 外箱贴纸 | S74: IC工厂自行采购 | T74: 翻单26031901 | U74: 4/30确认箱唛移印 | V74: F26 | W74: myTouch USA EN with try me EAN : 3760145060426 | X74: 外箱条码贴纸一张，每张贴纸有流水号 | Y74: 4.906 | Z74: =H74*Y74 -> 9890.5 | AA74: =Z74*7.75 -> 76651.38 | AB74: FH20220331 | AC74: 已入系统 | AD74: B | AE74: 东莞 | AH74: =AG74-H74 -> -2016
A75: 46080 | B75: Modell & Hobby | C75: 匈牙利 | E75: PO-26022603 | F75: 4522098 | G75: 小孩五角星-HU | H75: 10320 | I75: 6 | J75: =H75/I75 -> 1720 | K75: 46202 | L75: 46205 | O75: 46210 | P75: 46203 | S75: 46157 | T75: 翻单25101301 | U75: 3/5确认移印箱唛 | V75: 261821HU | W75: Flash - ZFJ008B(HU) MCU - ZFJ001C | X75: 包括3节AA电池 与上次订单相同的包装图案 | Y75: 3.699 | Z75: =H75*Y75 -> 38173.68 | AA75: =Z75*7.75 -> 295846.02 | AB75: FH20220332 | AC75: 已入系统 | AD75: B | AE75: 邵阳 | AF75: 系统出单 | AG75: =420+9822+78 -> 10320 | AH75: =AG75-H75 -> 0 | AM75: 46196
A76: 46057 | B76: Proxy / Salling Group - Denmark | C76: 丹麦 | E76: PO-26020202 | F76: 5426155 | G76: PTE 圆型游戏机-DA | H76: 4002 | I76: 6 | J76: =H76/I76 -> 667 | K76: 46167 | L76: 46185 | P76: 46167 | S76: 46142 | T76: 4/1确认，拼图缩小49CM英文版 | U76: 4/27确认移印箱唛 | V76: 261521DK | W76: Flash: ZPE008A(DA) MCU - ZPE001A | X76: 带电 -新包装（缩小版，彩盒无盖） | Y76: 3.977 | Z76: =H76*Y76 -> 15915.95 | AA76: =Z76*7.75 -> 123348.61 | AB76: FH20220334 | AC76: 已入系统 | AD76: B | AE76: 邵阳 | AF76: 系统出单 | AG76: =60+3942 -> 4002 | AH76: =AG76-H76 -> 0
A77: 46121 | B77: Sunman - Romania | C77: 罗马尼亚 | E77: PO-26040803 | F77: 3821113 | G77: 圆形灯-RO | H77: 3600 | I77: 6 | J77: =H77/I77 -> 600 | K77: 46204 | L77: 46206 | O77: 46213 | P77: 46204 | S77: 46169 | T77: 4/30确认文档 | U77: 6/2确认箱唛，6/11确认移印 | V77: 261821RO | W77: Word Fever MCU: AM32A070A-019 Flash: AMSFX032BHX-007 | X77: 不带电，包装是否更新待客确认 | Y77: 3.105 | Z77: =H77*Y77 -> 11178 | AA77: =Z77*7.75 -> 86629.5 | AB77: FH20220335 | AC77: 已入系统 | AD77: B | AE77: 邵阳 | AF77: 系统出单 | AG77: =2454+1134+12 -> 3600 | AH77: =AG77-H77 -> 0
A78: 46121 | B78: Sunman - Romania | C78: 罗马尼亚 | E78: PO-26040803 | F78: 3824138 | G78: 转盘游戏机-RO | H78: 9600 | I78: 6 | J78: =H78/I78 -> 1600 | K78: 46204 | L78: 46206 | O78: 46213 | P78: 46204 | S78: 46169 | T78: 4/30确认文档 | U78: 6/2确认箱唛，6/11确认移印 | V78: 261821RO | W78: Wheel U Dare MCU: AM32A070A-042 Flash: AMSFX032CHX-027 | X78: 带电，包装是否更新待客确认 | Y78: 3.865 | Z78: =H78*Y78 -> 37104 | AA78: =Z78*7.75 -> 287556 | AB78: FH20220335 | AC78: 已入系统 | AD78: B | AE78: 邵阳 | AF78: 系统出单 | AG78: =810+8784+12 -> 9606 | AH78: =AG78-H78 -> 6 | AM78: 7/4退回返工
A79: 46104 | B79: SIDJ - France | C79: 法国 | E79: PO-26032302 | F79: 1026169 | G79: 超级精灵球-FR | H79: 10440 | I79: 6 | J79: =H79/I79 -> 1740 | K79: 46208 | L79: 46213 | O79: 46214 | P79: 46209 | S79: 46168 | T79: 5/19确认说明书，5/14确认彩盒 | U79: 4/16确认箱唛移印 | V79: 2100626 | W79: IC Factory part no. PCBA: ZPU002A(FR) | X79: 带电 -产品及包装上的特殊日期编码格式：2DDMMYY （DD） =日期，MM =月，YY =年)，需要10PCS 纸箱备品一起装柜 | Y79: 2.573 | Z79: =H79*Y79 -> 26862.12 | AA79: =Z79*7.75 -> 208181.43 | AB79: FH20220333 | AC79: 已入系统 | AD79: B | AE79: 东莞 | AH79: =AG79-H79 -> -10440
A80: 46114 | B80: TM Toys - Poland | C80: 波兰 | E80: PO-26040201 | F80: 1426146 | G80: 蓝精灵-PL | H80: 15000 | I80: 6 | J80: =H80/I80 -> 2500 | K80: 46204 | L80: 46206 | O80: 46217 | P80: 46204 | S80: 46142 | T80: 4/10确认文档 | U80: 4/10确认移印，4/30确认箱 | V80: 261821PL | W80: IC Factory part no. Magic Tim PCBA: ZZT003A(PL) | X80: 波兰版，带电,注意区分箱唛 | Y80: 2.59 | Z80: =H80*Y80 -> 38850 | AA80: =Z80*7.75 -> 301087.5 | AB80: FH20220336 | AC80: 已入系统 | AD80: B | AE80: 新邵 | AF80: 系统出单 | AG80: =1056+2640+2112+1584+528+528+1056+528+528+1056+1584+1800 -> 15000 | AH80: =AG80-H80 -> 0 | AM80: 46204
A81: 46105 | B81: Tapimovil - Argentina | C81: 阿根廷 | E81: PO-26032401 | F81: 5226155 | G81: PTE 圆型游戏机- ES | H81: 2004 | I81: 6 | J81: =H81/I81 -> 334 | K81: =P81-7 -> 46167 | L81: 6/11自检 | P81: 46174 | T81: 4/28确认,拼图缩小49CM英文版 | U81: 4/30确认箱唛移印 | V81: 261521ES | W81: Flash: ZPE006A(ES) MCU: ZPE001A | X81: 带电 -新包装（缩小版，彩盒无盖） | Y81: 4.3 | Z81: =H81*Y81 -> 8617.2 | AA81: =Z81*7.75 -> 66783.3 | AB81: FH20220337 | AC81: 已入系统 | AD81: B | AE81: 邵阳 | AF81: 系统出单 | AG81: =1968+36 -> 2004 | AH81: =AG81-H81 -> 0
A82: 46083 | B82: U. Games | C82: 澳大利亚 | E82: PO-26030203 | F82: 1125103 | G82: 红色比卡超-EN | H82: 1800 | I82: 6 | J82: =H82/I82 -> 300 | K82: 46208 | L82: 46213 | P82: 46209 | S82: OK | T82: 翻单更新日期2026，5/5彩盒更新文档 | U82: 5/14确认箱唛,5/12确认移印 | V82: 261821EN | W82: PKM Kanto PCBA: ZPK001B(EN) | X82: 带电，无隔电片， -标准Zanzoon英文包装 | Y82: 1.899 | Z82: =H82*Y82 -> 3418.2 | AA82: =Z82*7.75 -> 26491.05 | AB82: FH20220338 | AC82: 已入系统 | AD82: B | AE82: 邵阳 | AF82: 系统出单 | AG82: 1800 | AH82: =AG82-H82 -> 0 | AM82: 46201
A83: 46083 | B83: U. Games | C83: 澳大利亚 | E83: PO-26030203 | F83: 1126169 | G83: 超级精灵球-EN | H83: 3000 | I83: 6 | J83: =H83/I83 -> 500 | K83: 46208 | L83: 46213 | P83: 46209 | S83: 46152 | T83: 4/29确认文档 | U83: 5/14确认箱唛,5/12确认移印 | V83: 261821EN | W83: PKM Ultimate PCBA: ZPU001A(EN) | X83: 带电，无隔电片， -标准Zanzoon英文包装 | Y83: 2.573 | Z83: =H83*Y83 -> 7719 | AA83: =Z83*7.75 -> 59822.25 | AB83: FH20220338 | AC83: 已入系统 | AD83: B | AE83: 东莞 | AH83: =AG83-H83 -> -3000
A84: 46083 | B84: Modell & Hobby | C84: 匈牙利 | E84: PO-26022701 | F84: 4526168 | G84: 涡轮四角星-HU | H84: 4998 | I84: 6 | J84: =H84/I84 -> 833 | K84: 46217 | L84: 46218 | O84: 46224 | P84: 46209 | S84: 46155 | T84: 4/27确认文档 | U84: 4/27确认移印,6/12确认箱唛 | V84: 261821HU | W84: Flash: AMSFX128DHS-P03 MCU: AM32A070A-050 | X84: 带电，匈牙利包装 | Y84: 3.392 | Z84: =H84*Y84 -> 16953.22 | AA84: =Z84*7.75 -> 131387.46 | AB84: FH20220339 | AC84: 已入系统 | AD84: B | AE84: 新邵 | AF84: 系统出单 | AG84: =2808+936+468+642+126+18 -> 4998 | AH84: =AG84-H84 -> 0 | AM84: 7/14补齐尾数
A85: 46115 | B85: GP France_Amazon | C85: 法国 | E85: PO-26040205 | F85: 1026107 | G85: 足球-FR | H85: 390 | I85: 6 | J85: =H85/I85 -> 65 | K85: 46210 | L85: 7/5自检 | O85: 46210 | P85: 46174 | R85: 6/30收到外箱贴纸 | S85: 4/20 | T85: 翻单跟25121003 | U85: 4/30确认箱唛移印 | V85: 261821FR | W85: IC Factory part no.: Flash: ZFZ002E(FR) MCU: ZFZ001A | X85: 带电，法国GP包装，贴亚马逊外箱贴纸 | Y85: 4.765 | Z85: =H85*Y85 -> 1858.35 | AA85: =Z85*7.75 -> 14402.21 | AB85: FH20220340 | AC85: 已入系统 | AD85: B | AE85: 新邵 | AF85: 系统出单 | AG85: 390 | AH85: =AG85-H85 -> 0
A86: 46169 | B86: Bizak | C86: 西班牙 | E86: PO-26052702 | F86: 1226146 | G86: 蓝精灵-ES | H86: 5760 | I86: 6 | J86: =H86/I86 -> 960 | K86: 46218 | L86: 46219 | O86: 46224 | P86: 46218 | S86: 46186 | T86: 翻单26020203 | U86: 6/5确认箱唛移印 | V86: 261821ES | W86: PCBA - ZZT002A(ES) | X86: 带电，西班牙包装 | Y86: 2.57 | Z86: =H86*Y86 -> 14803.2 | AA86: =Z86*7.75 -> 114724.8 | AB86: FH20220341 | AC86: 已入系统 | AD86: B | AE86: 新邵 | AF86: 系统出单 | AG86: =528+1056+1884+1056+924+312 -> 5760 | AH86: =AG86-H86 -> 0 | AM86: 46217
A87: 46104 | B87: SIDJ - France | C87: 法国 | E87: PO-26032303 | F87: 1026169 | G87: 超级精灵球-FR | H87: 10440 | I87: 6 | J87: =H87/I87 -> 1740 | K87: 46212 | L87: 46213 | O87: 46226 | P87: 46209 | S87: 46168 | T87: 5/19确认说明书，5/14确认彩盒 | U87: 4/16确认箱唛移印 | V87: 2100626 | W87: IC Factory part no. PCBA: ZPU002A(FR) | X87: 带电 -产品及包装上的特殊日期编码格式：2DDMMYY （DD） =日期，MM =月，YY =年)，需要10PCS 纸箱备品一起装柜 | Y87: 2.573 | Z87: =H87*Y87 -> 26862.12 | AA87: =Z87*7.75 -> 208181.43 | AB87: FH20220342 | AC87: 已入系统 | AD87: B | AE87: 东莞
A88: 46163 | B88: Ultra Pro | C88: 美国 | D88: PO-20260518-004 | E88: PO-26052001 | F88: 1126155-US | G88: PTE 圆型游戏机-EN-US | H88: 10980 | I88: 6 | J88: 1830 | K88: 46223 | L88: CIS 7/20 | O88: 46228 | P88: 46219 | S88: 46169 | T88: 4/17确认文档,，拼图英文49CM | U88: 6/11确认箱唛及移印 | V88: DONGGUAN 07/2026 EN | W88: Flash - ZPE001A(EN) MCU - ZPE001A | X88: 带电，缩小版包装（无翻盖）。外箱增加上下平咭 | Y88: 3.899 | Z88: 42811.02 | AA88: 331785.41 | AB88: FH20220343 | AC88: 已入系统 | AD88: B | AE88: 邵阳 | AF88: 系统出单 | AG88: 10980 | AH88: 0 | AM88: 46223
A89: 46162 | B89: Ultra Pro / PSI | C89: 美国 | D89: PO-20260514-019 | E89: PO-26051801 | F89: 1123103- US-TAR | G89: 红色比卡超-EN-US | H89: 15600 | I89: 6 | J89: =H89/I89 -> 2600 | K89: 46217 | L89: CIS 7/16 | O89: 46228 | P89: 46219 | S89: 46178 | T89: 翻单26030603 | U89: 6/8确认箱唛及移印 | V89: DONGGUAN 07/2026 EN | W89: ZPK001B(EN) | X89: 没有隔电片，带电，額外的貼紙(可移贴纸(2pcs)+ 胶袋包装)，MIC:带针咪头，有Try Me功能，外箱增加上下平咭 | Y89: 2.051 | Z89: =H89*Y89 -> 31995.6 | AA89: =Z89*7.75 -> 247965.9 | AB89: FH20220344 | AC89: 已入系统 | AD89: B | AE89: 邵阳 | AF89: 系统出单 | AG89: =7128+6480+1992 -> 15600 | AH89: =AG89-H89 -> 0 | AM89: 46216
A90: 46157 | B90: Educa | C90: 西班牙(法文版） | E90: PO-26051501 | F90: 1026157 | G90: 城市套装游戏机-FR | H90: 8400 | I90: 4 | J90: 2100 | K90: 46230 | L90: CMA 7/27,Customer Educa 7/28 | O90: 46233 | P90: 46214 | R90: 外箱贴纸 20690-73438 | S90: 46182 | T90: 6/5确认文档,工程跟进 | U90: 6/12确认箱唛,6/15确认移印 | V90: 261821FR | W90: Flash: AMSFX128DHS-P07 MCU: AM32A070A-052 | X90: 带电，法文包装,客PO:73438 包装需要备品 2%（彩盒+纸箱） | Y90: 4.772 | Z90: 40084.8 | AA90: 310657.2 | AB90: FH20220345 | AC90: 已入系统 | AD90: B | AE90: 东莞 | AH90: -8400
A91: 46161 | B91: Talent Show | C91: 克罗地亚（斯洛文尼亚） | E91: PO-26051803 | F91: 1521113 | G91: 圆形灯-SL | H91: 1500 | I91: 6 | J91: 250 | K91: 46225 | L91: 46226 | O91: 46232 | P91: 46220 | S91: 6/9 | T91: 翻单25032801 | U91: 6/22确认箱唛移印 | V91: 261821SL | W91: SL Flash: AMSFX032BHX-012 MCU: AM32A070A-022 | X91: 不带电，斯洛文尼亚包装 | Y91: 3.198 | Z91: 4797 | AA91: 37176.75 | AB91: FH20220346 | AC91: 系统货号1522113已入系统 | AD91: B | AE91: 邵阳 | AF91: 系统出单 | AG91: 1500 | AH91: 0 | AI91: 46211
A92: 46161 | B92: Talent Show | C92: 克罗地亚 | E92: PO-26051803 | F92: 4724113 | G92: 圆形灯-CR | H92: 3000 | I92: 6 | J92: 500 | K92: 46225 | L92: 46226 | O92: 46232 | P92: 46220 | S92: 6/9 | T92: 5/19确认文档 | U92: 6/22确认箱唛移印 | V92: 261821HR | W92: CR Flash: AMSFX032BHX-011 MCU: AM32A070A-021 | X92: 不带电，克罗地亚包装 | Y92: 3.198 | Z92: 9594 | AA92: 74353.5 | AB92: FH20220346 | AC92: 已入系统 | AD92: B | AE92: 邵阳 | AF92: 系统出单 | AG92: 3000 | AH92: 0 | AI92: 46213
A93: 46106 | B93: Apollo - Slovenia | C93: 斯洛文尼亚 | E93: PO-26032504 | F93: 1525138 | G93: 转盘游戏机-SL | H93: 1704 | I93: 6 | J93: 284 | K93: 46219 | L93: 46220 | O93: 46223 | P93: 46205 | S93: OK | T93: 翻单PO-25050201 | U93: 4/27确认移印，5/6确认箱唛 | V93: 261821SL | W93: IC Factory part no. Wheel U Dare SL Flash: AMSFX032CHX-A21 MCU: AM32A070A-042 | X93: 带电，跟PO-26032503拼柜走货 | Y93: 3.865 | Z93: 6585.96 | AA93: 51041.19 | AB93: FH20220348 | AC93: 已入系统 | AD93: B | AE93: 邵阳 | AF93: 系统出单 | AG93: 1704 | AH93: 0 | AI93: 46199
A94: 46106 | B94: Apollo - Slovenia | C94: 斯洛文尼亚 | E94: PO-26032503 | F94: 1526146 | G94: 蓝精灵-SL | H94: 4002 | I94: 6 | J94: 667 | K94: 46219 | L94: 46220 | O94: 46223 | P94: 46205 | S94: 6/8 | T94: 3/5确认文档 | U94: 4/27确认移印，5/6确认箱唛 | V94: 261821SL | W94: IC Factory part no. ZZT009A(SL) | X94: 带电，跟PO-26032504拼柜走货 | Y94: 2.59 | Z94: 10365.18 | AA94: 80330.15 | AB94: FH20220348 | AC94: 已入系统 | AD94: B | AE94: 新邵 | AF94: 系统出单 | AG94: 4002 | AH94: 0 | AI94: 7/14补齐尾数
A95: 46083 | B95: Modell & Hobby | C95: 匈牙利 | E95: PO-26022701 | F95: 4526146 | G95: 蓝精灵-HU | H95: 8004 | I95: 6 | J95: 1334 | K95: 46224 | L95: 46225 | O95: 46236 | P95: 46209 | S95: 46185 | T95: 3/5确认文档 | U95: 4/27确认移印,6/12确认箱唛 | V95: 261821HU | W95: PCBA: ZZT005A(HU) | X95: 带电，匈牙利包装 | Y95: 2.57 | Z95: 20570.28 | AA95: 159419.67 | AB95: FH20220349 | AC95: 已入系统 | AD95: B | AE95: 新邵 | AF95: 系统出单 | AG95: 8004 | AH95: 0 | AI95: 欠眼睛
A96: 46083 | B96: Modell & Hobby | C96: 匈牙利 | E96: PO-26022702 | F96: 4525159 | G96: 新款五角星-HU | H96: 3000 | I96: 6 | J96: 500 | K96: 46224 | L96: 46225 | O96: 46236 | P96: 46190 | S96: OK | T96: 彩盒更新资料，说明书翻单 | U96: 3/13确认移印箱唛 | V96: 261551HU | W96: MCU: ZFU001A Flash: ZFU002A(HU) | X96: 带电，匈牙利包装有更新 | Y96: 3.545 | Z96: 10635 | AA96: 82421.25 | AB96: FH20220349 | AC96: 已入系统 | AD96: B | AE96: 邵阳 | AF96: 系统出单 | AG96: 3000 | AH96: 0
A97: 46112 | B97: GP - Greece | C97: 希腊 | E97: PO-26033001 | F97: 1325130 | G97: 新款四角星-GR | H97: =7002-5400 -> 1602 | I97: 6 | J97: =H97/I97 -> 267 | K97: 46178 | L97: 46181 | P97: 46181 | S97: 46142 | T97: 4/30确认文档 | U97: 4/20确认箱唛移印 | V97: 261521GR | W97: IC Factory part no. Flash: AMSFX032CHX-044 MCU: AM32A070A-046 | X97: 带电 客ITEM：GPN00202 希腊GP包装 | Y97: 3.345 | Z97: =H97*Y97 -> 5358.69 | AA97: =Z97*7.75 -> 41529.85 | AB97: FH20220350 | AC97: 已入系统 | AD97: B | AE97: 邵阳 | AF97: 系统出单 | AG97: =6120+360+360+162 -> 7002 | AH97: =AG97-H97 -> 5400
A98: 46141 | B98: GP Greece | C98: 希腊 | E98: PO-26042801 | F98: 1324138 | G98: 转盘游戏机-GR | H98: 3000 | I98: 6 | J98: 500 | K98: 46220 | L98: 46224 | O98: 46237 | P98: 46204 | S98: 5/22 | T98: 翻单25110501 | U98: 5/25确认箱唛移印 | V98: 261821GR | W98: MCU: AM32A070A-042 Flash: AMSFX032CHX-031 | X98: 带电，GP希腊包装 | Y98: 3.865 | Z98: 11595 | AA98: 89861.25 | AB98: FH20220350 | AC98: 已入系统 | AD98: B | AE98: 邵阳 | AF98: 系统出单 | AG98: 3000 | AH98: 0 | AI98: 46205
A99: 46141 | B99: GP Greece | C99: 希腊 | E99: PO-26042801 | F99: 1326146 | G99: 蓝精灵-GR | H99: 600 | I99: 6 | J99: 100 | K99: 46220 | L99: 46224 | O99: 46237 | P99: 46204 | S99: 6/8 | T99: 4/30确认文档 | U99: 5/25确认箱唛移印 | V99: 261821GR | W99: PCBA: ZZT011A(GR) | X99: 带电，GP希腊包装 | Y99: 2.59 | Z99: 1554 | AA99: 12043.5 | AB99: FH20220350 | AC99: 已入系统 | AD99: B | AE99: 新邵 | AF99: 系统出单 | AG99: 600 | AH99: 0 | AI99: 46218
A100: 46141 | B100: GP Greece | C100: 希腊 | E100: PO-26042801 | F100: 1325107 | G100: 足球-GR | H100: 3204 | I100: 6 | J100: 534 | K100: 46223 | L100: 46224 | O100: 46228 | P100: 46204 | S100: 5/27 | T100: 翻单25110502 | U100: 5/25确认箱唛移印 | V100: 261821GR | W100: Flash: ZFZ014A(GE) MCU: ZFZ001A | X100: 带电，GP希腊包装 | Y100: 3.912 | Z100: 12534.05 | AA100: 97138.89 | AB100: FH20220350 | AC100: 已入系统 | AD100: B | AE100: 新邵 | AF100: 系统出单 | AG100: 3204 | AH100: 0 | AI100: 46202
...

Sheet 已完成样办
A1: 接单期 | B1: 第三客户名称 | C1: 国家 | D1: 第三方PO | E1: Cust. PO NO. | F1: ITEM | G1: 货名 | H1: 数量 | I1: 装箱数 | J1: 总箱数 | K1: 验货期 | L1: 寄出样办日期 | M1: 验货期 | N1: 第三方验货期 | O1: 是否安排自检 | P1: 船期SO | Q1: 计划走货期 | R1: 追客新资料期 | S1: 客贴纸 | T1: 客供物料（IC） | U1: 包装核对 | V1: 箱唛资料 | W1: 日期码 | X1: PCBA/MCU/Flash IC | Y1: 备注 | Z1: 单价(USD) | AA1: 金额USD | AB1: 金额HKD | AC1: 发票号(快递单号） | AD1: 是否入系统 | AE1: 做货车间 | AF1: 生产车间 | AG1: 下单明细 | AH1: 送回数量 | AI1: 欠数 | AJ1: 纸箱 | AK1: 贴纸 | AL1: 预计完成时间 | AM1: 彩盒样品寄出时间 | AN1: 说明书样品寄出时间 | AO1: 彩盒打稿OK时间 | AP1: 说明书打稿OK时间 | AQ1: 整体签板 | AR1: 收到包装日期 | AS1: 签回日期
A2: 45968 | B2: GP Greece | C2: 希腊 | D2: 大货办 | E2: PO-25110502 | F2: 1325107 | G2: 足球 GR | H2: 4 | K2: =Q2-7 -> 46021 | L2: 46034 | Q2: 46028 | T2: 45978 | U2: 包装11/17确认 | V2: 移印工程跟进，11/20确认箱唛 | W2: 260061GR | X2: Flash: ZFZ014A(GE) MCU: ZFZ001A | Y2: 带电，包装希腊GP版 | Z2: 0 | AA2: =H2*Z2 -> 0 | AB2: =AA2*7.75 -> 0 | AC2: 1/12寄：SF1566079446972 | AE2: B | AF2: 东莞
A3: 45978 | B3: Grandi Giochi - Italy | C3: 意大利 | D3: 大货办 | E3: PO-25111701 | F3: 3225107 | G3: 足球 IT | H3: 4 | K3: =Q3-7 -> 46038 | L3: 46034 | Q3: 46045 | T3: 45993 | U3: 12/8确认 | V3: 11/25确认移印，11/20确认箱唛 | W3: 260221IT | X3: Flash: ZFZ006F(IT) MCU: ZFZ001A | Y3: 带电，意大利包装 | Z3: 0 | AA3: =H3*Z3 -> 0 | AB3: =AA3*7.75 -> 0 | AC3: 1/12寄：SF1566079446972 | AE3: B | AF3: 东莞
A4: 45978 | B4: Grandi Giochi - Italy | C4: 意大利 | D4: 签办 | E4: PO-25111701 | F4: 3225107 | G4: 足球 IT | H4: 3 | K4: 46021 | L4: 46031 | M4: 可先做半成品 | Q4: 46045 | T4: 45993 | U4: 12/8确认 | V4: 11/25确认移印，11/20确认箱唛 | W4: 260221IT | X4: Flash: ZFZ006F(IT) MCU: ZFZ001A | Y4: 带电，意大利包装 | Z4: 0 | AA4: =H4*Z4 -> 0 | AB4: =AA4*7.75 -> 0 | AC4: 1/9寄：SF1566079446945 | AE4: B | AF4: 东莞 | AS4: 46041
A5: 45972 | B5: Talent Show | C5: 克罗地亚 | D5: 签办 | E5: PO-25111001 | F5: 4726107 | G5: 足球 CR | H5: 4 | K5: 46037 | L5: 46036 | M5: 可先做半成品 | Q5: 46037 | T5: 46009 | U5: 12/30确认 | V5: 11/20确认箱唛移印 | W5: 260221HR | X5: Flash: ZFZ005C(CR) MCU: ZFZ001A | Y5: 带电，克罗地亚包装 | Z5: 0 | AA5: =H5*Z5 -> 0 | AB5: =AA5*7.75 -> 0 | AC5: 1/14寄：SF1566079445059 | AE5: B | AF5: 东莞 | AS5: 46041
A6: 46001 | B6: GP France | C6: 法国 | D6: 签办 | E6: PO-25121003 | F6: 1026107 | G6: 足球-FR | H6: 4 | K6: 46037 | L6: 46036 | M6: 可先做半成品 | Q6: 46037 | T6: 46008 | U6: 12/30确认 | V6: 12/18确认移印箱唛 | W6: 260221FR | X6: Flash: ZFZ002E(FR) MCU: MCU: ZFZ001A | Y6: 带电池，包装上印有Triman标志，包装：GP法国pkg + I/S（带法国标志） | Z6: 0 | AA6: =H6*Z6 -> 0 | AB6: =AA6*7.75 -> 0 | AC6: 1/14寄：SF1566079445101 | AD6: 已入系统 | AE6: B | AF6: 东莞 | AS6: 46049
A7: 45992 | B7: U. Games | C7: 澳大利亚 | D7: 签办 | E7: PO-25120101 | F7: 1126148 | G7: 足球 EN(黑色外壳） | H7: 4 | K7: 45673 | L7: 46042 | M7: 可先做半成品 | Q7: 45673 | T7: 46006 | U7: 1/5确认 | V7: 12/18确认箱唛，12/15确认移印 | W7: 260221EN | X7: Flash: ZFZ001G(EN) MCU: ZFZ001A | Y7: 带电，标准Zanzoon英文包装 | Z7: 0 | AA7: =H7*Z7 -> 0 | AB7: =AA7*7.75 -> 0 | AC7: 1/20寄：SF1566079445165 | AE7: B | AF7: 东莞 | AS7: 46049
A8: 46003 | B8: GP - Italy | C8: 意大利 | D8: 签办 | E8: PO-25121201 | F8: 3222103 | G8: 红色比卡超-IT | H8: 3 | K8: 46037 | L8: 46042 | M8: 可先做半成品 | Q8: 46037 | T8: 46020 | U8: 12/23确认 | V8: 12/30确认箱唛,1/5确认移印 | W8: 260221IT | X8: PCBA: ZPK028A(IT) | Y8: 带电,无隔电片 | Z8: 0 | AA8: =H8*Z8 -> 0 | AB8: =AA8*7.75 -> 0 | AC8: 1/20寄：SF1566079445235 | AD8: 已入系统 | AE8: B | AF8: 邵阳 | AG8: 系统出单 | AH8: 3 | AI8: =AH8-H8 -> 0 | AS8: 46049
A9: 45992 | B9: U. Games | C9: 澳大利亚 | D9: 签办 | E9: PO-25120101 | F9: 1121118- AU | G9: 金属色比卡超 | H9: 3 | K9: 45673 | L9: 46042 | M9: 可先做半成品 | Q9: 45673 | T9: 46016 | U9: 1/8确认 | V9: 12/18确认箱唛，12/15确认移印 | W9: 260221EN | X9: PCBA: ZPK017A(EN) | Y9: 标准Zanzoon英文包装,无隔电片，带电 | Z9: 0 | AA9: =H9*Z9 -> 0 | AB9: =AA9*7.75 -> 0 | AC9: 1/20寄：SF1566079445235 | AE9: B | AH9: 3 | AI9: =AH9-H9 -> 0 | AS9: 46051
A10: 45975 | B10: Altex | C10: 罗马尼亚 | D10: 签办 | E10: PO-25111401 | F10: 3826107 | G10: 足球 RO | H10: 4 | K10: 46037 | L10: 46042 | M10: 可先做半成品 | Q10: 46037 | T10: 46021 | U10: 1/5确认 | V10: 12/30确认箱唛移印 | W10: 260221RO | X10: Flash: ZFZ003B(RO) MCU: ZFZ001A | Y10: 带电，罗马尼亚包装 | Z10: 0 | AA10: =H10*Z10 -> 0 | AB10: =AA10*7.75 -> 0 | AC10: 1/20寄：SF1566079445235 | AE10: B | AF10: 东莞 | AS10: 46052
A11: 46001 | B11: GP France | C11: 法国 | D11: 大货办 | E11: PO-25121003 | F11: 1026107 | G11: 足球-FR | H11: 4 | K11: 46037 | L11: 46048 | M11: 可先做半成品 | Q11: 46037 | T11: 46008 | U11: 12/30确认 | V11: 12/18确认移印箱唛 | W11: 260221FR | X11: Flash: ZFZ002E(FR) MCU: MCU: ZFZ001A | Y11: 带电池，包装上印有Triman标志，包装：GP法国pkg + I/S（带法国标志） | Z11: 0 | AA11: =H11*Z11 -> 0 | AB11: =AA11*7.75 -> 0 | AC11: 1/26寄：SF1566079445323 | AD11: 已入系统 | AE11: B | AF11: 东莞
A12: 45954 | C12: 波兰 | D12: 大货办 | E12: PO-25102401 | F12: 1426107 | G12: 足球 PL | H12: 6 | I12: 6 | J12: =H12/I12 -> 1 | K12: 46041 | L12: 46048 | Q12: 46048 | T12: 46016 | U12: 1/7确认 | V12: 12/1确认箱唛移印 | W12: 260221PL | X12: Flash: ZFZ004C(PL) MCU: ZFZ001B | Y12: 波兰版包装 -带电（ 3个2AA电池）,主纸箱有特殊的点线（只封一条胶纸，胶纸不能超过虚线） | Z12: 0 | AA12: =H12*Z12 -> 0 | AB12: =AA12*7.75 -> 0 | AC12: 1/26寄：SF1566079445323 | AE12: B | AF12: 东莞
A13: 45954 | C13: 波兰 | D13: 签办 | E13: PO-25102401 | F13: 1426107 | G13: 足球 PL | H13: 3 | K13: 46034 | L13: 46048 | M13: 可先做半成品 | Q13: 46034 | T13: 46016 | U13: 1/7确认 | V13: 12/1确认箱唛移印 | W13: 260221PL | X13: Flash: ZFZ004C(PL) MCU: ZFZ001B | Y13: 波兰版包装 -带电（ 3个2AA电池）,主纸箱有特殊的点线（只封一条胶纸，胶纸不能超过虚线） | Z13: 0 | AA13: =H13*Z13 -> 0 | AB13: =AA13*7.75 -> 0 | AC13: 1/26寄：SF1566079445323 | AE13: B | AF13: 东莞 | AS13: 46052
A14: 46003 | B14: GP - Italy | C14: 意大利 | D14: 签办 | E14: PO-25121201 | F14: 3222110 | G14: 四角星抢答器-IT | H14: 3 | K14: 46037 | L14: 46048 | M14: 可先做半成品 | Q14: 46037 | T14: 46010 | U14: 12/23确认 | V14: 12/30确认箱唛,1/5确认移印 | W14: 260221IT | X14: Flash: ZPT011A(IT) MCU: ZPT001D | Y14: 带电 | Z14: 0 | AA14: =H14*Z14 -> 0 | AB14: =AA14*7.75 -> 0 | AC14: 1/26寄：SF1566079445323 | AD14: 已入系统 | AE14: B | AF14: 邵阳 | AG14: 系统出单 | AS14: 46052
A15: 46001 | B15: GP France | C15: 法国 | D15: 大货办 | E15: PO-25121002 | F15: 1025155 | G15: PTE 圆型游戏机-FR | H15: 6 | I15: 6 | J15: =H15/I15 -> 1 | K15: =Q15-7 -> 46045 | L15: 46048 | M15: 46049 | Q15: 46052 | T15: 46014 | U15: 翻单25101601 | V15: 12/18确认移印箱唛 | W15: 260221FR | X15: MCU: ZPE001A Flash: ZPE002A(FR) | Y15: 带电池，包装上印有Triman标志，包装：GP法国pkg + I/S（带法国标志） | Z15: 0 | AA15: =H15*Z15 -> 0 | AB15: =AA15*7.75 -> 0 | AC15: 1/26寄：SF1566079445323 | AD15: 已入系统 | AE15: B | AF15: 邵阳 | AG15: 系统出单 | AH15: 6 | AI15: =AH15-H15 -> 0
A16: 46027 | B16: Ultra Pro | C16: 美国 | D16: 签办 | E16: PO-26010501 | F16: 1126103-US | G16: 红色比卡超 EN-US | H16: 4 | K16: 46052 | Q16: 46052 | T16: 46037 | U16: 新包装1/13确认 | V16: 1/9确认移印箱唛 | W16: DONGGUAN 03/2026 EN | X16: PCBA:ZPK001B(EN) | Y16: 没有隔电片，带电，不需要額外的貼紙，MIC:带针咪头，有Try Me功能，外箱增加上下平咭 | Z16: 0 | AA16: =H16*Z16 -> 0 | AB16: =AA16*7.75 -> 0 | AD16: 已入系统 | AE16: B | AF16: 邵阳 | AG16: 系统出单 | AS16: 46104
A17: 46038 | B17: Network One | C17: 罗马尼亚 | D17: 签办+化验办 | E17: PO-26011501 | F17: 3816003- 0106 | G17: 动物地图 RO | H17: 9 | K17: 46104 | L17: 46091 | M17: 可先做半成品 | Q17: 46104 | T17: 工厂自行采购 | U17: 2/6收到包装 | V17: 1/25确认移印箱唛 | W17: 260701RO | X17: MCU: TRD16P101A-ZA40 Flash: SPI16M-ZA41(TR1605F48-4_16M) | Y17: 带电 罗马尼亚包装 | Z17: 0 | AA17: =H17*Z17 -> 0 | AB17: =AA17*7.75 -> 0 | AC17: 3/20寄：SF1566079445792 | AD17: 已入系统 | AE17: B | AF17: 车间 | AS17: 46107
A18: 46038 | B18: Network One | C18: 罗马尼亚 | D18: 签办+化验办 | E18: PO-26011501 | F18: 3816097- 0106 | G18: 速度头 RO | H18: 9 | K18: 46104 | L18: 46091 | M18: 可先做半成品 | Q18: 46104 | T18: MCU用库存1951PCS，Flash 1/30 | U18: 2/6收到包装 | V18: 1/25确认移印箱唛 | W18: 260701RO | X18: Flash: ZSD010A(RO) MCU: ZSD001B | Y18: 带电(三档开关） 罗马尼亚包装 | Z18: 0 | AA18: =H18*Z18 -> 0 | AB18: =AA18*7.75 -> 0 | AC18: 3/10寄：SF1566079445756 | AD18: 已入系统 | AE18: B | AF18: 车间 | AS18: 46107
A19: 46000 | B19: Apollo - Slovenia | C19: 斯洛文尼亚 | D19: 签办 | E19: PO-25120803 | F19: 1526103 | G19: 红色比卡超-SL | H19: 12 | I19: 6 | J19: =H19/I19 -> 2 | K19: 46132 | M19: 46132 | Q19: 46132 | T19: 46098 | U19: 2/5收到包装 | V19: 12/15确认箱唛，3/2确认移印 | W19: 260641SL | X19: ZPK038A(SL) | Y19: 带电，新包装，无隔电片 | Z19: 0 | AA19: =H19*Z19 -> 0 | AB19: =AA19*7.75 -> 0 | AD19: 已入系统 | AE19: B | AF19: 邵阳 | AG19: 系统出单 | AH19: =2964+36 -> 3000 | AI19: =AH19-H19 -> 2988 | AS19: 46119
A20: 46000 | B20: Apollo - Slovenia | C20: 斯洛文尼亚（克罗地亚） | D20: 签办 | E20: PO-25120803 | F20: 4726103 | G20: 红色比卡超-CR | H20: 12 | I20: 6 | J20: =H20/I20 -> 2 | K20: 46132 | M20: 46132 | Q20: 46132 | T20: 46098 | U20: 2/10收到包装 | V20: 12/15确认箱唛，3/2确认移印 | W20: 260641HR | X20: ZPK039A(CR) | Y20: 带电，新包装，无隔电片 | Z20: 0 | AA20: =H20*Z20 -> 0 | AB20: =AA20*7.75 -> 0 | AD20: 已入系统 | AE20: B | AF20: 邵阳 | AG20: 系统出单 | AH20: 3000 | AI20: =AH20-H20 -> 2988 | AS20: 46119
A21: 45999 | B21: Pillowtex - Brazil | C21: 巴西（葡萄牙） | D21: 签办 | E21: PO-25120501 | F21: 3325103 | G21: 红色比卡超 BR | H21: 12 | I21: 6 | J21: =H21/I21 -> 2 | K21: 46134 | M21: 46135 | Q21: 46134 | T21: 46098 | U21: 1/29收到包装 | V21: 1/21确认箱唛，1/14确认移印 | W21: 260701BR | X21: PCBA: ZPK037A(BR) | Y21: 带电，新包装，无隔电片 | Z21: 0 | AA21: =H21*Z21 -> 0 | AB21: =AA21*7.75 -> 0 | AD21: 已入系统 | AE21: B | AF21: 邵阳 | AG21: 系统出单 | AH21: =1296+1704 -> 3000 | AI21: =AH21-H21 -> 2988 | AS21: 46119
A22: 1326103 | B22: U. Gamaes | C22: 澳大利亚 | D22: 签办+大货办 | E22: PO-26020901 | F22: 1125131 | G22: 灰红波比卡超 EN-AU | H22: 3 | K22: 46122 | L22: 46127 | M22: 可先做半成品 | Q22: 46122 | T22: 46108 | U22: 新资料3/12确认 | V22: 3/13确认移印箱唛 | W22: 260701EN | X22: ZPK030A(EN) | Y22: 带电，无隔电片， -标准Zanzoon英文包装 | Z22: 0 | AA22: =H22*Z22 -> 0 | AB22: =AA22*7.75 -> 0 | AC22: 4/15寄：SF1566030077697 | AD22: 已入系统 | AE22: B | AF22: 邵阳 | AI22: =AH22-H22 -> -3 | AS22: 46133
A23: 46077 | B23: U. Gamaes | C23: 澳大利亚 | D23: 签办+大货办 | E23: PO-26020901 | F23: 1122117- AU-NEW | G23: 比卡超手表 EN-AU | H23: 12 | K23: 46122 | L23: 46126 | M23: 可先做半成品 | Q23: 46122 | T23: 46104 | U23: 新资料3/12确认 | V23: 3/13确认移印箱唛 | W23: 260701EN | X23: ZPD001A(EN) | Y23: 标准Zanzoon英文包装 | Z23: 0 | AA23: =H23*Z23 -> 0 | AB23: =AA23*7.75 -> 0 | AC23: 4/14寄：SF1566030077572(寄了6PCS | AD23: 已入系统 | AE23: B | AF23: 邵阳 | AG23: 系统出单 | AH23: 12 | AI23: =AH23-H23 -> 0 | AS23: 46129
A24: 45999 | B24: Pillowtex - Brazil | C24: 巴西（葡萄牙） | D24: 大货办 | E24: PO-25120501 | F24: 3325103 | G24: 红色比卡超 BR | H24: 6 | I24: 6 | J24: =H24/I24 -> 1 | K24: 46134 | L24: 46126 | Q24: 46134 | T24: 46098 | U24: 1/29收到包装 | V24: 1/21确认箱唛，1/14确认移印 | W24: 260701BR | X24: PCBA: ZPK037A(BR) | Y24: 带电，新包装，无隔电片 | Z24: 0 | AA24: =H24*Z24 -> 0 | AB24: =AA24*7.75 -> 0 | AC24: 4/14寄：SF1566030077572(寄了6PCS | AD24: 已入系统 | AE24: B | AF24: 邵阳 | AG24: 系统出单 | AI24: =AH24-H24 -> -6 | AS24: 46133
A25: 46077 | B25: Dollar General | C25: 美国 | D25: 签办+大货办 | E25: PO-26021602 | F25: 1121118-US-DG | G25: 金属色比卡超-EN | H25: 18 | K25: 46127 | M25: 可先做半成品 | Q25: 46127 | S25: 有 | T25: 46103 | U25: 3/11确认文档，打版中 | V25: 3/13确认移印,3/16确认箱唛 | W25: DONGGUAN 04/2026 EN | X25: ZPK017A(EN) | Y25: 无隔电片，带电，贴价钱贴纸 外箱增加上下平咭 | Z25: 0 | AA25: =H25*Z25 -> 0 | AB25: =AA25*7.75 -> 0 | AD25: 已入系统 | AE25: B | AF25: 邵阳 | AG25: 系统出单 | AH25: 18 | AI25: =AH25-H25 -> 0 | AS25: 46146
A26: 46087 | B26: Felyx | C26: 比利时(保加利亚） | D26: 签办+大货办 | E26: PO-26030601 | F26: 3126107 | G26: 足球- BU | H26: 6 | K26: 46127 | Q26: 46127 | T26: 46101 | U26: 3/9确认 | V26: 3/12确认移印箱唛 | W26: 261121BU | X26: Flash: ZFZ015A(BU) MCU: ZFZ001A | Y26: 保加利亚版包装，带电 | Z26: 0 | AA26: =H26*Z26 -> 0 | AB26: =AA26*7.75 -> 0 | AD26: 已入系统 | AE26: B | AF26: 新邵 | AG26: 系统出单 | AH26: 6 | AI26: =AH26-H26 -> 0 | AS26: 46139
A27: 46077 | B27: Ultra Pro | C27: 美国 | D27: 签办+大货办 | E27: PO-26021601 | F27: 1121118-US | G27: 金属色比卡超-EN | H27: 8 | K27: 46127 | Q27: 46127 | T27: 46103 | U27: 3/11确认文档 | V27: 3/13确认移印,3/16确认箱唛 | W27: DONGGUAN 04/2026 EN | X27: ZPK017A(EN) | Y27: 无隔电片，带电， 外箱增加上下平咭 | Z27: 0 | AA27: =H27*Z27 -> 0 | AB27: =AA27*7.75 -> 0 | AD27: 已入系统 | AE27: B | AF27: 邵阳 | AG27: 系统出单 | AH27: 8 | AI27: =AH27-H27 -> 0 | AS27: 46146
A28: 46091 | B28: Ultra Pro | C28: 美国 | D28: 签办 | E28: PO-26030903 | F28: 1126169- US | G28: 超级精灵球-EN-US | H28: 36 | K28: 46157 | L28: 46147 | Q28: 46157 | T28: 46152 | U28: 4/20确认文档,打版中 | V28: 箱唛打稿中，4/30确认移印 | W28: DONGGUAN 06/2026 EN | X28: ZPU001A(EN) | Y28: 带电，美国US包装 -外箱增加上下平咭 | Z28: 0 | AA28: =H28*Z28 -> 0 | AB28: =AA28*7.75 -> 0 | AC28: 5/5寄SF1566030078188 | AD28: 已入系统 | AE28: B | AF28: 东莞 | AI28: =AH28-H28 -> -36 | AS28: 工程签办
A29: 46091 | B29: Ultra Pro | C29: 美国 | D29: 签办 | E29: PO-26030901 | F29: 1126146- US | G29: 蓝精灵-EN-US | H29: 36 | K29: 46167 | M29: 可先做半成品 | Q29: 46167 | T29: 0K | U29: 4/24确认文档，打版中 | V29: 箱唛打稿中，4/30确认移印 | W29: DONGGUAN 06/2026 EN | X29: PCBA: ZZT001A(EN) | Y29: 带电，美国US包装 -外箱增加上下平咭 | Z29: 0 | AA29: =H29*Z29 -> 0 | AB29: =AA29*7.75 -> 0 | AD29: 已入系统 | AE29: B | AF29: 新邵 | AG29: 系统出单 | AI29: =AH29-H29 -> -36 | AS29: 工程签办
A30: 46091 | B30: Ultra Pro | C30: 美国 | D30: 签办 | E30: PO-26030902 | F30: 1126168- US | G30: 涡轮四角星- EN-US | H30: 36 | K30: 46167 | M30: 可先做半成品 | Q30: 46167 | T30: 46155 | U30: 4/22收到，确认档案，打版中 | V30: 5/11确认箱唛，4/30确认移印 | W30: DONGGUAN 06/2026 EN | X30: Flash: AMSFX128DHX-P01 MCU: AM32A070A-050 | Y30: 带电，美国US包装 -外箱增加上下平咭 | Z30: 0 | AA30: =H30*Z30 -> 0 | AB30: =AA30*7.75 -> 0 | AE30: B | AI30: =AH30-H30 -> -36 | AS30: 工程签办
A31: 46094 | B31: SIDJ | C31: 法国 | D31: 签办 | E31: PO-26031301 | F31: 1026169 | G31: 超级精灵球-FR | H31: 12 | K31: 46181 | L31: 46175 | M31: 样办提前2周完成 | Q31: 46178 | T31: 46152 | U31: 5/19确认说明书，5/14确认彩盒 | V31: 4/16确认箱唛移印 | W31: 2100626 | X31: PCBA: ZPU002A(FR) | Y31: 带电，法文版，空运 | Z31: 0 | AA31: =H31*Z31 -> 0 | AB31: =AA31*7.75 -> 0 | AC31: SF1566002014951/SF1566002014711 | AD31: 已入系统 | AE31: B | AF31: 东莞 | AI31: =AH31-H31 -> -12 | AS31: 46167
A32: 46078 | B32: U. Games | C32: 澳大利亚 | D32: 签办+大货办 | E32: PO-26022001 | F32: 1126168 | G32: 涡轮四角星 | H32: 8 | K32: 46199 | L32: 46184 | M32: 样办提前2周完成 | Q32: 46189 | T32: 46155 | U32: 4/14收到包装 | V32: 3/31确认移印箱唛 | W32: 261521EN | X32: Flash: AMSFX128DHX-P01 MCU: AM32A070A-050 | Y32: 带电 -标准Zanzoon英文包装 | Z32: 0 | AA32: =H32*Z32 -> 0 | AB32: =AA32*7.75 -> 0 | AC32: SF1566002013269 | AD32: 已入系统 | AE32: B | AF32: 东莞 | AI32: =AH32-H32 -> -8 | AS32: 46174
A33: 46083 | B33: U. Games | C33: 澳大利亚 | D33: 签办+大货办 | E33: PO-26030203 | F33: 1126169 | G33: 超级精灵球-EN | H33: 8 | K33: 46199 | L33: 46185 | M33: 样办提前2周完成 | Q33: 46209 | T33: 46152 | U33: 4/29确认文档 | V33: 5/14确认箱唛,5/12确认移印 | W33: 261821EN | X33: PKM Ultimate PCBA: ZPU001A(EN) | Y33: 带电，无隔电片， -标准Zanzoon英文包装 | Z33: 0 | AA33: =H33*Z33 -> 0 | AB33: =AA33*7.75 -> 0 | AC33: SF1566002013657 | AD33: 已入系统 | AE33: B | AF33: 东莞 | AI33: =AH33-H33 -> -8 | AS33: 46174
A34: 46094 | B34: Flat River | C34: 美国 | D34: 签办 | E34: PO-26031303 | F34: 1125117-US-MIL | G34: 比卡超手表-EN US | H34: 6 | K34: 46168 | L34: 46160 | M34: 样办提前2周完成 | Q34: 46157 | T34: OK | U34: 4/15确认文档 | V34: 3/24确认邮包装及外箱箱唛/移印 | W34: DONGGUAN 05/2026 EN | X34: PCBA: ZPD001A(EN) | Y34: 不带电，4C彩盒+邮包盒（有唛头） | Z34: 0 | AA34: =H34*Z34 -> 0 | AB34: =AA34*7.75 -> 0 | AC34: 5/18寄SF1566030078803 | AD34: 已入系统 | AE34: B | AF34: 邵阳 | AG34: 系统出单 | AH34: 6 | AI34: =AH34-H34 -> 0 | AS34: 46174
A35: 46057 | B35: Proxy - Sweden | C35: 瑞典 | D35: 签办+大货办 | E35: PO-26020201 | F35: 1926155 | G35: PTE 圆型游戏机-SW | H35: 6 | K35: 46185 | L35: 46164 | M35: 样办提前2周完成 | Q35: 46167 | T35: 46137 | U35: 4/1确认，拼图缩小49CM英文版 | V35: 4/27确认移印箱唛 | W35: 261521SE | X35: Flash: ZPE007A(SW) MCU - ZPE001A | Y35: 带电 -新包装（缩小版，彩盒无盖） | Z35: 0 | AA35: =H35*Z35 -> 0 | AB35: =AA35*7.75 -> 0 | AC35: 5/22寄SF1566002014050 | AD35: 已入系统 | AE35: B | AF35: 邵阳 | AG35: 系统出单 | AH35: 6 | AI35: =AH35-H35 -> 0 | AS35: 46174
A36: 46057 | B36: Proxy / Salling Group - Denmark | C36: 丹麦 | D36: 签办+大货办 | E36: PO-26020202 | F36: 5426155 | G36: PTE 圆型游戏机-DA | H36: 6 | K36: 46185 | L36: 46164 | M36: 样办提前2周完成 | Q36: 46167 | T36: 46142 | U36: 4/1确认，拼图缩小49CM英文版 | V36: 4/27确认移印箱唛 | W36: 261521DK | X36: Flash: ZPE008A(DA) MCU - ZPE001A | Y36: 带电 -新包装（缩小版，彩盒无盖） | Z36: 0 | AA36: =H36*Z36 -> 0 | AB36: =AA36*7.75 -> 0 | AC36: 5/22寄SF1566002014050 | AD36: 已入系统 | AE36: B | AF36: 邵阳 | AG36: 系统出单 | AI36: =AH36-H36 -> -6 | AS36: 46174
A37: 46094 | B37: Flat River | C37: 美国 | D37: 签办 | E37: PO-26031303 | F37: 1125110-US-MIL | G37: 四角星抢答器-EN US | H37: 3 | K37: 46168 | L37: 46167 | M37: 样办提前2周完成 | Q37: 46169 | T37: OK | U37: 4/15确认文档 | V37: 3/24确认邮包装及外箱箱唛/移印 | W37: DONGGUAN 05/2026 EN | X37: PKM Trivia MCU: ZPT001D Flash: ZPT001D(EN) | Y37: 带电，4C彩盒+邮包盒（有唛头）,开关打在OFF档 | Z37: 0 | AA37: =H37*Z37 -> 0 | AB37: =AA37*7.75 -> 0 | AC37: 5/25寄SF1566002014193 | AD37: 已入系统 | AE37: B | AF37: 邵阳 | AG37: 系统出单 | AI37: =AH37-H37 -> -3 | AS37: 46174
A38: 46105 | B38: Tapimovil - Argentina | C38: 阿根廷 | D38: 签办+大货办 | E38: PO-26032401 | F38: 5226155 | G38: PTE 圆型游戏机- ES | H38: 6 | K38: 46185 | L38: 46167 | M38: 样办提前2周完成 | Q38: 46174 | U38: 4/28确认,拼图缩小49CM英文版 | V38: 4/30确认箱唛移印 | W38: 261521ES | X38: Flash: ZPE006A(ES) MCU: ZPE001A | Y38: 带电 -新包装（缩小版，彩盒无盖） | Z38: 0 | AA38: =H38*Z38 -> 0 | AB38: =AA38*7.75 -> 0 | AC38: 5/25寄SF1566002014193 | AD38: 已入系统 | AE38: B | AF38: 邵阳 | AG38: 系统出单 | AI38: =AH38-H38 -> -6 | AS38: 46176
A39: 46091 | B39: Ultra Pro | C39: 美国 | E39: PO-26030901 | F39: 1126146- US | G39: 蓝精灵-EN-US | H39: 3 | K39: 46174 | M39: 6/1 CMA验 6/3 CIS验100% | Q39: 46174 | T39: 0K | U39: 4/24确认文档 | V39: 箱唛打稿中，4/30确认移印 | W39: DONGGUAN 06/2026 EN | X39: PCBA: ZZT001A(EN) | Y39: 带电，美国US包装 -外箱增加上下平咭 | Z39: 0 | AA39: =H39*Z39 -> 0 | AB39: =AA39*7.75 -> 0 | AD39: 已入系统 | AE39: B | AF39: 东莞 | AG39: 系统出单 | AI39: =AH39-H39 -> -3 | AS39: 46174
A40: 46091 | B40: Ultra Pro | C40: 美国 | E40: PO-26030903 | F40: 1126169- US | G40: 超级精灵球-EN-US | H40: 3 | K40: 46172 | M40: 6/2 CMA验80% 6/4 CIS验 100% | Q40: 46172 | T40: 46152 | U40: 4/20确认文档 | V40: 5/11确认箱唛，4/30确认移印 | W40: DONGGUAN 06/2026 EN | X40: ZPU001A(EN) | Y40: 带电，美国US包装 -外箱增加上下平咭 | Z40: 0 | AA40: =H40*Z40 -> 0 | AB40: =AA40*7.75 -> 0 | AD40: 已入系统 | AE40: B | AF40: 东莞 | AI40: =AH40-H40 -> -3 | AS40: 46176
A41: 46091 | B41: Ultra Pro | C41: 美国 | E41: PO-26030902 | F41: 1126168- US | G41: 涡轮四角星- EN-US | H41: 3 | K41: 46188 | M41: 46188 | Q41: 46188 | T41: 46155 | U41: 4/22收到，确认档案 | V41: 5/11确认箱唛，4/30确认移印 | W41: DONGGUAN 06/2026 EN | X41: Flash: AMSFX128DHX-P01 MCU: AM32A070A-050 | Y41: 带电，美国US包装 -外箱增加上下平咭 | Z41: 0 | AA41: =H41*Z41 -> 0 | AB41: =AA41*7.75 -> 0 | AD41: 已入系统 | AE41: B | AF41: 东莞 | AI41: =AH41-H41 -> -3 | AS41: 46176
A42: 46106 | B42: Orbico | C42: 波兰 | E42: PO-26032404 | F42: 1422110 | G42: 四角星抢答器-PL | H42: 3 | K42: 46177 | L42: 46169 | M42: 样办提前2周完成 | Q42: 46176 | T42: OK | U42: 4/27确认文档 | V42: 4/2确认箱唛移印 | W42: 261521PL | X42: Flash: ZPT008B(PL) MCU: ZPT001D | Y42: 带电，更新包装，留意面壳LGOG移印跟彩盒LOGO一样 | Z42: 0 | AA42: =H42*Z42 -> 0 | AB42: =AA42*7.75 -> 0 | AC42: SF1566002014563 | AD42: 已入系统 | AE42: B | AF42: 邵阳 | AG42: 系统出单 | AH42: =420+8346+2520+714 -> 12000 | AI42: =AH42-H42 -> 11997 | AS42: 46181
A43: 46112 | B43: GP - Greece | C43: 希腊 | D43: 大货办+签办 | E43: PO-26033001 | F43: 1325130 | G43: 新款四角星-GR | H43: 6 | K43: 46181 | L43: 46177 | M43: 样办提前2周完成 | Q43: 46181 | T43: 46142 | U43: 4/30确认文档 | V43: 4/20确认箱唛移印 | W43: 261521GR | X43: IC Factory part no. Flash: AMSFX032CHX-044 MCU: AM32A070A-046 | Y43: 带电 客ITEM：GPN00202 希腊GP包装 | Z43: 0 | AA43: =H43*Z43 -> 0 | AB43: =AA43*7.75 -> 0 | AC43: SF1566002014951 | AD43: 已入系统 | AE43: B | AF43: 邵阳 | AG43: 系统出单 | AH43: 6 | AI43: =AH43-H43 -> 0 | AS43: 46181
A44: 46083 | B44: U. Games | C44: 澳大利亚 | D44: 签办+大货办 | E44: PO-26030203 | F44: 1125103 | G44: 红色比卡超-EN | H44: 3 | K44: 46213 | L44: 46202 | M44: 样办提前2周完成 | Q44: 46209 | T44: OK | U44: 翻单更新日期2026，5/5彩盒更新文档 | V44: 5/14确认箱唛,5/12确认移印 | W44: 261821EN | X44: PKM Kanto PCBA: ZPK001B(EN) | Y44: 带电，无隔电片， -标准Zanzoon英文包装 | Z44: 0 | AA44: =H44*Z44 -> 0 | AB44: =AA44*7.75 -> 0 | AC44: SF1566117242147 | AD44: 已入系统 | AE44: B | AF44: 邵阳 | AI44: =AH44-H44 -> -3 | AN44: 46201 | AS44: 46183
A45: 46080 | B45: Dexy | C45: 塞尔维亚 | E45: PO-26022303 | F45: 3026107 | G45: 足球-SE | H45: 3 | K45: 46168 | L45: 46164 | M45: 样办提前2周完成 | Q45: 46169 | T45: OK | U45: 3/11确认 | V45: 3/9确认移印箱唛 | W45: 261521SE | X45: Flash: ZFZ009A(B)/(SE) MCU: ZFZ001A | Y45: 带电,塞尔维亚包装 | Z45: 3.912 | AA45: =H45*Z45 -> 11.74 | AB45: =AA45*7.75 -> 90.99 | AC45: 5/22寄SF1566002014050 | AD45: 已入系统 | AE45: B | AF45: 新邵 | AG45: 系统出单 | AH45: =1332+168+12 -> 1512 | AI45: =AH45-H45 -> 1509 | AS45: 46195
A46: 46057 | B46: Bizak - Spain | C46: 西班牙 | D46: 签办 | E46: PO-26020203 | F46: 1226146 | G46: 蓝精灵-ES | H46: 8 | K46: 46174 | L46: 46169 | M46: 样办提前2周完成 | Q46: 46174 | T46: 46142 | U46: 3/26确认文档 | V46: 3/18确认移印，4/30确认箱唛 | W46: 261521ES | X46: IC Factory part no. PCBA - ZZT002A(ES) | Y46: 带电 | Z46: 0 | AA46: =H46*Z46 -> 0 | AB46: =AA46*7.75 -> 0 | AC46: SF1566002014563 | AD46: 已入系统 | AE46: B | AF46: 新邵 | AG46: 系统出单 | AH46: =8+8 -> 16 | AI46: =AH46-H46 -> 8 | AS46: 46190
A47: 46094 | B47: TM Toys -Poland | C47: 波兰 | D47: 签办 | E47: PO-26031603 | F47: 1426146 | G47: 蓝精灵-PL | H47: 15 | K47: 46188 | L47: 46182 | M47: 样办提前2周完成 | Q47: 46181 | T47: 46142 | U47: 4/10确认文档 | V47: 4/10确认移印，4/30确认箱 | W47: 261521PL | X47: PCBA: ZZT003A(PL) | Y47: 波兰版，带电,注意区分箱唛 | Z47: 0 | AA47: =H47*Z47 -> 0 | AB47: =AA47*7.75 -> 0 | AC47: SF1566079446220 | AD47: 已入系统 | AE47: B | AF47: 新邵 | AH47: 18 | AI47: =AH47-H47 -> 3 | AS47: 46190
A48: 46078 | B48: U. Games | C48: 澳大利亚 | D48: 签办+大货办 | E48: PO-26022001 | F48: 1126146 | G48: 蓝精灵-EN | H48: 8 | K48: 46199 | L48: 46185 | M48: 样办提前2周完成 | Q48: 46189 | T48: OK | U48: 3/31确认文档 | V48: 3/31确认移印箱唛 | W48: 261521EN | X48: PCBA: ZZT001A(EN) | Y48: 带电 -标准Zanzoon英文包装 | Z48: 0 | AA48: =H48*Z48 -> 0 | AB48: =AA48*7.75 -> 0 | AC48: SF1566002013657 | AD48: 已入系统 | AE48: B | AF48: 新邵 | AG48: 系统出单 | AH48: 9 | AI48: =AH48-H48 -> 1 | AS48: 46195
A49: 46104 | B49: ADC Blackfire - Romania | C49: 罗马尼亚 | D49: 签办 | E49: PO-26032301 | F49: 3826146 | G49: 蓝精灵-RO | H49: 6 | K49: 46195 | L49: 46189 | M49: 样办提前2周完成 | Q49: 46189 | T49: 46142 | U49: 4/17确认文档 | V49: 4/30确认箱唛移印 | W49: 261821RO | X49: Magic Tim PCBA: ZZT006A(RO) | Y49: 带电，罗马尼亚包装 | Z49: 0 | AA49: =H49*Z49 -> 0 | AB49: =AA49*7.75 -> 0 | AC49: SF1566002013878 | AD49: 已入系统 | AE49: B | AF49: 新邵 | AG49: 系统出单 | AI49: =AH49-H49 -> -6
A50: 46104 | B50: ADC Blackfire - Romania | C50: 罗马尼亚 | D50: 签办 | E50: PO-26032301 | F50: 3826168 | G50: 涡轮四角星-RO | H50: 5 | K50: 46203 | L50: 46202 | M50: 样办提前2周完成 | Q50: 46189 | T50: 46152 | U50: 4/29确认文档 | V50: 4/30确认箱唛移印 | W50: 261821RO | X50: Turbo Trivia Flash: AMSFX128DHX-P05 MCU: M32A070A-050 | Y50: 带电，罗马尼亚包装 | Z50: 0 | AA50: =H50*Z50 -> 0 | AB50: =AA50*7.75 -> 0 | AC50: SF1566117242147 | AD50: 已入系统 | AE50: B | AF50: 新邵 | AG50: 系统出单 | AI50: =AH50-H50 -> -5 | AS50: 46212
A51: 46121 | B51: Sunman - Romania | C51: 罗马尼亚 | E51: PO-26040803 | F51: 3824138 | G51: 转盘游戏机-RO | H51: 2 | K51: 46206 | L51: 46205 | M51: 46206 | Q51: 46204 | T51: 46169 | U51: 4/30确认文档 | V51: 6/2确认箱唛，6/11确认移印 | W51: 261821RO | X51: Wheel U Dare MCU: AM32A070A-042 Flash: AMSFX032CHX-027 | Y51: 带电，包装是否更新待客确认 | Z51: 0 | AA51: =H51*Z51 -> 0 | AB51: =AA51*7.75 -> 0 | AC51: 46205 | AD51: 已入系统 | AE51: B | AF51: 邵阳 | AG51: 系统出单 | AH51: 0 | AI51: =AH51-H51 -> -2 | AN51: 7/4退回返工 | AS51: 46212
A52: 46141 | B52: GP Greece | C52: 希腊 | E52: PO-26042801 | F52: 1326146 | G52: 蓝精灵-GR | H52: 8 | K52: 46213 | L52: 46208 | P52: 46204 | S52: 6/8 | T52: 4/30确认文档 | U52: 5/25确认箱唛移印 | V52: 261821GR | W52: PCBA: ZZT011A(GR) | X52: 带电，GP希腊包装 | Y52: 2.59 | Z52: =H52*Y52 -> 20.72 | AA52: =Z52*7.75 -> 160.58 | AC52: 46208 | AD52: 已入系统 | AE52: B | AF52: 新邵 | AG52: 系统出单 | AI52: =AH52-I52 -> 0 | AM52: 46212 | AS52: 46214
AA56: =H56*Z56 -> 0 | AB56: =AA56*7.75 -> 0
AA57: =H57*Z57 -> 0 | AB57: =AA57*7.75 -> 0
H58: =SUM(H1:H57) -> 405 | AA58: =SUM(AA1:AA57) -> 172.32 | AB58: =SUM(AB1:AB57) -> 90.99

Sheet 取消单
A1: 接单期 | B1: 第三客户名称 | C1: 国家 | D1: 客PO号 | E1: PO | F1: ITEM | G1: 货名 | H1: 数量 | I1: 装箱数 | J1: 总箱数 | K1: 验货期 | L1: 客确认验货期 | M1: 第三方验货期 | N1: 是否安排自检 | O1: 船期SO | P1: 计划走货期 | Q1: 签办进度 | R1: 客贴纸 | S1: 客供物料（IC） | T1: 包装进度 | U1: 箱唛移印资料 | V1: 日期码 | W1: PCBA/MCU/Flash IC | X1: 备注 | Y1: 单价USD | Z1: 金额USD | AA1: 金额HKD | AB1: 发票号 | AC1: 是否入系统 | AD1: 做货车间 | AE1: 生产车间 | AF1: 下单明细 | AG1: 送回数量 | AH1: 欠数 | AI1: 纸箱 | AJ1: 贴纸 | AK1: 预计完成时间 | AL1: 彩盒样品寄出时间 | AM1: 说明书样品寄出时间 | AN1: 彩盒打稿OK时间 | AO1: 说明书打稿OK时间 | AP1: 整体签板 | AQ1: 收到包装日期 | AR1: 收到包装日期
A2: 46107 | B2: U. Gamaes | C2: 澳大利亚 | E2: PO-26032601 | F2: 1126156 | G2: 米奇五角星-EN | H2: 3636 | I2: 6 | J2: =H2/I2 -> 606 | K2: 46233 | P2: 46233 | T2: 欠 | U2: 欠 | W2: Disney Trivia Flash: ZDT001A(EN) MCU: ZDT001A | X2: 带电 -标准Zanzoon英文包装 | Y2: 3.303 | Z2: =H2*Y2 -> 12009.71 | AA2: =Z2*7.75 -> 93075.25 | AD2: B
A3: 46107 | B3: U. Gamaes | C3: 澳大利亚 | D3: 签办+大货办 | E3: PO-26032601 | F3: 1126156 | G3: 米奇五角星-EN | H3: 24 | K3: 46233 | L3: 样办提前2周完成 | P3: 46233 | T3: 欠 | U3: 欠 | W3: Disney Trivia Flash: ZDT001A(EN) MCU: ZDT001A | X3: 带电 -标准Zanzoon英文包装 | Y3: 0 | Z3: =H3*Y3 -> 0 | AA3: =Z3*7.75 -> 0 | AD3: B
A4: 46107 | B4: U. Gamaes | C4: 澳大利亚 | E4: PO-26032601 | F4: 1126164 | G4: 米奇老鼠头-EN | H4: 4860 | I4: 6 | J4: =H4/I4 -> 810 | K4: 46226 | L4: 46227 | P4: 46226 | S4: 46198 | T4: 欠 | U4: 欠 | W4: Disney Guess PCBA: ZDG001A(EN) | X4: 带电 -标准Zanzoon英文包装 | Y4: 2.64 | Z4: =H4*Y4 -> 12830.4 | AA4: =Z4*7.75 -> 99435.6 | AD4: B
A5: 46107 | B5: U. Gamaes | C5: 澳大利亚 | D5: 签办+大货办 | E5: PO-26032601 | F5: 1126164 | G5: 米奇老鼠头-EN | H5: 24 | K5: 46226 | L5: 样办提前2周完成 | P5: 46226 | S5: 46198 | T5: 欠 | U5: 欠 | W5: Disney Guess PCBA: ZDG001A(EN) | X5: 带电 -标准Zanzoon英文包装 | Y5: 0 | Z5: =H5*Y5 -> 0 | AA5: =Z5*7.75 -> 0 | AD5: B
A6: 46083 | B6: Modell & Hobby | C6: 匈牙利 | D6: 签办 | E6: PO-26022701 | F6: 4526157 | G6: 城市套装游戏机-HU | H6: 6 | K6: 46391 | L6: 样办提前2周完成 | P6: 46233 | T6: 欠 | U6: 欠 | W6: Flash: AMSFX128DHS-P04 MCU: AM32A070A-051 | X6: 带电，匈牙利包装 | Y6: 0 | Z6: =H6*Y6 -> 0 | AA6: =Z6*7.75 -> 0 | AD6: B | AE6: 新邵 | AH6: =AG6-H6 -> -6
A7: 46083 | B7: Modell & Hobby | C7: 匈牙利 | E7: PO-26022701 | F7: 4526157 | G7: 城市套装游戏机-HU | H7: 4998 | I7: 6 | J7: =H7/I7 -> 833 | K7: 46391 | P7: 46233 | T7: 欠 | U7: 欠 | W7: Flash: AMSFX128DHS-P04 MCU: AM32A070A-051 | X7: 带电，匈牙利包装 | Y7: 4.741 | Z7: =H7*Y7 -> 23695.52 | AA7: =Z7*7.75 -> 183640.28 | AD7: B | AE7: 新邵 | AH7: =AG7-H7 -> -4998
H10: =SUM(H1:H9) -> 13548 | AA10: =SUM(AA1:AA9) -> 376151.13 | AB10: =SUM(AB1:AB9) -> 0

Sheet 工模与其他
A1: 出货期 | B1: PO | C1: ITEM | D1: 名称 | E1: 数量 | F1: USD单价 | G1: USD金额 | H1: HK$金额 | I1: DN 发票号

Sheet 货名
A1: 英文名称 | B1: 中文名称
A2: Pokemon Trainer Expert | B2: PTE 圆型游戏机
A3: Wheel U Dare | B3: 转盘游戏机
A4: Wheel U Dare EN with try me | B4: 转盘游戏机
A5: Pokemon Trainer Challenge | B5: 游戏机
A6: One More /OMTS | B6: 新款四角星
A7: Farct or Fake Ultimate | B7: 新款五角星
A8: Fact or Fake Junior | B8: 小孩五角星
A9: Fact or Fake | B9: 五角星
A10: Pokemon Trainer Guess Kanto | B10: 红色比卡超
A11: Pokemon Trainer Guess Unova | B11: 绿波比卡超
A12: Pokemon Trainer Guess Champions | B12: 灰红波比卡超
... A40: myTouch USA EN with try me | B40: 平板地图
