Workbook

Sheet 名称
A1: 货号 | B1: 产品名称 | C1: 外箱 | D1: 车间
A2: 47329 | B2: 收割车 | C2: 2 | D2: A
A3: 47399 | B3: 洒水车 | C3: 4 | D3: B
A4: 47550 | B4: 回力车 | C4: 4 | D4: B
A5: 47615 | B5: 跳舞的玉米 | C5: 6 | D5: B
A6: 47640 | B6: 半挂车 | C6: 2 | D6: B
A7: 47669 | B7: 动物车 | C7: 4 | D7: KIK
A8: 47674 | B8: JD LNS圆轮拖拉机 | C8: 2 | D8: KIK
A9: 35189AZ | B9: 吹气车 | C9: 2 | D9: A
A10: 35189B | B10: 吹气车 | C10: 2 | D10: A
A11: 35189C | B11: 吹气车 | C11: 2 | D11: A
A12: 35206B | B12: 猪马牛羊车（单支装） | C12: 2 | D12: A
A13: 35802J | B13: 挖土机 | C13: 2 | D13: KIK
A14: 46644B | B14: 发光车 | C14: 2 | D14: A
A15: 46656EU1 | B15: 6"拖拉机 | C15: 4 | D15: B
A16: 46670C | B16: 46656/46748 混装 | C16: 4 | D16: B
A17: 46670TSC | B17: 46656/46748 混装 | C17: 4 | D17: B
A18: 46720J | B18: 木材运输车 | C18: 4 | D18: KIK
A19: 47101J | B19: 1:16收割机 | C19: 1 | D19: KIK
A20: 47280A | B20: 童车 | C20: 1 | D20: B
... A46: Y2049G1 | B46: 锁匙 | C46: 36 | D46: B
A47: 46088 | B47: 吹气三轮车 | C47: 1 | D47: A
A48: E73647BZR | B48: 手镯和球 | C48: 12 | D48: B
A49: 43379 | B49: 手镯和球 | C49: 12 | D49: B
A50: T72465ML3 | B50: 贪婪的老奶奶 | C50: 6 | D50: B
A51: T72465ADR2 | B51: 贪婪的老奶奶 | C51: 6 | D51: B
A52: L27870B | B52: 杯子 | C52: 18 | D52: B
A53: T72465ASC1 | B53: 贪婪的老奶奶 | C53: 6 | D53: B
A54: T72465RO | B54: 贪婪的老奶奶 | C54: 6 | D54: B
A55: T72465BZR2 | B55: 贪婪的老奶奶 | C55: 6 | D55: B
A56: 47391J | B56: 1:16收割机 | C56: 1 | D56: KIK
A57: Y2341C | B57: 杯子 | C57: 18 | D57: KIK
A58: E73855A1 | B58: 马里奥能量蘑菇吸塑混装 | C58: 6 | D58: KIK
A59: E73906 | B59: 马里奥和他的蘑菇 | C59: 6 | D59: KIK
A60: E73907 | B60: 能量蘑菇 | C60: 6 | D60: KIK
A61: E73856 | B61: 宝箱马里奥 | C61: 4 | D61: KIK
... A92: E73858 | B92: 浮水马里奥 | C92: 3 | D92: KIK
A93: L21106 | B93: 盲盒公仔(塑胶毛绒) | C93: 6 | D93: 河源 | E93: 6PCS一PDQ，1PDQ 一箱
A94: L21011 | B94: 11寸大毛绒 | C94: 2 | D94: 河源
A95: L19200 | D95: 河源
A96: L19201 | D96: 河源
A97: L19202 | D97: 河源
A98: E73907A1 | B98: 能量蘑菇 | C98: 6 | D98: KIK
A99: 47669TSCA | B99: 动物车 | C99: 4 | D99: KIK
A100: 47674TSCA | B100: JD LNS圆轮拖拉机 | C100: 2 | D100: KIK
A101: 46670TSCA | B101: 46656/46748 混装 | C101: 4 | D101: B
A102: 46696 | B102: 电子洒水车 | C102: 4 | D102: A
A103: 47674A | B103: JD LNS圆轮拖拉机 | C103: 2 | D103: KIK
A104: E73858AZ | B104: 浮水马里奥 | C104: 3 | D104: KIK
A105: 47714ATSC | B105: 绿色铲车 | C105: 2 | D105: KIK
A106: 43452PL | B106: 47674PL/47714PL混装 | C106: 4 | D106: KIK
A107: 47023A1 | B107: 工程玩具挖掘机 | C107: 2 | D107: RRM
A108: 47616A | B108: 沙盒建造三件套 | C108: 4 | D108: RRM
A109: 35874VAZ | D109: RRM
A110: 46745V | D110: RRM
A111: 35874A1 | D111: RRM
A112: 37558V2 | D112: RRM
A113: 47616 | B113: 沙盒建造三件套 | C113: 4 | D113: RRM
A114: 47339A | D114: RRM
A115: 47274A | B115: 1#农场朋友混合 | C115: 4 | D115: RRM
A116: 47193B | D116: RRM
A117: 47207A | D117: RRM
A118: 46701V1 | D118: RRM
A119: 47023V1 | B119: 工程玩具挖掘机 | C119: 2 | D119: RRM
A120: 35765C | B120: JD 大铲斗挖掘机 | C120: 2 | D120: RRM
A121: 35766B | B121: JD15 英寸大铲斗自卸卡车 | C121: 2 | D121: RRM
A122: 35766V | B122: JD15 英寸大铲斗自卸卡车 | C122: 2 | D122: RRM
A123: 46510V2 | D123: RRM
A124: 35850CM | D124: RRM
A125: E73855A2 | B125: 马里奥能量蘑菇吸塑混装 | C125: 6 | D125: KIK
A126: E73856AZ | B126: 宝箱马里奥 | C126: 4 | D126: KIK
A127: E73857AZ | B127: 管道马里奥 | C127: 4 | D127: KIK
A128: F5861ML2 | B128: 拉管机 | C128: 3 | D128: RRM
A129: 47023AZ2 | B129: 工程玩具挖掘机 | C129: 2 | D129: RRM
A130: L21010A7 | B130: 盲盒系列兔子 | C130: 6 | D130: KIK
A131: 35874A1J | B131: 沙河交通工具两件套 | C131: 12 | D131: RRM
A132: 35874VAZJ | B132: 沙河交通工具两件套 | C132: 12 | D132: RRM
A133: 47193C | B133: 农场朋友组合 | C133: 4 | D133: RRM

Sheet 总接单
A1: 产品名称 | AF1: E73956/E73956US/E73855A1/E73855US/E73956A1/E73855A2
A2: 接单日期 | B2: 国家 | C2: TOMY PO | D2: CUSTOMER PO | E2: 货号 | F2: 数量 | G2: PO走货期 | H2: L27870TG/L27870B/L27870C | I2: Y2049L/Y2049G1//Y2049G2/Y2049L1 | J2: 46720J | K2: E73622A/E73622AZ | L2: E73622AWM | M2: E73635A | N2: E74062C | O2: E73917C | P2: E73623A1 | Q2: E73636A | R2: 47669/47669TSC/47669TSCA | S2: 47674DG/47674TSC/47674DG2/47674A/47674TSCA | T2: 47674 | U2: T73785EN | V2: E73814C1 | W2: 47600J | X2: 47602J | Y2: 47367J | Z2: 47101J | AA2: 35802J | AB2: E73860C/E73860PL | AC2: 47465J1 | AD2: 47391J | AE2: Y2341C | AF2: E73906/E73906US | AG2: E73907/E73907A/E73907US/E73907A1 | AH2: E73856/E73856AZ | AI2: E73857 | AJ2: 47722A | AK2: 47723A | AL2: 47711A | AM2: 47713A | AN2: 47714A/47714ATSC | AO2: E73705A | AP2: 47023AZ2 | AQ2: 47716A | AR2: 47712A | AS2: E74041BULK/47274J | AT2: 35765D | AU2: 35766C | AV2: E73858/E73858AZ | AW2: L21106 | AX2: L21011 | AY2: 43452PL | AZ2: 47023A1 | BA2: 47616A | BB2: F5861ML2 | BC2: 47193C | BD2: L21010A7 | BE2: 35874A1J | BF2: 47020A1 | BG2: 46510A1 | BH2: L21015 | BI2: L21014 | BJ2: 47207B | BK2: 47339B | BL2: T12694N | BM2: 46701A1 | BN2: L67988A | BO2: 35874VAZJ | BP2: 068266 | BQ2: 单价USD | BR2: 金额USD | BS2: 金额HKD | BT2: 车间
A3: 45772 | B3: 比利时 | C3: 10100602 | D3: 4500031037 | E3: 47669 | F3: 680 | G3: 46015 | R3: =F3 -> 680 | BQ3: 4.906 | BR3: =SUM(H3:BP3)*BQ3 -> 3336.08 | BS3: =BR3*7.75 -> 25854.62 | BT3: =IFERROR(VLOOKUP(E3,名称!A:D,4,FALSE),"") -> KIK
A4: 45772 | B4: 比利时 | C4: 10100602 | D4: 4500031037 | E4: 47669 | F4: =1500-680 -> 820 | G4: 46078 | R4: =F4 -> 820 | BQ4: 4.906 | BR4: =SUM(H4:BP4)*BQ4 -> 4022.92 | BS4: =BR4*7.75 -> 31177.63 | BT4: =IFERROR(VLOOKUP(E4,名称!A:D,4,FALSE),"") -> KIK
A5: 45850 | B5: 澳大利亚 | C5: 10107306 | D5: 20218498 | E5: E73622A | F5: =4000-2200 -> 1800 | G5: 46036 | K5: =F5 -> 1800 | BQ5: 2.199 | BR5: =SUM(H5:BP5)*BQ5 -> 3958.2 | BS5: =BR5*7.75 -> 30676.05 | BT5: =IFERROR(VLOOKUP(E5,名称!A:D,4,FALSE),"") -> KIK
A6: 45862 | B6: 比利时 | C6: 10107795 | D6: 4500031524 | E6: E73855A1 | F6: 7200 | G6: 46029 | AF6: 4800 | AG6: 2400 | BQ6: 1.377 | BR6: =SUM(H6:BP6)*BQ6 -> 9914.4 | BS6: =BR6*7.75 -> 76836.6 | BT6: =IFERROR(VLOOKUP(E6,名称!A:D,4,FALSE),"") -> KIK
A7: 45862 | B7: 比利时 | C7: 10107795 | D7: 4500031524 | E7: E73855A1 | F7: =2802-600 -> 2202 | G7: 46078 | AF7: =F7/6*4 -> 1468 | AG7: =F7/6*2 -> 734 | BQ7: 1.377 | BR7: =SUM(H7:BP7)*BQ7 -> 3032.15 | BS7: =BR7*7.75 -> 23499.16 | BT7: =IFERROR(VLOOKUP(E7,名称!A:D,4,FALSE),"") -> KIK
A8: 45862 | B8: 比利时 | C8: 10107796 | D8: 4500031525 | E8: E73906 | F8: =3600-396 -> 3204 | G8: 46078 | AF8: =F8 -> 3204 | BQ8: 1.422 | BR8: =SUM(H8:BP8)*BQ8 -> 4556.09 | BS8: =BR8*7.75 -> 35309.7 | BT8: =IFERROR(VLOOKUP(E8,名称!A:D,4,FALSE),"") -> KIK
A9: 45862 | B9: 比利时 | C9: 10107796 | D9: 4500031525 | E9: E73907 | F9: =3600-600-1602 -> 1398 | G9: 46029 | AG9: =F9 -> 1398 | BQ9: 1.287 | BR9: =SUM(H9:BP9)*BQ9 -> 1799.23 | BS9: =BR9*7.75 -> 13944.03 | BT9: =IFERROR(VLOOKUP(E9,名称!A:D,4,FALSE),"") -> KIK
A10: 45862 | B10: 比利时 | C10: 10107796 | D10: 4500031525 | E10: E73907 | F10: 1602 | G10: 46029 | AG10: =F10 -> 1602 | BQ10: 1.287 | BR10: =SUM(H10:BP10)*BQ10 -> 2061.77 | BS10: =BR10*7.75 -> 15978.72 | BT10: =IFERROR(VLOOKUP(E10,名称!A:D,4,FALSE),"") -> KIK
A11: 45862 | B11: 比利时 | C11: 10107797 | D11: 4500031526 | E11: E73856 | F11: =10000-1500-3000-2148 -> 3352 | G11: 46029 | AH11: =F11 -> 3352 | BQ11: 2.205 | BR11: =SUM(H11:BP11)*BQ11 -> 7391.16 | BS11: =BR11*7.75 -> 57281.49 | BT11: =IFERROR(VLOOKUP(E11,名称!A:D,4,FALSE),"") -> KIK
A12: 45862 | B12: 比利时 | C12: 10107797 | D12: 4500031526 | E12: E73856 | F12: 1500 | G12: 46029 | AH12: =F12 -> 1500 | BQ12: 2.205 | BR12: =SUM(H12:BP12)*BQ12 -> 3307.5 | BS12: =BR12*7.75 -> 25633.13 | BT12: =IFERROR(VLOOKUP(E12,名称!A:D,4,FALSE),"") -> KIK
A13: 45862 | B13: 比利时 | C13: 10107797 | D13: 4500031526 | E13: E73856 | F13: =3000-52 -> 2948 | G13: 46029 | AH13: =F13 -> 2948 | BQ13: 2.205 | BR13: =SUM(H13:BP13)*BQ13 -> 6500.34 | BS13: =BR13*7.75 -> 50377.64 | BT13: =IFERROR(VLOOKUP(E13,名称!A:D,4,FALSE),"") -> KIK
A14: 45862 | B14: 比利时 | C14: 10107797 | D14: 4500031526 | E14: E73856 | F14: 52 | G14: 46043 | AH14: =F14 -> 52 | BQ14: 2.158 | BR14: =SUM(H14:BP14)*BQ14 -> 112.22 | BS14: =BR14*7.75 -> 869.71 | BT14: =IFERROR(VLOOKUP(E14,名称!A:D,4,FALSE),"") -> KIK
A15: 45862 | B15: 比利时 | C15: 10107797 | D15: 4500031526 | E15: E73856 | F15: =2148-172 -> 1976 | G15: 46078 | AH15: =F15 -> 1976 | BQ15: 2.205 | BR15: =SUM(H15:BP15)*BQ15 -> 4357.08 | BS15: =BR15*7.75 -> 33767.37 | BT15: =IFERROR(VLOOKUP(E15,名称!A:D,4,FALSE),"") -> KIK
A16: 45862 | B16: 比利时 | C16: 10107797 | D16: 4500031526 | E16: E73856 | F16: 172 | G16: 46057 | AH16: =F16 -> 172 | BQ16: 2.158 | BR16: =SUM(H16:BP16)*BQ16 -> 371.18 | BS16: =BR16*7.75 -> 2876.65 | BT16: =IFERROR(VLOOKUP(E16,名称!A:D,4,FALSE),"") -> KIK
A17: 45862 | B17: 比利时 | C17: 10107798 | D17: 4500031527 | E17: E73857 | F17: =1000-52 -> 948 | G17: 46029 | AI17: =F17 -> 948 | BQ17: 3.362 | BR17: =SUM(H17:BP17)*BQ17 -> 3187.18 | BS17: =BR17*7.75 -> 24700.65 | BT17: =IFERROR(VLOOKUP(E17,名称!A:D,4,FALSE),"") -> KIK
A18: 45862 | B18: 比利时 | C18: 10107798 | D18: 4500031527 | E18: E73857 | F18: 52 | G18: 46043 | AI18: =F18 -> 52 | BQ18: 3.216 | BR18: =SUM(H18:BP18)*BQ18 -> 167.23 | BS18: =BR18*7.75 -> 1296.03 | BT18: =IFERROR(VLOOKUP(E18,名称!A:D,4,FALSE),"") -> KIK
A19: 45862 | B19: 比利时 | C19: 10107798 | D19: 4500031527 | E19: E73857 | F19: =6000-1200-1000 -> 3800 | G19: 46036 | AI19: =F19 -> 3800 | BQ19: 3.362 | BR19: =SUM(H19:BP19)*BQ19 -> 12775.6 | BS19: =BR19*7.75 -> 99010.9 | BT19: =IFERROR(VLOOKUP(E19,名称!A:D,4,FALSE),"") -> KIK
A20: 45862 | B20: 比利时 | C20: 10107798 | D20: 4500031527 | E20: E73857 | F20: 172 | G20: 46057 | AI20: =F20 -> 172 | BQ20: 3.216 | BR20: =SUM(H20:BP20)*BQ20 -> 553.15 | BS20: =BR20*7.75 -> 4286.91 | BT20: =IFERROR(VLOOKUP(E20,名称!A:D,4,FALSE),"") -> KIK
A21: 45862 | B21: 比利时 | C21: 10107798 | D21: 4500031527 | E21: E73857 | F21: =1200-172 -> 1028 | G21: 46078 | AI21: =F21 -> 1028 | BQ21: 3.362 | BR21: =SUM(H21:BP21)*BQ21 -> 3456.14 | BS21: =BR21*7.75 -> 26785.09 | BT21: =IFERROR(VLOOKUP(E21,名称!A:D,4,FALSE),"") -> KIK
A22: 45862 | B22: 比利时 | C22: 10107798 | D22: 4500031527 | E22: E73956 | F22: =5500-500-2-54 -> 4944 | G22: 46029 | AF22: =F22/6*3 -> 2472 | AG22: =F22/6*3 -> 2472 | BQ22: 2.339 | BR22: =SUM(H22:BP22)*BQ22 -> 11564.02 | BS22: =BR22*7.75 -> 89621.16 | BT22: =IFERROR(VLOOKUP(E22,名称!A:D,4,FALSE),"") -> KIK
A23: 45862 | B23: 比利时 | C23: 10107798 | D23: 4500031527 | E23: E73956 | F23: 54 | G23: 46043 | AF23: =F23/6*3 -> 27 | AG23: =F23/6*3 -> 27 | BQ23: 2.299 | BR23: =SUM(H23:BP23)*BQ23 -> 124.15 | BS23: =BR23*7.75 -> 962.16 | BT23: =IFERROR(VLOOKUP(E23,名称!A:D,4,FALSE),"") -> KIK
A24: 45862 | B24: 比利时 | C24: 10107799 | D24: 4500031528 | E24: E73855A1 | F24: =1500+600-600 -> 1500 | G24: 46057 | AF24: =F24/6*4 -> 1000 | AG24: =F24/6*2 -> 500 | BQ24: 1.377 | BR24: =SUM(H24:BP24)*BQ24 -> 2065.5 | BS24: =BR24*7.75 -> 16007.63 | BT24: =IFERROR(VLOOKUP(E24,名称!A:D,4,FALSE),"") -> KIK
A25: 45862 | B25: 比利时 | C25: 10107799 | D25: 4500031528 | E25: E73856 | F25: 1000 | G25: 46057 | AH25: =F25 -> 1000 | BQ25: 2.205 | BR25: =SUM(H25:BP25)*BQ25 -> 2205 | BS25: =BR25*7.75 -> 17088.75 | BT25: =IFERROR(VLOOKUP(E25,名称!A:D,4,FALSE),"") -> KIK
A26: 45862 | B26: 比利时 | C26: 10107799 | D26: 4500031528 | E26: E73857 | F26: 1500 | G26: 46057 | AI26: =F26 -> 1500 | BQ26: 3.362 | BR26: =SUM(H26:BP26)*BQ26 -> 5043 | BS26: =BR26*7.75 -> 39083.25 | BT26: =IFERROR(VLOOKUP(E26,名称!A:D,4,FALSE),"") -> KIK
A27: 45868 | B27: 澳大利亚 | C27: 10108133 | D27: 20218536 | E27: E73623A1 | F27: 3000 | G27: 46036 | P27: =F27 -> 3000 | BQ27: 1.398 | BR27: =SUM(H27:BP27)*BQ27 -> 4194 | BS27: =BR27*7.75 -> 32503.5 | BT27: =IFERROR(VLOOKUP(E27,名称!A:D,4,FALSE),"") -> KIK
A28: 45869 | B28: 美国 | C28: 10108291 | D28: 202520972529 | E28: E73855US | F28: 1002 | G28: 46057 | AF28: =F28/6*4 -> 668 | AG28: =F28/6*2 -> 334 | BQ28: 1.311 | BR28: =SUM(H28:BP28)*BQ28 -> 1313.62 | BS28: =BR28*7.75 -> 10180.56 | BT28: =IFERROR(VLOOKUP(E28,名称!A:D,4,FALSE),"") -> KIK
A29: 45869 | B29: 美国 | C29: 10108291 | D29: 202520972529 | E29: E73856 | F29: =6000-1500-2852+4 -> 1652 | G29: 46015 | AH29: =F29 -> 1652 | BQ29: 2.205 | BR29: =SUM(H29:BP29)*BQ29 -> 3642.66 | BS29: =BR29*7.75 -> 28230.62 | BT29: =IFERROR(VLOOKUP(E29,名称!A:D,4,FALSE),"") -> KIK
A30: 45869 | B30: 美国 | C30: 10108291 | D30: 202520972529 | E30: E73856 | F30: 1500 | G30: 46015 | AH30: =F30 -> 1500 | BQ30: 2.205 | BR30: =SUM(H30:BP30)*BQ30 -> 3307.5 | BS30: =BR30*7.75 -> 25633.13 | BT30: =IFERROR(VLOOKUP(E30,名称!A:D,4,FALSE),"") -> KIK
A31: 45869 | B31: 美国 | C31: 10108291 | D31: 202520972529 | E31: E73856 | F31: 2852 | G31: 46050 | AH31: =F31 -> 2852 | BQ31: 2.205 | BR31: =SUM(H31:BP31)*BQ31 -> 6288.66 | BS31: =BR31*7.75 -> 48737.12 | BT31: =IFERROR(VLOOKUP(E31,名称!A:D,4,FALSE),"") -> KIK
A32: 45869 | B32: 美国 | C32: 10108291 | D32: 202520972529 | E32: E73857 | F32: 2000 | G32: 46029 | AI32: =F32 -> 2000 | BQ32: 3.362 | BR32: =SUM(H32:BP32)*BQ32 -> 6724 | BS32: =BR32*7.75 -> 52111 | BT32: =IFERROR(VLOOKUP(E32,名称!A:D,4,FALSE),"") -> KIK
A33: 45869 | B33: 美国 | C33: 10108291 | D33: 202520972529 | E33: E73857 | F33: 1200 | G33: 46043 | AI33: =F33 -> 1200 | BQ33: 3.362 | BR33: =SUM(H33:BP33)*BQ33 -> 4034.4 | BS33: =BR33*7.75 -> 31266.6 | BT33: =IFERROR(VLOOKUP(E33,名称!A:D,4,FALSE),"") -> KIK
A34: 45869 | B34: 美国 | C34: 10108291 | D34: 202520972529 | E34: E73857 | F34: 4800 | G34: 46043 | AI34: =F34 -> 4800 | BQ34: 3.362 | BR34: =SUM(H34:BP34)*BQ34 -> 16137.6 | BS34: =BR34*7.75 -> 125066.4 | BT34: =IFERROR(VLOOKUP(E34,名称!A:D,4,FALSE),"") -> KIK
A35: 45869 | B35: 美国 | C35: 10108291 | D35: 202520972529 | E35: E73906US | F35: =12000-4500-2898-3204+6 -> 1404 | G35: 46015 | AF35: =F35 -> 1404 | BQ35: 1.413 | BR35: =SUM(H35:BP35)*BQ35 -> 1983.85 | BS35: =BR35*7.75 -> 15374.84 | BT35: =IFERROR(VLOOKUP(E35,名称!A:D,4,FALSE),"") -> KIK
A36: 45869 | B36: 美国 | C36: 10108291 | D36: 202520972529 | E36: E73906US | F36: 4500 | G36: 46029 | AF36: =F36 -> 4500 | BQ36: 1.413 | BR36: =SUM(H36:BP36)*BQ36 -> 6358.5 | BS36: =BR36*7.75 -> 49278.38 | BT36: =IFERROR(VLOOKUP(E36,名称!A:D,4,FALSE),"") -> KIK
A37: 45869 | B37: 美国 | C37: 10108291 | D37: 202520972529 | E37: E73906US | F37: 2898 | G37: 46043 | AF37: =F37 -> 2898 | BQ37: 1.413 | BR37: =SUM(H37:BP37)*BQ37 -> 4094.87 | BS37: =BR37*7.75 -> 31735.24 | BT37: =IFERROR(VLOOKUP(E37,名称!A:D,4,FALSE),"") -> KIK
A38: 45869 | B38: 美国 | C38: 10108291 | D38: 202520972529 | E38: E73906US | F38: 3204 | G38: 46050 | AF38: =F38 -> 3204 | BQ38: 1.413 | BR38: =SUM(H38:BP38)*BQ38 -> 4527.25 | BS38: =BR38*7.75 -> 35086.19 | BT38: =IFERROR(VLOOKUP(E38,名称!A:D,4,FALSE),"") -> KIK
A39: 45869 | B39: 美国 | C39: 10108291 | D39: 202520972529 | E39: E73907US | F39: 3000 | G39: 46092 | AG39: =F39 -> 3000 | BQ39: 1.278 | BR39: =SUM(H39:BP39)*BQ39 -> 3834 | BS39: =BR39*7.75 -> 29713.5 | BT39: =IFERROR(VLOOKUP(E39,名称!A:D,4,FALSE),"") -> KIK
A40: 45869 | B40: 美国 | C40: 10108291 | D40: 202520972529 | E40: E73956US | F40: 6000 | G40: 46057 | AF40: =F40/6*3 -> 3000 | AG40: =F40/6*3 -> 3000 | BQ40: 2.33 | BR40: =SUM(H40:BP40)*BQ40 -> 13980 | BS40: =BR40*7.75 -> 108345 | BT40: =IFERROR(VLOOKUP(E40,名称!A:D,4,FALSE),"") -> KIK
A41: 45882 | B41: 澳大利亚 | C41: 10109047 | D41: 20218559 | E41: L27870C | F41: 2502 | G41: 46036 | H41: =F41 -> 2502 | BQ41: 1.133 | BR41: =SUM(H41:BP41)*BQ41 -> 2834.77 | BS41: =BR41*7.75 -> 21969.47 | BT41: =IFERROR(VLOOKUP(E41,名称!A:D,4,FALSE),"") -> KIK
A42: 45882 | B42: 澳大利亚 | C42: 10109048 | D42: 20218578 | E42: L27870C | F42: 2502 | G42: 46113 | H42: =F42 -> 2502 | BQ42: 1.133 | BR42: =SUM(H42:BP42)*BQ42 -> 2834.77 | BS42: =BR42*7.75 -> 21969.47 | BT42: =IFERROR(VLOOKUP(E42,名称!A:D,4,FALSE),"") -> KIK
A43: 45895 | C43: MPO | E43: 马里奥身子搪胶件+帽子 | F43: =30000-2004-2000 -> 25996 | BQ43: 0 | BR43: =SUM(H43:BP43)*BQ43 -> 0 | BS43: =BR43*7.75 -> 0 | BT43: =IFERROR(VLOOKUP(E43,名称!A:D,4,FALSE),"")
A44: 45909 | B44: 阿拉伯 | C44: 10111031 | D44: 56709 | E44: Y2049G2 | F44: 5004 | G44: 46029 | I44: =F44 -> 5004 | BQ44: 0.399 | BR44: =SUM(H44:BP44)*BQ44 -> 1996.6 | BS44: =BR44*7.75 -> 15473.65 | BT44: =IFERROR(VLOOKUP(E44,名称!A:D,4,FALSE),"") -> KIK
A45: 45910 | B45: 澳大利亚 | C45: 10111036 | D45: 20218614 | E45: E73855US | F45: =2004+1200 -> 3204 | G45: 46057 | AF45: =F45/6*4 -> 2136 | AG45: =F45/6*2 -> 1068 | BQ45: 1.311 | BR45: =SUM(H45:BP45)*BQ45 -> 4200.44 | BS45: =BR45*7.75 -> 32553.41 | BT45: =IFERROR(VLOOKUP(E45,名称!A:D,4,FALSE),"") -> KIK
A46: 45910 | B46: 澳大利亚 | C46: 10111036 | D46: 20218614 | E46: E73856 | F46: =2000+1200 -> 3200 | G46: 46036 | AH46: =F46 -> 3200 | BQ46: 2.205 | BR46: =SUM(H46:BP46)*BQ46 -> 7056 | BS46: =BR46*7.75 -> 54684 | BT46: =IFERROR(VLOOKUP(E46,名称!A:D,4,FALSE),"") -> KIK
A47: 45910 | B47: 澳大利亚 | C47: 10111036 | D47: 20218614 | E47: E73857 | F47: =2000+1200 -> 3200 | G47: 46036 | AI47: =F47 -> 3200 | BQ47: 3.362 | BR47: =SUM(H47:BP47)*BQ47 -> 10758.4 | BS47: =BR47*7.75 -> 83377.6 | BT47: =IFERROR(VLOOKUP(E47,名称!A:D,4,FALSE),"") -> KIK
A48: 45937 | B48: 美国 | C48: 10112345 | D48: 202527370027 | E48: Y2341C | F48: 10008 | G48: 46015 | AE48: =F48 -> 10008 | BQ48: 0.963 | BR48: =SUM(H48:BP48)*BQ48 -> 9637.7 | BS48: =BR48*7.75 -> 74692.18 | BT48: =IFERROR(VLOOKUP(E48,名称!A:D,4,FALSE),"") -> KIK
A49: 45937 | B49: 美国 | C49: 10112350 | D49: 202527370034 | E49: L27870C | F49: 5004 | G49: 46015 | H49: =F49 -> 5004 | BQ49: 1.133 | BR49: =SUM(H49:BP49)*BQ49 -> 5669.53 | BS49: =BR49*7.75 -> 43938.86 | BT49: =IFERROR(VLOOKUP(E49,名称!A:D,4,FALSE),"") -> KIK
A50: 45940 | B50: 美国 | C50: 10112725 | D50: 202528170303 | E50: 47367J | F50: 600 | G50: 46092 | Y50: =F50 -> 600 | BQ50: 22.9 | BR50: =SUM(H50:BP50)*BQ50 -> 13740 | BS50: =BR50*7.75 -> 106485 | BT50: =IFERROR(VLOOKUP(E50,名称!A:D,4,FALSE),"") -> KIK
A51: 45940 | B51: 美国 | C51: 10112725 | D51: 202528170303 | E51: 47367J | F51: =2500-600 -> 1900 | G51: 46113 | Y51: =F51 -> 1900 | BQ51: 22.9 | BR51: =SUM(H51:BP51)*BQ51 -> 43510 | BS51: =BR51*7.75 -> 337202.5 | BT51: =IFERROR(VLOOKUP(E51,名称!A:D,4,FALSE),"") -> KIK
A52: 45941 | B52: 美国 | C52: 10112827 | D52: 202528270053 | E52: 47101J | F52: =2500-300-120 -> 2080 | G52: 46092 | Z52: =F52 -> 2080 | BQ52: 29.801 | BR52: =SUM(H52:BP52)*BQ52 -> 61986.08 | BS52: =BR52*7.75 -> 480392.12 | BT52: =IFERROR(VLOOKUP(E52,名称!A:D,4,FALSE),"") -> KIK
A53: 45941 | B53: 澳大利亚 | C53: 10112821 | D53: 20218672 | E53: E73623A1 | F53: 3000 | G53: 46113 | P53: =F53 -> 3000 | BQ53: 1.398 | BR53: =SUM(H53:BP53)*BQ53 -> 4194 | BS53: =BR53*7.75 -> 32503.5 | BT53: =IFERROR(VLOOKUP(E53,名称!A:D,4,FALSE),"") -> KIK
A54: 45944 | B54: 澳大利亚 | C54: 10112872 | D54: 20218687 | E54: 47101J | F54: 120 | G54: 46113 | Z54: =F54 -> 120 | BQ54: 29.801 | BR54: =SUM(H54:BP54)*BQ54 -> 3576.12 | BS54: =BR54*7.75 -> 27714.93 | BT54: =IFERROR(VLOOKUP(E54,名称!A:D,4,FALSE),"") -> KIK
A55: 45947 | C55: MA | E55: 47602J | F55: 2500 | X55: =F55 -> 2500 | BQ55: 0 | BR55: =SUM(H55:BP55)*BQ55 -> 0 | BS55: =BR55*7.75 -> 0 | BT55: =IFERROR(VLOOKUP(E55,名称!A:D,4,FALSE),"") -> KIK
A56: 45947 | C56: MA | E56: 35802J | F56: 2500 | AA56: =F56 -> 2500 | BQ56: 0 | BR56: =SUM(H56:BP56)*BQ56 -> 0 | BS56: =BR56*7.75 -> 0 | BT56: =IFERROR(VLOOKUP(E56,名称!A:D,4,FALSE),"") -> KIK
A57: 45950 | C57: 4500142654 | E57: E73860PL | F57: 8100 | AB57: =F57 -> 8100 | BQ57: 2.354 | BR57: =SUM(H57:BP57)*BQ57 -> 19067.4 | BS57: =BR57*7.75 -> 147772.35 | BT57: =IFERROR(VLOOKUP(E57,名称!A:D,4,FALSE),"") -> KIK
A58: 45951 | C58: MPO | E58: E73622A | F58: =50000-1012-10000-10000+50000-5004-3000-5000-5004-10000-5000 -> 45980 | G58: 46120 | K58: =F58 -> 45980 | BQ58: 0 | BR58: =SUM(H58:BP58)*BQ58 -> 0 | BS58: =BR58*7.75 -> 0 | BT58: =IFERROR(VLOOKUP(E58,名称!A:D,4,FALSE),"") -> KIK
A59: 45953 | B59: 美国 | C59: 10113666 | D59: 202529470439 | E59: E73857 | F59: 5000 | G59: 46050 | AI59: =F59 -> 5000 | BQ59: 3.362 | BR59: =SUM(H59:BP59)*BQ59 -> 16810 | BS59: =BR59*7.75 -> 130277.5 | BT59: =IFERROR(VLOOKUP(E59,名称!A:D,4,FALSE),"") -> KIK
A60: 45960 | B60: 比利时 | C60: 10113958 | D60: 4500031876 | E60: E73857 | F60: 4000 | G60: 46078 | AI60: =F60 -> 4000 | BQ60: 3.362 | BR60: =SUM(H60:BP60)*BQ60 -> 13448 | BS60: =BR60*7.75 -> 104222 | BT60: =IFERROR(VLOOKUP(E60,名称!A:D,4,FALSE),"") -> KIK
A61: 45960 | B61: 比利时 | C61: 10113959 | D61: 4500031877 | E61: E73857 | F61: 1000 | G61: 46057 | AI61: =F61 -> 1000 | BQ61: 3.362 | BR61: =SUM(H61:BP61)*BQ61 -> 3362 | BS61: =BR61*7.75 -> 26055.5 | BT61: =IFERROR(VLOOKUP(E61,名称!A:D,4,FALSE),"") -> KIK
A62: 45960 | B62: 美国 | C62: 10113960 | D62: 202530170064 | E62: 47674 | F62: 5000 | G62: 46050 | S62: =F62 -> 5000 | BQ62: 5.225 | BR62: =SUM(H62:BP62)*BQ62 -> 26125 | BS62: =BR62*7.75 -> 202468.75 | BT62: =IFERROR(VLOOKUP(E62,名称!A:D,4,FALSE),"") -> KIK
A63: 45960 | B63: 美国 | C63: 10113972 | D63: 202530170067 | E63: E73622A | F63: 10000 | G63: 46029 | K63: =F63 -> 10000 | BQ63: 2.199 | BR63: =SUM(H63:BP63)*BQ63 -> 21990 | BS63: =BR63*7.75 -> 170422.5 | BT63: =IFERROR(VLOOKUP(E63,名称!A:D,4,FALSE),"") -> KIK
A64: 45960 | B64: 美国 | C64: 10113975 | D64: 202530170411 | E64: Y2341C | F64: 10008 | G64: 46050 | AE64: =F64 -> 10008 | BQ64: 0.963 | BR64: =SUM(H64:BP64)*BQ64 -> 9637.7 | BS64: =BR64*7.75 -> 74692.18 | BT64: =IFERROR(VLOOKUP(E64,名称!A:D,4,FALSE),"") -> KIK
A65: 45961 | B65: 美国 | C65: 10113988 | D65: 202530170069 | E65: E73906US | F65: 396 | G65: 46050 | AF65: =F65 -> 396 | BQ65: 1.413 | BR65: =SUM(H65:BP65)*BQ65 -> 559.55 | BS65: =BR65*7.75 -> 4336.51 | BT65: =IFERROR(VLOOKUP(E65,名称!A:D,4,FALSE),"") -> KIK
A66: 45961 | B66: 美国 | C66: 10113988 | D66: 202530170069 | E66: E73907US | F66: 600 | G66: 46057 | AG66: =F66 -> 600 | BQ66: 1.278 | BR66: =SUM(H66:BP66)*BQ66 -> 766.8 | BS66: =BR66*7.75 -> 5942.7 | BT66: =IFERROR(VLOOKUP(E66,名称!A:D,4,FALSE),"") -> KIK
A67: 45961 | B67: 美国 | C67: 10113988 | D67: 202530170069 | E67: E73956US | F67: =500+4 -> 504 | G67: 46057 | AF67: =F67/6*3 -> 252 | AG67: =F67/6*3 -> 252 | BQ67: 2.33 | BR67: =SUM(H67:BP67)*BQ67 -> 1174.32 | BS67: =BR67*7.75 -> 9100.98 | BT67: =IFERROR(VLOOKUP(E67,名称!A:D,4,FALSE),"") -> KIK
A68: 45961 | B68: 美国 | C68: 10114215 | D68: 202530370199 | E68: 35802J | F68: 1600 | G68: 46057 | AA68: =F68 -> 1600 | BQ68: 11.9 | BR68: =SUM(H68:BP68)*BQ68 -> 19040 | BS68: =BR68*7.75 -> 147560 | BT68: =IFERROR(VLOOKUP(E68,名称!A:D,4,FALSE),"") -> KIK
A69: 45961 | B69: 美国 | C69: 10114215 | D69: 202530370199 | E69: 35802J | F69: 550 | G69: 46057 | AA69: =F69 -> 550 | BQ69: 11.9 | BR69: =SUM(H69:BP69)*BQ69 -> 6545 | BS69: =BR69*7.75 -> 50723.75 | BT69: =IFERROR(VLOOKUP(E69,名称!A:D,4,FALSE),"") -> KIK
A70: 45961 | B70: 美国 | C70: 10114215 | D70: 202530370199 | E70: 35802J | F70: =2500-1600-550 -> 350 | G70: 46092 | AA70: =F70 -> 350 | BQ70: 11.9 | BR70: =SUM(H70:BP70)*BQ70 -> 4165 | BS70: =BR70*7.75 -> 32278.75 | BT70: =IFERROR(VLOOKUP(E70,名称!A:D,4,FALSE),"") -> KIK
A71: 45975 | B71: 美国 | C71: 10114976 | D71: 202531670068 | E71: 47722A | F71: 3000 | G71: 46113 | AJ71: =F71 -> 3000 | BQ71: 2.994 | BR71: =SUM(H71:BP71)*BQ71 -> 8982 | BS71: =BR71*7.75 -> 69610.5 | BT71: =IFERROR(VLOOKUP(E71,名称!A:D,4,FALSE),"") -> KIK
A72: 45975 | B72: 美国 | C72: 10114976 | D72: 202531670068 | E72: 47723A | F72: =5000-2000 -> 3000 | G72: 46113 | AK72: =F72 -> 3000 | BQ72: 4.956 | BR72: =SUM(H72:BP72)*BQ72 -> 14868 | BS72: =BR72*7.75 -> 115227 | BT72: =IFERROR(VLOOKUP(E72,名称!A:D,4,FALSE),"") -> KIK
A73: 45975 | B73: 澳大利亚 | C73: 10114959 | D73: 20218755 | E73: 47711A | F73: =360+60 -> 420 | G73: 46113 | AL73: =F73 -> 420 | BQ73: 3.886 | BR73: =SUM(H73:BP73)*BQ73 -> 1632.12 | BS73: =BR73*7.75 -> 12648.93 | BT73: =IFERROR(VLOOKUP(E73,名称!A:D,4,FALSE),"") -> KIK
A74: 45975 | B74: 澳大利亚 | C74: 10114959 | D74: 20218755 | E74: 47713A | F74: 240 | G74: 46113 | AM74: =F74 -> 240 | BQ74: 3.816 | BR74: =SUM(H74:BP74)*BQ74 -> 915.84 | BS74: =BR74*7.75 -> 7097.76 | BT74: =IFERROR(VLOOKUP(E74,名称!A:D,4,FALSE),"") -> KIK
A75: 45975 | B75: 澳大利亚 | C75: 10114959 | D75: 20218755 | E75: 47714A | F75: 720 | G75: 46113 | AN75: =F75 -> 720 | BQ75: 6.154 | BR75: =SUM(H75:BP75)*BQ75 -> 4430.88 | BS75: =BR75*7.75 -> 34339.32 | BT75: =IFERROR(VLOOKUP(E75,名称!A:D,4,FALSE),"") -> KIK
A76: 45975 | B76: 澳大利亚 | C76: 10114959 | D76: 20218755 | E76: 47722A | F76: 2000 | G76: 46113 | AJ76: =F76 -> 2000 | BQ76: 2.994 | BR76: =SUM(H76:BP76)*BQ76 -> 5988 | BS76: =BR76*7.75 -> 46407 | BT76: =IFERROR(VLOOKUP(E76,名称!A:D,4,FALSE),"") -> KIK
A77: 45975 | B77: 澳大利亚 | C77: 10114959 | D77: 20218755 | E77: 47723A | F77: 2000 | G77: 46113 | AK77: =F77 -> 2000 | BQ77: 4.956 | BR77: =SUM(H77:BP77)*BQ77 -> 9912 | BS77: =BR77*7.75 -> 76818 | BT77: =IFERROR(VLOOKUP(E77,名称!A:D,4,FALSE),"") -> KIK
A78: 45975 | B78: 美国 | C78: 10114974 | D78: 202531670061 | E78: 47711A | F78: 4640 | G78: 45727 | AL78: =F78 -> 4640 | BQ78: 3.886 | BR78: =SUM(H78:BP78)*BQ78 -> 18031.04 | BS78: =BR78*7.75 -> 139740.56 | BT78: =IFERROR(VLOOKUP(E78,名称!A:D,4,FALSE),"") -> KIK
A79: 45975 | B79: 美国 | C79: 10114974 | D79: 202531670061 | E79: 47713A | F79: 4760 | G79: 45727 | AM79: =F79 -> 4760 | BQ79: 3.816 | BR79: =SUM(H79:BP79)*BQ79 -> 18164.16 | BS79: =BR79*7.75 -> 140772.24 | BT79: =IFERROR(VLOOKUP(E79,名称!A:D,4,FALSE),"") -> KIK
A80: 45975 | B80: 美国 | C80: 10114974 | D80: 202531670061 | E80: 47714A | F80: 4280 | G80: 45727 | AN80: =F80 -> 4280 | BQ80: 6.154 | BR80: =SUM(H80:BP80)*BQ80 -> 26339.12 | BS80: =BR80*7.75 -> 204128.18 | BT80: =IFERROR(VLOOKUP(E80,名称!A:D,4,FALSE),"") -> KIK
A81: 45981 | B81: 美国 | C81: 10115150 | D81: 202530170065 | E81: E73705A | F81: 5000 | G81: 46057 | AO81: =F81 -> 5000 | BQ81: 2.204 | BR81: =SUM(H81:BP81)*BQ81 -> 11020 | BS81: =BR81*7.75 -> 85405 | BT81: =IFERROR(VLOOKUP(E81,名称!A:D,4,FALSE),"") -> KIK
A82: 45981 | B82: 澳大利亚 | C82: 10115166 | D82: 20218779 | E82: E73705A | F82: 1200 | G82: 46057 | AO82: =F82 -> 1200 | BQ82: 2.204 | BR82: =SUM(H82:BP82)*BQ82 -> 2644.8 | BS82: =BR82*7.75 -> 20497.2 | BT82: =IFERROR(VLOOKUP(E82,名称!A:D,4,FALSE),"") -> KIK
A83: 45981 | B83: 美国 | C83: 10115213 | D83: 202532270054 | E83: E73622AWM | F83: =5000-600 -> 4400 | G83: 46043 | L83: =F83 -> 4400 | BQ83: 2.218 | BR83: =SUM(H83:BP83)*BQ83 -> 9759.2 | BS83: =BR83*7.75 -> 75633.8 | BT83: =IFERROR(VLOOKUP(E83,名称!A:D,4,FALSE),"") -> KIK
A84: 45987 | B84: 美国 | C84: 10115577 | D84: 202532872355 | E84: E73856 | F84: =5000-480 -> 4520 | G84: 46092 | AH84: =F84 -> 4520 | BQ84: 2.205 | BR84: =SUM(H84:BP84)*BQ84 -> 9966.6 | BS84: =BR84*7.75 -> 77241.15 | BT84: =IFERROR(VLOOKUP(E84,名称!A:D,4,FALSE),"") -> KIK
A85: 45987 | B85: 美国 | C85: 10115579 | D85: 202532872357 | E85: E73906US | F85: 5004 | G85: 46092 | AF85: =F85 -> 5004 | BQ85: 1.442 | BR85: =SUM(H85:BP85)*BQ85 -> 7215.77 | BS85: =BR85*7.75 -> 55922.22 | BT85: =IFERROR(VLOOKUP(E85,名称!A:D,4,FALSE),"") -> KIK
A86: 45987 | B86: 美国 | C86: 10115579 | D86: 202532872357 | E86: E73907US | F86: =5004-1800 -> 3204 | G86: 46092 | AG86: =F86 -> 3204 | BQ86: 1.304 | BR86: =SUM(H86:BP86)*BQ86 -> 4178.02 | BS86: =BR86*7.75 -> 32379.66 | BT86: =IFERROR(VLOOKUP(E86,名称!A:D,4,FALSE),"") -> KIK
A87: 45994 | B87: 美国 | C87: 10116164 | D87: 202533572277 | E87: 47600J | F87: 2500 | G87: 46113 | W87: =F87 -> 2500 | BQ87: 30.536 | BR87: =SUM(H87:BP87)*BQ87 -> 76340 | BS87: =BR87*7.75 -> 591635 | BT87: =IFERROR(VLOOKUP(E87,名称!A:D,4,FALSE),"") -> KIK
A88: 45995 | B88: 美国 | C88: 10116269 | D88: 202533670077 | E88: E73635A | F88: 5004 | G88: 46050 | M88: =F88 -> 5004 | BQ88: 1.413 | BR88: =SUM(H88:BP88)*BQ88 -> 7070.65 | BS88: =BR88*7.75 -> 54797.54 | BT88: =IFERROR(VLOOKUP(E88,名称!A:D,4,FALSE),"") -> KIK
A89: 45997 | B89: 美国 | C89: 10116495 | D89: 202533770061 | E89: 47716A | F89: 1800 | G89: 46155 | AQ89: =F89 -> 1800 | BQ89: 16.71 | BR89: =SUM(H89:BP89)*BQ89 -> 30078 | BS89: =BR89*7.75 -> 233104.5 | BT89: =IFERROR(VLOOKUP(E89,名称!A:D,4,FALSE),"") -> KIK
A90: 45997 | B90: 美国 | C90: 10116495 | D90: 202533770061 | E90: 47716A | F90: 700 | G90: 46155 | AQ90: =F90 -> 700 | BQ90: 16.71 | BR90: =SUM(H90:BP90)*BQ90 -> 11697 | BS90: =BR90*7.75 -> 90651.75 | BT90: =IFERROR(VLOOKUP(E90,名称!A:D,4,FALSE),"") -> KIK
A91: 45997 | B91: 美国 | C91: 10116494 | D91: 202533770060 | E91: 47712A | F91: 2500 | G91: 46204 | AR91: =F91 -> 2500 | BQ91: 21.352 | BR91: =SUM(H91:BP91)*BQ91 -> 53380 | BS91: =BR91*7.75 -> 413695 | BT91: =IFERROR(VLOOKUP(E91,名称!A:D,4,FALSE),"") -> KIK
A92: 45997 | B92: 比利时 | C92: 10115934 | D92: 4500031985 | E92: E73857 | F92: =2500-600-600 -> 1300 | G92: 46092 | AI92: =F92 -> 1300 | BQ92: 3.43 | BR92: =SUM(H92:BP92)*BQ92 -> 4459 | BS92: =BR92*7.75 -> 34557.25 | BT92: =IFERROR(VLOOKUP(E92,名称!A:D,4,FALSE),"") -> KIK
A93: 45997 | B93: 比利时 | C93: 10115934 | D93: 4500031985 | E93: E73856 | F93: 3600 | G93: 46113 | AH93: =F93 -> 3600 | BQ93: 2.205 | BR93: =SUM(H93:BP93)*BQ93 -> 7938 | BS93: =BR93*7.75 -> 61519.5 | BT93: =IFERROR(VLOOKUP(E93,名称!A:D,4,FALSE),"") -> KIK
A94: 45997 | B94: 比利时 | C94: 10115934 | D94: 4500031985 | E94: E73856 | F94: =5400-4000 -> 1400 | G94: 46113 | AH94: =F94 -> 1400 | BQ94: 2.205 | BR94: =SUM(H94:BP94)*BQ94 -> 3087 | BS94: =BR94*7.75 -> 23924.25 | BT94: =IFERROR(VLOOKUP(E94,名称!A:D,4,FALSE),"") -> KIK
A95: 45997 | B95: 比利时 | C95: 10115934 | D95: 4500031985 | E95: E73857 | F95: 600 | G95: 46113 | AI95: =F95 -> 600 | BQ95: 3.43 | BR95: =SUM(H95:BP95)*BQ95 -> 2058 | BS95: =BR95*7.75 -> 15949.5 | BT95: =IFERROR(VLOOKUP(E95,名称!A:D,4,FALSE),"") -> KIK
A96: 45997 | B96: 比利时 | C96: 10115934 | D96: 4500031985 | E96: E73857 | F96: =2500-2000 -> 500 | G96: 46113 | AI96: =F96 -> 500 | BQ96: 3.43 | BR96: =SUM(H96:BP96)*BQ96 -> 1715 | BS96: =BR96*7.75 -> 13291.25 | BT96: =IFERROR(VLOOKUP(E96,名称!A:D,4,FALSE),"") -> KIK
A97: 45997 | B97: 比利时 | C97: 10115935 | D97: 4500031986 | E97: E73906 | F97: =2100-480 -> 1620 | G97: 46113 | AF97: =F97 -> 1620 | BQ97: 1.451 | BR97: =SUM(H97:BP97)*BQ97 -> 2350.62 | BS97: =BR97*7.75 -> 18217.31 | BT97: =IFERROR(VLOOKUP(E97,名称!A:D,4,FALSE),"") -> KIK
A98: 45997 | B98: 比利时 | C98: 10115935 | D98: 4500031986 | E98: E73907A1 | F98: 1500 | G98: 46113 | AG98: =F98 -> 1500 | BQ98: 1.324 | BR98: =SUM(H98:BP98)*BQ98 -> 1986 | BS98: =BR98*7.75 -> 15391.5 | BT98: =IFERROR(VLOOKUP(E98,名称!A:D,4,FALSE),"") -> KIK
A99: 45997 | B99: 比利时 | C99: 10115935 | D99: 4500031986 | E99: E73956A1 | F99: =1800-1200 -> 600 | G99: 46134 | AF99: =F99/6*3 -> 300 | AG99: =F99/6*3 -> 300 | BQ99: 2.398 | BR99: =SUM(H99:BP99)*BQ99 -> 1438.8 | BS99: =BR99*7.75 -> 11150.7 | BT99: =IFERROR(VLOOKUP(E99,名称!A:D,4,FALSE),"") -> KIK
A100: 45997 | B100: 比利时 | C100: 10115935 | D100: 4500031986 | E100: E73956A1 | F100: 1800 | G100: 46113 | AF100: =F100/6*3 -> 900 | AG100: =F100/6*3 -> 900 | BQ100: 2.398 | BR100: =SUM(H100:BP100)*BQ100 -> 4316.4 | BS100: =BR100*7.75 -> 33452.1 | BT100: =IFERROR(VLOOKUP(E100,名称!A:D,4,FALSE),"") -> KIK
...

Sheet KIK总排期
A1: 接单期 | B1: 提交化学测试 | C1: 国家 | D1: 第三客户名称 | E1: 客跟单 | F1: TOMY PO | G1: CUSTOMER PO | H1: 货号 | I1: 产品名称 | J1: 数量 | K1: 外箱 | L1: 总箱数 | M1: PO走货期 | N1: 验货期 | O1: 实际验货期 | P1: 日期码 | Q1: 箱唛资料 | R1: Spot check | S1: 年报测试 | T1: 客贴纸 | U1: 印尼回复上拉时间 | V1: 印尼回复完成时间 | W1: 箱唛状态 | X1: 备注 | Y1: 单价USD | Z1: 金额USD | AA1: 金额HKD | AB1: 发票号 | AC1: 船期 | AD1: 是否入系统 | AE1: 车间 | AF1: 混装比例 | AG1: 确认采购日期 | AH1: 包材上料时间 | AI1: 塑胶件上料时间 | AJ1: 纸吉 | AK1: PCBA | AL1: 五金 | AM1: 贴纸 | AN1: 仓库复来料时间 | AO1: 接单周期 | AP1: 印尼周期
A2: 45947 | B2: =IF(TODAY()>=A2,IF(R2="","未",""),"") -> 未 | F2: MA | H2: 35802J | I2: =IFERROR(VLOOKUP(H2,名称!A:C,2,0),"") -> 挖土机 | J2: 2500 | K2: =IFERROR(VLOOKUP(H2,名称!A:D,3,0),"") -> 2 | L2: =IFERROR((J2/K2),"") -> 1250 | X2: 内部释放MA | Y2: 0 | Z2: =J2*Y2 -> 0 | AA2: =Z2*7.75 -> 0 | AE2: =IFERROR(VLOOKUP(H2,名称!A:D,4,0),"") -> KIK | AF2: 2025/11/27 | AK2: 45987 | AO2: =M2-A2 -> -45947 | AP2: =M2-AH2 -> 0
A3: 45947 | B3: =IF(TODAY()>=A3,IF(R3="","未",""),"") -> 未 | F3: MA | H3: 47602J | I3: =IFERROR(VLOOKUP(H3,名称!A:C,2,0),"") -> 1:16翻斗车 | J3: 2500 | K3: =IFERROR(VLOOKUP(H3,名称!A:D,3,0),"") -> 4 | L3: =IFERROR((J3/K3),"") -> 625 | X3: 内部释放MA | Y3: 0 | Z3: =J3*Y3 -> 0 | AA3: =Z3*7.75 -> 0 | AE3: =IFERROR(VLOOKUP(H3,名称!A:D,4,0),"") -> KIK | AF3: 45995 | AH3: 46022 | AI3: 45995 | AL3: 45995 | AO3: =M3-A3 -> -45947 | AP3: =M3-AH3 -> -46022
A4: 45951 | B4: =IF(TODAY()>=A4,IF(R4="","未",""),"") -> 未 | F4: MA | H4: E73622A | I4: =IFERROR(VLOOKUP(H4,名称!A:C,2,0),"") -> 布鲁伊家族杯子套装 | J4: =50000-1012-10000-10000+50000-5004-3000-5000-5004-10000-5000 -> 45980 | K4: =IFERROR(VLOOKUP(H4,名称!A:D,3,0),"") -> 4 | L4: =IFERROR((J4/K4),"") -> 11495 | M4: 46120 | N4: =M4-2 -> 46118 | X4: 内部释放MA/塑胶件和喷油 | Y4: 0 | Z4: =J4*Y4 -> 0 | AA4: =Z4*7.75 -> 0 | AE4: =IFERROR(VLOOKUP(H4,名称!A:D,4,0),"") -> KIK | AO4: =M4-A4 -> 169 | AP4: =M4-AH4 -> 46120
A5: 46041 | B5: =IF(TODAY()>=A5,IF(R5="","未",""),"") | C5: 欧美 | F5: MA | H5: E73906 | I5: =IFERROR(VLOOKUP(H5,名称!A:C,2,0),"") -> 马里奥和他的蘑菇 | J5: 22744 | K5: =IFERROR(VLOOKUP(H5,名称!A:D,3,0),"") -> 6 | L5: =IFERROR((J5/K5),"") -> 3790.6667 | M5: 46216 | N5: =M5-2 -> 46214 | R5: 5/25 ok | X5: 内部释放MA/马里奥搪胶喷油 | Y5: 0 | Z5: =J5*Y5 -> 0 | AA5: =Z5*7.75 -> 0 | AE5: =IFERROR(VLOOKUP(H5,名称!A:D,4,0),"") -> KIK | AK5: 无 | AL5: 无 | AO5: =M5-A5 -> 175 | AP5: =M5-AH5 -> 46216
A6: 46044 | B6: =IF(TODAY()>=A6,IF(R6="","未",""),"") | C6: 比利时 | D6: TOMY UK CO LTD | E6: Gary | F6: 10119539 | G6: 4500032198 | H6: L21106 | I6: =IFERROR(VLOOKUP(H6,名称!A:C,2,0),"") -> 盲盒公仔(塑胶毛绒) | J6: 11514 | K6: =IFERROR(VLOOKUP(H6,名称!A:D,3,0),"") -> 6 | L6: =IFERROR((J6/K6),"") -> 1919 | M6: 46190 | N6: =M6-2 -> 46188 | O6: 46184 | P6: D1526RR02 | Q6: 标准唛+TTT+欧盟信息 | R6: 6/5ok | Y6: 3.959 | Z6: =J6*Y6 -> 45583.93 | AA6: =Z6*7.75 -> 353275.46 | AE6: =IFERROR(VLOOKUP(H6,名称!A:D,4,0),"") -> 河源 | AH6: 46135 | AI6: 46129 | AK6: 无 | AL6: 46134 | AN6: 3/23放产 | AO6: =M6-A6 -> 146 | AP6: =M6-AH6 -> 55
A7: 46112 | B7: =IF(TODAY()>=A7,IF(R7="","未",""),"") | C7: 美国 | D7: TOMY INTERNATIONAL INC. | E7: Olivia | F7: 10123756 | G7: 202608570043 | H7: E73857AZ | I7: =IFERROR(VLOOKUP(H7,名称!A:C,2,0),"") -> 管道马里奥 | J7: 5000 | K7: =IFERROR(VLOOKUP(H7,名称!A:D,3,0),"") -> 4 | L7: =IFERROR((J7/K7),"") -> 1250 | M7: 46246 | N7: =M7-2 -> 46244 | O7: 46231 | P7: F1526RR02 | Q7: 标准唛+TTT | R7: 6/9 ok | Y7: 3.354 | Z7: =J7*Y7 -> 16770 | AA7: =Z7*7.75 -> 129967.5 | AE7: =IFERROR(VLOOKUP(H7,名称!A:D,4,0),"") -> KIK | AH7: 彩盒6/16， 吸塑6/24 | AI7: 无 | AK7: 无 | AL7: 无 | AN7: 未放产 | AO7: =M7-A7 -> 134 | AP7: =M7-AH7 -> #VALUE!
A8: 46112 | B8: =IF(TODAY()>=A8,IF(R8="","未",""),"") | C8: 美国 | D8: TOMY INTERNATIONAL INC. | E8: Olivia | F8: 10123756 | G8: 202608570043 | H8: E73856AZ | I8: =IFERROR(VLOOKUP(H8,名称!A:C,2,0),"") -> 宝箱马里奥 | J8: =5000-3000-600 -> 1400 | K8: =IFERROR(VLOOKUP(H8,名称!A:D,3,0),"") -> 4 | L8: =IFERROR((J8/K8),"") -> 350 | M8: 46246 | N8: =M8-2 -> 46244 | O8: 46231 | P8: F1526RR02 | Q8: 标准唛+TTT | R8: 7/7 ok | Y8: 2.15 | Z8: =J8*Y8 -> 3010 | AA8: =Z8*7.75 -> 23327.5 | AE8: =IFERROR(VLOOKUP(H8,名称!A:D,4,0),"") -> KIK | AH8: 46189 | AK8: 无 | AL8: 无 | AN8: 未放产 | AO8: =M8-A8 -> 134 | AP8: =M8-AH8 -> 57
A9: 46098 | B9: =IF(TODAY()>=A9,IF(R9="","未",""),"") | C9: 美国 | D9: TOMY INTERNATIONAL INC. | E9: Olivia | F9: 10119018 | G9: 202601272243 | H9: E73858AZ | I9: =IFERROR(VLOOKUP(H9,名称!A:C,2,0),"") -> 浮水马里奥 | J9: 5001 | K9: =IFERROR(VLOOKUP(H9,名称!A:D,3,0),"") -> 3 | L9: =IFERROR((J9/K9),"") -> 1667 | M9: 46246 | N9: =M9-2 -> 46244 | O9: 46245 | P9: E1526RR02 | Q9: 标准唛+TTT | R9: 7/15 ok | Y9: 2.925 | Z9: =J9*Y9 -> 14627.93 | AA9: =Z9*7.75 -> 113366.46 | AE9: =IFERROR(VLOOKUP(H9,名称!A:D,4,0),"") -> KIK | AH9: 46189 | AI9: 46184 | AK9: 无 | AL9: 46134 | AN9: 未放产 | AO9: =M9-A9 -> 148 | AP9: =M9-AH9 -> 57
A10: 46129 | B10: =IF(TODAY()>=A10,IF(R10="","未",""),"") | C10: 英国 | D10: ARGOS LIMITED | E10: Nancy | F10: 10125316 | G10: 56811 | H10: E73705A | I10: =IFERROR(VLOOKUP(H10,名称!A:C,2,0),"") -> 布鲁伊混装 | J10: 7500 | K10: =IFERROR(VLOOKUP(H10,名称!A:D,3,0),"") -> 4 | L10: =IFERROR((J10/K10),"") -> 1875 | M10: 46239 | N10: =M10-2 -> 46237 | O10: 46237 | P10: G1526RR02 | Q10: 客唛+TTT+欧盟信息 | R10: 6/5ok | X10: 有特殊贴纸 | Y10: 2.115 | Z10: =J10*Y10 -> 15862.5 | AA10: =Z10*7.75 -> 122934.38 | AE10: =IFERROR(VLOOKUP(H10,名称!A:D,4,0),"") -> KIK | AH10: 46149 | AL10: 46149 | AO10: =M10-A10 -> 110 | AP10: =M10-AH10 -> 90
A11: 46135 | B11: =IF(TODAY()>=A11,IF(R11="","未",""),"") | C11: 澳大利亚 | D11: TOMY AUSTRALIA PTY, LTD. | E11: Toby | F11: 10125945 | G11: 20219070 | H11: E73623A1 | I11: =IFERROR(VLOOKUP(H11,名称!A:C,2,0),"") -> 布鲁伊+宾果沐浴玩具混装 | J11: 3000 | K11: =IFERROR(VLOOKUP(H11,名称!A:D,3,0),"") -> 6 | L11: =IFERROR((J11/K11),"") -> 500 | M11: 46239 | N11: =M11-2 -> 46237 | O11: 46237 | P11: G1526RR02 | Q11: 标准唛+TTT | R11: 6/2 ok | Y11: 1.398 | Z11: =J11*Y11 -> 4194 | AA11: =Z11*7.75 -> 32503.5 | AE11: =IFERROR(VLOOKUP(H11,名称!A:D,4,0),"") -> KIK | AH11: 46171 | AI11: 无 | AK11: 无 | AO11: =M11-A11 -> 104 | AP11: =M11-AH11 -> 68
A12: 46135 | B12: =IF(TODAY()>=A12,IF(R12="","未",""),"") | C12: 中国 | D12: TOMY UK CO LTD | E12: Olivia | F12: 10125938 | G12: 4500032691 | H12: E73623A1 | I12: =IFERROR(VLOOKUP(H12,名称!A:C,2,0),"") -> 布鲁伊+宾果沐浴玩具混装 | J12: 504 | K12: =IFERROR(VLOOKUP(H12,名称!A:D,3,0),"") -> 6 | L12: =IFERROR((J12/K12),"") -> 84 | M12: 46253 | N12: =M12-2 -> 46251 | O12: 46237 | P12: G1526RR02 | Q12: 标准唛+TTT+欧盟信息 | R12: 5/20 ok | Y12: 1.398 | Z12: =J12*Y12 -> 704.59 | AA12: =Z12*7.75 -> 5460.57 | AE12: =IFERROR(VLOOKUP(H12,名称!A:D,4,0),"") -> KIK | AH12: 46171 | AI12: 无 | AK12: 无 | AO12: =M12-A12 -> 118 | AP12: =M12-AH12 -> 82
A13: 46135 | B13: =IF(TODAY()>=A13,IF(R13="","未",""),"") | C13: 比利时 | D13: TOMY UK CO LTD | E13: Olivia | F13: 10125936 | G13: 4500032690 | H13: E73623A1 | I13: =IFERROR(VLOOKUP(H13,名称!A:C,2,0),"") -> 布鲁伊+宾果沐浴玩具混装 | J13: 1500 | K13: =IFERROR(VLOOKUP(H13,名称!A:D,3,0),"") -> 6 | L13: =IFERROR((J13/K13),"") -> 250 | M13: 46246 | N13: =M13-2 -> 46244 | O13: 46237 | P13: G1526RR02 | Q13: 标准唛+TTT+欧盟信息 | R13: 5/20 ok | Y13: 1.398 | Z13: =J13*Y13 -> 2097 | AA13: =Z13*7.75 -> 16251.75 | AE13: =IFERROR(VLOOKUP(H13,名称!A:D,4,0),"") -> KIK | AH13: 46171 | AI13: 无 | AK13: 无 | AO13: =M13-A13 -> 111 | AP13: =M13-AH13 -> 75
A14: 46149 | B14: =IF(TODAY()>=A14,IF(R14="","未",""),"") | C14: 比利时 | D14: TOMY UK CO LTD | E14: Olivia | F14: 10126801 | G14: 4500032770 | H14: E73705A | I14: =IFERROR(VLOOKUP(H14,名称!A:C,2,0),"") -> 布鲁伊混装 | J14: 2360 | K14: =IFERROR(VLOOKUP(H14,名称!A:D,3,0),"") -> 4 | L14: =IFERROR((J14/K14),"") -> 590 | M14: 46246 | N14: =M14-2 -> 46244 | O14: 46237 | P14: G1526RR02 | Q14: 标准唛+TTT+欧盟信息 | R14: 5/20 ok | Y14: 2.204 | Z14: =J14*Y14 -> 5201.44 | AA14: =Z14*7.75 -> 40311.16 | AE14: =IFERROR(VLOOKUP(H14,名称!A:D,4,0),"") -> KIK | AH14: 46171 | AL14: 46171 | AN14: 46170 | AO14: =M14-A14 -> 97 | AP14: =M14-AH14 -> 75
A15: 46162 | B15: =IF(TODAY()>=A15,IF(R15="","未",""),"") | C15: 中国 | D15: TOMY UK CO LTD | E15: Warren | F15: 10127804 | G15: 4500032849 | H15: E73705A | I15: =IFERROR(VLOOKUP(H15,名称!A:C,2,0),"") -> 布鲁伊混装 | J15: 480 | K15: =IFERROR(VLOOKUP(H15,名称!A:D,3,0),"") -> 4 | L15: =IFERROR((J15/K15),"") -> 120 | M15: 46253 | N15: =M15-2 -> 46251 | O15: 46237 | P15: G1526RR02 | Q15: 标准唛+TTT+欧盟信息 | R15: 6/2 ok | X15: 从PO10126801转入 | Y15: 2.204 | Z15: =J15*Y15 -> 1057.92 | AA15: =Z15*7.75 -> 8198.88 | AE15: =IFERROR(VLOOKUP(H15,名称!A:D,4,0),"") -> KIK | AH15: 46171 | AL15: 46171 | AO15: =M15-A15 -> 91 | AP15: =M15-AH15 -> 82
A16: 46028 | B16: =IF(TODAY()>=A16,IF(R16="","未",""),"") | C16: 澳大利亚 | D16: TOMY AUSTRALIA PTY, LTD. | E16: Toby | F16: 10118393 | G16: 20218861 | H16: E73622A | I16: =IFERROR(VLOOKUP(H16,名称!A:C,2,0),"") -> 布鲁伊家族杯子套装 | J16: 3000 | K16: =IFERROR(VLOOKUP(H16,名称!A:D,3,0),"") -> 4 | L16: =IFERROR((J16/K16),"") -> 750 | M16: 46288 | N16: =M16-2 -> 46286 | P16: D1526RR02 | Q16: 标准唛+TTT | R16: 5/29ok | S16: 4/1 ok | Y16: 2.199 | Z16: =J16*Y16 -> 6597 | AA16: =Z16*7.75 -> 51126.75 | AE16: =IFERROR(VLOOKUP(H16,名称!A:D,4,0),"") -> KIK | AH16: 46067 | AI16: 无 | AK16: 无 | AL16: 无 | AO16: =M16-A16 -> 260 | AP16: =M16-AH16 -> 221
A17: 46163 | B17: =IF(TODAY()>=A17,IF(R17="","未",""),"") | C17: 美国 | D17: TOMY INTERNATIONAL INC. | E17: Olivia | F17: 10127831 | G17: PO-000000746 | H17: Y2049L1 | I17: =IFERROR(VLOOKUP(H17,名称!A:C,2,0),"") -> 锁匙 | J17: 10008 | K17: =IFERROR(VLOOKUP(H17,名称!A:D,3,0),"") -> 36 | L17: =IFERROR((J17/K17),"") -> 278 | M17: 46246 | N17: =M17-2 -> 46244 | O17: 46245 | P17: G1526RR02 | Q17: 标准唛+TTT | R17: 6/22 ok | Y17: 0.324 | Z17: =J17*Y17 -> 3242.59 | AA17: =Z17*7.75 -> 25130.07 | AE17: =IFERROR(VLOOKUP(H17,名称!A:D,4,0),"") -> KIK | AH17: 46184 | AI17: 无 | AK17: 无 | AL17: 无 | AO17: =M17-A17 -> 83 | AP17: =M17-AH17 -> 62
A18: 46164 | B18: =IF(TODAY()>=A18,IF(R18="","未",""),"") | C18: 美国 | D18: TOMY INTERNATIONAL INC. | E18: Olivia | F18: 10127866 | G18: PO-000000943 | H18: Y2341C | I18: =IFERROR(VLOOKUP(H18,名称!A:C,2,0),"") -> 杯子 | J18: =10008+10008 -> 20016 | K18: =IFERROR(VLOOKUP(H18,名称!A:D,3,0),"") -> 18 | L18: =IFERROR((J18/K18),"") -> 1112 | M18: 46246 | N18: =M18-2 -> 46244 | O18: 46245 | P18: G1526RR02 | Q18: 标准唛+TTT | R18: 6/22ok | Y18: 0.963 | Z18: =J18*Y18 -> 19275.41 | AA18: =Z18*7.75 -> 149384.43 | AE18: =IFERROR(VLOOKUP(H18,名称!A:D,4,0),"") -> KIK | AH18: 46197 | AI18: 无 | AJ18: 46220 | AK18: 无 | AL18: 无 | AO18: =M18-A18 -> 82 | AP18: =M18-AH18 -> 49
A19: 46137 | B19: =IF(TODAY()>=A19,IF(R19="","未",""),"") | C19: 英国 | D19: TOMY UK CO LTD | E19: Warren | F19: 10126125 | G19: 4500032727 | H19: 47674A | I19: =IFERROR(VLOOKUP(H19,名称!A:C,2,0),"") -> JD LNS圆轮拖拉机 | J19: 400 | K19: =IFERROR(VLOOKUP(H19,名称!A:D,3,0),"") -> 2 | L19: =IFERROR((J19/K19),"") -> 200 | M19: 46253 | N19: =M19-2 -> 46251 | O19: 46245 | P19: G1526RR02 | Q19: 标准唛+TTT+欧盟信息 | R19: 5/25 ok | T19: 有JD贴纸 | Y19: 4.792 | Z19: =J19*Y19 -> 1916.8 | AA19: =Z19*7.75 -> 14855.2 | AE19: =IFERROR(VLOOKUP(H19,名称!A:D,4,0),"") -> KIK | AH19: 46189 | AI19: 无 | AK19: 已上 | AL19: 46184 | AN19: 46191 | AO19: =M19-A19 -> 116 | AP19: =M19-AH19 -> 64
A20: 46156 | B20: =IF(TODAY()>=A20,IF(R20="","未",""),"") | C20: 英国 | D20: TOMY UK CO LTD | E20: Nancy | F20: 10127402 | G20: 4500032826 | H20: 47674A | I20: =IFERROR(VLOOKUP(H20,名称!A:C,2,0),"") -> JD LNS圆轮拖拉机 | J20: 400 | K20: =IFERROR(VLOOKUP(H20,名称!A:D,3,0),"") -> 2 | L20: =IFERROR((J20/K20),"") -> 200 | M20: 46253 | N20: =M20-2 -> 46251 | O20: 46245 | P20: G1526RR02 | Q20: 标准唛+TTT+欧盟信息 | R20: 5/25 ok | T20: 有JD贴纸 | Y20: 4.792 | Z20: =J20*Y20 -> 1916.8 | AA20: =Z20*7.75 -> 14855.2 | AE20: =IFERROR(VLOOKUP(H20,名称!A:D,4,0),"") -> KIK | AH20: 46189 | AI20: 无 | AK20: 46197 | AL20: 46184 | AN20: 46191 | AO20: =M20-A20 -> 97 | AP20: =M20-AH20 -> 64
A21: 46179 | B21: =IF(TODAY()>=A21,IF(R21="","未",""),"") | C21: 美国 | D21: TOMY INTERNATIONAL INC. | E21: Olivia | F21: 10129047 | G21: PO-000001294 | H21: E73622AZ | I21: =IFERROR(VLOOKUP(H21,名称!A:C,2,0),"") -> 布鲁伊家族沐浴玩具 | J21: 5004 | K21: 6 | L21: =IFERROR((J21/K21),"") -> 834 | M21: 46253 | N21: =M21-2 -> 46251 | O21: 预计8/19 | P21: G1526RR02 | Q21: 标准唛+TTT | R21: 7/31 ok | Y21: 2.001 | Z21: =J21*Y21 -> 10013 | AA21: =Z21*7.75 -> 77600.75 | AH21: 46197 | AI21: 无 | AK21: 无 | AL21: 无 | AO21: =M21-A21 -> 74 | AP21: =M21-AH21 -> 56
A22: 46205 | B22: =IF(TODAY()>=A22,IF(R22="","未",""),"") | C22: 美国 | D22: NEWTON BUYING CORP. (T.J.MAXX) | E22: Olivia | F22: 10131168 | G22: 80 527344 | H22: E73622A | I22: =IFERROR(VLOOKUP(H22,名称!A:C,2,0),"") -> 布鲁伊家族杯子套装 | J22: 248 | K22: 4 | L22: =IFERROR((J22/K22),"") -> 62 | M22: 2026/8/19周三 | N22: 46251 | O22: 预计8/19 | P22: G1526RR02 | Q22: 客唛7/27确认 | R22: 7/31 ok | T22: 有价钱贴纸 | X22: 使用PO#10129047的物料 | Y22: 2.199 | Z22: =J22*Y22 -> 545.35 | AA22: =Z22*7.75 -> 4226.46 | AE22: =IFERROR(VLOOKUP(H22,名称!A:D,4,0),"") -> KIK | AH22: 46221 | AI22: 无 | AK22: 无 | AL22: 无 | AO22: =M22-A22 -> #VALUE! | AP22: =M22-AH22 -> #VALUE!
A23: 46205 | B23: =IF(TODAY()>=A23,IF(R23="","未",""),"") | C23: 美国 | D23: MARSHALLS OF MA, INC | E23: Olivia | F23: 10131170 | G23: 01 527336 | H23: E73622A | I23: =IFERROR(VLOOKUP(H23,名称!A:C,2,0),"") -> 布鲁伊家族杯子套装 | J23: 1032 | K23: 4 | L23: =IFERROR((J23/K23),"") -> 258 | M23: 2026/8/19周三 | N23: 46251 | O23: 预计8/19 | P23: G1526RR02 | Q23: 客唛7/27确认 | R23: 7/31 ok | T23: 有价钱贴纸 | X23: 使用PO#10129047的物料 | Y23: 2.199 | Z23: =J23*Y23 -> 2269.37 | AA23: =Z23*7.75 -> 17587.62 | AE23: =IFERROR(VLOOKUP(H23,名称!A:D,4,0),"") -> KIK | AH23: 46221 | AI23: 无 | AK23: 无 | AL23: 无 | AO23: =M23-A23 -> #VALUE! | AP23: =M23-AH23 -> #VALUE!
A24: 46205 | B24: =IF(TODAY()>=A24,IF(R24="","未",""),"") | C24: 美国 | D24: MARSHALLS OF MA, INC | E24: Olivia | F24: 10131172 | G24: 04 527336 | H24: E73622A | I24: =IFERROR(VLOOKUP(H24,名称!A:C,2,0),"") -> 布鲁伊家族杯子套装 | J24: 812 | K24: 4 | L24: =IFERROR((J24/K24),"") -> 203 | M24: 2026/8/19周三 | N24: 46251 | O24: 预计8/19 | P24: G1526RR02 | Q24: 客唛7/27确认 | R24: 7/31 ok | T24: 有价钱贴纸 | X24: 使用PO#10129047的物料 | Y24: 2.199 | Z24: =J24*Y24 -> 1785.59 | AA24: =Z24*7.75 -> 13838.32 | AE24: =IFERROR(VLOOKUP(H24,名称!A:D,4,0),"") -> KIK | AH24: 46221 | AI24: 无 | AK24: 无 | AL24: 无 | AO24: =M24-A24 -> #VALUE! | AP24: =M24-AH24 -> #VALUE!
A25: 46205 | B25: =IF(TODAY()>=A25,IF(R25="","未",""),"") | C25: 美国 | D25: MARSHALLS OF MA, INC | E25: Olivia | F25: 10131173 | G25: 06 527336 | H25: E73622A | I25: =IFERROR(VLOOKUP(H25,名称!A:C,2,0),"") -> 布鲁伊家族杯子套装 | J25: 1352 | K25: 4 | L25: =IFERROR((J25/K25),"") -> 338 | M25: 2026/8/19周三 | N25: 46251 | O25: 预计8/19 | P25: G1526RR02 | Q25: 客唛7/27确认 | R25: 7/31 ok | T25: 有价钱贴纸 | X25: 使用PO#10129047的物料 | Y25: 2.199 | Z25: =J25*Y25 -> 2973.05 | AA25: =Z25*7.75 -> 23041.14 | AE25: =IFERROR(VLOOKUP(H25,名称!A:D,4,0),"") -> KIK | AH25: 46221 | AI25: 无 | AK25: 无 | AL25: 无 | AO25: =M25-A25 -> #VALUE! | AP25: =M25-AH25 -> #VALUE!
A26: 46205 | B26: =IF(TODAY()>=A26,IF(R26="","未",""),"") | C26: 美国 | D26: MARSHALLS OF MA, INC | E26: Olivia | F26: 10131174 | G26: 07 527336 | H26: E73622A | I26: =IFERROR(VLOOKUP(H26,名称!A:C,2,0),"") -> 布鲁伊家族杯子套装 | J26: 1120 | K26: 4 | L26: =IFERROR((J26/K26),"") -> 280 | M26: 2026/8/19周三 | N26: 46251 | O26: 预计8/19 | P26: G1526RR02 | Q26: 客唛7/27确认 | R26: 7/31 ok | T26: 有价钱贴纸 | X26: 使用PO#10129047的物料 | Y26: 2.199 | Z26: =J26*Y26 -> 2462.88 | AA26: =Z26*7.75 -> 19087.32 | AE26: =IFERROR(VLOOKUP(H26,名称!A:D,4,0),"") -> KIK | AH26: 46221 | AI26: 无 | AK26: 无 | AL26: 无 | AO26: =M26-A26 -> #VALUE! | AP26: =M26-AH26 -> #VALUE!
A27: 46205 | B27: =IF(TODAY()>=A27,IF(R27="","未",""),"") | C27: 美国 | D27: MARSHALLS OF MA, INC | E27: Olivia | F27: 10131175 | G27: 08 527336 | H27: E73622A | I27: =IFERROR(VLOOKUP(H27,名称!A:C,2,0),"") -> 布鲁伊家族杯子套装 | J27: 484 | K27: 4 | L27: =IFERROR((J27/K27),"") -> 121 | M27: 2026/8/19周三 | N27: 46251 | O27: 预计8/19 | P27: G1526RR02 | Q27: 客唛7/27确认 | R27: 7/31 ok | T27: 有价钱贴纸 | X27: 使用PO#10129047的物料 | Y27: 2.199 | Z27: =J27*Y27 -> 1064.32 | AA27: =Z27*7.75 -> 8248.48 | AE27: =IFERROR(VLOOKUP(H27,名称!A:D,4,0),"") -> KIK | AH27: 46221 | AI27: 无 | AK27: 无 | AL27: 无 | AO27: =M27-A27 -> #VALUE! | AP27: =M27-AH27 -> #VALUE!
A28: 46179 | B28: =IF(TODAY()>=A28,IF(R28="","未",""),"") | C28: 美国 | D28: TOMY INTERNATIONAL INC. | E28: Olivia | F28: 10129074 | G28: PO-000001299 | H28: Y2341C | I28: =IFERROR(VLOOKUP(H28,名称!A:C,2,0),"") -> 杯子 | J28: 10008 | K28: 3 | L28: =IFERROR((J28/K28),"") -> 3336 | M28: 46260 | N28: =M28-2 -> 46258 | P28: G1526RR02 | Q28: 标准唛+TTT | R28: 6/25 ok | Y28: 0.963 | Z28: =J28*Y28 -> 9637.7 | AA28: =Z28*7.75 -> 74692.18 | AE28: =IFERROR(VLOOKUP(H28,名称!A:D,4,0),"") -> KIK | AH28: 46184 | AI28: 无 | AJ28: 46220 | AK28: 无 | AL28: 无 | AO28: =M28-A28 -> 81 | AP28: =M28-AH28 -> 76
A29: 46179 | B29: =IF(TODAY()>=A29,IF(R29="","未",""),"") | C29: 美国 | D29: TOMY INTERNATIONAL INC. | E29: Olivia | F29: 10129047 | G29: PO-000001294 | H29: E73705A | I29: =IFERROR(VLOOKUP(H29,名称!A:C,2,0),"") -> 布鲁伊混装 | J29: 5000 | K29: 4 | L29: =IFERROR((J29/K29),"") -> 1250 | M29: 46260 | N29: =M29-2 -> 46258 | P29: G1526RR02 | Q29: 标准唛+TTT | R29: 7/30 ok | Y29: 2.204 | Z29: =J29*Y29 -> 11020 | AA29: =Z29*7.75 -> 85405 | AH29: 46197 | AL29: 46197 | AO29: =M29-A29 -> 81 | AP29: =M29-AH29 -> 63
A30: 46205 | B30: =IF(TODAY()>=A30,IF(R30="","未",""),"") | C30: 美国 | D30: NEWTON BUYING CORP. (T.J.MAXX) | E30: Olivia | F30: 10131164 | G30: 60 527344 | H30: E73622A | I30: =IFERROR(VLOOKUP(H30,名称!A:C,2,0),"") -> 布鲁伊家族杯子套装 | J30: 648 | K30: 4 | L30: =IFERROR((J30/K30),"") -> 162 | M30: 46260 | N30: =M30-2 -> 46258 | O30: 预计8/26 | P30: G1526RR02 | Q30: 客唛7/27确认 | R30: 7/31 ok | T30: 有价钱贴纸 | Y30: 2.199 | Z30: =J30*Y30 -> 1424.95 | AA30: =Z30*7.75 -> 11043.36 | AE30: =IFERROR(VLOOKUP(H30,名称!A:D,4,0),"") -> KIK | AH30: 46221 | AI30: 无 | AK30: 无 | AL30: 无 | AO30: =M30-A30 -> 55 | AP30: =M30-AH30 -> 39
A31: 46205 | B31: =IF(TODAY()>=A31,IF(R31="","未",""),"") | C31: 美国 | D31: NEWTON BUYING CORP. (T.J.MAXX) | E31: Olivia | F31: 10131166 | G31: 70 527344 | H31: E73622A | I31: =IFERROR(VLOOKUP(H31,名称!A:C,2,0),"") -> 布鲁伊家族杯子套装 | J31: 2288 | K31: 4 | L31: =IFERROR((J31/K31),"") -> 572 | M31: 46260 | N31: =M31-2 -> 46258 | O31: 预计8/26 | P31: G1526RR02 | Q31: 客唛7/27确认 | R31: 7/31 ok | T31: 有价钱贴纸 | Y31: 2.199 | Z31: =J31*Y31 -> 5031.31 | AA31: =Z31*7.75 -> 38992.65 | AE31: =IFERROR(VLOOKUP(H31,名称!A:D,4,0),"") -> KIK | AH31: 46221 | AI31: 无 | AK31: 无 | AL31: 无 | AO31: =M31-A31 -> 55 | AP31: =M31-AH31 -> 39
A32: 46205 | B32: =IF(TODAY()>=A32,IF(R32="","未",""),"") | C32: 美国 | D32: NEWTON BUYING CORP. (T.J.MAXX) | E32: Olivia | F32: 10131161 | G32: 10 527344 | H32: E73622A | I32: =IFERROR(VLOOKUP(H32,名称!A:C,2,0),"") -> 布鲁伊家族杯子套装 | J32: 1232 | K32: 4 | L32: =IFERROR((J32/K32),"") -> 308 | M32: 46260 | N32: =M32-2 -> 46258 | O32: 预计8/26 | P32: G1526RR02 | Q32: 客唛7/27确认 | R32: 7/31 ok | T32: 有价钱贴纸 | Y32: 2.199 | Z32: =J32*Y32 -> 2709.17 | AA32: =Z32*7.75 -> 20996.07 | AE32: =IFERROR(VLOOKUP(H32,名称!A:D,4,0),"") -> KIK | AH32: 46221 | AI32: 无 | AK32: 无 | AL32: 无 | AO32: =M32-A32 -> 55 | AP32: =M32-AH32 -> 39
A33: 46205 | B33: =IF(TODAY()>=A33,IF(R33="","未",""),"") | C33: 美国 | D33: NEWTON BUYING CORP. (T.J.MAXX) | E33: Olivia | F33: 10131163 | G33: 40 527344 | H33: E73622A | I33: =IFERROR(VLOOKUP(H33,名称!A:C,2,0),"") -> 布鲁伊家族杯子套装 | J33: 784 | K33: 4 | L33: =IFERROR((J33/K33),"") -> 196 | M33: 46260 | N33: =M33-2 -> 46258 | O33: 预计8/26 | P33: G1526RR02 | Q33: 客唛7/27确认 | R33: 7/31 ok | T33: 有价钱贴纸 | Y33: 2.199 | Z33: =J33*Y33 -> 1724.02 | AA33: =Z33*7.75 -> 13361.16 | AE33: =IFERROR(VLOOKUP(H33,名称!A:D,4,0),"") -> KIK | AH33: 46221 | AI33: 无 | AK33: 无 | AL33: 无 | AO33: =M33-A33 -> 55 | AP33: =M33-AH33 -> 39
A34: 46176 | B34: =IF(TODAY()>=A34,IF(R34="","未",""),"") | C34: 日本 | D34: TOMY COMPANY, LTD. | E34: Angel | F34: 10128185 | G34: 2.0260522e+19 | H34: 995135(E73857) | I34: =IFERROR(VLOOKUP(H34,名称!A:C,2,0),"") -> 管道马里奥 | J34: 1500 | K34: 4 | L34: =IFERROR((J34/K34),"") -> 375 | M34: 46265 | N34: =M34-2 -> 46263 | P34: G1526 | Q34: 客唛 | R34: 7/31 寄出 | X34: 印尼的旧彩盒可以使用，但是一箱里面不能出现两种彩盒 | Y34: 3.703 | Z34: =J34*Y34 -> 5554.5 | AA34: =Z34*7.75 -> 43047.38 | AE34: =IFERROR(VLOOKUP(H34,名称!A:D,4,0),"") -> KIK | AH34: 46212 | AI34: 无 | AJ34: 纸箱7/17 | AK34: 无 | AL34: 无 | AN34: 46219 | AO34: =M34-A34 -> 89 | AP34: =M34-AH34 -> 53
A35: 46176 | B35: =IF(TODAY()>=A35,IF(R35="","未",""),"") | C35: 日本 | D35: TOMY COMPANY, LTD. | E35: Angel | F35: 10128185 | G35: 2.0260522e+19 | H35: 995135(E73857) | I35: =IFERROR(VLOOKUP(H35,名称!A:C,2,0),"") -> 管道马里奥 | J35: 4500 | K35: 4 | L35: =IFERROR((J35/K35),"") -> 1125 | M35: 46265 | N35: =M35-2 -> 46263 | P35: G1526 | Q35: 客唛 | R35: 7/31 寄出 | X35: 印尼的旧彩盒可以使用，但是一箱里面不能出现两种彩盒 | Y35: 3.703 | Z35: =J35*Y35 -> 16663.5 | AA35: =Z35*7.75 -> 129142.13 | AE35: =IFERROR(VLOOKUP(H35,名称!A:D,4,0),"") -> KIK | AH35: 46212 | AI35: 无 | AJ35: 纸箱7/17 | AK35: 无 | AL35: 无 | AN35: 46219 | AO35: =M35-A35 -> 89 | AP35: =M35-AH35 -> 53
A36: 46136 | B36: =IF(TODAY()>=A36,IF(R36="","未",""),"") | C36: 澳大利亚 | D36: TOMY AUSTRALIA PTY, LTD. | E36: Toby | F36: 10125937 | G36: 20219073 | H36: E73857 | I36: =IFERROR(VLOOKUP(H36,名称!A:C,2,0),"") -> 管道马里奥 | J36: 3000 | K36: =IFERROR(VLOOKUP(H36,名称!A:D,3,0),"") -> 4 | L36: =IFERROR((J36/K36),"") -> 750 | M36: 46267 | N36: =M36-2 -> 46265 | P36: H1426RR02 | Q36: 标准唛+TTT | R36: 6/9 ok | Y36: 3.43 | Z36: =J36*Y36 -> 10290 | AA36: =Z36*7.75 -> 79747.5 | AE36: =IFERROR(VLOOKUP(H36,名称!A:D,4,0),"") -> KIK | AH36: 46163 | AI36: 无 | AK36: 无 | AL36: 无 | AN36: 46163 | AO36: =M36-A36 -> 131 | AP36: =M36-AH36 -> 104
A37: 46136 | B37: =IF(TODAY()>=A37,IF(R37="","未",""),"") | C37: 澳大利亚 | D37: TOMY AUSTRALIA PTY, LTD. | E37: Toby | F37: 10125937 | G37: 20219073 | H37: E73856 | I37: =IFERROR(VLOOKUP(H37,名称!A:C,2,0),"") -> 宝箱马里奥 | J37: 1500 | K37: =IFERROR(VLOOKUP(H37,名称!A:D,3,0),"") -> 4 | L37: =IFERROR((J37/K37),"") -> 375 | M37: 46267 | N37: =M37-2 -> 46265 | P37: H1426RR02 | Q37: 标准唛+TTT | R37: 6/9 ok | Y37: 2.25 | Z37: =J37*Y37 -> 3375 | AA37: =Z37*7.75 -> 26156.25 | AE37: =IFERROR(VLOOKUP(H37,名称!A:D,4,0),"") -> KIK | AH37: 消耗取消单 10115934 | AK37: 无 | AL37: 无 | AN37: 待定/客人预计取消 | AO37: =M37-A37 -> 131 | AP37: =M37-AH37 -> #VALUE!
A38: 46136 | B38: =IF(TODAY()>=A38,IF(R38="","未",""),"") | C38: 澳大利亚 | D38: TOMY AUSTRALIA PTY, LTD. | E38: Toby | F38: 10125937 | G38: 20219073 | H38: E73855A2 | I38: =IFERROR(VLOOKUP(H38,名称!A:C,2,0),"") -> 马里奥能量蘑菇吸塑混装 | J38: 3000 | K38: =IFERROR(VLOOKUP(H38,名称!A:D,3,0),"") -> 6 | L38: =IFERROR((J38/K38),"") -> 500 | M38: 46267 | N38: =M38-2 -> 46265 | P38: H1426RR02 | Q38: 标准唛+TTT | R38: 7/2 ok | X38: 从po10123689/10123756各转入1500PCS | Y38: 1.405 | Z38: =J38*Y38 -> 4215 | AA38: =Z38*7.75 -> 32666.25 | AE38: =IFERROR(VLOOKUP(H38,名称!A:D,4,0),"") -> KIK | AH38: 46134 | AK38: 无 | AL38: 无 | AO38: =M38-A38 -> 131 | AP38: =M38-AH38 -> 133
A39: 46170 | B39: =IF(TODAY()>=A39,IF(R39="","未",""),"") | C39: 美国 | D39: TOMY INTERNATIONAL INC. | E39: Olivia | F39: 10128336 | G39: PO-000001105 | H39: E73856AZ | I39: =IFERROR(VLOOKUP(H39,名称!A:C,2,0),"") -> 宝箱马里奥 | J39: 5000 | K39: 4 | L39: =IFERROR((J39/K39),"") -> 1250 | M39: 46267 | N39: =M39-2 -> 46265 | P39: G1526RR02 | Q39: 标准唛+TTT | R39: 7/7 ok | Y39: 2.15 | Z39: =J39*Y39 -> 10750 | AA39: =Z39*7.75 -> 83312.5 | AE39: =IFERROR(VLOOKUP(H39,名称!A:D,4,0),"") -> KIK | AH39: 46189 | AK39: 无 | AL39: 无 | AO39: =M39-A39 -> 97 | AP39: =M39-AH39 -> 78
A40: 46170 | B40: =IF(TODAY()>=A40,IF(R40="","未",""),"") | C40: 美国 | D40: TOMY INTERNATIONAL INC. | E40: Olivia | F40: 10128336 | G40: PO-000001105 | H40: E73858 | I40: =IFERROR(VLOOKUP(H40,名称!A:C,2,0),"") -> 浮水马里奥 | J40: 5001 | K40: 3 | L40: =IFERROR((J40/K40),"") -> 1667 | M40: 46267 | N40: =M40-2 -> 46265 | P40: H1426RR02 | Q40: 标准唛+TTT | R40: 8/3 寄出 | Y40: 3.182 | Z40: =J40*Y40 -> 15913.18 | AA40: =Z40*7.75 -> 123327.15 | AE40: =IFERROR(VLOOKUP(H40,名称!A:D,4,0),"") -> KIK | AH40: 46197 | AI40: 46197 | AK40: 无 | AL40: 预计6/18 | AO40: =M40-A40 -> 97 | AP40: =M40-AH40 -> 70
A41: 46170 | B41: =IF(TODAY()>=A41,IF(R41="","未",""),"") | C41: 美国 | D41: TOMY INTERNATIONAL INC. | E41: Olivia | F41: 10128336 | G41: PO-000001105 | H41: E73858AZ | I41: =IFERROR(VLOOKUP(H41,名称!A:C,2,0),"") -> 浮水马里奥 | J41: 2502 | K41: 3 | L41: =IFERROR((J41/K41),"") -> 834 | M41: 46267 | N41: =M41-2 -> 46265 | P41: G1526RR02 | Q41: 标准唛+TTT | R41: 7/15 ok | Y41: 2.925 | Z41: =J41*Y41 -> 7318.35 | AA41: =Z41*7.75 -> 56717.21 | AE41: =IFERROR(VLOOKUP(H41,名称!A:D,4,0),"") -> KIK | AH41: 46189 | AI41: 46197 | AK41: 无 | AL41: 预计6/18 | AO41: =M41-A41 -> 97 | AP41: =M41-AH41 -> 78
A42: 46172 | B42: =IF(TODAY()>=A42,IF(R42="","未",""),"") | C42: 比利时 | D42: TOMY UK CO LTD | E42: Olivia | F42: 10128554 | G42: 4500032885 | H42: E73636A | I42: =IFERROR(VLOOKUP(H42,名称!A:C,2,0),"") -> 宾果沐浴玩具 | J42: 1500 | K42: 6 | L42: =IFERROR((J42/K42),"") -> 250 | M42: 46267 | N42: =M42-2 -> 46265 | P42: H1426RR02 | Q42: 标准唛+TTT+欧盟信息 | R42: 7/30 ok | Y42: 1.368 | Z42: =J42*Y42 -> 2052 | AA42: =Z42*7.75 -> 15903 | AE42: =IFERROR(VLOOKUP(H42,名称!A:D,4,0),"") -> KIK | AH42: 46189 | AK42: 无 | AL42: 46189 | AO42: =M42-A42 -> 95 | AP42: =M42-AH42 -> 78
A43: 46191 | B43: =IF(TODAY()>=A43,IF(R43="","未",""),"") | C43: 美国 | D43: TOMY INTERNATIONAL INC. | E43: Gary | F43: 10129450 | G43: PO-000001397 | H43: E73705A | I43: =IFERROR(VLOOKUP(H43,名称!A:C,2,0),"") -> 布鲁伊混装 | J43: 5000 | K43: 4 | L43: =IFERROR((J43/K43),"") -> 1250 | M43: 46267 | N43: =M43-2 -> 46265 | P43: G1526RR02 | Q43: 标准唛+TTT | R43: 7/30 ok | Y43: 2.204 | Z43: =J43*Y43 -> 11020 | AA43: =Z43*7.75 -> 85405 | AE43: =IFERROR(VLOOKUP(H43,名称!A:D,4,0),"") -> KIK | AH43: 46212 | AK43: 无 | AL43: 46212 | AO43: =M43-A43 -> 76 | AP43: =M43-AH43 -> 55
A44: 46191 | B44: =IF(TODAY()>=A44,IF(R44="","未",""),"") | C44: 美国 | D44: TOMY INTERNATIONAL INC. | E44: Olivia | F44: 10129993 | G44: PO-000001513 | H44: Y2341C | I44: =IFERROR(VLOOKUP(H44,名称!A:C,2,0),"") -> 杯子 | J44: 25002 | K44: 3 | L44: =IFERROR((J44/K44),"") -> 8334 | M44: 46267 | N44: =M44-2 -> 46265 | P44: G1526RR02 | Q44: 标准唛+TTT | R44: 8/4 ok | Y44: 0.963 | Z44: =J44*Y44 -> 24076.93 | AA44: =Z44*7.75 -> 186596.21 | AE44: =IFERROR(VLOOKUP(H44,名称!A:D,4,0),"") -> KIK | AH44: 46212 | AI44: 无 | AJ44: 46220 | AK44: 无 | AL44: 无 | AO44: =M44-A44 -> 76 | AP44: =M44-AH44 -> 55
A45: 46205 | B45: =IF(TODAY()>=A45,IF(R45="","未",""),"") | C45: 美国 | D45: NEWTON BUYING CORP. (T.J.MAXX) | E45: Olivia | F45: 10131181 | G45: 70 527345 | H45: E73635A | I45: =IFERROR(VLOOKUP(H45,名称!A:C,2,0),"") -> 布鲁伊沐浴玩具 | J45: 906 | K45: 6 | L45: =IFERROR((J45/K45),"") -> 151 | M45: 46267 | N45: =M45-2 -> 46265 | P45: H1426RR02 | Q45: 客唛7/27确认 | R45: 7/30 ok | T45: 有价钱贴纸 | X45: 使用PO#10128553的包装物料 | Y45: 1.413 | Z45: =J45*Y45 -> 1280.18 | AA45: =Z45*7.75 -> 9921.4 | AE45: =IFERROR(VLOOKUP(H45,名称!A:D,4,0),"") -> KIK | AH45: 46221 | AI45: 无 | AJ45: 46220 | AK45: 无 | AL45: 46220 | AO45: =M45-A45 -> 62 | AP45: =M45-AH45 -> 46
A46: 46205 | B46: =IF(TODAY()>=A46,IF(R46="","未",""),"") | C46: 美国 | D46: NEWTON BUYING CORP. (T.J.MAXX) | E46: Olivia | F46: 10131182 | G46: 80 527345 | H46: E73635A | I46: =IFERROR(VLOOKUP(H46,名称!A:C,2,0),"") -> 布鲁伊沐浴玩具 | J46: 180 | K46: 6 | L46: =IFERROR((J46/K46),"") -> 30 | M46: 46267 | N46: =M46-2 -> 46265 | P46: H1426RR02 | Q46: 客唛7/27确认 | R46: 7/30 ok | T46: 有价钱贴纸 | X46: 使用PO#10128553的包装物料 | Y46: 1.413 | Z46: =J46*Y46 -> 254.34 | AA46: =Z46*7.75 -> 1971.14 | AE46: =IFERROR(VLOOKUP(H46,名称!A:D,4,0),"") -> KIK | AH46: 46221 | AI46: 无 | AJ46: 46220 | AK46: 无 | AL46: 46220 | AO46: =M46-A46 -> 62 | AP46: =M46-AH46 -> 46
A47: 46205 | B47: =IF(TODAY()>=A47,IF(R47="","未",""),"") | C47: 美国 | D47: MARSHALLS OF MA, INC | E47: Olivia | F47: 10131186 | G47: 06 527337 | H47: E73635A | I47: =IFERROR(VLOOKUP(H47,名称!A:C,2,0),"") -> 布鲁伊沐浴玩具 | J47: 780 | K47: 6 | L47: =IFERROR((J47/K47),"") -> 130 | M47: 46267 | N47: =M47-2 -> 46265 | P47: H1426RR02 | Q47: 客唛7/27确认 | R47: 7/30 ok | T47: 有价钱贴纸 | X47: 使用PO#10128553的包装物料 | Y47: 1.413 | Z47: =J47*Y47 -> 1102.14 | AA47: =Z47*7.75 -> 8541.59 | AE47: =IFERROR(VLOOKUP(H47,名称!A:D,4,0),"") -> KIK | AH47: 46221 | AI47: 无 | AJ47: 46220 | AK47: 无 | AL47: 46220 | AO47: =M47-A47 -> 62 | AP47: =M47-AH47 -> 46
A48: 46205 | B48: =IF(TODAY()>=A48,IF(R48="","未",""),"") | C48: 美国 | D48: MARSHALLS OF MA, INC | E48: Olivia | F48: 10131185 | G48: 04 527337 | H48: E73635A | I48: =IFERROR(VLOOKUP(H48,名称!A:C,2,0),"") -> 布鲁伊沐浴玩具 | J48: 420 | K48: 6 | L48: =IFERROR((J48/K48),"") -> 70 | M48: 46267 | N48: =M48-2 -> 46265 | P48: H1426RR02 | Q48: 客唛7/27确认 | R48: 7/30 ok | T48: 有价钱贴纸 | X48: 使用PO#10128553的包装物料 | Y48: 1.413 | Z48: =J48*Y48 -> 593.46 | AA48: =Z48*7.75 -> 4599.32 | AE48: =IFERROR(VLOOKUP(H48,名称!A:D,4,0),"") -> KIK | AH48: 46221 | AI48: 无 | AJ48: 46220 | AK48: 无 | AL48: 46220 | AO48: =M48-A48 -> 62 | AP48: =M48-AH48 -> 46
A49: 46205 | B49: =IF(TODAY()>=A49,IF(R49="","未",""),"") | C49: 美国 | D49: MARSHALLS OF MA, INC | E49: Olivia | F49: 10131187 | G49: 07 527337 | H49: E73635A | I49: =IFERROR(VLOOKUP(H49,名称!A:C,2,0),"") -> 布鲁伊沐浴玩具 | J49: 720 | K49: 6 | L49: =IFERROR((J49/K49),"") -> 120 | M49: 46267 | N49: =M49-2 -> 46265 | P49: H1426RR02 | Q49: 客唛7/27确认 | R49: 7/30 ok | T49: 有价钱贴纸 | X49: 使用PO#10128553的包装物料 | Y49: 1.413 | Z49: =J49*Y49 -> 1017.36 | AA49: =Z49*7.75 -> 7884.54 | AE49: =IFERROR(VLOOKUP(H49,名称!A:D,4,0),"") -> KIK | AH49: 46221 | AI49: 无 | AJ49: 46220 | AK49: 无 | AL49: 46220 | AO49: =M49-A49 -> 62 | AP49: =M49-AH49 -> 46
A50: 46205 | B50: =IF(TODAY()>=A50,IF(R50="","未",""),"") | C50: 美国 | D50: MARSHALLS OF MA, INC | E50: Olivia | F50: 10131189 | G50: 08 527337 | H50: E73635A | I50: =IFERROR(VLOOKUP(H50,名称!A:C,2,0),"") -> 布鲁伊沐浴玩具 | J50: 600 | K50: 6 | L50: =IFERROR((J50/K50),"") -> 100 | M50: 46267 | N50: =M50-2 -> 46265 | P50: H1426RR02 | Q50: 客唛7/27确认 | R50: 7/30 ok | T50: 有价钱贴纸 | X50: 使用PO#10128553的包装物料 | Y50: 1.413 | Z50: =J50*Y50 -> 847.8 | AA50: =Z50*7.75 -> 6570.45 | AE50: =IFERROR(VLOOKUP(H50,名称!A:D,4,0),"") -> KIK | AH50: 46221 | AI50: 无 | AJ50: 46220 | AK50: 无 | AL50: 46220 | AO50: =M50-A50 -> 62 | AP50: =M50-AH50 -> 46
A51: 46205 | B51: =IF(TODAY()>=A51,IF(R51="","未",""),"") | C51: 美国 | D51: NEWTON BUYING CORP. (T.J.MAXX) | E51: Olivia | F51: 10131176 | G51: 10 527345 | H51: E73635A | I51: =IFERROR(VLOOKUP(H51,名称!A:C,2,0),"") -> 布鲁伊沐浴玩具 | J51: 1002 | K51: 6 | L51: =IFERROR((J51/K51),"") -> 167 | M51: 46267 | N51: =M51-2 -> 46265 | P51: H1426RR02 | Q51: 客唛7/27确认 | R51: 7/30 ok | T51: 有价钱贴纸 | X51: 使用PO#10128554的包装物料 | Y51: 1.413 | Z51: =J51*Y51 -> 1415.83 | AA51: =Z51*7.75 -> 10972.68 | AE51: =IFERROR(VLOOKUP(H51,名称!A:D,4,0),"") -> KIK | AH51: 46221 | AI51: 无 | AJ51: 46220 | AK51: 无 | AL51: 46220 | AO51: =M51-A51 -> 62 | AP51: =M51-AH51 -> 46
A52: 46205 | B52: =IF(TODAY()>=A52,IF(R52="","未",""),"") | C52: 美国 | D52: NEWTON BUYING CORP. (T.J.MAXX) | E52: Olivia | F52: 10131179 | G52: 40 527345 | H52: E73635A | I52: =IFERROR(VLOOKUP(H52,名称!A:C,2,0),"") -> 布鲁伊沐浴玩具 | J52: 612 | K52: 6 | L52: =IFERROR((J52/K52),"") -> 102 | M52: 46267 | N52: =M52-2 -> 46265 | P52: H1426RR02 | Q52: 客唛7/27确认 | R52: 7/30 ok | T52: 有价钱贴纸 | X52: 使用PO#10128553的包装物料 | Y52: 1.413 | Z52: =J52*Y52 -> 864.76 | AA52: =Z52*7.75 -> 6701.89 | AE52: =IFERROR(VLOOKUP(H52,名称!A:D,4,0),"") -> KIK | AH52: 46221 | AI52: 无 | AJ52: 46220 | AK52: 无 | AL52: 46220 | AO52: =M52-A52 -> 62 | AP52: =M52-AH52 -> 46
A53: 46205 | B53: =IF(TODAY()>=A53,IF(R53="","未",""),"") | C53: 美国 | D53: NEWTON BUYING CORP. (T.J.MAXX) | E53: Olivia | F53: 10131180 | G53: 60 527345 | H53: E73635A | I53: =IFERROR(VLOOKUP(H53,名称!A:C,2,0),"") -> 布鲁伊沐浴玩具 | J53: 300 | K53: 6 | L53: =IFERROR((J53/K53),"") -> 50 | M53: 46267 | N53: =M53-2 -> 46265 | P53: H1426RR02 | Q53: 客唛7/27确认 | R53: 7/30 ok | T53: 有价钱贴纸 | X53: 使用PO#10128553的包装物料 | Y53: 1.413 | Z53: =J53*Y53 -> 423.9 | AA53: =Z53*7.75 -> 3285.23 | AE53: =IFERROR(VLOOKUP(H53,名称!A:D,4,0),"") -> KIK | AH53: 46221 | AI53: 无 | AJ53: 46220 | AK53: 无 | AL53: 46220 | AO53: =M53-A53 -> 62 | AP53: =M53-AH53 -> 46
A54: 46205 | B54: =IF(TODAY()>=A54,IF(R54="","未",""),"") | C54: 美国 | D54: MARSHALLS OF MA, INC | E54: Olivia | F54: 10131183 | G54: 01 527337 | H54: E73635A | I54: =IFERROR(VLOOKUP(H54,名称!A:C,2,0),"") -> 布鲁伊沐浴玩具 | J54: 480 | K54: 6 | L54: =IFERROR((J54/K54),"") -> 80 | M54: 46267 | N54: =M54-2 -> 46265 | P54: H1426RR02 | Q54: 客唛7/27确认 | R54: 7/30 ok | T54: 有价钱贴纸 | X54: 使用PO#10128554的包装物料 | Y54: 1.413 | Z54: =J54*Y54 -> 678.24 | AA54: =Z54*7.75 -> 5256.36 | AE54: =IFERROR(VLOOKUP(H54,名称!A:D,4,0),"") -> KIK | AH54: 46221 | AI54: 无 | AJ54: 46220 | AK54: 无 | AL54: 46220 | AO54: =M54-A54 -> 62 | AP54: =M54-AH54 -> 46
A55: 46200 | B55: =IF(TODAY()>=A55,IF(R55="","未",""),"") | C55: 日本 | D55: TOMY COMPANY, LTD. | E55: Angel | F55: 10130909 | G55: 20260623005015620001 | H55: 068266 | I55: 泡泡壶 | J55: 3000 | K55: 4 | L55: =IFERROR((J55/K55),"") -> 750 | M55: 46272 | N55: =M55-2 -> 46270 | P55: 产品印：G1526RR02 彩盒外箱印：G1526 | Q55: 待定 | R55: 8/6 寄出 | Y55: 3.243 | Z55: =J55*Y55 -> 9729 | AA55: =Z55*7.75 -> 75399.75 | AE55: KIK | AH55: 7/30上彩盒 7/31上吸塑 | AI55: 无 | AK55: 无 | AL55: 46234 | AO55: =M55-A55 -> 72 | AP55: =M55-AH55 -> #VALUE!
A56: 46200 | B56: =IF(TODAY()>=A56,IF(R56="","未",""),"") | C56: 日本 | D56: TOMY COMPANY, LTD. | E56: Angel | F56: 10130909 | G56: 20260623005015620001 | H56: 068266 | I56: 泡泡壶 | J56: 40 | K56: 4 | L56: =IFERROR((J56/K56),"") -> 10 | M56: 46272 | N56: =M56-2 -> 46270 | P56: 产品印：G1526RR02 彩盒外箱印：G1526 | Q56: 待定 | R56: 8/6 寄出 | Y56: 3.243 | Z56: =J56*Y56 -> 129.72 | AA56: =Z56*7.75 -> 1005.33 | AE56: KIK | AH56: 7/30上彩盒 7/31上吸塑 | AI56: 无 | AK56: 无 | AL56: 46234 | AO56: =M56-A56 -> 72 | AP56: =M56-AH56 -> #VALUE!
A57: 46172 | B57: =IF(TODAY()>=A57,IF(R57="","未",""),"") | C57: 美国 | D57: TOMY INTERNATIONAL INC. | E57: Nancy | F57: 10128492 | G57: PO-000001205 | H57: 47674A | I57: =IFERROR(VLOOKUP(H57,名称!A:C,2,0),"") -> JD LNS圆轮拖拉机 | J57: 5000 | K57: 2 | L57: =IFERROR((J57/K57),"") -> 2500 | M57: 46274 | N57: =M57-2 -> 46272 | O57: 46245 | P57: H1426RR02 | Q57: 标准唛+TTT | R57: 7/31 ok | T57: 有JD贴纸 | Y57: 5.225 | Z57: =J57*Y57 -> 26125 | AA57: =Z57*7.75 -> 202468.75 | AE57: =IFERROR(VLOOKUP(H57,名称!A:D,4,0),"") -> KIK | AH57: 46197 | AI57: 无 | AK57: 7/9已上2957pcs 7/18 上2810pcs 7/17上1270pcs | AL57: 46205 | AO57: =M57-A57 -> 102 | AP57: =M57-AH57 -> 77
A58: 46179 | B58: =IF(TODAY()>=A58,IF(R58="","未",""),"") | C58: 美国 | D58: TOMY INTERNATIONAL INC. | E58: Olivia | F58: 10129047 | G58: PO-000001294 | H58: E73622AWM | I58: =IFERROR(VLOOKUP(H58,名称!A:C,2,0),"") -> 布鲁伊家族沐浴玩具 | J58: 5000 | K58: 2 | L58: =IFERROR((J58/K58),"") -> 2500 | M58: 46274 | N58: =M58-2 -> 46272 | P58: G1526RR02 | Q58: 标准唛+TTT | R58: 7/31 ok | Y58: 2.218 | Z58: =J58*Y58 -> 11090 | AA58: =Z58*7.75 -> 85947.5 | AE58: =IFERROR(VLOOKUP(H58,名称!A:D,4,0),"") -> KIK | AH58: 46197 | AI58: 无 | AJ58: 46220 | AK58: 无 | AL58: 无 | AO58: =M58-A58 -> 95 | AP58: =M58-AH58 -> 77
A59: 46186 | B59: =IF(TODAY()>=A59,IF(R59="","未",""),"") | C59: 美国 | D59: TOMY INTERNATIONAL INC. | E59: Gary | F59: 10129448 | G59: PO-000001398 | H59: E73857AZ | I59: =IFERROR(VLOOKUP(H59,名称!A:C,2,0),"") -> 管道马里奥 | J59: 5000 | K59: 4 | L59: =IFERROR((J59/K59),"") -> 1250 | M59: 46281 | N59: =M59-2 -> 46279 | P59: H1426RR02 | Q59: 标准唛+TTT | R59: 7/3 ok | Y59: 3.354 | Z59: =J59*Y59 -> 16770 | AA59: =Z59*7.75 -> 129967.5 | AE59: =IFERROR(VLOOKUP(H59,名称!A:D,4,0),"") -> KIK | AH59: 46221 | AI59: 无 | AK59: 无 | AL59: 无 | AO59: =M59-A59 -> 95 | AP59: =M59-AH59 -> 60
A60: 46200 | B60: =IF(TODAY()>=A60,IF(R60="","未",""),"") | C60: 日本 | D60: TOMY COMPANY, LTD. | E60: Angel | F60: 10130909 | G60: 20260623005015620001 | H60: 068266 | I60: 泡泡壶 | J60: 1960 | K60: 4 | L60: =IFERROR((J60/K60),"") -> 490 | M60: 46293 | N60: =M60-2 -> 46291 | P60: 产品印：G1526RR02 彩盒外箱印：G1526 | Q60: 待定 | R60: 8/6 寄出 | Y60: 3.243 | Z60: =J60*Y60 -> 6356.28 | AA60: =Z60*7.75 -> 49261.17 | AE60: KIK | AH60: 7/30上彩盒 7/31上吸塑 | AI60: 无 | AK60: 无 | AL60: 46234 | AO60: =M60-A60 -> 93 | AP60: =M60-AH60 -> #VALUE!
A61: 2026/6/22周一 | B61: =IF(TODAY()>=A61,IF(R61="","未",""),"") | C61: 日本 | D61: TOMY COMPANY, LTD. | E61: Angel | F61: 10130036 | G61: 2.0260616e+19 | H61: 995142(E73856) | I61: =IFERROR(VLOOKUP(H61,名称!A:C,2,0),"") -> 宝箱马里奥 | J61: 1500 | K61: 12 | L61: =IFERROR((J61/K61),"") -> 125 | M61: 46286 | N61: =M61-2 -> 46284 | P61: G1526 | Q61: 客唛 | R61: 7/31 寄出 | Y61: 2.418 | Z61: =J61*Y61 -> 3627 | AA61: =Z61*7.75 -> 28109.25 | AE61: =IFERROR(VLOOKUP(H61,名称!A:D,4,0),"") -> KIK | AH61: 46220 | AJ61: 纸箱7/17 | AK61: 无 | AL61: 无 | AO61: =M61-A61 -> #VALUE! | AP61: =M61-AH61 -> 66
A62: 46165 | B62: =IF(TODAY()>=A62,IF(R62="","未",""),"") | C62: 澳大利亚 | D62: TOMY AUSTRALIA PTY, LTD. | E62: Toby | F62: 10128113 | G62: 20219163 | H62: E73622A | I62: =IFERROR(VLOOKUP(H62,名称!A:C,2,0),"") -> 布鲁伊家族杯子套装 | J62: 3000 | K62: =IFERROR(VLOOKUP(H62,名称!A:D,3,0),"") -> 4 | L62: =IFERROR((J62/K62),"") -> 750 | M62: 46288 | N62: =M62-2 -> 46286 | P62: H1426RR02 | Q62: 标准唛+TTT | R62: 7/31 ok | X62: 从PO10121314转入3000pcs | Y62: 2.199 | Z62: =J62*Y62 -> 6597 | AA62: =Z62*7.75 -> 51126.75 | AE62: =IFERROR(VLOOKUP(H62,名称!A:D,4,0),"") -> KIK | AH62: 46107 | AI62: 无 | AK62: 无 | AL62: 无 | AO62: =M62-A62 -> 123 | AP62: =M62-AH62 -> 181
A63: 46205 | B63: =IF(TODAY()>=A63,IF(R63="","未",""),"") | C63: 美国 | D63: TOMY INTERNATIONAL INC | E63: Olivia | F63: 10130900 | G63: PO-000001612 | H63: E73622AWM | I63: =IFERROR(VLOOKUP(H63,名称!A:C,2,0),"") -> 布鲁伊家族沐浴玩具 | J63: 5000 | K63: 2 | L63: =IFERROR((J63/K63),"") -> 2500 | M63: 46288 | N63: =M63-2 -> 46286 | P63: H1426RR02 | Q63: 标准唛+TTT | R63: 7/31 ok | Y63: 2.185 | Z63: =J63*Y63 -> 10925 | AA63: =Z63*7.75 -> 84668.75 | AE63: =IFERROR(VLOOKUP(H63,名称!A:D,4,0),"") -> KIK | AH63: 46220 | AI63: 无 | AK63: 无 | AL63: 无 | AO63: =M63-A63 -> 83 | AP63: =M63-AH63 -> 68
A64: 46172 | B64: =IF(TODAY()>=A64,IF(R64="","未",""),"") | C64: 比利时 | D64: TOMY UK CO LTD | E64: Olivia | F64: 10128554 | G64: 4500032885 | H64: E73635A | I64: =IFERROR(VLOOKUP(H64,名称!A:C,2,0),"") -> 布鲁伊沐浴玩具 | J64: 1500 | K64: 6 | L64: =IFERROR((J64/K64),"") -> 250 | M64: 46295 | N64: =M64-2 -> 46293 | P64: H1426RR02 | Q64: 标准唛+TTT+欧盟信息 | R64: 7/30 ok | Y64: 1.413 | Z64: =J64*Y64 -> 2119.5 | AA64: =Z64*7.75 -> 16426.13 | AE64: =IFERROR(VLOOKUP(H64,名称!A:D,4,0),"") -> KIK | AH64: 46189 | AI64: 无 | AJ64: 46220 | AK64: 无 | AL64: 46220 | AO64: =M64-A64 -> 123 | AP64: =M64-AH64 -> 106
A65: 46172 | B65: =IF(TODAY()>=A65,IF(R65="","未",""),"") | C65: 比利时 | D65: TOMY UK CO LTD | E65: Olivia | F65: 10128553 | G65: 4500032884 | H65: E73623A1 | I65: =IFERROR(VLOOKUP(H65,名称!A:C,2,0),"") -> 布鲁伊+宾果沐浴玩具混装 | J65: 4800 | K65: 6 | L65: =IFERROR((J65/K65),"") -> 800 | M65: 46295 | N65: =M65-2 -> 46293 | P65: H1426RR02 | Q65: 标准唛+TTT+欧盟信息 | R65: 7/30 ok | Y65: 1.398 | Z65: =J65*Y65 -> 6710.4 | AA65: =Z65*7.75 -> 52005.6 | AE65: =IFERROR(VLOOKUP(H65,名称!A:D,4,0),"") -> KIK | AH65: 46189 | AI65: 无 | AK65: 无 | AO65: =M65-A65 -> 123 | AP65: =M65-AH65 -> 106
A66: 46200 | B66: =IF(TODAY()>=A66,IF(R66="","未",""),"") -> 未 | C66: 德国 | D66: SMYTHS TOYS EU HQ LTD | E66: Gary | F66: 10130830 | G66: 56863 | H66: E73814C1 | I66: 泡泡壶 | J66: 2760 | K66: 4 | L66: =IFERROR((J66/K66),"") -> 690 | M66: 46295 | N66: =M66-2 -> 46293 | P66: H1426RR02 | Q66: 确认+TTT+欧盟信息 | Y66: 3.243 | Z66: =J66*Y66 -> 8950.68 | AA66: =Z66*7.75 -> 69367.77 | AE66: =IFERROR(VLOOKUP(H66,名称!A:D,4,0),"") | AH66: 7/30上彩盒 7/31上吸塑 | AI66: 无 | AK66: 无 | AL66: 46234 | AO66: =M66-A66 -> 95 | AP66: =M66-AH66 -> #VALUE!
A67: 46200 | B67: =IF(TODAY()>=A67,IF(R67="","未",""),"") -> 未 | C67: 英国 | D67: SMYTHS TOYS HQ UC | E67: Gary | F67: 10130837 | G67: 56867 | H67: E73814C1 | I67: 泡泡壶 | J67: 6640 | K67: 4 | L67: =IFERROR((J67/K67),"") -> 1660 | M67: 46295 | N67: =M67-2 -> 46293 | P67: H1426RR02 | Q67: 确认+TTT+欧盟信息 | Y67: 3.243 | Z67: =J67*Y67 -> 21533.52 | AA67: =Z67*7.75 -> 166884.78 | AE67: =IFERROR(VLOOKUP(H67,名称!A:D,4,0),"") | AH67: 7/30上彩盒 7/31上吸塑 | AI67: 无 | AK67: 无 | AL67: 46234 | AO67: =M67-A67 -> 95 | AP67: =M67-AH67 -> #VALUE!
A68: 46206 | B68: =IF(TODAY()>=A68,IF(R68="","未",""),"") -> 未 | C68: 美国 | D68: NEWTON BUYING CORP. (T.J.MAXX) | E68: Olivia | F68: 10131347 | G68: 10 527341 | H68: 47722A | I68: =IFERROR(VLOOKUP(H68,名称!A:C,2,0),"") -> 农场男孩套装 | J68: 616 | K68: 4 | L68: =IFERROR((J68/K68),"") -> 154 | M68: 46295 | N68: =M68-2 -> 46293 | P68: H1426RR02 | Q68: 客唛7/27确认 | T68: 有价钱贴纸/有JD贴纸 | Y68: 2.994 | Z68: =J68*Y68 -> 1844.3 | AA68: =Z68*7.75 -> 14293.33 | AE68: =IFERROR(VLOOKUP(H68,名称!A:D,4,0),"") -> KIK | AH68: 7/30上彩盒 7/31上吸塑 | AJ68: 46220 | AL68: 46234 | AO68: =M68-A68 -> 89 | AP68: =M68-AH68 -> #VALUE!
A69: 46206 | B69: =IF(TODAY()>=A69,IF(R69="","未",""),"") -> 未 | C69: 美国 | D69: NEWTON BUYING CORP. (T.J.MAXX) | E69: Olivia | F69: 10131349 | G69: 40 527341 | H69: 47722A | I69: =IFERROR(VLOOKUP(H69,名称!A:C,2,0),"") -> 农场男孩套装 | J69: 476 | K69: 4 | L69: =IFERROR((J69/K69),"") -> 119 | M69: 46295 | N69: =M69-2 -> 46293 | P69: H1426RR02 | Q69: 客唛7/27确认 | T69: 有价钱贴纸/有JD贴纸 | Y69: 2.994 | Z69: =J69*Y69 -> 1425.14 | AA69: =Z69*7.75 -> 11044.84 | AE69: =IFERROR(VLOOKUP(H69,名称!A:D,4,0),"") -> KIK | AH69: 7/30上彩盒 7/31上吸塑 | AJ69: 46220 | AL69: 46234 | AO69: =M69-A69 -> 89 | AP69: =M69-AH69 -> #VALUE!
A70: 46206 | B70: =IF(TODAY()>=A70,IF(R70="","未",""),"") -> 未 | C70: 美国 | D70: NEWTON BUYING CORP. (T.J.MAXX) | E70: Olivia | F70: 10131351 | G70: 60 527341 | H70: 47722A | I70: =IFERROR(VLOOKUP(H70,名称!A:C,2,0),"") -> 农场男孩套装 | J70: 392 | K70: 4 | L70: =IFERROR((J70/K70),"") -> 98 | M70: 46295 | N70: =M70-2 -> 46293 | P70: H1426RR02 | Q70: 客唛7/27确认 | T70: 有价钱贴纸/有JD贴纸 | Y70: 2.994 | Z70: =J70*Y70 -> 1173.65 | AA70: =Z70*7.75 -> 9095.79 | AE70: =IFERROR(VLOOKUP(H70,名称!A:D,4,0),"") -> KIK | AH70: 7/30上彩盒 7/31上吸塑 | AJ70: 46220 | AL70: 46234 | AO70: =M70-A70 -> 89 | AP70: =M70-AH70 -> #VALUE!
A71: 46206 | B71: =IF(TODAY()>=A71,IF(R71="","未",""),"") -> 未 | C71: 美国 | D71: NEWTON BUYING CORP. (T.J.MAXX) | E71: Olivia | F71: 10131353 | G71: 70 527341 | H71: 47722A | I71: =IFERROR(VLOOKUP(H71,名称!A:C,2,0),"") -> 农场男孩套装 | J71: 784 | K71: 4 | L71: =IFERROR((J71/K71),"") -> 196 | M71: 46295 | N71: =M71-2 -> 46293 | P71: H1426RR02 | Q71: 客唛7/27确认 | T71: 有价钱贴纸/有JD贴纸 | Y71: 2.994 | Z71: =J71*Y71 -> 2347.3 | AA71: =Z71*7.75 -> 18191.58 | AE71: =IFERROR(VLOOKUP(H71,名称!A:D,4,0),"") -> KIK | AH71: 7/30上彩盒 7/31上吸塑 | AJ71: 46220 | AL71: 46234 | AO71: =M71-A71 -> 89 | AP71: =M71-AH71 -> #VALUE!
A72: 46206 | B72: =IF(TODAY()>=A72,IF(R72="","未",""),"") -> 未 | C72: 美国 | D72: NEWTON BUYING CORP. (T.J.MAXX) | E72: Olivia | F72: 10131356 | G72: 80 527341 | H72: 47722A | I72: =IFERROR(VLOOKUP(H72,名称!A:C,2,0),"") -> 农场男孩套装 | J72: 532 | K72: 4 | L72: =IFERROR((J72/K72),"") -> 133 | M72: 46295 | N72: =M72-2 -> 46293 | P72: H1426RR02 | Q72: 客唛7/27确认 | T72: 有价钱贴纸/有JD贴纸 | Y72: 2.994 | Z72: =J72*Y72 -> 1592.81 | AA72: =Z72*7.75 -> 12344.28 | AE72: =IFERROR(VLOOKUP(H72,名称!A:D,4,0),"") -> KIK | AH72: 7/30上彩盒 7/31上吸塑 | AJ72: 46220 | AL72: 46234 | AO72: =M72-A72 -> 89 | AP72: =M72-AH72 -> #VALUE!
A73: 46206 | B73: =IF(TODAY()>=A73,IF(R73="","未",""),"") -> 未 | C73: 美国 | D73: MARSHALLS OF MA, INC | E73: Olivia | F73: 10131360 | G73: 01 527328 | H73: 47722A | I73: =IFERROR(VLOOKUP(H73,名称!A:C,2,0),"") -> 农场男孩套装 | J73: 484 | K73: 4 | L73: =IFERROR((J73/K73),"") -> 121 | M73: 46295 | N73: =M73-2 -> 46293 | P73: H1426RR02 | Q73: 客唛7/27确认 | T73: 有价钱贴纸/有JD贴纸 | Y73: 2.994 | Z73: =J73*Y73 -> 1449.1 | AA73: =Z73*7.75 -> 11230.53 | AE73: =IFERROR(VLOOKUP(H73,名称!A:D,4,0),"") -> KIK | AH73: 7/30上彩盒 7/31上吸塑 | AJ73: 46220 | AL73: 46234 | AO73: =M73-A73 -> 89 | AP73: =M73-AH73 -> #VALUE!
A74: 46206 | B74: =IF(TODAY()>=A74,IF(R74="","未",""),"") -> 未 | C74: 美国 | D74: MARSHALLS OF MA, INC | E74: Olivia | F74: 10131362 | G74: 04 527328 | H74: 47722A | I74: =IFERROR(VLOOKUP(H74,名称!A:C,2,0),"") -> 农场男孩套装 | J74: 308 | K74: 4 | L74: =IFERROR((J74/K74),"") -> 77 | M74: 46295 | N74: =M74-2 -> 46293 | P74: H1426RR02 | Q74: 客唛7/27确认 | T74: 有价钱贴纸/有JD贴纸 | Y74: 2.994 | Z74: =J74*Y74 -> 922.15 | AA74: =Z74*7.75 -> 7146.66 | AE74: =IFERROR(VLOOKUP(H74,名称!A:D,4,0),"") -> KIK | AH74: 7/30上彩盒 7/31上吸塑 | AJ74: 46220 | AL74: 46234 | AO74: =M74-A74 -> 89 | AP74: =M74-AH74 -> #VALUE!
A75: 46206 | B75: =IF(TODAY()>=A75,IF(R75="","未",""),"") -> 未 | C75: 美国 | D75: MARSHALLS OF MA, INC | E75: Olivia | F75: 10131364 | G75: 06 527328 | H75: 47722A | I75: =IFERROR(VLOOKUP(H75,名称!A:C,2,0),"") -> 农场男孩套装 | J75: 572 | K75: 4 | L75: =IFERROR((J75/K75),"") -> 143 | M75: 46295 | N75: =M75-2 -> 46293 | P75: H1426RR02 | Q75: 客唛7/27确认 | T75: 有价钱贴纸/有JD贴纸 | Y75: 2.994 | Z75: =J75*Y75 -> 1712.57 | AA75: =Z75*7.75 -> 13272.42 | AE75: =IFERROR(VLOOKUP(H75,名称!A:D,4,0),"") -> KIK | AH75: 7/30上彩盒 7/31上吸塑 | AJ75: 46220 | AL75: 46234 | AO75: =M75-A75 -> 89 | AP75: =M75-AH75 -> #VALUE!
A76: 46206 | B76: =IF(TODAY()>=A76,IF(R76="","未",""),"") -> 未 | C76: 美国 | D76: MARSHALLS OF MA, INC | E76: Olivia | F76: 10131365 | G76: 07 527328 | H76: 47722A | I76: =IFERROR(VLOOKUP(H76,名称!A:C,2,0),"") -> 农场男孩套装 | J76: 308 | K76: 4 | L76: =IFERROR((J76/K76),"") -> 77 | M76: 46295 | N76: =M76-2 -> 46293 | P76: H1426RR02 | Q76: 客唛7/27确认 | T76: 有价钱贴纸/有JD贴纸 | Y76: 2.994 | Z76: =J76*Y76 -> 922.15 | AA76: =Z76*7.75 -> 7146.66 | AE76: =IFERROR(VLOOKUP(H76,名称!A:D,4,0),"") -> KIK | AH76: 7/30上彩盒 7/31上吸塑 | AJ76: 46220 | AL76: 46234 | AO76: =M76-A76 -> 89 | AP76: =M76-AH76 -> #VALUE!
A77: 46206 | B77: =IF(TODAY()>=A77,IF(R77="","未",""),"") -> 未 | C77: 美国 | D77: MARSHALLS OF MA, INC | E77: Olivia | F77: 10131369 | G77: 08 527328 | H77: 47722A | I77: =IFERROR(VLOOKUP(H77,名称!A:C,2,0),"") -> 农场男孩套装 | J77: 508 | K77: 4 | L77: =IFERROR((J77/K77),"") -> 127 | M77: 46295 | N77: =M77-2 -> 46293 | P77: H1426RR02 | Q77: 客唛7/27确认 | T77: 有价钱贴纸/有JD贴纸 | Y77: 2.994 | Z77: =J77*Y77 -> 1520.95 | AA77: =Z77*7.75 -> 11787.36 | AE77: =IFERROR(VLOOKUP(H77,名称!A:D,4,0),"") -> KIK | AH77: 7/30上彩盒 7/31上吸塑 | AJ77: 46220 | AL77: 46234 | AO77: =M77-A77 -> 89 | AP77: =M77-AH77 -> #VALUE!
A78: 46206 | B78: =IF(TODAY()>=A78,IF(R78="","未",""),"") -> 未 | C78: 美国 | D78: NEWTON BUYING CORP. (T.J.MAXX) | E78: Olivia | F78: 10131376 | G78: 10 527340 | H78: 47669 | I78: =IFERROR(VLOOKUP(H78,名称!A:C,2,0),"") -> 动物车 | J78: 1000 | K78: 4 | L78: =IFERROR((J78/K78),"") -> 250 | M78: 46295 | N78: =M78-2 -> 46293 | P78: H1426RR02 | Q78: 客唛7/27确认 | T78: 有价钱贴纸/有JD贴纸 | Y78: 4.906 | Z78: =J78*Y78 -> 4906 | AA78: =Z78*7.75 -> 38021.5 | AE78: =IFERROR(VLOOKUP(H78,名称!A:D,4,0),"") -> KIK | AH78: 7/30上彩盒 7/31上吸塑 | AK78: 无 | AL78: 46234 | AO78: =M78-A78 -> 89 | AP78: =M78-AH78 -> #VALUE!
A79: 46206 | B79: =IF(TODAY()>=A79,IF(R79="","未",""),"") -> 未 | C79: 美国 | D79: NEWTON BUYING CORP. (T.J.MAXX) | E79: Olivia | F79: 10131379 | G79: 40 527340 | H79: 47669 | I79: =IFERROR(VLOOKUP(H79,名称!A:C,2,0),"") -> 动物车 | J79: 792 | K79: 4 | L79: =IFERROR((J79/K79),"") -> 198 | M79: 46295 | N79: =M79-2 -> 46293 | P79: H1426RR02 | Q79: 客唛7/27确认 | T79: 有价钱贴纸/有JD贴纸 | Y79: 4.906 | Z79: =J79*Y79 -> 3885.55 | AA79: =Z79*7.75 -> 30113.01 | AE79: =IFERROR(VLOOKUP(H79,名称!A:D,4,0),"") -> KIK | AH79: 7/30上彩盒 7/31上吸塑 | AK79: 无 | AL79: 46234 | AO79: =M79-A79 -> 89 | AP79: =M79-AH79 -> #VALUE!
A80: 46206 | B80: =IF(TODAY()>=A80,IF(R80="","未",""),"") -> 未 | C80: 美国 | D80: NEWTON BUYING CORP. (T.J.MAXX) | E80: Olivia | F80: 10131383 | G80: 60 527340 | H80: 47669 | I80: =IFERROR(VLOOKUP(H80,名称!A:C,2,0),"") -> 动物车 | J80: 748 | K80: 4 | L80: =IFERROR((J80/K80),"") -> 187 | M80: 46295 | N80: =M80-2 -> 46293 | P80: H1426RR02 | Q80: 客唛7/27确认 | T80: 有价钱贴纸/有JD贴纸 | Y80: 4.906 | Z80: =J80*Y80 -> 3669.69 | AA80: =Z80*7.75 -> 28440.1 | AE80: =IFERROR(VLOOKUP(H80,名称!A:D,4,0),"") -> KIK | AH80: 7/30上彩盒 7/31上吸塑 | AK80: 无 | AL80: 46234 | AO80: =M80-A80 -> 89 | AP80: =M80-AH80 -> #VALUE!
A81: 46206 | B81: =IF(TODAY()>=A81,IF(R81="","未",""),"") -> 未 | C81: 美国 | D81: NEWTON BUYING CORP. (T.J.MAXX) | E81: Olivia | F81: 10131387 | G81: 70 527340 | H81: 47669 | I81: =IFERROR(VLOOKUP(H81,名称!A:C,2,0),"") -> 动物车 | J81: 176 | K81: 4 | L81: =IFERROR((J81/K81),"") -> 44 | M81: 46295 | N81: =M81-2 -> 46293 | P81: H1426RR02 | Q81: 客唛7/27确认 | T81: 有价钱贴纸/有JD贴纸 | Y81: 4.906 | Z81: =J81*Y81 -> 863.46 | AA81: =Z81*7.75 -> 6691.82 | AE81: =IFERROR(VLOOKUP(H81,名称!A:D,4,0),"") -> KIK | AH81: 7/30上彩盒 7/31上吸塑 | AK81: 无 | AL81: 46234 | AO81: =M81-A81 -> 89 | AP81: =M81-AH81 -> #VALUE!
A82: 46206 | B82: =IF(TODAY()>=A82,IF(R82="","未",""),"") -> 未 | C82: 美国 | D82: MARSHALLS OF MA, INC | E82: Olivia | F82: 10131392 | G82: 01 527327 | H82: 47669 | I82: =IFERROR(VLOOKUP(H82,名称!A:C,2,0),"") -> 动物车 | J82: 212 | K82: 4 | L82: =IFERROR((J82/K82),"") -> 53 | M82: 46295 | N82: =M82-2 -> 46293 | P82: H1426RR02 | Q82: 客唛7/27确认 | T82: 有价钱贴纸/有JD贴纸 | Y82: 4.906 | Z82: =J82*Y82 -> 1040.07 | AA82: =Z82*7.75 -> 8060.54 | AE82: =IFERROR(VLOOKUP(H82,名称!A:D,4,0),"") -> KIK | AH82: 7/30上彩盒 7/31上吸塑 | AK82: 无 | AL82: 46234 | AO82: =M82-A82 -> 89 | AP82: =M82-AH82 -> #VALUE!
A83: 46206 | B83: =IF(TODAY()>=A83,IF(R83="","未",""),"") -> 未 | C83: 美国 | D83: MARSHALLS OF MA, INC | E83: Olivia | F83: 10131394 | G83: 04 527327 | H83: 47669 | I83: =IFERROR(VLOOKUP(H83,名称!A:C,2,0),"") -> 动物车 | J83: 616 | K83: 4 | L83: =IFERROR((J83/K83),"") -> 154 | M83: 46295 | N83: =M83-2 -> 46293 | P83: H1426RR02 | Q83: 客唛7/27确认 | T83: 有价钱贴纸/有JD贴纸 | Y83: 4.906 | Z83: =J83*Y83 -> 3022.1 | AA83: =Z83*7.75 -> 23421.28 | AE83: =IFERROR(VLOOKUP(H83,名称!A:D,4,0),"") -> KIK | AH83: 7/30上彩盒 7/31上吸塑 | AK83: 无 | AL83: 46234 | AO83: =M83-A83 -> 89 | AP83: =M83-AH83 -> #VALUE!
A84: 46206 | B84: =IF(TODAY()>=A84,IF(R84="","未",""),"") -> 未 | C84: 美国 | D84: MARSHALLS OF MA, INC | E84: Olivia | F84: 10131396 | G84: 06 527327 | H84: 47669 | I84: =IFERROR(VLOOKUP(H84,名称!A:C,2,0),"") -> 动物车 | J84: 144 | K84: 4 | L84: =IFERROR((J84/K84),"") -> 36 | M84: 46295 | N84: =M84-2 -> 46293 | P84: H1426RR02 | Q84: 客唛7/27确认 | T84: 有价钱贴纸/有JD贴纸 | Y84: 4.906 | Z84: =J84*Y84 -> 706.46 | AA84: =Z84*7.75 -> 5475.07 | AE84: =IFERROR(VLOOKUP(H84,名称!A:D,4,0),"") -> KIK | AH84: 7/30上彩盒 7/31上吸塑 | AK84: 无 | AL84: 46234 | AO84: =M84-A84 -> 89 | AP84: =M84-AH84 -> #VALUE!
A85: 46206 | B85: =IF(TODAY()>=A85,IF(R85="","未",""),"") -> 未 | C85: 美国 | D85: MARSHALLS OF MA, INC | E85: Olivia | F85: 10131398 | G85: 08 527327 | H85: 47669 | I85: =IFERROR(VLOOKUP(H85,名称!A:C,2,0),"") -> 动物车 | J85: 628 | K85: 4 | L85: =IFERROR((J85/K85),"") -> 157 | M85: 46295 | N85: =M85-2 -> 46293 | P85: H1426RR02 | Q85: 客唛7/27确认 | T85: 有价钱贴纸/有JD贴纸 | Y85: 4.906 | Z85: =J85*Y85 -> 3080.97 | AA85: =Z85*7.75 -> 23877.52 | AE85: =IFERROR(VLOOKUP(H85,名称!A:D,4,0),"") -> KIK | AH85: 7/30上彩盒 7/31上吸塑 | AK85: 无 | AL85: 46234 | AO85: =M85-A85 -> 89 | AP85: =M85-AH85 -> #VALUE!
A86: 46211 | C86: 美国 | D86: NEWTON BUYING CORP. (T.J.MAXX) | E86: Olivia | F86: 10131390 | G86: 80 527340 | H86: 47669 | I86: =IFERROR(VLOOKUP(H86,名称!A:C,2,0),"") -> 动物车 | J86: 684 | K86: 4 | L86: =IFERROR((J86/K86),"") -> 171 | M86: 46295 | N86: =M86-2 -> 46293 | P86: H1426RR02 | Q86: 客唛7/27确认 | T86: 有价钱贴纸/有JD贴纸 | Y86: 4.906 | Z86: =J86*Y86 -> 3355.7 | AA86: =Z86*7.75 -> 26006.68 | AE86: =IFERROR(VLOOKUP(H86,名称!A:D,4,0),"") -> KIK | AH86: 7/30上彩盒 7/31上吸塑 | AK86: 无 | AL86: 46234 | AO86: =M86-A86 -> 84
A87: 46182 | B87: =IF(TODAY()>=A87,IF(R87="","未",""),"") -> 未 | C87: 美国 | D87: TOMY INTERNATIONAL INC. | E87: Nancy | F87: 10129127 | G87: PO-000001319 | H87: 47101J | I87: =IFERROR(VLOOKUP(H87,名称!A:C,2,0),"") -> 1:16收割机 | J87: 2500 | K87: =IFERROR(VLOOKUP(H87,名称!A:D,3,0),"") -> 1 | L87: =IFERROR((J87/K87),"") -> 2500 | M87: 46309 | N87: =M87-2 -> 46307 | P87: I1526RR02 | Q87: 标准唛+TTT | Y87: 29.801 | Z87: =J87*Y87 -> 74502.5 | AA87: =Z87*7.75 -> 577394.38 | AE87: =IFERROR(VLOOKUP(H87,名称!A:D,4,0),"") -> KIK | AH87: 46238 | AI87: 模具6/11装印尼 | AK87: 7/31上5590pcs | AL87: 46227 | AO87: =M87-A87 -> 127 | AP87: =M87-AH87 -> 71
A88: 2026/6/22周一 | B88: =IF(TODAY()>=A88,IF(R88="","未",""),"") | C88: 日本 | D88: TOMY COMPANY, LTD. | E88: Angel | F88: 10130036 | G88: 2.0260616e+19 | H88: 995142(E73856) | I88: =IFERROR(VLOOKUP(H88,名称!A:C,2,0),"") -> 宝箱马里奥 | J88: 1500 | K88: 12 | L88: =IFERROR((J88/K88),"") -> 125 | M88: 46300 | N88: =M88-2 -> 46298 | P88: G1526 | Q88: 客唛 | Y88: 2.418 | Z88: =J88*Y88 -> 3627 | AA88: =Z88*7.75 -> 28109.25 | AE88: =IFERROR(VLOOKUP(H88,名称!A:D,4,0),"") -> KIK | AH88: 46220 | AJ88: 纸箱7/17 | AK88: 无 | AL88: 无 | AO88: =M88-A88 -> #VALUE! | AP88: =M88-AH88 -> 80
A89: 46161 | B89: =IF(TODAY()>=A89,IF(R89="","未",""),"") -> 未 | C89: 澳大利亚 | D89: TOMY AUSTRALIA PTY, LTD. | E89: Toby | F89: 10127748 | G89: 20219141 | H89: L27870C | I89: 杯子 | J89: 2502 | K89: =IFERROR(VLOOKUP(H89,名称!A:D,3,0),"") -> 18 | L89: =IFERROR((J89/K89),"") -> 139 | M89: 46302 | N89: =M89-2 -> 46300 | P89: I1526RR02 | Q89: 标准唛+TTT | Y89: 1.133 | Z89: =J89*Y89 -> 2834.77 | AA89: =Z89*7.75 -> 21969.47 | AE89: KIK | AH89: 46184 | AI89: 无 | AK89: 无 | AL89: 无 | AO89: =M89-A89 -> 141 | AP89: =M89-AH89 -> 118
A90: 46199 | B90: =IF(TODAY()>=A90,IF(R90="","未",""),"") -> 未 | C90: 美国 | D90: TOMY INTERNATIONAL INC. | E90: Nancy | F90: 10130420 | G90: PO-000001565 | H90: 46720J | I90: =IFERROR(VLOOKUP(H90,名称!A:C,2,0),"") -> 木材运输车 | J90: 2500 | K90: 4 | L90: =IFERROR((J90/K90),"") -> 625 | M90: 46302 | N90: =M90-2 -> 46300 | P90: I1526RR02 | Q90: 标准唛+TTT | Y90: 21.801 | Z90: =J90*Y90 -> 54502.5 | AA90: =Z90*7.75 -> 422394.38 | AE90: =IFERROR(VLOOKUP(H90,名称!A:D,4,0),"") -> KIK | AH90: 7/31上彩盒2252pcs | AI90: 电镀件7/25 喷油待付 | AJ90: 46220 | AK90: 46238 | AL90: 46238 | AO90: =M90-A90 -> 103 | AP90: =M90-AH90 -> #VALUE!
A91: 46203 | B91: =IF(TODAY()>=A91,IF(R91="","未",""),"") | C91: 美国 | D91: TOMY INTERNATIONAL INC. | E91: Nancy | F91: 10130965 | G91: PO-000001594 | H91: 47713A | I91: =IFERROR(VLOOKUP(H91,名称!A:C,2,0),"") -> 黄色铲车 | J91: 5000 | K91: 4 | L91: =IFERROR((J91/K91),"") -> 1250 | M91: 46302 | N91: =M91-2 -> 46300 | P91: I1526RR02 | Q91: 标准唛+TTT | R91: 6/25已通过 | T91: 有JD贴纸 | Y91: 3.816 | Z91: =J91*Y91 -> 19080 | AA91: =Z91*7.75 -> 147870 | AE91: =IFERROR(VLOOKUP(H91,名称!A:D,4,0),"") -> KIK | AI91: 无 | AJ91: 46220 | AL91: 46227 | AO91: =M91-A91 -> 99 | AP91: =M91-AH91 -> 46302
A92: 46203 | B92: =IF(TODAY()>=A92,IF(R92="","未",""),"") -> 未 | C92: 美国 | D92: TOMY INTERNATIONAL INC. | E92: Nancy | F92: 10130965 | G92: PO-000001594 | H92: 47714A | I92: =IFERROR(VLOOKUP(H92,名称!A:C,2,0),"") -> 绿色铲车 | J92: 5000 | K92: 2 | L92: =IFERROR((J92/K92),"") -> 2500 | M92: 46302 | N92: =M92-2 -> 46300 | P92: I1526RR02 | Q92: 标准唛+TTT | T92: 有JD贴纸 | Y92: 6.154 | Z92: =J92*Y92 -> 30770 | AA92: =Z92*7.75 -> 238467.5 | AE92: =IFERROR(VLOOKUP(H92,名称!A:D,4,0),"") -> KIK | AH92: 46227 | AI92: 无 | AJ92: 46220 | AK92: 46251 | AL92: 46227 | AO92: =M92-A92 -> 99 | AP92: =M92-AH92 -> 75
A93: 46219 | C93: 美国 | D93: TOMY INTERNATIONAL INC. | E93: Nancy | F93: 10132664 | G93: PO-000001902 | H93: 47716A | I93: =IFERROR(VLOOKUP(H93,名称!A:C,2,0),"") -> 滑板拖车 | J93: 2500 | K93: 4 | L93: =IFERROR((J93/K93),"") -> 625 | M93: 46316 | N93: =M93-2 -> 46314 | P93: I1526RR02 | Q93: 标准唛+TTT | T93: 有JD贴纸/客供镭射贴纸 | Y93: 16.71 | Z93: =J93*Y93 -> 41775 | AA93: =Z93*7.75 -> 323756.25 | AE93: =IFERROR(VLOOKUP(H93,名称!A:D,4,0),"") -> KIK | AH93: 预计8/25
A94: 46190 | B94: =IF(TODAY()>=A94,IF(R94="","未",""),"") -> 未 | C94: 澳大利亚 | D94: TOMY AUSTRALIA PTY, LTD | E94: Tob | F94: 10129719 | G94: 20219208 | H94: 47101J | I94: =IFERROR(VLOOKUP(H94,名称!A:C,2,0),"") -> 1:16收割机 | J94: 120 | K94: 1 | L94: =IFERROR((J94/K94),"") -> 120 | M94: 46309 | N94: =M94-2 -> 46307 | P94: I1526RR02 | Q94: 标准唛+TTT | Y94: 29.801 | Z94: =J94*Y94 -> 3576.12 | AA94: =Z94*7.75 -> 27714.93 | AE94: =IFERROR(VLOOKUP(H94,名称!A:D,4,0),"") -> KIK | AH94: 46238 | AJ94: 46220 | AK94: 7/31上5590pcs | AL94: 46227 | AO94: =M94-A94 -> 119 | AP94: =M94-AH94 -> 71
A95: 46218 | C95: 比利时 | D95: TOMY UK CO LTD | E95: Gary | F95: 10132440 | G95: 4500033086 | H95: E73814C1 | I95: 泡泡壶 | J95: 5000 | K95: 4 | L95: =IFERROR((J95/K95),"") -> 1250 | M95: 46309 | N95: =M95-2 -> 46307 | P95: H1426RR02 | Q95: 标准唛+TTT+欧盟信息 | Y95: 3.243 | Z95: =J95*Y95 -> 16215 | AA95: =Z95*7.75 -> 125666.25 | AE95: KIK | AH95: 预计8/25
A96: 46221 | C96: 澳大利亚 | D96: TOMY AUSTRALIA PTY, LTD. | E96: Toby | F96: 10132947 | G96: 20219244 | H96: E73917C | I96: 浮水佩奇 | J96: 4000 | K96: 4 | L96: =IFERROR((J96/K96),"") -> 1000 | M96: 46323 | N96: =M96-2 -> 46321 | P96: I1526RR02 | Q96: 标准唛+TTT | Y96: 3.015 | Z96: =J96*Y96 -> 12060 | AA96: =Z96*7.75 -> 93465 | AE96: KIK | AH96: 未放产
A97: 46161 | B97: =IF(TODAY()>=A97,IF(R97="","未",""),"") -> 未 | C97: 澳大利亚 | D97: TOMY AUSTRALIA PTY, LTD. | E97: Toby | F97: 10127749 | G97: 20219168 | H97: L27870C | I97: 杯子 | J97: 2502 | K97: =IFERROR(VLOOKUP(H97,名称!A:D,3,0),"") -> 18 | L97: =IFERROR((J97/K97),"") -> 139 | M97: 46330 | N97: =M97-2 -> 46328 | P97: J1526RR02 | Q97: 标准唛+TTT | Y97: 1.133 | Z97: =J97*Y97 -> 2834.77 | AA97: =Z97*7.75 -> 21969.47 | AE97: KIK | AH97: 46184 | AI97: 无 | AK97: 无 | AL97: 无 | AO97: =M97-A97 -> 169 | AP97: =M97-AH97 -> 146
A98: 46225 | C98: 比利时 | D98: TOMY UK CO LTD | E98: Gary | F98: 10133076 | G98: 4500033113 | H98: E73917C | I98: 浮水佩奇 | J98: 9000 | K98: 4 | L98: =IFERROR((J98/K98),"") -> 2250 | M98: 46330 | N98: =M98-2 -> 46328 | P98: J1526RR02 | Q98: 标准唛+TTT+欧盟信息 | Y98: 3.015 | Z98: =J98*Y98 -> 27135 | AA98: =Z98*7.75 -> 210296.25 | AE98: KIK
A99: 46225 | C99: 澳大利亚 | D99: TOMY AUSTRALIA PTY, LTD. | E99: Toby | F99: 10133069 | G99: 20219275 | H99: 47716A | I99: =IFERROR(VLOOKUP(H99,名称!A:C,2,0),"") -> 滑板拖车 | J99: 120 | K99: 4 | L99: =IFERROR((J99/K99),"") -> 30 | M99: 46379 | N99: =M99-2 -> 46377 | P99: K1326RR02 | Q99: 标准唛+TTT | T99: 有JD贴纸/客供镭射贴纸 | Y99: 16.71 | Z99: =J99*Y99 -> 2005.2 | AA99: =Z99*7.75 -> 15540.3 | AE99: KIK
A100: 46228 | C100: 中国 | D100: TOMY UK CO LTD | E100: Nancy | F100: 10133467 | G100: 4500033125 | H100: Y2049L1 | I100: =IFERROR(VLOOKUP(H100,名称!A:C,2,0),"") -> 锁匙 | J100: 3024 | K100: =IFERROR(VLOOKUP(H100,名称!A:D,3,0),"") -> 36 | L100: =IFERROR((J100/K100),"") -> 84 | M100: 46323 | N100: =M100-2 -> 46321 | P100: I1526RR02 | Q100: 标准唛+TTT+欧盟信息 | Y100: 0.324 | Z100: =J100*Y100 -> 979.78 | AA100: =Z100*7.75 -> 7593.3 | AE100: KIK | AH100: 46251 | AI100: 无 | AK100: 无 | AL100: 无
...

Sheet RRM总排期
A1: 接单期 | B1: 提交化学测试 | C1: 国家 | D1: 第三客户名称 | E1: 客跟单 | F1: TOMY PO | G1: CUSTOMER PO | H1: 货号 | I1: 产品名称 | J1: 数量 | K1: 外箱 | L1: 总箱数 | M1: PO走货期 | N1: 验货期 | O1: 实际验货期 | P1: 日期码 | Q1: 箱唛资料 | R1: Spot check | S1: 年报测试 | T1: 客贴纸 | U1: 印尼回复上拉时间 | V1: 印尼回复完成时间 | W1: 箱唛状态 | X1: 备注 | Y1: 单价USD | Z1: 金额USD | AA1: 金额HKD | AB1: 发票号 | AC1: 船期 | AD1: 是否入系统 | AE1: 车间 | AF1: 混装比例 | AG1: 确认采购日期 | AH1: 包材上料时间 | AI1: 塑胶件上料时间 | AJ1: 纸吉 | AK1: 五金上料时间 | AL1: 贴纸 | AM1: 仓库复来料时间 | AN1: 接单周期 | AO1: 印尼周期
A2: 46001 | B2: =IF(TODAY()>=A2,IF(R2="","未",""),"") | C2: 澳大利亚 | D2: TOMY AUSTRALIA PTY, LTD. | E2: Doreen | F2: 10116691 | G2: 20218751 | H2: 47274J | I2: =IFERROR(VLOOKUP(H2,名称!A:C,2,0),"") -> 1#农场朋友混合 | J2: 5000 | K2: =IFERROR(VLOOKUP(H2,名称!A:D,3,0),"") -> 4 | L2: =IFERROR((J2/K2),"") -> 1250 | M2: 46232 | N2: =M2-2 -> 46230 | O2: 46232 | P2: F1526RR03 | Q2: 标准唛+TTT | R2: 7/28 ok | S2: OK | T2: 有JD贴纸 | Y2: 1.746 | Z2: =J2*Y2 -> 8730 | AA2: =Z2*7.75 -> 67657.5 | AE2: =IFERROR(VLOOKUP(H2,名称!A:D,4,0),"") -> RRM | AH2: 2026/6/24 OPP带 7/1空运 | AI2: 无 | AK2: 46197 | AL2: 7/1空运 | AN2: =M2-A2 -> 231 | AO2: =M2-AH2 -> #VALUE!
A3: 46123 | B3: =IF(TODAY()>=A3,IF(R3="","未",""),"") | C3: 澳大利亚 | D3: TOMY AUSTRALIA PTY, LTD. | E3: Toby | F3: 10125011 | G3: 20219058 | H3: 47274J | I3: =IFERROR(VLOOKUP(H3,名称!A:C,2,0),"") -> 1#农场朋友混合 | J3: 3000 | K3: =IFERROR(VLOOKUP(H3,名称!A:D,3,0),"") -> 4 | L3: =IFERROR((J3/K3),"") -> 750 | M3: 46232 | N3: =M3-2 -> 46230 | O3: 46232 | P3: F1526RR03 | Q3: 标准唛+TTT | R3: 7/28 ok | S3: OK | T3: 有JD贴纸 | Y3: 1.746 | Z3: =J3*Y3 -> 5238 | AA3: =Z3*7.75 -> 40594.5 | AE3: =IFERROR(VLOOKUP(H3,名称!A:D,4,0),"") -> RRM | AH3: 2026/6/24 OPP带 7/1空运 | AI3: 无 | AK3: 46197 | AL3: 7/1空运 | AN3: =M3-A3 -> 109 | AO3: =M3-AH3 -> #VALUE!
A4: 46030 | B4: =IF(TODAY()>=A4,IF(R4="","未",""),"") | C4: 澳大利亚 | D4: TOMY AUSTRALIA PTY, LTD. | E4: Doreen | F4: 10118546 | G4: 20218828 | H4: 35766C | I4: =IFERROR(VLOOKUP(H4,名称!A:C,2,0),"") -> JD15 英寸大铲斗自卸卡车 | J4: 5000 | K4: =IFERROR(VLOOKUP(H4,名称!A:D,3,0),"") -> 2 | L4: =IFERROR((J4/K4),"") -> 2500 | M4: 46246 | N4: =M4-2 -> 46244 | O4: 46246 | P4: G1526RR03 | Q4: 标准唛+TTT | R4: 7/30 ok | S4: OK | T4: 有JD贴纸 | Y4: 4.131 | Z4: =J4*Y4 -> 20655 | AA4: =Z4*7.75 -> 160076.25 | AE4: =IFERROR(VLOOKUP(H4,名称!A:D,4,0),"") -> RRM | AH4: 彩盒6/25 OK | AI4: 无 | AK4: 46206 | AL4: 46206 | AN4: =M4-A4 -> 216 | AO4: =M4-AH4 -> #VALUE!
A5: 46030 | B5: =IF(TODAY()>=A5,IF(R5="","未",""),"") | C5: 澳大利亚 | D5: TOMY AUSTRALIA PTY, LTD. | E5: Doreen | F5: 10118546 | G5: 20218828 | H5: 35765D | I5: =IFERROR(VLOOKUP(H5,名称!A:C,2,0),"") -> JD 大铲斗挖掘机 | J5: 5000 | K5: =IFERROR(VLOOKUP(H5,名称!A:D,3,0),"") -> 2 | L5: =IFERROR((J5/K5),"") -> 2500 | M5: 46253 | N5: =M5-2 -> 46251 | O5: 预计8/19 | P5: G1526RR03 | Q5: 标准唛+TTT | R5: 7/30 ok | T5: 有JD贴纸 | Y5: 4.081 | Z5: =J5*Y5 -> 20405 | AA5: =Z5*7.75 -> 158138.75 | AE5: =IFERROR(VLOOKUP(H5,名称!A:D,4,0),"") -> RRM | AH5: 彩盒6/25 OK | AI5: 无 | AK5: 46206 | AL5: 46206 | AN5: =M5-A5 -> 223 | AO5: =M5-AH5 -> #VALUE!
A6: 46129 | B6: =IF(TODAY()>=A6,IF(R6="","未",""),"") | C6: 美国 | D6: TOMY INTERNATIONAL INC. | E6: Nancy | F6: 10125372 | G6: PO-000000072 | H6: 35874VAZJ | I6: =IFERROR(VLOOKUP(H6,名称!A:C,2,0),"") -> 沙河交通工具两件套 | J6: 5004 | K6: =IFERROR(VLOOKUP(H6,名称!A:D,3,0),"") -> 12 | L6: 1250 | M6: 46260 | N6: =M6-2 -> 46258 | P6: G1526RR03 | Q6: 标准唛+TTT | R6: 7/30 ok | S6: OK | T6: 有JD贴纸 | Y6: 2.215 | Z6: =J6*Y6 -> 11083.86 | AA6: =Z6*7.75 -> 85899.92 | AE6: =IFERROR(VLOOKUP(H6,名称!A:D,4,0),"") -> RRM | AH6: 密盒6/25 OK | AI6: 无 | AK6: 46206 | AL6: 46206 | AN6: =M6-A6 -> 131 | AO6: =M6-AH6 -> #VALUE!
A7: 46108 | B7: =IF(TODAY()>=A7,IF(R7="","未",""),"") | C7: 美国 | D7: TOMY INTERNATIONAL INC. | E7: Toby | F7: 10123487 | G7: 202608270087 | H7: 47616A | I7: =IFERROR(VLOOKUP(H7,名称!A:C,2,0),"") -> 沙盒建造三件套 | J7: 5000 | K7: =IFERROR(VLOOKUP(H7,名称!A:D,3,0),"") -> 4 | L7: =IFERROR((J7/K7),"") -> 1250 | M7: 46267 | N7: =M7-2 -> 46265 | P7: G1526RR03 | Q7: 标准唛+TTT | R7: 8.14寄出 | S7: 年报测试 | T7: 有JD贴纸 | Y7: 2.542 | Z7: =J7*Y7 -> 12710 | AA7: =Z7*7.75 -> 98502.5 | AE7: =IFERROR(VLOOKUP(H7,名称!A:D,4,0),"") -> RRM | AH7: 吊牌退货 7/18已装柜 | AK7: 46214 | AL7: 46214 | AN7: =M7-A7 -> 159 | AO7: =M7-AH7 -> #VALUE!
A8: 46108 | B8: =IF(TODAY()>=A8,IF(R8="","未",""),"") | C8: 澳大利亚 | D8: TOMY AUSTRALIA PTY, LTD. | E8: Toby | F8: 10123464 | G8: 20219008 | H8: 47616A | I8: =IFERROR(VLOOKUP(H8,名称!A:C,2,0),"") -> 沙盒建造三件套 | J8: 720 | K8: =IFERROR(VLOOKUP(H8,名称!A:D,3,0),"") -> 4 | L8: =IFERROR((J8/K8),"") -> 180 | M8: 46267 | N8: =M8-2 -> 46265 | P8: G1526RR03 | Q8: 标准唛+TTT | R8: 8.14寄出 | T8: 有JD贴纸 | Y8: 2.542 | Z8: =J8*Y8 -> 1830.24 | AA8: =Z8*7.75 -> 14184.36 | AE8: =IFERROR(VLOOKUP(H8,名称!A:D,4,0),"") -> RRM | AH8: 吊牌退货 7/18已装柜 | AK8: 46214 | AL8: 46214 | AN8: =M8-A8 -> 159 | AO8: =M8-AH8 -> #VALUE!
A9: 46123 | B9: =IF(TODAY()>=A9,IF(R9="","未",""),"") | C9: 澳大利亚 | D9: TOMY AUSTRALIA PTY, LTD. | E9: Toby | F9: 10125013 | G9: 20219061 | H9: 35765D | I9: =IFERROR(VLOOKUP(H9,名称!A:C,2,0),"") -> JD 大铲斗挖掘机 | J9: 2000 | K9: =IFERROR(VLOOKUP(H9,名称!A:D,3,0),"") -> 2 | L9: =IFERROR((J9/K9),"") -> 1000 | M9: 46267 | N9: =M9-2 -> 46265 | P9: G1526RR03 | Q9: 标准唛+TTT | R9: 7/30 ok | T9: 有JD贴纸 | Y9: 4.081 | Z9: =J9*Y9 -> 8162 | AA9: =Z9*7.75 -> 63255.5 | AE9: =IFERROR(VLOOKUP(H9,名称!A:D,4,0),"") -> RRM | AH9: 彩盒6/25 OK | AI9: 无 | AK9: 46206 | AL9: 46206 | AN9: =M9-A9 -> 144 | AO9: =M9-AH9 -> #VALUE!
A10: 46129 | B10: =IF(TODAY()>=A10,IF(R10="","未",""),"") | C10: 澳大利亚 | D10: TOMY AUSTRALIA PTY, LTD. | E10: Toby | F10: 10125013 | G10: 20219061 | H10: 35766C | I10: =IFERROR(VLOOKUP(H10,名称!A:C,2,0),"") -> JD15 英寸大铲斗自卸卡车 | J10: 3000 | K10: =IFERROR(VLOOKUP(H10,名称!A:D,3,0),"") -> 2 | L10: =IFERROR((J10/K10),"") -> 1500 | M10: 46267 | N10: =M10-2 -> 46265 | P10: G1526RR03 | Q10: 标准唛+TTT | R10: 7/30 ok | S10: OK | T10: 有JD贴纸 | Y10: 4.131 | Z10: =J10*Y10 -> 12393 | AA10: =Z10*7.75 -> 96045.75 | AE10: =IFERROR(VLOOKUP(H10,名称!A:D,4,0),"") -> RRM | AH10: 彩盒6/25 OK | AI10: 无 | AK10: 46206 | AL10: 46206 | AN10: =M10-A10 -> 138 | AO10: =M10-AH10 -> #VALUE!
A11: 46105 | B11: =IF(TODAY()>=A11,IF(R11="","未",""),"") | C11: 美国 | D11: TOMY INTERNATIONAL INC. | E11: Toby | F11: 10123136 | G11: 202607270116 | H11: 47023A1 | I11: =IFERROR(VLOOKUP(H11,名称!A:C,2,0),"") -> 工程玩具挖掘机 | J11: 5000 | K11: =IFERROR(VLOOKUP(H11,名称!A:D,3,0),"") -> 2 | L11: =IFERROR((J11/K11),"") -> 2500 | M11: 46274 | N11: =M11-2 -> 46272 | P11: G1526RR03 | Q11: 标准唛+TTT | R11: 8.19寄出 | S11: 7/21 OK | T11: 有JD贴纸 | Y11: 4.419 | Z11: =J11*Y11 -> 22095 | AA11: =Z11*7.75 -> 171236.25 | AE11: =IFERROR(VLOOKUP(H11,名称!A:D,4,0),"") -> RRM | AH11: 彩盒6/25 OK | AK11: 46214 | AL11: 46219 | AN11: =M11-A11 -> 169 | AO11: =M11-AH11 -> #VALUE!
A12: 46106 | B12: =IF(TODAY()>=A12,IF(R12="","未",""),"") | C12: 澳大利亚 | D12: TOMY AUSTRALIA PTY, LTD. | E12: Toby | F12: 10123190 | G12: 20218996 | H12: 47023A1 | I12: =IFERROR(VLOOKUP(H12,名称!A:C,2,0),"") -> 工程玩具挖掘机 | J12: 600 | K12: =IFERROR(VLOOKUP(H12,名称!A:D,3,0),"") -> 2 | L12: =IFERROR((J12/K12),"") -> 300 | M12: 46274 | N12: =M12-2 -> 46272 | P12: G1526RR03 | Q12: 标准唛+TTT | R12: 8.19寄出 | S12: 7/21 OK | T12: 有JD贴纸 | Y12: 4.419 | Z12: =J12*Y12 -> 2651.4 | AA12: =Z12*7.75 -> 20548.35 | AE12: =IFERROR(VLOOKUP(H12,名称!A:D,4,0),"") -> RRM | AH12: 彩盒6/25 OK | AK12: 46214 | AL12: 46219 | AN12: =M12-A12 -> 168 | AO12: =M12-AH12 -> #VALUE!
A13: 46129 | B13: =IF(TODAY()>=A13,IF(R13="","未",""),"") | C13: 美国 | D13: TOMY INTERNATIONAL INC. | E13: Nancy | F13: 10125389 | G13: PO-000000080 | H13: 47023AZ2 | I13: =IFERROR(VLOOKUP(H13,名称!A:C,2,0),"") -> 工程玩具挖掘机 | J13: 5000 | K13: =IFERROR(VLOOKUP(H13,名称!A:D,3,0),"") -> 2 | L13: 2500 | M13: 46274 | N13: =M13-2 -> 46272 | P13: G1526RR03 | Q13: 标准唛+TTT | R13: 8.19寄出 | T13: 有JD贴纸 | Y13: 4.419 | Z13: =J13*Y13 -> 22095 | AA13: =Z13*7.75 -> 171236.25 | AE13: =IFERROR(VLOOKUP(H13,名称!A:D,4,0),"") -> RRM | AH13: 46233 | AK13: 46233 | AL13: 46233 | AN13: =M13-A13 -> 145 | AO13: =M13-AH13 -> 41
A14: 46129 | B14: =IF(TODAY()>=A14,IF(R14="","未",""),"") | C14: 美国 | D14: TOMY INTERNATIONAL INC. | E14: Nancy | F14: 10125372 | G14: PO-000000072 | H14: 35874VAZJ | I14: =IFERROR(VLOOKUP(H14,名称!A:C,2,0),"") -> 沙河交通工具两件套 | J14: 5004 | K14: =IFERROR(VLOOKUP(H14,名称!A:D,3,0),"") -> 12 | L14: 1250 | M14: 46274 | N14: =M14-2 -> 46272 | P14: G1526RR03 | Q14: 标准唛+TTT | R14: 7/30 ok | S14: OK | T14: 有JD贴纸 | Y14: 2.215 | Z14: =J14*Y14 -> 11083.86 | AA14: =Z14*7.75 -> 85899.92 | AE14: =IFERROR(VLOOKUP(H14,名称!A:D,4,0),"") -> RRM | AH14: 密盒6/25 OK | AI14: 无 | AK14: 46206 | AL14: 46206 | AN14: =M14-A14 -> 145 | AO14: =M14-AH14 -> #VALUE!
A15: 46129 | B15: =IF(TODAY()>=A15,IF(R15="","未",""),"") | C15: 美国 | D15: TOMY INTERNATIONAL INC. | E15: Nancy | F15: 10125372 | G15: PO-000000072 | H15: 35874VAZJ | I15: =IFERROR(VLOOKUP(H15,名称!A:C,2,0),"") -> 沙河交通工具两件套 | J15: 4992 | K15: =IFERROR(VLOOKUP(H15,名称!A:D,3,0),"") -> 12 | L15: 1250 | M15: 46274 | N15: =M15-2 -> 46272 | P15: G1526RR03 | Q15: 标准唛+TTT | R15: 7/30 ok | S15: OK | T15: 有JD贴纸 | Y15: 2.215 | Z15: =J15*Y15 -> 11057.28 | AA15: =Z15*7.75 -> 85693.92 | AE15: =IFERROR(VLOOKUP(H15,名称!A:D,4,0),"") -> RRM | AH15: 密盒6/25 OK | AI15: 无 | AK15: 46206 | AL15: 46206 | AN15: =M15-A15 -> 145 | AO15: =M15-AH15 -> #VALUE!
A16: 46130 | B16: =IF(TODAY()>=A16,IF(R16="","未",""),"") -> 未 | C16: 美国 | D16: TOMY INTERNATIONAL INC. | E16: Toby | F16: 10125700 | G16: PO-000000101 | H16: 47193C | I16: =IFERROR(VLOOKUP(H16,名称!A:C,2,0),"") -> 农场朋友组合 | J16: 4400 | K16: =IFERROR(VLOOKUP(H16,名称!A:D,3,0),"") -> 4 | L16: 1250 | M16: 46281 | N16: =M16-2 -> 46279 | P16: G1526RR03 | Q16: 标准唛+TTT | T16: 有JD贴纸 | Y16: 2.881 | Z16: =J16*Y16 -> 12676.4 | AA16: =Z16*7.75 -> 98242.1 | AE16: =IFERROR(VLOOKUP(H16,名称!A:D,4,0),"") -> RRM | AH16: 46233 | AK16: 46233 | AL16: 46233 | AN16: =M16-A16 -> 151 | AO16: =M16-AH16 -> 48
A17: 46142 | B17: =IF(TODAY()>=A17,IF(R17="","未",""),"") -> 未 | C17: 澳大利亚 | D17: TOMY AUSTRALIA PTY, LTD. | E17: Toby | F17: 10125362 | G17: 20219091 | H17: 47193C | I17: =IFERROR(VLOOKUP(H17,名称!A:C,2,0),"") -> 农场朋友组合 | J17: 600 | K17: =IFERROR(VLOOKUP(H17,名称!A:D,3,0),"") -> 4 | L17: 1250 | M17: 46281 | N17: =M17-2 -> 46279 | P17: G1526RR03 | Q17: 标准唛+TTT | T17: 有JD贴纸 | Y17: 2.881 | Z17: =J17*Y17 -> 1728.6 | AA17: =Z17*7.75 -> 13396.65 | AB17: KIK | AE17: =IFERROR(VLOOKUP(H17,名称!A:D,4,0),"") -> RRM | AH17: 46233 | AK17: 46233 | AL17: 46233 | AN17: =M17-A17 -> 139 | AO17: =M17-AH17 -> 48
A18: 46179 | B18: =IF(TODAY()>=A18,IF(R18="","未",""),"") | C18: 澳大利亚 | D18: TOMY AUSTRALIA PTY, LTD. | E18: Toby | F18: 10129036 | G18: 20219196 | H18: 35765D | I18: =IFERROR(VLOOKUP(H18,名称!A:C,2,0),"") -> JD 大铲斗挖掘机 | J18: 4000 | K18: 2 | L18: =IFERROR((J18/K18),"") -> 2000 | M18: 46281 | N18: =M18-2 -> 46279 | P18: G1526RR03 | Q18: 标准唛+TTT | R18: 7/30 ok | T18: 有JD贴纸 | Y18: 4.081 | Z18: =J18*Y18 -> 16324 | AA18: =Z18*7.75 -> 126511 | AE18: =IFERROR(VLOOKUP(H18,名称!A:D,4,0),"") -> RRM | AH18: 彩盒6/25 OK | AI18: 无 | AK18: 46206 | AL18: 46206 | AN18: =M18-A18 -> 102 | AO18: =M18-AH18 -> #VALUE!
A19: 46179 | B19: =IF(TODAY()>=A19,IF(R19="","未",""),"") | C19: 澳大利亚 | D19: TOMY AUSTRALIA PTY, LTD. | E19: Toby | F19: 10129036 | G19: 20219196 | H19: 35766C | I19: =IFERROR(VLOOKUP(H19,名称!A:C,2,0),"") -> JD15 英寸大铲斗自卸卡车 | J19: 4000 | K19: 2 | L19: =IFERROR((J19/K19),"") -> 2000 | M19: 46281 | N19: =M19-2 -> 46279 | P19: G1526RR03 | Q19: 标准唛+TTT | R19: 7/30 ok | S19: OK | T19: 有JD贴纸 | Y19: 4.131 | Z19: =J19*Y19 -> 16524 | AA19: =Z19*7.75 -> 128061 | AE19: =IFERROR(VLOOKUP(H19,名称!A:D,4,0),"") -> RRM | AH19: 彩盒6/25 OK | AI19: 无 | AK19: 46206 | AL19: 46206 | AN19: =M19-A19 -> 102 | AO19: =M19-AH19 -> #VALUE!
A20: 46179 | B20: =IF(TODAY()>=A20,IF(R20="","未",""),"") | C20: 澳大利亚 | D20: TOMY AUSTRALIA PTY, LTD. | E20: Toby | F20: 10129036 | G20: 20219196 | H20: 47274J | I20: =IFERROR(VLOOKUP(H20,名称!A:C,2,0),"") -> 1#农场朋友混合 | J20: 3000 | K20: 4 | L20: =IFERROR((J20/K20),"") -> 750 | M20: 46281 | N20: =M20-2 -> 46279 | P20: G1526RR03 | Q20: 标准唛+TTT | R20: 7/28 ok | S20: OK | T20: 有JD贴纸 | Y20: 1.746 | Z20: =J20*Y20 -> 5238 | AA20: =Z20*7.75 -> 40594.5 | AE20: =IFERROR(VLOOKUP(H20,名称!A:D,4,0),"") -> RRM | AH20: 2026/6/24 OPP带 7/1空运 | AI20: 无 | AK20: 46197 | AL20: 7/1空运 | AN20: =M20-A20 -> 102 | AO20: =M20-AH20 -> #VALUE!
A21: 46185 | B21: =IF(TODAY()>=A21,IF(R21="","未",""),"") | C21: 比利时 | D21: TOMY UK CO LTD | E21: Nancy | F21: 10129303 | G21: 4500032948 | H21: 35765D | I21: =IFERROR(VLOOKUP(H21,名称!A:C,2,0),"") -> JD 大铲斗挖掘机 | J21: 1800 | K21: 2 | L21: =IFERROR((J21/K21),"") -> 900 | M21: 46281 | N21: =M21-2 -> 46279 | P21: G1526RR03 | Q21: 标准唛+TTT+欧盟信息 | R21: 7/30 ok | T21: 有JD贴纸 | Y21: 4.081 | Z21: =J21*Y21 -> 7345.8 | AA21: =Z21*7.75 -> 56929.95 | AE21: RRM | AH21: 彩盒6/25 OK | AI21: 无 | AK21: 46206 | AL21: 46206 | AN21: =M21-A21 -> 96 | AO21: =M21-AH21 -> #VALUE!
A22: 46129 | B22: =IF(TODAY()>=A22,IF(R22="","未",""),"") -> 未 | C22: 澳大利亚 | D22: TOMY AUSTRALIA PTY, LTD. | E22: Toby | F22: 10125362 | G22: 20219091 | H22: 35874A1J | I22: =IFERROR(VLOOKUP(H22,名称!A:C,2,0),"") -> 沙河交通工具两件套 | J22: 3000 | K22: 4 | L22: =IFERROR((J22/K22),"") -> 750 | M22: 46288 | N22: =M22-2 -> 46286 | P22: G1526RR03 | Q22: 标准唛+TTT | T22: 有JD贴纸 | Y22: 2.215 | Z22: =J22*Y22 -> 6645 | AA22: =Z22*7.75 -> 51498.75 | AE22: =IFERROR(VLOOKUP(H22,名称!A:D,4,0),"") -> RRM | AH22: 46242 | AI22: 无 | AK22: 46206 | AL22: 46206 | AN22: =M22-A22 -> 159 | AO22: =M22-AH22 -> 46
A23: 46179 | B23: =IF(TODAY()>=A23,IF(R23="","未",""),"") -> 未 | C23: 英国 | D23: TOMY UK CO., Ltd. | F23: 4500032587 | H23: F5861ML2 | I23: 管道吹风球 | J23: =7002-3000 -> 4002 | K23: 3 | L23: =IFERROR((J23/K23),"") -> 1334 | M23: 46293 | N23: =M23-2 -> 46291 | P23: H1426RR02 | Q23: 标准唛+TTT+欧盟信息 | T23: 待定 | X23: 欧洲版本充电器，有在Fat Brain扣MA | Y23: 25.96 | Z23: =J23*Y23 -> 103891.92 | AA23: =Z23*7.75 -> 805162.38 | AE23: =IFERROR(VLOOKUP(H23,名称!A:D,4,0),"") -> RRM | AN23: =M23-A23 -> 114 | AO23: =M23-#REF! -> #REF!
A24: 46199 | B24: =IF(TODAY()>=A24,IF(R24="","未",""),"") -> 未 | C24: 澳大利亚 | D24: Tomy Australia Pty Ltd | F24: 20219232 | H24: FA586-2AUT | I24: 管道吹风球 | J24: 4110 | K24: 3 | L24: =IFERROR((J24/K24),"") -> 1370 | M24: 46293 | N24: =M24-2 -> 46291 | Q24: 客唛 | T24: 有特殊贴纸，档案待提供，我司负责印刷。 说明书跟美文版不同 | X24: 澳洲版本充电器，有在Fat Brain扣MA | Y24: 25.96 | Z24: =J24*Y24 -> 106695.6 | AA24: =Z24*7.75 -> 826890.9 | AE24: RRM | AN24: =M24-A24 -> 94 | AO24: =M24-AH23 -> 46293
A25: 46172 | B25: =IF(TODAY()>=A25,IF(R25="","未",""),"") -> 未 | C25: 美国 | D25: TOMY INTERNATIONAL INC. | E25: Nancy | F25: 10128490 | G25: PO-000001107 | H25: 47020A1 | I25: 6 英寸工程车辆 两件套装 | J25: 5000 | K25: 4 | L25: =IFERROR((J25/K25),"") -> 1250 | M25: 46295 | N25: =M25-2 -> 46293 | P25: G1526RR03 | Q25: 标准唛+TTT | T25: 有JD贴纸 | Y25: 0 | Z25: =J25*Y25 -> 0 | AA25: =Z25*7.75 -> 0 | AE25: RRM | AH25: 46242 | AI25: 无 | AK25: 46242 | AL25: 46242 | AN25: =M25-A25 -> 123 | AO25: =M25-AH25 -> 53
A26: 46172 | B26: =IF(TODAY()>=A26,IF(R26="","未",""),"") -> 未 | C26: 澳大利亚 | D26: TOMY AUSTRALIA PTY, LTD. | E26: Toby | F26: 10128547 | G26: 20219183 | H26: 47020A1 | I26: 6 英寸工程车辆 两件套装 | J26: 1000 | K26: 4 | L26: =IFERROR((J26/K26),"") -> 250 | M26: 46302 | N26: =M26-2 -> 46300 | P26: I1526RR03 | Q26: 标准唛+TTT | T26: 有JD贴纸 | Y26: 0 | Z26: =J26*Y26 -> 0 | AA26: =Z26*7.75 -> 0 | AE26: RRM | AH26: 46242 | AI26: 无 | AK26: 46242 | AL26: 46242 | AN26: =M26-A26 -> 130 | AO26: =M26-AH26 -> 60
A27: 46179 | B27: =IF(TODAY()>=A27,IF(R27="","未",""),"") -> 未 | C27: 澳大利亚 | D27: TOMY AUSTRALIA PTY, LTD. | E27: Toby | F27: 10129036 | G27: 20219196 | H27: 46510A1 | I27: 大铲斗配沙池工具 | J27: 1000 | K27: 2 | L27: =IFERROR((J27/K27),"") -> 500 | M27: 46302 | N27: =M27-2 -> 46300 | P27: I1526RR03 | Q27: 标准唛+TTT | T27: 有JD贴纸 | Y27: 4.944 | Z27: =J27*Y27 -> 4944 | AA27: =Z27*7.75 -> 38316 | AE27: RRM | AH27: 8/12放订 | AN27: =M27-A27 -> 123 | AO27: =M27-AH27 -> #VALUE!
A28: 46182 | B28: =IF(TODAY()>=A28,IF(R28="","未",""),"") -> 未 | C28: 美国 | D28: TOMY INTERNATIONAL INC. | E28: Nancy | F28: 10129125 | G28: PO-000001300 | H28: 46701A1 | I28: 大铲斗配沙池工具 | J28: 5000 | K28: 2 | L28: =IFERROR((J28/K28),"") -> 2500 | M28: 46302 | N28: =M28-2 -> 46300 | P28: I1526RR03 | Q28: 标准唛+TTT | T28: 有JD贴纸 | Y28: 4.944 | Z28: =J28*Y28 -> 24720 | AA28: =Z28*7.75 -> 191580 | AE28: RRM | AH28: 8/12放订 | AN28: =M28-A28 -> 120 | AO28: =M28-AH28 -> #VALUE!
A29: 46182 | B29: =IF(TODAY()>=A29,IF(R29="","未",""),"") -> 未 | C29: 美国 | D29: TOMY INTERNATIONAL INC. | E29: Toby | F29: 10129130 | G29: PO-000001315 | H29: 46510A1 | I29: 大铲斗配沙池工具 | J29: 4000 | K29: 2 | L29: =IFERROR((J29/K29),"") -> 2000 | M29: 46302 | N29: =M29-2 -> 46300 | P29: I1526RR03 | Q29: 标准唛+TTT | T29: 有JD贴纸 | Y29: 4.944 | Z29: =J29*Y29 -> 19776 | AA29: =Z29*7.75 -> 153264 | AE29: RRM | AH29: 8/12放订 | AN29: =M29-A29 -> 120 | AO29: =M29-AH29 -> #VALUE!
A30: 46150 | B30: =IF(TODAY()>=A30,IF(R30="","未",""),"") -> 未 | F30: MA | H30: F5861ML2 | I30: 管道吹风球 | J30: =24992-300-4800-2130-4110-4002-3000 -> 6650 | K30: =IFERROR(VLOOKUP(H30,名称!A:D,3,0),"") -> 3 | L30: =IFERROR((J30/K30),"") -> 2216.6667 | M30: 46309 | N30: =M30-2 -> 46307 | X30: 适配器待定，有在Fat Brain扣MA | Z30: =J30*Y30 -> 0 | AA30: =Z30*7.75 -> 0 | AE30: =IFERROR(VLOOKUP(H30,名称!A:D,4,0),"") -> RRM | AN30: =M30-A30 -> 159 | AO30: =M30-AH30 -> 46309
A31: 46141 | B31: =IF(TODAY()>=A31,IF(R31="","未",""),"") -> 未 | C31: 波兰 | D31: TOMY UK CO., Ltd. | F31: 4500032736 | H31: F5861ML2 | I31: 管道吹风球 | J31: 2130 | K31: =IFERROR(VLOOKUP(H31,名称!A:D,3,0),"") -> 3 | L31: =IFERROR((J31/K31),"") -> 710 | M31: 46310 | N31: =M31-2 -> 46308 | P31: H1426RR02 | Q31: 标准唛+TTT+欧盟信息 | T31: 彩盒底部需贴标签 | X31: 欧洲版本充电器，有在Fat Brain扣MA | Y31: 25.96 | Z31: =J31*Y31 -> 55294.8 | AA31: =Z31*7.75 -> 428534.7 | AE31: =IFERROR(VLOOKUP(H31,名称!A:D,4,0),"") -> RRM | AN31: =M31-A31 -> 169 | AO31: =M31-AH31 -> 46310
A32: 46179 | B32: =IF(TODAY()>=A32,IF(R32="","未",""),"") -> 未 | C32: 澳大利亚 | D32: TOMY AUSTRALIA PTY, LTD. | E32: Toby | F32: 10129036 | G32: 20219196 | H32: 47207B | I32: 农场朋友运输套装 | J32: 600 | K32: 4 | L32: =IFERROR((J32/K32),"") -> 150 | M32: 46316 | N32: =M32-2 -> 46314 | P32: I1526RR03 | Q32: 标准唛+TTT | S32: 8/11 寄出 | T32: 有JD贴纸 | Y32: 5.774 | Z32: =J32*Y32 -> 3464.4 | AA32: =Z32*7.75 -> 26849.1 | AE32: RRM | AN32: =M32-A32 -> 137 | AO32: =M32-AH32 -> 46316
A33: 46182 | B33: =IF(TODAY()>=A33,IF(R33="","未",""),"") -> 未 | C33: 美国 | D33: TOMY INTERNATIONAL INC. | E33: Toby | F33: 10129130 | G33: PO-000001315 | H33: 47207B | I33: 农场朋友运输套装 | J33: 4400 | K33: 4 | L33: =IFERROR((J33/K33),"") -> 1100 | M33: 46316 | N33: =M33-2 -> 46314 | P33: I1526RR03 | Q33: 标准唛+TTT | S33: 8/11 寄出 | T33: 有JD贴纸 | Y33: 5.774 | Z33: =J33*Y33 -> 25405.6 | AA33: =Z33*7.75 -> 196893.4 | AE33: RRM | AN33: =M33-A33 -> 134 | AO33: =M33-AH33 -> 46316
A34: 46186 | B34: =IF(TODAY()>=A34,IF(R34="","未",""),"") -> 未 | C34: 比利时 | D34: TOMY UK CO LTD | E34: Nancy | F34: 10129356 | G34: 4500032955 | H34: 47207B | I34: 农场朋友运输套装 | J34: 2500 | K34: 4 | L34: =IFERROR((J34/K34),"") -> 625 | M34: 46323 | N34: =M34-2 -> 46321 | P34: I1526RR03 | Q34: 标准唛+TTT+欧盟信息 | T34: 有JD贴纸 | Y34: 5.774 | Z34: =J34*Y34 -> 14435 | AA34: =Z34*7.75 -> 111871.25 | AE34: RRM | AN34: =M34-A34 -> 137 | AO34: =M34-AH34 -> 46323
A35: 46186 | B35: =IF(TODAY()>=A35,IF(R35="","未",""),"") -> 未 | C35: 比利时 | D35: TOMY UK CO LTD | E35: Nancy | F35: 10129356 | G35: 4500032955 | H35: 47207B | I35: 农场朋友运输套装 | J35: 2500 | K35: 4 | L35: =IFERROR((J35/K35),"") -> 625 | M35: 46323 | N35: =M35-2 -> 46321 | P35: I1526RR03 | Q35: 标准唛+TTT+欧盟信息 | T35: 有JD贴纸 | Y35: 5.774 | Z35: =J35*Y35 -> 14435 | AA35: =Z35*7.75 -> 111871.25 | AE35: RRM | AN35: =M35-A35 -> 137 | AO35: =M35-AH35 -> 46323
A36: 46206 | B36: =IF(TODAY()>=A36,IF(R36="","未",""),"") -> 未 | C36: 中国 | D36: TOMY UK CO LTD | E36: Nancy | F36: 10131243 | G36: 4500033055 | H36: 47207B | I36: 农场朋友运输套装 | J36: 1000 | K36: 4 | L36: =IFERROR((J36/K36),"") -> 250 | M36: 46337 | N36: =M36-2 -> 46335 | P36: J1526RR03 | Q36: 标准唛+TTT+欧盟信息 | T36: 有JD贴纸 | Y36: 5.774 | Z36: =J36*Y36 -> 5774 | AA36: =Z36*7.75 -> 44748.5 | AE36: RRM
A37: 46179 | B37: =IF(TODAY()>=A37,IF(R37="","未",""),"") -> 未 | C37: 英国 | D37: TOMY UK CO., Ltd. | F37: 4500032587 | H37: F5861ML2 | I37: 管道吹风球 | J37: 3000 | K37: 3 | L37: =IFERROR((J37/K37),"") -> 1000 | M37: 46354 | N37: =M37-2 -> 46352 | P37: J1526RR03 | Q37: 标准唛+TTT+欧盟信息 | T37: 待定 | X37: 欧洲版本充电器，有在Fat Brain扣MA | Y37: 25.96 | Z37: =J37*Y37 -> 77880 | AA37: =Z37*7.75 -> 603570 | AE37: =IFERROR(VLOOKUP(H37,名称!A:D,4,0),"") -> RRM | AN37: =M37-A37 -> 175 | AO37: =M37-AH37 -> 46354
A38: 46114 | B38: =IF(TODAY()>=A38,IF(R38="","未",""),"") -> 未 | C38: 比利时 | D38: TOMY UK CO., Ltd. | F38: 4500032586 | H38: F5861ML2 | I38: 管道吹风球 | J38: 4800 | K38: =IFERROR(VLOOKUP(H38,名称!A:D,3,0),"") -> 3 | L38: =IFERROR((J38/K38),"") -> 1600 | M38: 46391 | N38: =M38-2 -> 46389 | P38: H1426RR03 | Q38: 标准唛+TTT+欧盟信息 | T38: 待定 | W38: 7/15放箱唛 | X38: 欧洲版本充电器，有在Fat Brain扣MA | Y38: 25.96 | Z38: =J38*Y38 -> 124608 | AA38: =Z38*7.75 -> 965712 | AE38: =IFERROR(VLOOKUP(H38,名称!A:D,4,0),"") -> RRM | AN38: =M38-A38 -> 277 | AO38: =M38-AH38 -> 46391
A39: 46221 | C39: 澳大利亚 | D39: TOMY AUSTRALIA PTY, LTD. | E39: Toby | F39: 10132947 | G39: 20219244 | H39: E74062C | I39: 弹出皮特寻宝器 | J39: 2000 | K39: 4 | L39: =IFERROR((J39/K39),"") -> 500 | M39: 46309 | N39: =M39-2 -> 46307 | P39: I1526RR03 | Q39: 标准唛+TTT | Y39: 2.26 | Z39: =J39*Y39 -> 4520 | AA39: =Z39*7.75 -> 35030 | AE39: RRM
A40: 46225 | C40: 比利时 | D40: TOMY UK CO LTD | E40: Gary | F40: 10133076 | G40: 4500033113 | H40: E74062C | I40: 弹出皮特寻宝器 | J40: 7200 | K40: 4 | L40: =IFERROR((J40/K40),"") -> 1800 | M40: 46316 | N40: =M40-2 -> 46314 | P40: I1526RR03 | Q40: 标准唛+TTT+欧盟信息 | Y40: 2.26 | Z40: =J40*Y40 -> 16272 | AA40: =Z40*7.75 -> 126108 | AE40: RRM
A41: 46227 | C41: 美国 | D41: TOMY INTERNATIONAL INC. | E41: Nancy | F41: 10133459 | G41: PO-000002055 | H41: 35874VAZJ | I41: =IFERROR(VLOOKUP(H41,名称!A:C,2,0),"") -> 沙河交通工具两件套 | J41: 10008 | K41: 12 | L41: =IFERROR((J41/K41),"") -> 834 | M41: 46323 | N41: =M41-2 -> 46321 | P41: I1526RR03 | Q41: 标准唛+TTT | T41: 有JD贴纸 | Y41: 2.215 | Z41: =J41*Y41 -> 22167.72 | AA41: =Z41*7.75 -> 171799.83 | AE41: RRM
A42: 46227 | C42: 美国 | D42: TOMY INTERNATIONAL INC. | E42: Nancy | F42: 10133459 | G42: PO-000002055 | H42: 35874A1J | I42: =IFERROR(VLOOKUP(H42,名称!A:C,2,0),"") -> 沙河交通工具两件套 | J42: 5000 | K42: 4 | L42: =IFERROR((J42/K42),"") -> 1250 | M42: 46323 | N42: =M42-2 -> 46321 | P42: I1526RR03 | Q42: 标准唛+TTT | T42: 有JD贴纸 | Y42: 2.215 | Z42: =J42*Y42 -> 11075 | AA42: =Z42*7.75 -> 85831.25 | AE42: RRM
A43: 46232 | C43: 澳大利亚 | D43: TOMY AUSTRALIA PTY, LTD. | E43: Toby | F43: 10133690 | G43: 20219287 | H43: 47339B | I43: 沙河三件套 | J43: 1000 | K43: 4 | L43: =IFERROR((J43/K43),"") -> 250 | M43: 46330 | N43: =M43-2 -> 46328 | P43: J1526RR03 | Q43: 标准唛+TTT | T43: 有JD贴纸 | Y43: 2.503 | Z43: =J43*Y43 -> 2503 | AA43: =Z43*7.75 -> 19398.25 | AE43: RRM
A44: 46233 | C44: 比利时 | D44: TOMY UK CO LTD | E44: Olivia | F44: 10133891 | G44: 4500033143 | H44: T12694N | I44: 拳头毛绒 | J44: 3000 | K44: 4 | L44: =IFERROR((J44/K44),"") -> 750 | M44: 46337 | N44: =M44-2 -> 46335 | P44: J2026RR03 | Q44: 标准唛+TTT+欧盟信息 | T44: 客供标签贴纸（无备品） | X44: 贴纸7/31上RRM :QC大货抽六套回中国，做EU测试（十月中跟进） | Y44: 5.702 | Z44: =J44*Y44 -> 17106 | AA44: =Z44*7.75 -> 132571.5 | AE44: RRM
A45: 46238 | C45: 美国 | D45: TOMY INTERNATIONAL INC. | E45: Gary | F45: 10134547 | G45: PO-000002068 | H45: 47339B | I45: 沙河三件套 | J45: 5000 | K45: 4 | L45: =IFERROR((J45/K45),"") -> 1250 | M45: 46323 | N45: =M45-2 -> 46321 | P45: J1526RR03 | Q45: 标准唛+TTT | T45: 有JD贴纸 | Y45: 2.503 | Z45: =J45*Y45 -> 12515 | AA45: =Z45*7.75 -> 96991.25 | AE45: RRM
A46: 46239 | F46: 印尼 PP单 | H46: T72465ASC1 | I46: 贪婪的老奶奶 | J46: 200 | K46: 6 | L46: 34 | M46: 46260 | N46: 46258 | X46: 只需胶件与五金 | AC46: =IFERROR(VLOOKUP(H46,[3]名称!A:D,4,0),"")
I49: 合计 | J49: =SUM(J2:J23) -> 79122 | Z49: =SUM(Z2:Z48) -> 904154.48 | AA49: =SUM(AA2:AA48) -> 7007197.2

Sheet 测试明细
A1: 需做测试订单
A2: 序号 | B2: PO号 | C2: 货号 | D2: 货期 | E2: 产地 | F2: 需寄出时间 | G2: 备注
A3: 1 | B3: 10118393 | C3: E73622A | D3: 46092 | E3: 印尼 | F3: =D3-25 -> 46067 | G3: 4/1 测试OK
A4: 2 | B4: 10120677 | C4: 47674DG2 | D4: 2026/4/1 | E4: 印尼 | F4: =D4-25 -> 46088 | G4: 已走货
A5: 3 | B5: 10116164 | C5: 47600J | D5: 2026/4/1 | E5: 印尼 | F5: =D5-25 -> 46088 | G5: 4.9 pass
A6: 4 | B6: 10118279 | C6: 47669 | D6: 2026/4/1 | E6: 印尼 | F6: =D6-25 -> 46088 | G6: 4.9 pass
A7: 5 | B7: 10120342 | C7: E73705A | D7: 2026/4/11 | E7: 印尼 | F7: =D7-25 -> 46098 | G7: 4.8 pass
A8: 6 | B8: 10118943 | C8: 46696 | D8: 2026/4/22 | E8: 东莞 | F8: =D8-25 -> 46109 | G8: 4.9 pass
A9: 7 | B9: 10119984 | C9: 47714A | D9: 2026/5/6 | E9: 印尼 | F9: =D9-25 -> 46123 | G9: 5.27 pass
A10: 8 | B10: 10119985 | C10: 47722A | D10: 2026/5/6 | E10: 印尼 | F10: =D10-25 -> 46123 | G10: 5.28 pass
A11: 9 | B11: 10119986 | C11: 47723A | D11: 2026/5/6 | E11: 印尼 | F11: =D11-25 -> 46123 | G11: 5.28 pass
A12: 10 | B12: 10116494 | C12: 47712A | D12: 2026/5/13 | E12: 印尼 | F12: =D12-25 -> 46130 | G12: 使用之前的测试结果
A13: 11 | B13: 10116495 | C13: 47716A | D13: 2026/5/13 | E13: 印尼 | F13: =D13-25 -> 46130 | G13: 使用之前的测试结果
A14: 12 | B14: 10121464 | C14: Y2341C | D14: 2026/5/13 | E14: 印尼 | F14: =D14-25 -> 46130 | G14: ok
A15: 13 | B15: 10122742 | C15: T72465ML3 | D15: 2026/5/20 | E15: 东莞 | F15: =D15-25 -> 46137 | G15: 5/28 ok
... A34: 32 | B34: 10123136 | C34: 47023A1 | D34: 2026/8/26 | E34: 印尼 | F34: =D34-25 -> 46235 | G34: 7/21pass
A35: 33 | B35: 10123487 | C35: 47616A | D35: 2026/8/12 | E35: 印尼 | F35: =D35-25 -> 46221
A36: 34 | B36: 10118546 | C36: 35765D | D36: 46253 | E36: 印尼 | F36: =D36-25 -> 46228 | G36: 印尼寄出做测试
A37: 35 | B37: 10125945 | C37: E73623A1 | D37: 2026/8/5 | E37: 印尼 | F37: =D37-25 -> 46214 | G37: 6/18 pass
A38: 36 | B38: 10123059 | C38: E73705A | D38: 46190 | E38: 印尼 | F38: =D38-25 -> 46165 | G38: 6/11 Fail 无需寄板
A39: 37 | B39: 10116691 | C39: 47274J | D39: 46232 | E39: 印尼 | F39: =D39-25 -> 46207 | G39: 印尼寄出做测试
A40: 38 | B40: 10118546 | C40: 35766C | D40: 46246 | E40: 印尼 | F40: =D40-25 -> 46221 | G40: 印尼寄出做测试
A41: 39 | B41: 10125372 | C41: 35874VAZJ | D41: 46260 | E41: 印尼 | F41: =D41-25 -> 46235 | G41: 印尼寄出做测试
A42: 40 | B42: 10122386 | C42: 47723A | D42: 46197 | E42: 印尼 | F42: =D42-25 -> 46172 | G42: 6/17 寄出
A43: 41 | B43: 10123705 | C43: 47399 | D43: 08/05/2026 | E43: 东莞 | F43: 46228 | G43: 7/24寄出
A44: 42 | B44: 10128336 | C44: E73858 | D44: 09/02/2026 | E44: 印尼 | F44: 46254 | G44: 运输测试
A45: 43 | B45: 10127749 | C45: L27870C | D45: 46330 | E45: 东莞 | F45: 46310 | G45: 年报测试
A46: 44 | B46: 10130830 | C46: E73814C1 | D46: 46295 | E46: 东莞 | F46: 46280 | G46: 年报测试
A47: 45
A48: 46
A49: 47
A50: 48
A51: spot check：2pcs+干油办一套+贴纸 运输测试：两箱 年报：6pcs＋干油办一套+贴纸

Sheet KIK已走货
A1: 接单期 | B1: 提交化学测试 | C1: 国家 | D1: 第三客户名称 | E1: 客跟单 | F1: TOMY PO | G1: CUSTOMER PO | H1: 货号 | I1: 产品名称 | J1: 数量 | K1: 外箱 | L1: 总箱数 | M1: PO走货期 | N1: 验货期 | O1: 实际验货期 | P1: 日期码 | Q1: 箱唛资料 | R1: Spot check | S1: 年报测试 | T1: 客贴纸 | U1: 印尼回复上拉时间 | V1: 印尼回复完成时间 | W1: 箱唛状态 | X1: 备注 | Y1: 单价USD | Z1: 金额USD | AA1: 金额HKD | AB1: 发票号 | AC1: 船期 | AD1: 是否入系统 | AE1: 车间 | AF1: 混装比例 | AG1: 预计物料上印尼时间 | AH1: 物料到印尼时间 | AI1: 包材上料时间 | AJ1: 塑胶件上料时间 | AK1: 纸吉 | AL1: 五金上料时间 | AM1: 贴纸 | AN1: 仓库复来料时间 | AO1: 接单周期 | AP1: 印尼周期
A2: 45869 | B2: =IF(TODAY()>=A2,IF(R2="","未",""),"") | C2: 美国 | D2: TOMY INTERNATIONAL INC. | E2: Olivia | F2: 10108291 | G2: 202520972529 | H2: E73856 | I2: =IFERROR(VLOOKUP(H2,名称!A:C,2,0),"") -> 宝箱马里奥 | J2: =6000-1500-2852+4 -> 1652 | K2: =IFERROR(VLOOKUP(H2,名称!A:D,3,0),"") -> 4 | L2: =IFERROR((J2/K2),"") -> 413 | M2: 46015 | N2: =M2-2 -> 46013 | O2: 46017 | P2: L1525RR02 | Q2: 标准唛+TTT | R2: 12/31 OK | Y2: 2.205 | Z2: =J2*Y2 -> 3642.66 | AA2: =Z2*7.75 -> 28230.62 | AB2: HK92523 | AE2: =IFERROR(VLOOKUP(H2,名称!A:D,4,0),"") -> KIK | AH2: 45987 | AI2: 45967 | AN2: 45965 | AO2: =M2-A2 -> 146 | AP2: =M2-AI2 -> 48
A3: 45869 | B3: =IF(TODAY()>=A3,IF(R3="","未",""),"") | C3: 美国 | D3: TOMY INTERNATIONAL INC. | E3: Olivia | F3: 10108291 | G3: 202520972529 | H3: E73906US | I3: =IFERROR(VLOOKUP(H3,名称!A:C,2,0),"") -> 马里奥和他的蘑菇 | J3: =12000-4500-2898-3204+6 -> 1404 | K3: =IFERROR(VLOOKUP(H3,名称!A:D,3,0),"") -> 6 | L3: =IFERROR((J3/K3),"") -> 234 | M3: 46015 | N3: =M3-2 -> 46013 | O3: 46015 | P3: L1525RR02 | Q3: 标准唛+TTT | R3: 12/30 OK | X3: 不需要笑脸说明书 | Y3: 1.413 | Z3: =J3*Y3 -> 1983.85 | AA3: =Z3*7.75 -> 15374.84 | AB3: HK92523 | AE3: =IFERROR(VLOOKUP(H3,名称!A:D,4,0),"") -> KIK | AH3: 45987 | AI3: 45967 | AN3: 45965 | AO3: =M3-A3 -> 146 | AP3: =M3-AI3 -> 48
A4: 45869 | B4: =IF(TODAY()>=A4,IF(R4="","未",""),"") | C4: 美国 | D4: TOMY INTERNATIONAL INC. | E4: Olivia | F4: 10108291 | G4: 202520972529 | H4: E73856 | I4: =IFERROR(VLOOKUP(H4,名称!A:C,2,0),"") -> 宝箱马里奥 | J4: 1500 | K4: =IFERROR(VLOOKUP(H4,名称!A:D,3,0),"") -> 4 | L4: =IFERROR((J4/K4),"") -> 375 | M4: 46015 | N4: =M4-2 -> 46013 | O4: 46020 | P4: L1525RR02 | Q4: 标准唛+TTT | R4: 12/31 OK | Y4: 2.205 | Z4: =J4*Y4 -> 3307.5 | AA4: =Z4*7.75 -> 25633.13 | AB4: HK92523 | AE4: =IFERROR(VLOOKUP(H4,名称!A:D,4,0),"") -> KIK | AH4: 45987 | AI4: 45967 | AN4: 45965 | AO4: =M4-A4 -> 146 | AP4: =M4-AI4 -> 48
A5: 45869 | C5: 美国 | D5: TOMY INTERNATIONAL INC. | E5: Olivia | F5: 10108291 | G5: 202520972529 | H5: E73857 | I5: =IFERROR(VLOOKUP(H5,名称!A:C,2,0),"") -> 管道马里奥 | J5: 2000 | K5: =IFERROR(VLOOKUP(H5,名称!A:D,3,0),"") -> 4 | L5: =IFERROR((J5/K5),"") -> 500 | M5: 46029 | N5: 46027 | O5: 46031 | P5: L1525RR02 | Q5: 标准唛+TTT | R5: 12/31 OK | Y5: 3.362 | Z5: =J5*Y5 -> 6724 | AA5: =Z5*7.75 -> 52111 | AB5: HK92541REV1 | AE5: =IFERROR(VLOOKUP(H5,名称!A:D,4,0),"") -> KIK | AH5: 45987 | AI5: 45967 | AN5: 45965 | AO5: 160 | AP5: 62
A6: 45869 | C6: 美国 | D6: TOMY INTERNATIONAL INC. | E6: Olivia | F6: 10108291 | G6: 202520972529 | H6: E73906US | I6: =IFERROR(VLOOKUP(H6,名称!A:C,2,0),"") -> 马里奥和他的蘑菇 | J6: 4500 | K6: =IFERROR(VLOOKUP(H6,名称!A:D,3,0),"") -> 6 | L6: =IFERROR((J6/K6),"") -> 750 | M6: 46029 | N6: 46027 | O6: 46034 | P6: L1525RR02 | Q6: 标准唛+TTT | R6: 12/30 OK | X6: 不需要笑脸说明书 | Y6: 1.413 | Z6: =J6*Y6 -> 6358.5 | AA6: =Z6*7.75 -> 49278.38 | AB6: HK92541REV1 | AE6: =IFERROR(VLOOKUP(H6,名称!A:D,4,0),"") -> KIK | AH6: 45987 | AI6: 45967 | AN6: 45965 | AO6: 160 | AP6: 62
A7: 45772 | C7: 比利时 | D7: TOMY UK CO LTD | E7: Nancy | F7: 10100602 | G7: 4500031037 | H7: 47669 | I7: =IFERROR(VLOOKUP(H7,名称!A:C,2,0),"") -> 动物车 | J7: 680 | K7: =IFERROR(VLOOKUP(H7,名称!A:D,3,0),"") -> 4 | L7: =IFERROR((J7/K7),"") -> 170 | M7: 46015 | N7: 46013 | O7: 46014 | P7: G1525RR02 | Q7: 标准唛+TTT+欧盟信息 | R7: 7/7 OK | T7: 有JD贴纸/9/25上印尼 | W7: OK | Y7: 4.906 | Z7: =J7*Y7 -> 3336.08 | AA7: =Z7*7.75 -> 25854.62 | AB7: HK92539 | AE7: =IFERROR(VLOOKUP(H7,名称!A:D,4,0),"") -> KIK | AI7: 45799 | AJ7: 45813 | AN7: 45799 | AO7: 243 | AP7: 216
A8: 45862 | C8: 比利时 | D8: TOMY UK CO LTD | E8: Gary | F8: 10107795 | G8: 4500031524 | H8: E73855A1 | I8: =IFERROR(VLOOKUP(H8,名称!A:C,2,0),"") -> 马里奥能量蘑菇吸塑混装 | J8: 7200 | K8: =IFERROR(VLOOKUP(H8,名称!A:D,3,0),"") -> 6 | L8: =IFERROR((J8/K8),"") -> 1200 | M8: 46029 | N8: 46027 | P8: L1525RR02 | Q8: 标准唛+TTT+欧盟信息 | R8: 12/30 OK | X8: 使用旧款的花朵 | Y8: 1.377 | Z8: =J8*Y8 -> 9914.4 | AA8: =Z8*7.75 -> 76836.6 | AB8: HK92539 | AE8: =IFERROR(VLOOKUP(H8,名称!A:D,4,0),"") -> KIK | AH8: 45987 | AI8: 45967 | AN8: 45965 | AO8: 167 | AP8: 62
A9: 45862 | C9: 比利时 | D9: TOMY UK CO LTD | E9: Gary | F9: 10107796 | G9: 4500031525 | H9: E73907 | I9: =IFERROR(VLOOKUP(H9,名称!A:C,2,0),"") -> 能量蘑菇 | J9: 1398 | K9: =IFERROR(VLOOKUP(H9,名称!A:D,3,0),"") -> 6 | L9: =IFERROR((J9/K9),"") -> 233 | M9: 46029 | N9: 46027 | O9: 46020 | P9: L1525RR02 | Q9: 标准唛+TTT+欧盟信息 | R9: 12/30 OK | X9: 使用旧款的花朵 | Y9: 1.287 | Z9: =J9*Y9 -> 1799.23 | AA9: =Z9*7.75 -> 13944.03 | AB9: HK92539 | AE9: =IFERROR(VLOOKUP(H9,名称!A:D,4,0),"") -> KIK | AH9: 45987 | AI9: 45967 | AN9: 45965 | AO9: 167 | AP9: 62 | AS9: E73855A1=E73906(4个用量）+E73907（2个用量）
A10: 45862 | C10: 比利时 | D10: TOMY UK CO LTD | E10: Gary | F10: 10107796 | G10: 4500031525 | H10: E73907 | I10: =IFERROR(VLOOKUP(H10,名称!A:C,2,0),"") -> 能量蘑菇 | J10: 1602 | K10: =IFERROR(VLOOKUP(H10,名称!A:D,3,0),"") -> 6 | L10: =IFERROR((J10/K10),"") -> 267 | M10: 46029 | N10: 46027 | P10: L1525RR02 | Q10: 标准唛+TTT+欧盟信息 | R10: 12/30 OK | X10: 使用旧款的花朵 | Y10: 1.287 | Z10: =J10*Y10 -> 2061.77 | AA10: =Z10*7.75 -> 15978.72 | AB10: HK92539 | AE10: =IFERROR(VLOOKUP(H10,名称!A:D,4,0),"") -> KIK | AH10: 45987 | AI10: 45967 | AN10: 45965 | AO10: 167 | AP10: 62
A11: 45862 | C11: 比利时 | D11: TOMY UK CO LTD | E11: Gary | F11: 10107797 | G11: 4500031526 | H11: E73856 | I11: =IFERROR(VLOOKUP(H11,名称!A:C,2,0),"") -> 宝箱马里奥 | J11: 3352 | K11: =IFERROR(VLOOKUP(H11,名称!A:D,3,0),"") -> 4 | L11: =IFERROR((J11/K11),"") -> 838 | M11: 46029 | N11: 46027 | O11: 46030 | P11: L1525RR02 | Q11: 标准唛+TTT+欧盟信息 | R11: 12/31 OK | Y11: 2.205 | Z11: =J11*Y11 -> 7391.16 | AA11: =Z11*7.75 -> 57281.49 | AB11: HK92539 | AE11: =IFERROR(VLOOKUP(H11,名称!A:D,4,0),"") -> KIK | AH11: 45987 | AI11: 45967 | AN11: 45965 | AO11: 167 | AP11: 62
A12: 45862 | C12: 比利时 | D12: TOMY UK CO LTD | E12: Gary | F12: 10107797 | G12: 4500031526 | H12: E73856 | I12: =IFERROR(VLOOKUP(H12,名称!A:C,2,0),"") -> 宝箱马里奥 | J12: 1500 | K12: =IFERROR(VLOOKUP(H12,名称!A:D,3,0),"") -> 4 | L12: =IFERROR((J12/K12),"") -> 375 | M12: 46029 | N12: 46027 | O12: 46030 | P12: L1525RR02 | Q12: 标准唛+TTT+欧盟信息 | R12: 12/31 OK | Y12: 2.205 | Z12: =J12*Y12 -> 3307.5 | AA12: =Z12*7.75 -> 25633.13 | AB12: HK92539 | AE12: =IFERROR(VLOOKUP(H12,名称!A:D,4,0),"") -> KIK | AH12: 45987 | AI12: 45967 | AN12: 45965 | AO12: 167 | AP12: 62
A13: 45862 | C13: 比利时 | D13: TOMY UK CO LTD | E13: Gary | F13: 10107797 | G13: 4500031526 | H13: E73856 | I13: =IFERROR(VLOOKUP(H13,名称!A:C,2,0),"") -> 宝箱马里奥 | J13: 2948 | K13: =IFERROR(VLOOKUP(H13,名称!A:D,3,0),"") -> 4 | L13: =IFERROR((J13/K13),"") -> 737 | M13: 46029 | N13: 46027 | O13: 46030 | P13: L1525RR02 | Q13: 标准唛+TTT+欧盟信息 | R13: 12/31 OK | Y13: 2.205 | Z13: =J13*Y13 -> 6500.34 | AA13: =Z13*7.75 -> 50377.64 | AB13: HK92539 | AE13: =IFERROR(VLOOKUP(H13,名称!A:D,4,0),"") -> KIK | AH13: 45987 | AI13: 45967 | AN13: 45965 | AO13: 167 | AP13: 62
A14: 45862 | C14: 比利时 | D14: TOMY UK CO LTD | E14: Gary | F14: 10107798 | G14: 4500031527 | H14: E73956 | I14: =IFERROR(VLOOKUP(H14,名称!A:C,2,0),"") -> 马里奥能量蘑菇密封盒混装 | J14: 4944 | K14: =IFERROR(VLOOKUP(H14,名称!A:D,3,0),"") -> 6 | L14: =IFERROR((J14/K14),"") -> 824 | M14: 46029 | N14: 46027 | O14: 46030 | P14: L1525RR02 | Q14: 标准唛+TTT+欧盟信息 | R14: 12/31 OK | X14: 使用旧款的花朵 | Y14: 2.339 | Z14: =J14*Y14 -> 11564.02 | AA14: =Z14*7.75 -> 89621.16 | AB14: HK92539 | AE14: =IFERROR(VLOOKUP(H14,名称!A:D,4,0),"") -> KIK | AH14: 45987 | AI14: 45967 | AN14: 45965 | AO14: 167 | AP14: 62
A15: 45862 | C15: 比利时 | D15: TOMY UK CO LTD | E15: Gary | F15: 10107798 | G15: 4500031527 | H15: E73857 | I15: =IFERROR(VLOOKUP(H15,名称!A:C,2,0),"") -> 管道马里奥 | J15: 948 | K15: =IFERROR(VLOOKUP(H15,名称!A:D,3,0),"") -> 4 | L15: =IFERROR((J15/K15),"") -> 237 | M15: 46029 | N15: 46027 | O15: 46029 | P15: L1525RR02 | Q15: 标准唛+TTT+欧盟信息 | R15: 12/31 OK | Y15: 3.362 | Z15: =J15*Y15 -> 3187.18 | AA15: =Z15*7.75 -> 24700.65 | AB15: HK92539 | AE15: =IFERROR(VLOOKUP(H15,名称!A:D,4,0),"") -> KIK | AH15: 45987 | AI15: 45967 | AN15: 45965 | AO15: 167 | AP15: 62 | AS15: E73956=E73906(1个用量）+E73907(1个用量）-每款各5K
A16: 45909 | B16: =IF(TODAY()>=A16,IF(R16="","未",""),"") | C16: 阿拉伯 | D16: TRUCARE FZC | E16: Nancy | F16: 10111031 | G16: 56709 | H16: Y2049G2 | I16: =IFERROR(VLOOKUP(H16,名称!A:C,2,0),"") -> 锁匙 | J16: 5004 | K16: =IFERROR(VLOOKUP(H16,名称!A:D,3,0),"") -> 36 | L16: =IFERROR((J16/K16),"") -> 139 | M16: 46029 | N16: =M16-2 -> 46027 | O16: 46000 | P16: K1525RR02 | Q16: 客唛+TTT+欧盟信息 | R16: 12/1 OK | Y16: 0.399 | Z16: =J16*Y16 -> 1996.6 | AA16: =Z16*7.75 -> 15473.65 | AB16: HK92539 | AE16: =IFERROR(VLOOKUP(H16,名称!A:D,4,0),"") -> KIK | AH16: 45982 | AI16: 45957 | AN16: 45953 | AO16: =M16-A16 -> 120 | AP16: =M16-AI16 -> 72
A17: 45869 | B17: =IF(TODAY()>=A17,IF(R17="","未",""),"") | C17: 美国 | D17: TOMY INTERNATIONAL INC. | E17: Olivia | F17: 10108291 | G17: 202520972529 | H17: E73857 | I17: =IFERROR(VLOOKUP(H17,名称!A:C,2,0),"") -> 管道马里奥 | J17: =8000-4000-2000-800 -> 1200 | K17: =IFERROR(VLOOKUP(H17,名称!A:D,3,0),"") -> 4 | L17: =IFERROR((J17/K17),"") -> 300 | M17: 46043 | N17: =M17-2 -> 46041 | O17: 46050 | P17: L1525RR02 | Q17: 标准唛+TTT | R17: 12/31 OK | Y17: 3.362 | Z17: =J17*Y17 -> 4034.4 | AA17: =Z17*7.75 -> 31266.6 | AB17: HK92548 | AE17: =IFERROR(VLOOKUP(H17,名称!A:D,4,0),"") -> KIK | AH17: 45987 | AI17: 45967 | AN17: 45965 | AO17: =M17-A17 -> 174 | AP17: =M17-AI17 -> 76
A18: 45869 | B18: =IF(TODAY()>=A18,IF(R18="","未",""),"") | C18: 美国 | D18: TOMY INTERNATIONAL INC. | E18: Olivia | F18: 10108291 | G18: 202520972529 | H18: E73906US | I18: =IFERROR(VLOOKUP(H18,名称!A:C,2,0),"") -> 马里奥和他的蘑菇 | J18: 2898 | K18: =IFERROR(VLOOKUP(H18,名称!A:D,3,0),"") -> 6 | L18: =IFERROR((J18/K18),"") -> 483 | M18: 46043 | N18: =M18-2 -> 46041 | O18: 46049 | P18: L1525RR02 | Q18: 标准唛+TTT | R18: 12/30 OK | X18: 不需要笑脸说明书 | Y18: 1.413 | Z18: =J18*Y18 -> 4094.87 | AA18: =Z18*7.75 -> 31735.24 | AB18: HK92548 | AE18: =IFERROR(VLOOKUP(H18,名称!A:D,4,0),"") -> KIK | AH18: 45987 | AI18: 45967 | AN18: 45965 | AO18: =M18-A18 -> 174 | AP18: =M18-AI18 -> 76
A19: 45869 | B19: =IF(TODAY()>=A19,IF(R19="","未",""),"") | C19: 美国 | D19: TOMY INTERNATIONAL INC. | E19: Olivia | F19: 10108291 | G19: 202520972529 | H19: E73857 | I19: =IFERROR(VLOOKUP(H19,名称!A:C,2,0),"") -> 管道马里奥 | J19: =4000+800 -> 4800 | K19: =IFERROR(VLOOKUP(H19,名称!A:D,3,0),"") -> 4 | L19: =IFERROR((J19/K19),"") -> 1200 | M19: 46043 | N19: =M19-2 -> 46041 | O19: 46050 | P19: L1525RR02 | Q19: 标准唛+TTT | R19: 12/31 OK | Y19: 3.362 | Z19: =J19*Y19 -> 16137.6 | AA19: =Z19*7.75 -> 125066.4 | AB19: HK92548 | AE19: =IFERROR(VLOOKUP(H19,名称!A:D,4,0),"") -> KIK | AH19: 45987 | AI19: 45967 | AN19: 45965 | AO19: =M19-A19 -> 174 | AP19: =M19-AI19 -> 76
A20: 45862 | B20: =IF(TODAY()>=A20,IF(R20="","未",""),"") | C20: 比利时 | D20: TOMY UK CO LTD | E20: Gary | F20: 10107798 | G20: 4500031527 | H20: E73857 | I20: =IFERROR(VLOOKUP(H20,名称!A:C,2,0),"") -> 管道马里奥 | J20: =6000-1200-1000 -> 3800 | K20: =IFERROR(VLOOKUP(H20,名称!A:D,3,0),"") -> 4 | L20: =IFERROR((J20/K20),"") -> 950 | M20: 46036 | N20: =M20-2 -> 46034 | O20: 46037 | P20: L1525RR02 | Q20: 标准唛+TTT+欧盟信息 | R20: 12/31 OK | Y20: 3.362 | Z20: =J20*Y20 -> 12775.6 | AA20: =Z20*7.75 -> 99010.9 | AB20: HK92542 | AE20: =IFERROR(VLOOKUP(H20,名称!A:D,4,0),"") -> KIK | AH20: 45987 | AI20: 45967 | AN20: 45965 | AO20: =M20-A20 -> 174 | AP20: =M20-AI20 -> 69
A21: 45862 | C21: 比利时 | D21: TOMY UK CO LTD | E21: Gary | F21: 10107797 | G21: 4500031526 | H21: E73856 | I21: =IFERROR(VLOOKUP(H21,名称!A:C,2,0),"") -> 宝箱马里奥 | J21: 52 | K21: =IFERROR(VLOOKUP(H21,名称!A:D,3,0),"") -> 4 | L21: =IFERROR((J21/K21),"") -> 13 | M21: 46043 | N21: 46041 | O21: 46030 | P21: L1525RR02 | Q21: 标准唛+TTT+欧盟信息 | R21: 12/31 OK | Y21: 2.158 | Z21: =J21*Y21 -> 112.22 | AA21: =Z21*7.75 -> 869.71 | AB21: HK92543REV1 | AE21: =IFERROR(VLOOKUP(H21,名称!A:D,4,0),"") -> KIK | AH21: 45987 | AI21: 45967 | AN21: 45965 | AO21: 181 | AP21: 76
A22: 45862 | C22: 比利时 | D22: TOMY UK CO LTD | E22: Gary | F22: 10107798 | G22: 4500031527 | H22: E73956 | I22: =IFERROR(VLOOKUP(H22,名称!A:C,2,0),"") -> 马里奥能量蘑菇密封盒混装 | J22: 54 | K22: =IFERROR(VLOOKUP(H22,名称!A:D,3,0),"") -> 6 | L22: =IFERROR((J22/K22),"") -> 9 | M22: 46043 | N22: 46041 | O22: 46030 | P22: L1525RR02 | Q22: 标准唛+TTT+欧盟信息 | R22: 12/31 OK | X22: 使用旧款的花朵 | Y22: 2.299 | Z22: =J22*Y22 -> 124.15 | AA22: =Z22*7.75 -> 962.16 | AB22: HK92543REV1 | AE22: =IFERROR(VLOOKUP(H22,名称!A:D,4,0),"") -> KIK | AH22: 45987 | AI22: 45967 | AN22: 45965 | AO22: 181 | AP22: 76 | AS22: E73956=E73906(1个用量）+E73907(1个用量）-每款各5K
A23: 45862 | C23: 比利时 | D23: TOMY UK CO LTD | E23: Gary | F23: 10107798 | G23: 4500031527 | H23: E73857 | I23: =IFERROR(VLOOKUP(H23,名称!A:C,2,0),"") -> 管道马里奥 | J23: 52 | K23: =IFERROR(VLOOKUP(H23,名称!A:D,3,0),"") -> 4 | L23: =IFERROR((J23/K23),"") -> 13 | M23: 46043 | N23: 46041 | O23: 46029 | P23: L1525RR02 | Q23: 标准唛+TTT+欧盟信息 | R23: 12/31 OK | Y23: 3.216 | Z23: =J23*Y23 -> 167.23 | AA23: =Z23*7.75 -> 1296.03 | AB23: HK92543REV1 | AE23: =IFERROR(VLOOKUP(H23,名称!A:D,4,0),"") -> KIK | AH23: 45987 | AI23: 45967 | AN23: 45965 | AO23: 181 | AP23: 76
A24: 46035 | B24: =IF(TODAY()>=A24,IF(R24="","未",""),"") -> 未 | C24: 英国 | D24: TOMY UK CO LTD | E24: Gary | F24: 10118930 | G24: S260007 | H24: E73860C | I24: =IFERROR(VLOOKUP(H24,名称!A:C,2,0),"") -> 泡泡壶密封盒 | J24: 2 | K24: =IFERROR(VLOOKUP(H24,名称!A:D,3,0),"") -> 4 | L24: =IFERROR((J24/K24),"") -> 0.5 | M24: 46038 | N24: =M24-2 -> 46036 | O24: 46037 | P24: L1525RR02 | Q24: 标准唛+TTT+欧盟信息 | Y24: 2.258 | Z24: =J24*Y24 -> 4.52 | AA24: =Z24*7.75 -> 35.03 | AB24: HK92545 | AE24: =IFERROR(VLOOKUP(H24,名称!A:D,4,0),"") -> KIK | AO24: =M24-A24 -> 3 | AP24: =M24-AI24 -> 46038
A25: 45869 | C25: 美国 | D25: TOMY INTERNATIONAL INC. | E25: Olivia | F25: 10108291 | G25: 202520972529 | H25: E73906US | I25: =IFERROR(VLOOKUP(H25,名称!A:C,2,0),"") -> 马里奥和他的蘑菇 | J25: 3204 | K25: =IFERROR(VLOOKUP(H25,名称!A:D,3,0),"") -> 6 | L25: =IFERROR((J25/K25),"") -> 534 | M25: 46057 | N25: 46048 | O25: 46059 | P25: L1525RR02 | Q25: 标准唛+TTT | R25: 12/30 OK | X25: 不需要笑脸说明书 | Y25: 1.413 | Z25: =J25*Y25 -> 4527.25 | AA25: =Z25*7.75 -> 35086.19 | AB25: HK92559 | AE25: =IFERROR(VLOOKUP(H25,名称!A:D,4,0),"") -> KIK | AH25: 45987 | AI25: 45967 | AN25: 45965 | AO25: 181 | AP25: 83
A26: 45869 | C26: 美国 | D26: TOMY INTERNATIONAL INC. | E26: Olivia | F26: 10108291 | G26: 202520972529 | H26: E73856 | I26: =IFERROR(VLOOKUP(H26,名称!A:C,2,0),"") -> 宝箱马里奥 | J26: 2852 | K26: =IFERROR(VLOOKUP(H26,名称!A:D,3,0),"") -> 4 | L26: =IFERROR((J26/K26),"") -> 713 | M26: 46057 | N26: 46048 | O26: 46057 | P26: L1525RR02 | Q26: 标准唛+TTT | R26: 12/31 OK | Y26: 2.205 | Z26: =J26*Y26 -> 6288.66 | AA26: =Z26*7.75 -> 48737.12 | AB26: HK92559 | AE26: =IFERROR(VLOOKUP(H26,名称!A:D,4,0),"") -> KIK | AH26: 45987 | AI26: 45967 | AN26: 45965 | AO26: 181 | AP26: 83
A27: 45869 | C27: 美国 | D27: TOMY INTERNATIONAL INC. | E27: Olivia | F27: 10108291 | G27: 202520972529 | H27: E73855US | I27: =IFERROR(VLOOKUP(H27,名称!A:C,2,0),"") -> 马里奥能量蘑菇吸塑混装 | J27: 1002 | K27: =IFERROR(VLOOKUP(H27,名称!A:D,3,0),"") -> 6 | L27: =IFERROR((J27/K27),"") -> 167 | M27: 46057 | N27: 46055 | O27: 46064 | P27: L1525RR02 | Q27: 标准唛+TTT | R27: 12/30 OK | X27: 需要用新的花朵，旧款不可用,不需要笑脸说明书，取消内箱 | Y27: 1.311 | Z27: =J27*Y27 -> 1313.62 | AA27: =Z27*7.75 -> 10180.56 | AB27: HK92564 | AE27: =IFERROR(VLOOKUP(H27,名称!A:D,4,0),"") -> KIK | AH27: 45987 | AI27: 45967 | AN27: 45965 | AO27: 188 | AP27: 90
A28: 45869 | C28: 美国 | D28: TOMY INTERNATIONAL INC. | E28: Olivia | F28: 10108291 | G28: 202520972529 | H28: E73907US | I28: =IFERROR(VLOOKUP(H28,名称!A:C,2,0),"") -> 能量蘑菇 | J28: 1800 | K28: =IFERROR(VLOOKUP(H28,名称!A:D,3,0),"") -> 6 | L28: =IFERROR((J28/K28),"") -> 300 | M28: 46057 | N28: 46055 | O28: 46063 | P28: L1525RR02 | Q28: 标准唛+TTT | R28: 12/30 OK | X28: 需要用新的花朵，旧款不可用,不需要笑脸说明书， | Y28: 1.278 | Z28: =J28*Y28 -> 2300.4 | AA28: =Z28*7.75 -> 17828.1 | AB28: HK92564 | AE28: =IFERROR(VLOOKUP(H28,名称!A:D,4,0),"") -> KIK | AH28: 45987 | AI28: 45967 | AN28: 45965 | AO28: 188 | AP28: 90
A29: 45850 | C29: 澳大利亚 | D29: TOMY AUSTRALIA PTY, LTD. | E29: Doreen | F29: 10107306 | G29: 20218498 | H29: E73622A | I29: =IFERROR(VLOOKUP(H29,名称!A:C,2,0),"") -> 布鲁伊家族杯子套装 | J29: 1800 | K29: =IFERROR(VLOOKUP(H29,名称!A:D,3,0),"") -> 4 | L29: =IFERROR((J29/K29),"") -> 450 | M29: 46036 | N29: 46034 | O29: 45951 | P29: J1525RR02 | Q29: 标准唛+TTT | R29: 8/12 OK | W29: OK | Y29: 2.199 | Z29: =J29*Y29 -> 3958.2 | AA29: =Z29*7.75 -> 30676.05 | AB29: HK92549 | AE29: =IFERROR(VLOOKUP(H29,名称!A:D,4,0),"") -> KIK | AI29: 45869 | AJ29: 印尼备料 | AN29: 45863 | AO29: 186 | AP29: #REF!
A30: 45868 | C30: 澳大利亚 | D30: TOMY AUSTRALIA PTY, LTD. | E30: Doreen | F30: 10108133 | G30: 20218536 | H30: E73623A1 | I30: =IFERROR(VLOOKUP(H30,名称!A:C,2,0),"") -> 布鲁伊+宾果沐浴玩具混装 | J30: 3000 | K30: =IFERROR(VLOOKUP(H30,名称!A:D,3,0),"") -> 6 | L30: =IFERROR((J30/K30),"") -> 500 | M30: 46036 | N30: 46034 | O30: 46034 | P30: H1325RR02 | Q30: 标准唛+TTT | R30: 9/2 OK | S30: 12/4 寄出 | W30: OK | Y30: 1.398 | Z30: =J30*Y30 -> 4194 | AA30: =Z30*7.75 -> 32503.5 | AB30: HK92549 | AE30: =IFERROR(VLOOKUP(H30,名称!A:D,4,0),"") -> KIK | AI30: 45869 | AO30: 168 | AP30: 167
A31: 45882 | C31: 澳大利亚 | D31: TOMY AUSTRALIA PTY, LTD. | E31: Doreen | F31: 10109047 | G31: 20218559 | H31: L27870C | I31: =IFERROR(VLOOKUP(H31,名称!A:C,2,0),"") -> 杯子 | J31: 2502 | K31: =IFERROR(VLOOKUP(H31,名称!A:D,3,0),"") -> 18 | L31: =IFERROR((J31/K31),"") -> 139 | M31: 46036 | N31: 46034 | O31: 46031 | P31: L2425RR02 | Q31: 标准唛+TTT | R31: 12/24 OK | Y31: 1.133 | Z31: =J31*Y31 -> 2834.77 | AA31: =Z31*7.75 -> 21969.47 | AB31: HK92549 | AE31: =IFERROR(VLOOKUP(H31,名称!A:D,4,0),"") -> KIK | AH31: 45980 | AI31: 45960 | AN31: 45958 | AO31: 154 | AP31: 76
A32: 45910 | C32: 澳大利亚 | D32: TOMY AUSTRALIA PTY, LTD. | E32: Toby | F32: 10111036 | G32: 20218614 | H32: E73856 | I32: =IFERROR(VLOOKUP(H32,名称!A:C,2,0),"") -> 宝箱马里奥 | J32: 3200 | K32: =IFERROR(VLOOKUP(H32,名称!A:D,3,0),"") -> 4 | L32: =IFERROR((J32/K32),"") -> 800 | M32: 46036 | N32: 46034 | O32: 46037 | P32: L1525RR02 | Q32: 标准唛+TTT | R32: 12/31 OK | Y32: 2.205 | Z32: =J32*Y32 -> 7056 | AA32: =Z32*7.75 -> 54684 | AB32: HK92549 | AE32: =IFERROR(VLOOKUP(H32,名称!A:D,4,0),"") -> KIK | AH32: 45987 | AI32: 45967 | AO32: 126 | AP32: 69
A33: 45910 | C33: 澳大利亚 | D33: TOMY AUSTRALIA PTY, LTD. | E33: Toby | F33: 10111036 | G33: 20218614 | H33: E73857 | I33: =IFERROR(VLOOKUP(H33,名称!A:C,2,0),"") -> 管道马里奥 | J33: 3200 | K33: =IFERROR(VLOOKUP(H33,名称!A:D,3,0),"") -> 4 | L33: =IFERROR((J33/K33),"") -> 800 | M33: 46036 | N33: 46034 | O33: 46044 | P33: L1525RR02 | Q33: 标准唛+TTT | R33: 12/30 OK | Y33: 3.362 | Z33: =J33*Y33 -> 10758.4 | AA33: =Z33*7.75 -> 83377.6 | AB33: HK92549 | AE33: =IFERROR(VLOOKUP(H33,名称!A:D,4,0),"") -> KIK | AH33: 45987 | AI33: 45967 | AO33: 126 | AP33: 69
A34: 45950 | B34: =IF(TODAY()>=A34,IF(R34="","未",""),"") -> 未 | F34: 4500142654 | H34: E73860PL | I34: =IFERROR(VLOOKUP(H34,名称!A:C,2,0),"") -> 泡泡壶 | J34: 8100 | K34: =IFERROR(VLOOKUP(H34,名称!A:D,3,0),"") -> 4 | L34: =IFERROR((J34/K34),"") -> 2025 | M34: 46021 | N34: =M34-2 -> 46019 | P34: L0225RR02 | X34: 印尼龙昌下单 | Y34: 2.354 | Z34: =J34*Y34 -> 19067.4 | AA34: =Z34*7.75 -> 147772.35 | AB34: HK92552 | AE34: =IFERROR(VLOOKUP(H34,名称!A:D,4,0),"") -> KIK | AH34: 46000 | AI34: 45974 | AL34: 45967 | AN34: 45973 | AO34: =M34-A34 -> 71 | AP34: =M34-AI34 -> 47
A35: 46028 | B35: 未 | C35: 澳大利亚 | D35: TOMY AUSTRALIA PTY, LTD. | E35: Toby | F35: 10118438 | G35: S260001 | H35: E73857 | I35: =IFERROR(VLOOKUP(H35,名称!A:C,2,0),"") -> 管道马里奥 | J35: 4 | K35: =IFERROR(VLOOKUP(H35,名称!A:D,3,0),"") -> 4 | L35: =IFERROR((J35/K35),"") -> 1 | M35: 46050 | N35: 46048 | P35: L1525RR02 | Q35: 标准唛+TTT | X35: 1、需要进行质量检查2、请在纸箱上贴上以下信息。收件人:TOMY澳大利亚 收件人:PaulHodgkiss 项目: 描述: 数量: | Y35: 3.216 | Z35: =J35*Y35 -> 12.86 | AA35: =Z35*7.75 -> 99.67 | AB35: HK92553 | AE35: =IFERROR(VLOOKUP(H35,名称!A:D,4,0),"") -> KIK | AO35: 22 | AP35: 46050
A36: 46028 | B36: 未 | C36: 澳大利亚 | D36: TOMY AUSTRALIA PTY, LTD. | E36: Toby | F36: 10118438 | G36: S260001 | H36: E73855US | I36: =IFERROR(VLOOKUP(H36,名称!A:C,2,0),"") -> 马里奥能量蘑菇吸塑混装 | J36: 6 | K36: =IFERROR(VLOOKUP(H36,名称!A:D,3,0),"") -> 6 | L36: =IFERROR((J36/K36),"") -> 1 | M36: 46057 | N36: 46055 | P36: L1525RR02 | Q36: 标准唛+TTT | X36: 1、需要进行质量检查2、请在纸箱上贴上以下信息。收件人:TOMY澳大利亚 收件人:PaulHodgkiss 项目: 描述: 数量: | Y36: 1.271 | Z36: =J36*Y36 -> 7.63 | AA36: =Z36*7.75 -> 59.13 | AB36: HK92553 | AE36: =IFERROR(VLOOKUP(H36,名称!A:D,4,0),"") -> KIK | AO36: 29 | AP36: 46057
A37: 46028 | B37: 未 | C37: 澳大利亚 | D37: TOMY AUSTRALIA PTY, LTD. | E37: Toby | F37: 10118438 | G37: S260001 | H37: E73856 | I37: =IFERROR(VLOOKUP(H37,名称!A:C,2,0),"") -> 宝箱马里奥 | J37: 4 | K37: =IFERROR(VLOOKUP(H37,名称!A:D,3,0),"") -> 4 | L37: =IFERROR((J37/K37),"") -> 1 | M37: 46050 | N37: 46048 | P37: L1525RR02 | Q37: 标准唛+TTT | X37: 1、需要进行质量检查2、请在纸箱上贴上以下信息。收件人:TOMY澳大利亚 收件人:PaulHodgkiss 项目: 描述: 数量: | Y37: 2.158 | Z37: =J37*Y37 -> 8.63 | AA37: =Z37*7.75 -> 66.88 | AB37: HK92553 | AE37: =IFERROR(VLOOKUP(H37,名称!A:D,4,0),"") -> KIK | AO37: 22 | AP37: 46050
A38: 46032 | B38: 未 | C38: 英国 | D38: TOMY UK CO LTD | E38: Gary | F38: 10118881 | G38: S260004 | H38: E73857 | I38: =IFERROR(VLOOKUP(H38,名称!A:C,2,0),"") -> 管道马里奥 | J38: 27 | K38: =IFERROR(VLOOKUP(H38,名称!A:D,3,0),"") -> 4 | L38: =IFERROR((J38/K38),"") -> 6.75 | M38: 46050 | N38: 46048 | O38: 46052 | P38: L1525RR02 | Q38: 标准唛+TTT+欧盟信息 | X38: 1.需验货 2.请在纸箱上注明:TOMY英国的样品 项目: 描述: 数量: | Y38: 3.216 | Z38: =J38*Y38 -> 86.83 | AA38: =Z38*7.75 -> 672.93 | AB38: HK92554 | AE38: =IFERROR(VLOOKUP(H38,名称!A:D,4,0),"") -> KIK | AO38: 18 | AP38: 46050
A39: 46032 | B39: 未 | C39: 英国 | D39: TOMY UK CO LTD | E39: Gary | F39: 10118881 | G39: S260004 | H39: E73906 | I39: =IFERROR(VLOOKUP(H39,名称!A:C,2,0),"") -> 马里奥和他的蘑菇 | J39: 27 | K39: =IFERROR(VLOOKUP(H39,名称!A:D,3,0),"") -> 6 | L39: =IFERROR((J39/K39),"") -> 4.5 | M39: 46050 | N39: 46048 | O39: 46052 | P39: L1525RR02 | Q39: 标准唛+TTT+欧盟信息 | X39: 1.需验货 2.请在纸箱上注明:TOMY英国的样品 项目: 描述: 数量: | Y39: 1.382 | Z39: =J39*Y39 -> 37.31 | AA39: =Z39*7.75 -> 289.15 | AB39: HK92554 | AE39: =IFERROR(VLOOKUP(H39,名称!A:D,4,0),"") -> KIK | AO39: 18 | AP39: 46050
A40: 46032 | B40: 未 | C40: 英国 | D40: TOMY UK CO LTD | E40: Gary | F40: 10118881 | G40: S260004 | H40: E73907 | I40: =IFERROR(VLOOKUP(H40,名称!A:C,2,0),"") -> 能量蘑菇 | J40: 27 | K40: =IFERROR(VLOOKUP(H40,名称!A:D,3,0),"") -> 6 | L40: =IFERROR((J40/K40),"") -> 4.5 | M40: 46050 | N40: 46048 | O40: 46052 | P40: L1525RR02 | Q40: 标准唛+TTT+欧盟信息 | X40: 1.需验货 2.请在纸箱上注明:TOMY英国的样品 项目: 描述: 数量: | Y40: 1.247 | Z40: =J40*Y40 -> 33.67 | AA40: =Z40*7.75 -> 260.94 | AB40: HK92554 | AE40: =IFERROR(VLOOKUP(H40,名称!A:D,4,0),"") -> KIK | AO40: 18 | AP40: 46050
A41: 46032 | B41: 未 | C41: 英国 | D41: TOMY UK CO LTD | E41: Gary | F41: 10118881 | G41: S260004 | H41: E73856 | I41: =IFERROR(VLOOKUP(H41,名称!A:C,2,0),"") -> 宝箱马里奥 | J41: 27 | K41: =IFERROR(VLOOKUP(H41,名称!A:D,3,0),"") -> 4 | L41: =IFERROR((J41/K41),"") -> 6.75 | M41: 46050 | N41: 46048 | O41: 46052 | P41: L1525RR02 | Q41: 标准唛+TTT+欧盟信息 | X41: 1.需验货 2.请在纸箱上注明:TOMY英国的样品 项目: 描述: 数量: | Y41: 2.158 | Z41: =J41*Y41 -> 58.27 | AA41: =Z41*7.75 -> 451.59 | AB41: HK92554 | AE41: =IFERROR(VLOOKUP(H41,名称!A:D,4,0),"") -> KIK | AO41: 18 | AP41: 46050
A42: 45862 | C42: 比利时 | D42: TOMY UK CO LTD | E42: Gary | F42: 10107797 | G42: 4500031526 | H42: E73856 | I42: =IFERROR(VLOOKUP(H42,名称!A:C,2,0),"") -> 宝箱马里奥 | J42: 172 | K42: =IFERROR(VLOOKUP(H42,名称!A:D,3,0),"") -> 4 | L42: =IFERROR((J42/K42),"") -> 43 | M42: 46057 | N42: 46055 | O42: 46055 | P42: L1525RR02 | Q42: 标准唛+TTT+欧盟信息 | R42: 12/31 OK | Y42: 2.158 | Z42: =J42*Y42 -> 371.18 | AA42: =Z42*7.75 -> 2876.65 | AB42: HK92556 | AE42: =IFERROR(VLOOKUP(H42,名称!A:D,4,0),"") -> KIK | AH42: 45987 | AI42: 45967 | AN42: 45965 | AO42: 195 | AP42: 90
A43: 45862 | C43: 比利时 | D43: TOMY UK CO LTD | E43: Gary | F43: 10107798 | G43: 4500031527 | H43: E73857 | I43: =IFERROR(VLOOKUP(H43,名称!A:C,2,0),"") -> 管道马里奥 | J43: 172 | K43: =IFERROR(VLOOKUP(H43,名称!A:D,3,0),"") -> 4 | L43: =IFERROR((J43/K43),"") -> 43 | M43: 46057 | N43: 46055 | O43: 46051 | P43: L1525RR02 | Q43: 标准唛+TTT+欧盟信息 | R43: 12/31 OK | Y43: 3.216 | Z43: =J43*Y43 -> 553.15 | AA43: =Z43*7.75 -> 4286.91 | AB43: HK92556 | AE43: =IFERROR(VLOOKUP(H43,名称!A:D,4,0),"") -> KIK | AH43: 45987 | AI43: 45967 | AN43: 45965 | AO43: 195 | AP43: 90
A44: 46053 | B44: =IF(TODAY()>=A44,IF(R44="","未",""),"") -> 未 | C44: 英国 | D44: TOMY UK CO LTD | E44: Gary | F44: 10120258 | G44: S260013 | H44: E73855A1 | I44: =IFERROR(VLOOKUP(H44,名称!A:C,2,0),"") -> 马里奥能量蘑菇吸塑混装 | J44: 2 | K44: =IFERROR(VLOOKUP(H44,名称!A:D,3,0),"") -> 6 | L44: =IFERROR((J44/K44),"") -> 0.33333333 | M44: 46058 | N44: =M44-2 -> 46056 | P44: L1525RR02 | Q44: 标准唛+TTT | X44: 1.需验货 2.请在纸箱上注明:任天堂美国的样品 项目: 描述: 数量: | Y44: 1.337 | Z44: =J44*Y44 -> 2.67 | AA44: =Z44*7.75 -> 20.69 | AB44: HK92557 | AE44: =IFERROR(VLOOKUP(H44,名称!A:D,4,0),"") -> KIK | AO44: =M44-A44 -> 5 | AP44: =M44-AI44 -> 46058
A45: 46053 | B45: =IF(TODAY()>=A45,IF(R45="","未",""),"") -> 未 | C45: 英国 | D45: TOMY UK CO LTD | E45: Gary | F45: 10120258 | G45: S260013 | H45: E73857 | I45: =IFERROR(VLOOKUP(H45,名称!A:C,2,0),"") -> 管道马里奥 | J45: 2 | K45: =IFERROR(VLOOKUP(H45,名称!A:D,3,0),"") -> 4 | L45: =IFERROR((J45/K45),"") -> 0.5 | M45: 46058 | N45: =M45-2 -> 46056 | P45: L1525RR02 | Q45: 标准唛+TTT | X45: 1.需验货 2.请在纸箱上注明:任天堂美国的样品 项目: 描述: 数量: | Y45: 3.216 | Z45: =J45*Y45 -> 6.43 | AA45: =Z45*7.75 -> 49.83 | AB45: HK92557 | AE45: =IFERROR(VLOOKUP(H45,名称!A:D,4,0),"") -> KIK | AO45: =M45-A45 -> 5 | AP45: =M45-AI45 -> 46058
A46: 46053 | B46: =IF(TODAY()>=A46,IF(R46="","未",""),"") -> 未 | C46: 英国 | D46: TOMY UK CO LTD | E46: Gary | F46: 10120258 | G46: S260013 | H46: E73956A1 | I46: =IFERROR(VLOOKUP(H46,名称!A:C,2,0),"") -> 马里奥能量蘑菇密封盒混装 | J46: 2 | K46: =IFERROR(VLOOKUP(H46,名称!A:D,3,0),"") -> 6 | L46: =IFERROR((J46/K46),"") -> 0.33333333 | M46: 46058 | N46: =M46-2 -> 46056 | P46: L1525RR02 | Q46: 标准唛+TTT | X46: 1.需验货 2.请在纸箱上注明:任天堂美国的样品 项目: 描述: 数量: | Y46: 2.357 | Z46: =J46*Y46 -> 4.71 | AA46: =Z46*7.75 -> 36.5 | AB46: HK92557 | AE46: =IFERROR(VLOOKUP(H46,名称!A:D,4,0),"") -> KIK | AO46: =M46-A46 -> 5 | AP46: =M46-AI46 -> 46058
A47: 46053 | B47: =IF(TODAY()>=A47,IF(R47="","未",""),"") -> 未 | C47: 英国 | D47: TOMY UK CO LTD | E47: Gary | F47: 10120258 | G47: S260013 | H47: E73856 | I47: =IFERROR(VLOOKUP(H47,名称!A:C,2,0),"") -> 宝箱马里奥 | J47: 2 | K47: =IFERROR(VLOOKUP(H47,名称!A:D,3,0),"") -> 4 | L47: =IFERROR((J47/K47),"") -> 0.5 | M47: 46058 | N47: =M47-2 -> 46056 | P47: L1525RR02 | Q47: 标准唛+TTT | X47: 1.需验货 2.请在纸箱上注明:任天堂美国的样品 项目: 描述: 数量: | Y47: 2.158 | Z47: =J47*Y47 -> 4.32 | AA47: =Z47*7.75 -> 33.48 | AB47: HK92557 | AE47: =IFERROR(VLOOKUP(H47,名称!A:D,4,0),"") -> KIK | AO47: =M47-A47 -> 5 | AP47: =M47-AI47 -> 46058
A48: 46053 | B48: =IF(TODAY()>=A48,IF(R48="","未",""),"") -> 未 | C48: 英国 | D48: TOMY UK CO LTD | E48: Gary | F48: 10120266 | G48: S260014 | H48: E73855A1 | I48: =IFERROR(VLOOKUP(H48,名称!A:C,2,0),"") -> 马里奥能量蘑菇吸塑混装 | J48: 2 | K48: =IFERROR(VLOOKUP(H48,名称!A:D,3,0),"") -> 6 | L48: =IFERROR((J48/K48),"") -> 0.33333333 | M48: 46058 | N48: =M48-2 -> 46056 | P48: L1525RR02 | Q48: 标准唛+TTT | X48: 1.需验货 2.请在纸箱上注明:NCL开发样品 项目: 描述: 数量: | Y48: 1.337 | Z48: =J48*Y48 -> 2.67 | AA48: =Z48*7.75 -> 20.69 | AB48: HK92558 | AE48: =IFERROR(VLOOKUP(H48,名称!A:D,4,0),"") -> KIK | AO48: =M48-A48 -> 5 | AP48: =M48-AI48 -> 46058
A49: 46053 | B49: =IF(TODAY()>=A49,IF(R49="","未",""),"") -> 未 | C49: 英国 | D49: TOMY UK CO LTD | E49: Gary | F49: 10120266 | G49: S260014 | H49: E73857 | I49: =IFERROR(VLOOKUP(H49,名称!A:C,2,0),"") -> 管道马里奥 | J49: 2 | K49: =IFERROR(VLOOKUP(H49,名称!A:D,3,0),"") -> 4 | L49: =IFERROR((J49/K49),"") -> 0.5 | M49: 46058 | N49: =M49-2 -> 46056 | P49: L1525RR02 | Q49: 标准唛+TTT | X49: 1.需验货 2.请在纸箱上注明:NCL开发样品 项目: 描述: 数量: | Y49: 3.216 | Z49: =J49*Y49 -> 6.43 | AA49: =Z49*7.75 -> 49.83 | AB49: HK92558 | AE49: =IFERROR(VLOOKUP(H49,名称!A:D,4,0),"") -> KIK | AO49: =M49-A49 -> 5 | AP49: =M49-AI49 -> 46058
A50: 46053 | B50: =IF(TODAY()>=A50,IF(R50="","未",""),"") -> 未 | C50: 英国 | D50: TOMY UK CO LTD | E50: Gary | F50: 10120266 | G50: S260014 | H50: E73956A1 | I50: =IFERROR(VLOOKUP(H50,名称!A:C,2,0),"") -> 马里奥能量蘑菇密封盒混装 | J50: 2 | K50: =IFERROR(VLOOKUP(H50,名称!A:D,3,0),"") -> 6 | L50: =IFERROR((J50/K50),"") -> 0.33333333 | M50: 46058 | N50: =M50-2 -> 46056 | P50: L1525RR02 | Q50: 标准唛+TTT | X50: 1.需验货 2.请在纸箱上注明:NCL开发样品 项目: 描述: 数量: | Y50: 2.357 | Z50: =J50*Y50 -> 4.71 | AA50: =Z50*7.75 -> 36.5 | AB50: HK92558 | AE50: =IFERROR(VLOOKUP(H50,名称!A:D,4,0),"") -> KIK | AO50: =M50-A50 -> 5 | AP50: =M50-AI50 -> 46058
A51: 46053 | B51: =IF(TODAY()>=A51,IF(R51="","未",""),"") -> 未 | C51: 英国 | D51: TOMY UK CO LTD | E51: Gary | F51: 10120266 | G51: S260014 | H51: E73856 | I51: =IFERROR(VLOOKUP(H51,名称!A:C,2,0),"") -> 宝箱马里奥 | J51: 2 | K51: =IFERROR(VLOOKUP(H51,名称!A:D,3,0),"") -> 4 | L51: =IFERROR((J51/K51),"") -> 0.5 | M51: 46058 | N51: =M51-2 -> 46056 | P51: L1525RR02 | Q51: 标准唛+TTT | X51: 1.需验货 2.请在纸箱上注明:NCL开发样品 项目: 描述: 数量: | Y51: 2.158 | Z51: =J51*Y51 -> 4.32 | AA51: =Z51*7.75 -> 33.48 | AB51: HK92558 | AE51: =IFERROR(VLOOKUP(H51,名称!A:D,4,0),"") -> KIK | AO51: =M51-A51 -> 5 | AP51: =M51-AI51 -> 46058
A52: 45869 | C52: 美国 | D52: TOMY INTERNATIONAL INC. | E52: Olivia | F52: 10108291 | G52: 202520972529 | H52: E73956US | I52: =IFERROR(VLOOKUP(H52,名称!A:C,2,0),"") -> 马里奥能量蘑菇密封盒混装 | J52: 6000 | K52: =IFERROR(VLOOKUP(H52,名称!A:D,3,0),"") -> 6 | L52: =IFERROR((J52/K52),"") -> 1000 | M52: 46057 | N52: 46055 | O52: 46065 | P52: L1525RR02 | Q52: 标准唛+TTT | R52: 12/30 OK | X52: 需要用新的花朵，旧款不可用, 不需要笑脸说明书 | Y52: 2.33 | Z52: =J52*Y52 -> 13980 | AA52: =Z52*7.75 -> 108345 | AB52: HK92564 | AE52: =IFERROR(VLOOKUP(H52,名称!A:D,4,0),"") -> KIK | AH52: 45987 | AI52: 45967 | AN52: 45965 | AO52: 188 | AP52: 90
A53: 45869 | B53: =IF(TODAY()>=A53,IF(R53="","未",""),"") | C53: 美国 | D53: TOMY INTERNATIONAL INC. | E53: Olivia | F53: 10108291 | G53: 202520972529 | H53: E73907US | I53: =IFERROR(VLOOKUP(H53,名称!A:C,2,0),"") -> 能量蘑菇 | J53: =3000-1800 -> 1200 | K53: =IFERROR(VLOOKUP(H53,名称!A:D,3,0),"") -> 6 | L53: =IFERROR((J53/K53),"") -> 200 | M53: 46092 | N53: =M53-2 -> 46090 | O53: 46063 | P53: L1525RR02 | Q53: 标准唛+TTT | R53: 12/30 OK | X53: 需要用新的花朵，旧款不可用,不需要笑脸说明书， | Y53: 1.278 | Z53: =J53*Y53 -> 1533.6 | AA53: =Z53*7.75 -> 11885.4 | AB53: HK92576 | AE53: =IFERROR(VLOOKUP(H53,名称!A:D,4,0),"") -> KIK | AH53: 45987 | AI53: 45967 | AN53: 45965 | AO53: =M53-A53 -> 223 | AP53: =M53-AI53 -> 125
A54: 45937 | B54: =IF(TODAY()>=A54,IF(R54="","未",""),"") | C54: 美国 | D54: TOMY INTERNATIONAL INC. | E54: Leung，Gary | F54: 10112345 | G54: 202527370027 | H54: Y2341C | I54: =IFERROR(VLOOKUP(H54,名称!A:C,2,0),"") -> 杯子 | J54: 10008 | K54: =IFERROR(VLOOKUP(H54,名称!A:D,3,0),"") -> 18 | L54: =IFERROR((J54/K54),"") -> 556 | M54: 46015 | N54: =M54-2 -> 46013 | O54: 46020 | P54: K1525RR02 | Q54: 标准唛+TTT | R54: 12/1 OK | Y54: 0.963 | Z54: =J54*Y54 -> 9637.7 | AA54: =Z54*7.75 -> 74692.18 | AB54: HK92523 | AE54: =IFERROR(VLOOKUP(H54,名称!A:D,4,0),"") -> KIK | AH54: 45982 | AI54: 45957 | AN54: 45955 | AO54: =M54-A54 -> 78 | AP54: =M54-AI54 -> 58
A55: 45937 | B55: =IF(TODAY()>=A55,IF(R55="","未",""),"") | C55: 美国 | D55: TOMY INTERNATIONAL INC. | E55: Leung，Gary | F55: 10112350 | G55: 202527370034 | H55: L27870C | I55: =IFERROR(VLOOKUP(H55,名称!A:C,2,0),"") -> 杯子 | J55: 5004 | K55: =IFERROR(VLOOKUP(H55,名称!A:D,3,0),"") -> 18 | L55: =IFERROR((J55/K55),"") -> 278 | M55: 46015 | N55: =M55-2 -> 46013 | O55: 46021 | P55: K1525RR02 | Q55: 标准唛+TTT | R55: 12/24 OK | Y55: 1.133 | Z55: =J55*Y55 -> 5669.53 | AA55: =Z55*7.75 -> 43938.86 | AB55: HK92523 | AE55: =IFERROR(VLOOKUP(H55,名称!A:D,4,0),"") -> KIK | AH55: 45980 | AI55: 45960 | AN55: 45958 | AO55: =N55-A55 -> 76 | AP55: =N55-AI55 -> 53
A56: 45940 | B56: =IF(TODAY()>=A56,IF(R56="","未",""),"") | C56: 美国 | D56: TOMY INTERNATIONAL INC. | E56: Nancy | F56: 10112725 | G56: 202528170303 | H56: 47367J | I56: =IFERROR(VLOOKUP(H56,名称!A:C,2,0),"") -> 1:16拖车厢 | J56: 600 | K56: =IFERROR(VLOOKUP(H56,名称!A:D,3,0),"") -> 2 | L56: =IFERROR((J56/K56),"") -> 300 | M56: 46092 | N56: =M56-2 -> 46090 | O56: 2/12 Hold | P56: L1525RR02 | Q56: 标准唛+TTT | R56: 2/6 OK | S56: 运输测试未寄出 | Y56: 22.9 | Z56: =J56*Y56 -> 13740 | AA56: =Z56*7.75 -> 106485 | AB56: HK92576 | AE56: =IFERROR(VLOOKUP(H56,名称!A:D,4,0),"") -> KIK | AH56: 46000 | AI56: 45974 | AN56: 45973 | AO56: =M56-A56 -> 152 | AP56: =M56-AI56 -> 118
A57: 45940 | C57: 美国 | D57: TOMY INTERNATIONAL INC. | E57: Nancy | F57: 10112725 | G57: 202528170303 | H57: 47367J | I57: 1:16拖车厢 | J57: 1900 | K57: 2 | L57: 950 | M57: 46113 | N57: 46111 | O57: 46111 | P57: L1525RR02 | Q57: 标准唛+TTT | R57: 2/6 OK | S57: 2/6 ok | Y57: 22.9 | Z57: =J57*Y57 -> 43510 | AA57: =Z57*7.75 -> 337202.5 | AB57: HK92590 | AE57: KIK | AH57: 46000 | AI57: 45974 | AO57: 45973 | AP57: 173 | AQ57: 139
A58: 45941 | B58: =IF(TODAY()>=A58,IF(R58="","未",""),"") | C58: 美国 | D58: TOMY INTERNATIONAL INC. | E58: Nancy | F58: 10112827 | G58: 202528270053 | H58: 47101J | I58: =IFERROR(VLOOKUP(H58,名称!A:C,2,0),"") -> 1:16收割机 | J58: =2500-300-120 -> 2080 | K58: =IFERROR(VLOOKUP(H58,名称!A:D,3,0),"") -> 1 | L58: =IFERROR((J58/K58),"") -> 2080 | M58: 46092 | N58: =M58-2 -> 46090 | O58: 2/27 Hold | P58: B1326RR02 | Q58: 标准唛+TTT | R58: 3/11 OK | T58: 有JD贴纸 | Y58: 29.801 | Z58: =J58*Y58 -> 61986.08 | AA58: =Z58*7.75 -> 480392.12 | AB58: HK92574 | AE58: =IFERROR(VLOOKUP(H58,名称!A:D,4,0),"") -> KIK | AI58: 45785 | AN58: 46000 | AO58: =M58-A58 -> 151 | AP58: =M58-AI58 -> 307
A59: 45953 | C59: 美国 | D59: TOMY INTERNATIONAL INC. | E59: Olivia | F59: 10113666 | G59: 202529470439 | H59: E73857 | I59: =IFERROR(VLOOKUP(H59,名称!A:C,2,0),"") -> 管道马里奥 | J59: 5000 | K59: =IFERROR(VLOOKUP(H59,名称!A:D,3,0),"") -> 4 | L59: =IFERROR((J59/K59),"") -> 1250 | M59: 46057 | N59: 46048 | O59: 46057 | P59: L1525RR02 | Q59: 标准唛+TTT | R59: 12/31 OK | Y59: 3.362 | Z59: =J59*Y59 -> 16810 | AA59: =Z59*7.75 -> 130277.5 | AB59: HK92559 | AE59: =IFERROR(VLOOKUP(H59,名称!A:D,4,0),"") -> KIK | AH59: 46000 | AI59: 45974 | AN59: 45973 | AO59: 97 | AP59: 76
A60: 45960 | C60: 美国 | D60: TOMY INTERNATIONAL INC. | E60: Olivia | F60: 10113972 | G60: 202530170067 | H60: E73622A | I60: =IFERROR(VLOOKUP(H60,名称!A:C,2,0),"") -> 布鲁伊家族杯子套装 | J60: 10000 | K60: =IFERROR(VLOOKUP(H60,名称!A:D,3,0),"") -> 4 | L60: =IFERROR((J60/K60),"") -> 2500 | M60: 46029 | N60: 46027 | P60: L1525RR02 | Q60: 标准唛+TTT | R60: 12/1 OK | S60: 12/11 OK | Y60: 2.199 | Z60: =J60*Y60 -> 21990 | AA60: =Z60*7.75 -> 170422.5 | AB60: HK92541REV1 | AE60: =IFERROR(VLOOKUP(H60,名称!A:D,4,0),"") -> KIK | AH60: 46000 | AI60: 45974 | AN60: 45973 | AO60: 69 | AP60: 55
A61: 45862 | C61: 比利时 | D61: TOMY UK CO LTD | E61: Gary | F61: 10107799 | G61: 4500031528 | H61: E73856 | I61: =IFERROR(VLOOKUP(H61,名称!A:C,2,0),"") -> 宝箱马里奥 | J61: 1000 | K61: =IFERROR(VLOOKUP(H61,名称!A:D,3,0),"") -> 4 | L61: =IFERROR((J61/K61),"") -> 250 | M61: 46071 | N61: 46055 | O61: 46055 | P61: L1525RR02 | Q61: 标准唛+TTT+欧盟信息 | R61: 12/31 OK | Y61: 2.205 | Z61: =J61*Y61 -> 2205 | AA61: =Z61*7.75 -> 17088.75 | AB61: HK92562 | AE61: =IFERROR(VLOOKUP(H61,名称!A:D,4,0),"") -> KIK | AH61: 45987 | AI61: 45967 | AN61: 45965 | AO61: 195 | AP61: 90
A62: 45862 | C62: 比利时 | D62: TOMY UK CO LTD | E62: Gary | F62: 10107799 | G62: 4500031528 | H62: E73855A1 | I62: =IFERROR(VLOOKUP(H62,名称!A:C,2,0),"") -> 马里奥能量蘑菇吸塑混装 | J62: 1500 | K62: =IFERROR(VLOOKUP(H62,名称!A:D,3,0),"") -> 6 | L62: =IFERROR((J62/K62),"") -> 250 | M62: 46071 | N62: 46055 | O62: 46052 | P62: L1525RR02 | Q62: 标准唛+TTT+欧盟信息 | R62: 12/30 OK | X62: 使用旧款的花朵 | Y62: 1.377 | Z62: =J62*Y62 -> 2065.5 | AA62: =Z62*7.75 -> 16007.63 | AB62: HK92562 | AE62: =IFERROR(VLOOKUP(H62,名称!A:D,4,0),"") -> KIK | AH62: 45987 | AI62: 45967 | AN62: 45965 | AO62: 195 | AP62: 90
A63: 45862 | C63: 比利时 | D63: TOMY UK CO LTD | E63: Gary | F63: 10107799 | G63: 4500031528 | H63: E73857 | I63: =IFERROR(VLOOKUP(H63,名称!A:C,2,0),"") -> 管道马里奥 | J63: 1500 | K63: =IFERROR(VLOOKUP(H63,名称!A:D,3,0),"") -> 4 | L63: =IFERROR((J63/K63),"") -> 375 | M63: 46071 | N63: 46055 | O63: 46045 | P63: L1525RR02 | Q63: 标准唛+TTT+欧盟信息 | R63: 12/31 OK | Y63: 3.362 | Z63: =J63*Y63 -> 5043 | AA63: =Z63*7.75 -> 39083.25 | AB63: HK92562 | AE63: =IFERROR(VLOOKUP(H63,名称!A:D,4,0),"") -> KIK | AH63: 45987 | AI63: 45967 | AN63: 45965 | AO63: 195 | AP63: 90
A64: 45960 | C64: 比利时 | D64: TOMY UK CO LTD | E64: Warren | F64: 10113959 | G64: 4500031877 | H64: E73857 | I64: =IFERROR(VLOOKUP(H64,名称!A:C,2,0),"") -> 管道马里奥 | J64: 1000 | K64: =IFERROR(VLOOKUP(H64,名称!A:D,3,0),"") -> 4 | L64: =IFERROR((J64/K64),"") -> 250 | M64: 46071 | N64: 46055 | O64: 46045 | P64: L1525RR02 | Q64: 标准唛+TTT+欧盟信息 | R64: 12/31 OK | Y64: 3.362 | Z64: =J64*Y64 -> 3362 | AA64: =Z64*7.75 -> 26055.5 | AB64: HK92562 | AE64: =IFERROR(VLOOKUP(H64,名称!A:D,4,0),"") -> KIK | AH64: 46000 | AI64: 45974 | AN64: 45973 | AO64: 97 | AP64: 83
A65: 45910 | C65: 澳大利亚 | D65: TOMY AUSTRALIA PTY, LTD. | E65: Toby | F65: 10111036 | G65: 20218614 | H65: E73855US | I65: =IFERROR(VLOOKUP(H65,名称!A:C,2,0),"") -> 马里奥能量蘑菇吸塑混装 | J65: 3204 | K65: =IFERROR(VLOOKUP(H65,名称!A:D,3,0),"") -> 6 | L65: =IFERROR((J65/K65),"") -> 534 | M65: 46078 | N65: 46055 | O65: 46060 | P65: L1525RR02 | Q65: 标准唛+TTT | R65: 12/30 OK | X65: 需要用新的花朵，旧款不可用,不需要笑脸说明书，取消内箱 | Y65: 1.311 | Z65: =J65*Y65 -> 4200.44 | AA65: =Z65*7.75 -> 32553.41 | AB65: HK92563 | AE65: =IFERROR(VLOOKUP(H65,名称!A:D,4,0),"") -> KIK | AH65: 45987 | AI65: 45967 | AO65: 147 | AP65: 90
A66: 45981 | C66: 澳大利亚 | D66: TOMY AUSTRALIA PTY, LTD. | E66: Toby | F66: 10115166 | G66: 20218779 | H66: E73705A | I66: =IFERROR(VLOOKUP(H66,名称!A:C,2,0),"") -> 布鲁伊混装 | J66: 1200 | K66: =IFERROR(VLOOKUP(H66,名称!A:D,3,0),"") -> 4 | L66: =IFERROR((J66/K66),"") -> 300 | M66: 46078 | N66: 46055 | O66: 46062 | P66: A1526RR02 | Q66: 标准唛+TTT | R66: 1/30 OK | Y66: 2.204 | Z66: =J66*Y66 -> 2644.8 | AA66: =Z66*7.75 -> 20497.2 | AB66: HK92563 | AE66: =IFERROR(VLOOKUP(H66,名称!A:D,4,0),"") -> KIK | AH66: 46021 | AI66: 46002 | AN66: 45994 | AO66: 76 | AP66: 55
A67: 45960 | C67: 美国 | D67: TOMY INTERNATIONAL INC. | E67: Olivia | F67: 10113975 | G67: 202530170411 | H67: Y2341C | I67: =IFERROR(VLOOKUP(H67,名称!A:C,2,0),"") -> 杯子 | J67: 8208 | K67: =IFERROR(VLOOKUP(H67,名称!A:D,3,0),"") -> 18 | L67: =IFERROR((J67/K67),"") -> 456 | M67: 46057 | N67: 46048 | O67: 46051 | P67: L1525RR02 | Q67: 标准唛+TTT | R67: 12/1 OK | Y67: 0.963 | Z67: =J67*Y67 -> 7904.3 | AA67: =Z67*7.75 -> 61258.33 | AB67: HK92559 | AE67: =IFERROR(VLOOKUP(H67,名称!A:D,4,0),"") -> KIK | AH67: 46009 | AI67: 45986 | AN67: 45980 | AO67: 90 | AP67: 64
A68: 45960 | B68: 未 | C68: 美国 | D68: TOMY INTERNATIONAL INC. | E68: Nancy | F68: 10113960 | G68: 202530170064 | H68: 47674 | I68: =IFERROR(VLOOKUP(H68,名称!A:C,2,0),"") -> JD LNS圆轮拖拉机 | J68: 5000 | K68: =IFERROR(VLOOKUP(H68,名称!A:D,3,0),"") -> 2 | L68: =IFERROR((J68/K68),"") -> 2500 | M68: 46057 | N68: 46048 | O68: 46050 | P68: L1525RR02 | Q68: 标准唛+TTT | T68: 有JD贴纸 | Y68: 5.225 | Z68: =J68*Y68 -> 26125 | AA68: =Z68*7.75 -> 202468.75 | AB68: HK92561 | AE68: =IFERROR(VLOOKUP(H68,名称!A:D,4,0),"") -> KIK | AH68: 46009 | AI68: 45986 | AN68: 45993 | AO68: 90 | AP68: 64
A69: 45960 | C69: 美国 | D69: TOMY INTERNATIONAL INC. | E69: Olivia | F69: 10113975 | G69: 202530170411 | H69: Y2341C | I69: =IFERROR(VLOOKUP(H69,名称!A:C,2,0),"") -> 杯子 | J69: 1800 | K69: =IFERROR(VLOOKUP(H69,名称!A:D,3,0),"") -> 18 | L69: =IFERROR((J69/K69),"") -> 100 | M69: 46057 | N69: 46048 | O69: 46051 | P69: L1525RR02 | Q69: 标准唛+TTT | R69: 12/1 OK | Y69: 0.963 | Z69: =J69*Y69 -> 1733.4 | AA69: =Z69*7.75 -> 13433.85 | AB69: HK92561 | AE69: =IFERROR(VLOOKUP(H69,名称!A:D,4,0),"") -> KIK | AH69: 46009 | AI69: 45986 | AN69: 45980 | AO69: 90 | AP69: 64
A70: 45961 | C70: 美国 | D70: TOMY INTERNATIONAL INC. | E70: Olivia | F70: 10113988 | G70: 202530170069 | H70: E73906US | I70: =IFERROR(VLOOKUP(H70,名称!A:C,2,0),"") -> 马里奥和他的蘑菇 | J70: 396 | K70: =IFERROR(VLOOKUP(H70,名称!A:D,3,0),"") -> 6 | L70: =IFERROR((J70/K70),"") -> 66 | M70: 46057 | N70: 46048 | O70: 46059 | P70: L1525RR02 | Q70: 标准唛+TTT | R70: 12/30 OK | X70: 不需要笑脸说明书 | Y70: 1.413 | Z70: =J70*Y70 -> 559.55 | AA70: =Z70*7.75 -> 4336.51 | AB70: HK92559 | AE70: =IFERROR(VLOOKUP(H70,名称!A:D,4,0),"") -> KIK | AH70: 45987 | AI70: 45967 | AN70: 45965 | AO70: 89 | AP70: 83
A71: 45961 | B71: =IF(TODAY()>=A71,IF(R71="","未",""),"") -> 未 | C71: 美国 | D71: TOMY INTERNATIONAL INC. | E71: Toby | F71: 10114215 | G71: 202530370199 | H71: 35802J | I71: =IFERROR(VLOOKUP(H71,名称!A:C,2,0),"") -> 挖土机 | J71: 1600 | K71: =IFERROR(VLOOKUP(H71,名称!A:D,3,0),"") -> 2 | L71: =IFERROR((J71/K71),"") -> 800 | M71: 46057 | N71: =M71-2 -> 46055 | O71: 46057 | P71: A1526RR02 | Q71: 标准唛+TTT | T71: 有JD贴纸 | Y71: 11.9 | Z71: =J71*Y71 -> 19040 | AA71: =Z71*7.75 -> 147560 | AB71: HK92560 | AE71: =IFERROR(VLOOKUP(H71,名称!A:D,4,0),"") -> KIK | AH71: 46008 | AI71: 45988 | AL71: 45988 | AN71: 45987 | AO71: =M71-A71 -> 96 | AP71: =M71-AI71 -> 69
A72: 45961 | C72: 美国 | D72: TOMY INTERNATIONAL INC. | E72: Olivia | F72: 10113988 | G72: 202530170069 | H72: E73907US | I72: =IFERROR(VLOOKUP(H72,名称!A:C,2,0),"") -> 能量蘑菇 | J72: 600 | K72: =IFERROR(VLOOKUP(H72,名称!A:D,3,0),"") -> 6 | L72: =IFERROR((J72/K72),"") -> 100 | M72: 46057 | N72: 46055 | O72: 46063 | P72: L1525RR02 | Q72: 标准唛+TTT | R72: 12/30 OK | X72: 需要用新的花朵，旧款不可用,不需要笑脸说明书， | Y72: 1.278 | Z72: =J72*Y72 -> 766.8 | AA72: =Z72*7.75 -> 5942.7 | AB72: HK92564 | AE72: =IFERROR(VLOOKUP(H72,名称!A:D,4,0),"") -> KIK | AH72: 45987 | AI72: 45967 | AN72: 45965 | AO72: 96 | AP72: 90
A73: 45961 | C73: 美国 | D73: TOMY INTERNATIONAL INC. | E73: Olivia | F73: 10113988 | G73: 202530170069 | H73: E73956US | I73: =IFERROR(VLOOKUP(H73,名称!A:C,2,0),"") -> 马里奥能量蘑菇密封盒混装 | J73: 504 | K73: =IFERROR(VLOOKUP(H73,名称!A:D,3,0),"") -> 6 | L73: =IFERROR((J73/K73),"") -> 84 | M73: 46057 | N73: 46055 | O73: 46064 | P73: L1525RR02 | Q73: 标准唛+TTT | R73: 12/30 OK | X73: 需要用新的花朵，旧款不可用 不需要笑脸说明书 | Y73: 2.33 | Z73: =J73*Y73 -> 1174.32 | AA73: =Z73*7.75 -> 9100.98 | AB73: HK92564 | AE73: =IFERROR(VLOOKUP(H73,名称!A:D,4,0),"") -> KIK | AH73: 45987 | AI73: 45967 | AN73: 45965 | AO73: 96 | AP73: 90
A74: 45862 | B74: =IF(TODAY()>=A74,IF(R74="","未",""),"") | C74: 比利时 | D74: TOMY UK CO LTD | E74: Gary | F74: 10107797 | G74: 4500031526 | H74: E73856 | I74: =IFERROR(VLOOKUP(H74,名称!A:C,2,0),"") -> 宝箱马里奥 | J74: =2148-172 -> 1976 | K74: =IFERROR(VLOOKUP(H74,名称!A:D,3,0),"") -> 4 | L74: =IFERROR((J74/K74),"") -> 494 | M74: 46078 | N74: =M74-2 -> 46076 | O74: 46055 | P74: L1525RR02 | Q74: 标准唛+TTT+欧盟信息 | R74: 12/31 OK | Y74: 2.205 | Z74: =J74*Y74 -> 4357.08 | AA74: =Z74*7.75 -> 33767.37 | AB74: HK92565 | AE74: =IFERROR(VLOOKUP(H74,名称!A:D,4,0),"") -> KIK | AH74: 45987 | AI74: 45967 | AN74: 45965 | AO74: =M74-A74 -> 216 | AP74: =M74-AI74 -> 111
A75: 45862 | B75: =IF(TODAY()>=A75,IF(R75="","未",""),"") | C75: 比利时 | D75: TOMY UK CO LTD | E75: Gary | F75: 10107798 | G75: 4500031527 | H75: E73857 | I75: =IFERROR(VLOOKUP(H75,名称!A:C,2,0),"") -> 管道马里奥 | J75: =1200-172 -> 1028 | K75: =IFERROR(VLOOKUP(H75,名称!A:D,3,0),"") -> 4 | L75: =IFERROR((J75/K75),"") -> 257 | M75: 46078 | N75: =M75-2 -> 46076 | O75: 46051 | P75: L1525RR02 | Q75: 标准唛+TTT+欧盟信息 | R75: 12/31 OK | Y75: 3.362 | Z75: =J75*Y75 -> 3456.14 | AA75: =Z75*7.75 -> 26785.09 | AB75: HK92565 | AE75: =IFERROR(VLOOKUP(H75,名称!A:D,4,0),"") -> KIK | AH75: 45987 | AI75: 45967 | AN75: 45965 | AO75: =M75-A75 -> 216 | AP75: =M75-AI75 -> 111
A76: 45862 | B76: =IF(TODAY()>=A76,IF(R76="","未",""),"") | C76: 比利时 | D76: TOMY UK CO LTD | E76: Gary | F76: 10107796 | G76: 4500031525 | H76: E73906 | I76: =IFERROR(VLOOKUP(H76,名称!A:C,2,0),"") -> 马里奥和他的蘑菇 | J76: =3600-396 -> 3204 | K76: =IFERROR(VLOOKUP(H76,名称!A:D,3,0),"") -> 6 | L76: =IFERROR((J76/K76),"") -> 534 | M76: 46078 | N76: =M76-2 -> 46076 | O76: 46051 | P76: L1525RR02 | Q76: 标准唛+TTT+欧盟信息 | R76: 12/30 OK | Y76: 1.422 | Z76: =J76*Y76 -> 4556.09 | AA76: =Z76*7.75 -> 35309.7 | AB76: HK92565 | AE76: =IFERROR(VLOOKUP(H76,名称!A:D,4,0),"") -> KIK | AH76: 45987 | AI76: 45967 | AN76: 45965 | AO76: =M76-A76 -> 216 | AP76: =M76-AI76 -> 111
A77: 45772 | B77: =IF(TODAY()>=A77,IF(R77="","未",""),"") | C77: 比利时 | D77: TOMY UK CO LTD | E77: Nancy | F77: 10100602 | G77: 4500031037 | H77: 47669 | I77: =IFERROR(VLOOKUP(H77,名称!A:C,2,0),"") -> 动物车 | J77: =1500-680 -> 820 | K77: =IFERROR(VLOOKUP(H77,名称!A:D,3,0),"") -> 4 | L77: =IFERROR((J77/K77),"") -> 205 | M77: 46078 | N77: =M77-2 -> 46076 | O77: 46014 | P77: G1525RR02 | Q77: 标准唛+TTT+欧盟信息 | R77: 7/7 OK | T77: 有JD贴纸/9/25上印尼 | W77: OK | Y77: 4.906 | Z77: =J77*Y77 -> 4022.92 | AA77: =Z77*7.75 -> 31177.63 | AB77: HK92565 | AE77: =IFERROR(VLOOKUP(H77,名称!A:D,4,0),"") -> KIK | AI77: 45799 | AJ77: 45813 | AN77: 45799 | AO77: =M77-A77 -> 306 | AP77: =M77-AI77 -> 279
A78: 45862 | B78: =IF(TODAY()>=A78,IF(R78="","未",""),"") | C78: 比利时 | D78: TOMY UK CO LTD | E78: Gary | F78: 10107795 | G78: 4500031524 | H78: E73855A1 | I78: =IFERROR(VLOOKUP(H78,名称!A:C,2,0),"") -> 马里奥能量蘑菇吸塑混装 | J78: =2802-600 -> 2202 | K78: =IFERROR(VLOOKUP(H78,名称!A:D,3,0),"") -> 6 | L78: =IFERROR((J78/K78),"") -> 367 | M78: 46078 | N78: =M78-2 -> 46076 | O78: 46056 | P78: L1525RR02 | Q78: 标准唛+TTT+欧盟信息 | R78: 12/30 OK | X78: 使用旧款的花朵 | Y78: 1.377 | Z78: =J78*Y78 -> 3032.15 | AA78: =Z78*7.75 -> 23499.16 | AB78: HK92565 | AE78: =IFERROR(VLOOKUP(H78,名称!A:D,4,0),"") -> KIK | AH78: 45987 | AI78: 45967 | AN78: 45965 | AO78: =M78-A78 -> 216 | AP78: =M78-AI78 -> 111 | AS78: E73855A1=E73906(4个用量）+E73907（2个用量）
A79: 45960 | B79: =IF(TODAY()>=A79,IF(R79="","未",""),"") | C79: 比利时 | D79: TOMY UK CO LTD | E79: Warren | F79: 10113958 | G79: 4500031876 | H79: E73857 | I79: =IFERROR(VLOOKUP(H79,名称!A:C,2,0),"") -> 管道马里奥 | J79: 4000 | K79: =IFERROR(VLOOKUP(H79,名称!A:D,3,0),"") -> 4 | L79: =IFERROR((J79/K79),"") -> 1000 | M79: 46078 | N79: =M79-2 -> 46076 | O79: 46057 | P79: L1525RR02 | Q79: 标准唛+TTT＋欧盟信息 | R79: 12/31 OK | Y79: 3.362 | Z79: =J79*Y79 -> 13448 | AA79: =Z79*7.75 -> 104222 | AB79: HK92565 | AE79: =IFERROR(VLOOKUP(H79,名称!A:D,4,0),"") -> KIK | AH79: 46000 | AI79: 45974 | AN79: 45973 | AO79: =M79-A79 -> 118 | AP79: =M79-AI79 -> 104
A80: 46077 | B80: =IF(TODAY()>=A80,IF(R80="","未",""),"") -> 未 | C80: 英国 | D80: TOMY UK CO LTD | E80: Gary | F80: 10120863 | G80: S260016 | H80: E73855A1 | I80: =IFERROR(VLOOKUP(H80,名称!A:C,2,0),"") -> 马里奥能量蘑菇吸塑混装 | J80: 1 | K80: =IFERROR(VLOOKUP(H80,名称!A:D,3,0),"") -> 6 | L80: =IFERROR((J80/K80),"") -> 0.16666667 | M80: 46066 | N80: =M80-2 -> 46064 | O80: 46065 | P80: A1526RR02 | Q80: 标准唛+TTT+欧盟信息 | X80: 1.需验货 2.请在纸箱上注明:TOMY欧洲样品 项目: 描述: 数量: | Y80: 1.337 | Z80: =J80*Y80 -> 1.34 | AA80: =Z80*7.75 -> 10.39 | AB80: HK92567 | AE80: =IFERROR(VLOOKUP(H80,名称!A:D,4,0),"") -> KIK | AO80: =M80-A80 -> -11 | AP80: =M80-AI80 -> 46066
A81: 46077 | B81: =IF(TODAY()>=A81,IF(R81="","未",""),"") -> 未 | C81: 英国 | D81: TOMY UK CO LTD | E81: Gary | F81: 10120863 | G81: S260016 | H81: E73856 | I81: =IFERROR(VLOOKUP(H81,名称!A:C,2,0),"") -> 宝箱马里奥 | J81: 1 | K81: =IFERROR(VLOOKUP(H81,名称!A:D,3,0),"") -> 4 | L81: =IFERROR((J81/K81),"") -> 0.25 | M81: 46066 | N81: =M81-2 -> 46064 | O81: 46065 | P81: A1526RR02 | Q81: 标准唛+TTT+欧盟信息 | X81: 1.需验货 2.请在纸箱上注明:TOMY欧洲样品 项目: 描述: 数量: | Y81: 2.158 | Z81: =J81*Y81 -> 2.16 | AA81: =Z81*7.75 -> 16.74 | AB81: HK92567 | AE81: =IFERROR(VLOOKUP(H81,名称!A:D,4,0),"") -> KIK | AO81: =M81-A81 -> -11 | AP81: =M81-AI81 -> 46066
A82: 46077 | B82: =IF(TODAY()>=A82,IF(R82="","未",""),"") -> 未 | C82: 英国 | D82: TOMY UK CO LTD | E82: Gary | F82: 10120863 | G82: S260016 | H82: E73857 | I82: =IFERROR(VLOOKUP(H82,名称!A:C,2,0),"") -> 管道马里奥 | J82: 1 | K82: =IFERROR(VLOOKUP(H82,名称!A:D,3,0),"") -> 4 | L82: =IFERROR((J82/K82),"") -> 0.25 | M82: 46066 | N82: =M82-2 -> 46064 | O82: 46065 | P82: A1526RR02 | Q82: 标准唛+TTT+欧盟信息 | X82: 1.需验货 2.请在纸箱上注明:TOMY欧洲样品 项目: 描述: 数量: | Y82: 3.216 | Z82: =J82*Y82 -> 3.22 | AA82: =Z82*7.75 -> 24.96 | AB82: HK92567 | AE82: =IFERROR(VLOOKUP(H82,名称!A:D,4,0),"") -> KIK | AO82: =M82-A82 -> -11 | AP82: =M82-AI82 -> 46066
A83: 46077 | B83: =IF(TODAY()>=A83,IF(R83="","未",""),"") -> 未 | C83: 英国 | D83: TOMY UK CO LTD | E83: Gary | F83: 10120863 | G83: S260016 | H83: E73956A1 | I83: =IFERROR(VLOOKUP(H83,名称!A:C,2,0),"") -> 马里奥能量蘑菇密封盒混装 | J83: 1 | K83: =IFERROR(VLOOKUP(H83,名称!A:D,3,0),"") -> 6 | L83: =IFERROR((J83/K83),"") -> 0.16666667 | M83: 46066 | N83: =M83-2 -> 46064 | O83: 46065 | P83: A1526RR02 | Q83: 标准唛+TTT+欧盟信息 | X83: 1.需验货 2.请在纸箱上注明:TOMY欧洲样品 项目: 描述: 数量: | Y83: 2.357 | Z83: =J83*Y83 -> 2.36 | AA83: =Z83*7.75 -> 18.29 | AB83: HK92567 | AE83: =IFERROR(VLOOKUP(H83,名称!A:D,4,0),"") -> KIK | AO83: =M83-A83 -> -11 | AP83: =M83-AI83 -> 46066
A84: 46002 | B84: =IF(TODAY()>=A84,IF(R84="","未",""),"") | C84: 日本 | D84: TOMY COMPANY, LTD. | E84: Angel | F84: 10116820 | G84: 420251209004900770001 | H84: 995135(E73857) | I84: =IFERROR(VLOOKUP(H84,名称!A:C,2,0),"") -> 管道马里奥 | J84: 40 | K84: =IFERROR(VLOOKUP(H84,名称!A:D,3,0),"") -> 4 | L84: =IFERROR((J84/K84),"") -> 10 | M84: 46083 | N84: =M84-2 -> 46081 | O84: 46091 | P84: B1326 | Q84: 客唛 | R84: 3/16 OK | X84: 包装物料多备1%，有客供小卡片 | Y84: 3.703 | Z84: =J84*Y84 -> 148.12 | AA84: =Z84*7.75 -> 1147.93 | AB84: HK92571 | AE84: =IFERROR(VLOOKUP(H84,名称!A:D,4,0),"") -> KIK | AH84: 46044 | AI84: 46027 | AK84: 46027 | AN84: 46020 | AO84: =M84-A84 -> 81 | AP84: =M84-AI84 -> 56
A85: 46002 | B85: =IF(TODAY()>=A85,IF(R85="","未",""),"") | C85: 日本 | D85: TOMY COMPANY, LTD. | E85: Angel | F85: 10116820 | G85: 420251209004900770001 | H85: 096283(E73907) | I85: =IFERROR(VLOOKUP(H85,名称!A:C,2,0),"") -> 能量蘑菇 | J85: 48 | K85: =IFERROR(VLOOKUP(H85,名称!A:D,3,0),"") -> 6 | L85: =IFERROR((J85/K85),"") -> 8 | M85: 46083 | N85: =M85-2 -> 46081 | O85: 46085 | P85: B1326 | Q85: 客唛 | R85: 3/9 OK | X85: 包装物料多备1%，有客供小卡片 | Y85: 1.322 | Z85: =J85*Y85 -> 63.46 | AA85: =Z85*7.75 -> 491.82 | AB85: HK92571 | AE85: =IFERROR(VLOOKUP(H85,名称!A:D,4,0),"") -> KIK | AH85: 46044 | AI85: 46027 | AK85: 46027 | AN85: 46020 | AO85: =M85-A85 -> 81 | AP85: =M85-AI85 -> 56
A86: 46002 | B86: =IF(TODAY()>=A86,IF(R86="","未",""),"") | C86: 日本 | D86: TOMY COMPANY, LTD. | E86: Angel | F86: 10116820 | G86: 420251209004900770001 | H86: 995142(E73856) | I86: =IFERROR(VLOOKUP(H86,名称!A:C,2,0),"") -> 宝箱马里奥 | J86: 48 | K86: =IFERROR(VLOOKUP(H86,名称!A:D,3,0),"") -> 4 | L86: =IFERROR((J86/K86),"") -> 12 | M86: 46083 | N86: =M86-2 -> 46081 | O86: 46091 | P86: B1326 | Q86: 客唛 | R86: 3/16 OK | X86: 包装物料多备1%，有客供小卡片 | Y86: 2.418 | Z86: =J86*Y86 -> 116.06 | AA86: =Z86*7.75 -> 899.47 | AB86: HK92571 | AE86: =IFERROR(VLOOKUP(H86,名称!A:D,4,0),"") -> KIK | AH86: 46044 | AI86: 46027 | AK86: 46027 | AN86: 46020 | AO86: =M86-A86 -> 81 | AP86: =M86-AI86 -> 56
A87: 46002 | B87: =IF(TODAY()>=A87,IF(R87="","未",""),"") | C87: 日本 | D87: TOMY COMPANY, LTD. | E87: Angel | F87: 10116820 | G87: 420251209004900770001 | H87: 995159(E73906) | I87: =IFERROR(VLOOKUP(H87,名称!A:C,2,0),"") -> 马里奥和他的蘑菇 | J87: 48 | K87: =IFERROR(VLOOKUP(H87,名称!A:D,3,0),"") -> 6 | L87: =IFERROR((J87/K87),"") -> 8 | M87: 46083 | N87: =M87-2 -> 46081 | O87: 46090 | P87: B1326 | Q87: 客唛 | R87: 3/16 OK | X87: 包装物料多备1%，有客供小卡片 | Y87: 1.46 | Z87: =J87*Y87 -> 70.08 | AA87: =Z87*7.75 -> 543.12 | AB87: HK92571 | AE87: =IFERROR(VLOOKUP(H87,名称!A:D,4,0),"") -> KIK | AH87: 46044 | AI87: 46027 | AK87: 46027 | AN87: 46020 | AO87: =M87-A87 -> 81 | AP87: =M87-AI87 -> 56
A88: 46002 | B88: =IF(TODAY()>=A88,IF(R88="","未",""),"") | C88: 日本 | D88: TOMY COMPANY, LTD. | E88: Angel | F88: 10116820 | G88: 420251209004900770001 | H88: 096283(E73907) | I88: =IFERROR(VLOOKUP(H88,名称!A:C,2,0),"") -> 能量蘑菇 | J88: 1524 | K88: =IFERROR(VLOOKUP(H88,名称!A:D,3,0),"") -> 6 | L88: =IFERROR((J88/K88),"") -> 254 | M88: 46083 | N88: =M88-2 -> 46081 | O88: 46085 | P88: B1326 | Q88: 客唛 | R88: 3/9 OK | X88: 包装物料多备1%，有客供小卡片 | Y88: 1.322 | Z88: =J88*Y88 -> 2014.73 | AA88: =Z88*7.75 -> 15614.16 | AB88: HK92571 | AE88: =IFERROR(VLOOKUP(H88,名称!A:D,4,0),"") -> KIK | AH88: 46044 | AI88: 46027 | AK88: 46027 | AN88: 46020 | AO88: =M88-A88 -> 81 | AP88: =M88-AI88 -> 56
A89: 46002 | B89: =IF(TODAY()>=A89,IF(R89="","未",""),"") | C89: 日本 | D89: TOMY COMPANY, LTD. | E89: Angel | F89: 10116820 | G89: 420251209004900770001 | H89: 995142(E73856) | I89: =IFERROR(VLOOKUP(H89,名称!A:C,2,0),"") -> 宝箱马里奥 | J89: 1524 | K89: =IFERROR(VLOOKUP(H89,名称!A:D,3,0),"") -> 4 | L89: =IFERROR((J89/K89),"") -> 381 | M89: 46083 | N89: =M89-2 -> 46081 | O89: 46091 | P89: B1326 | Q89: 客唛 | R89: 3/16 OK | X89: 包装物料多备1%，有客供小卡片 | Y89: 2.418 | Z89: =J89*Y89 -> 3685.03 | AA89: =Z89*7.75 -> 28558.98 | AB89: HK92571 | AE89: =IFERROR(VLOOKUP(H89,名称!A:D,4,0),"") -> KIK | AH89: 46044 | AI89: 46027 | AK89: 46027 | AN89: 46020 | AO89: =M89-A89 -> 81 | AP89: =M89-AI89 -> 56
A90: 46002 | B90: =IF(TODAY()>=A90,IF(R90="","未",""),"") | C90: 日本 | D90: TOMY COMPANY, LTD. | E90: Angel | F90: 10116820 | G90: 420251209004900770001 | H90: 995159(E73906) | I90: =IFERROR(VLOOKUP(H90,名称!A:C,2,0),"") -> 马里奥和他的蘑菇 | J90: 1524 | K90: =IFERROR(VLOOKUP(H90,名称!A:D,3,0),"") -> 6 | L90: =IFERROR((J90/K90),"") -> 254 | M90: 46083 | N90: =M90-2 -> 46081 | O90: 46090 | P90: B1326 | Q90: 客唛 | R90: 3/16 OK | X90: 包装物料多备1%，有客供小卡片 | Y90: 1.46 | Z90: =J90*Y90 -> 2225.04 | AA90: =Z90*7.75 -> 17244.06 | AB90: HK92571 | AE90: =IFERROR(VLOOKUP(H90,名称!A:D,4,0),"") -> KIK | AH90: 46044 | AI90: 46027 | AK90: 46027 | AN90: 46020 | AO90: =M90-A90 -> 81 | AP90: =M90-AI90 -> 56
A91: 46002 | B91: =IF(TODAY()>=A91,IF(R91="","未",""),"") | C91: 日本 | D91: TOMY COMPANY, LTD. | E91: Angel | F91: 10116820 | G91: 420251209004900770001 | H91: 995135(E73857) | I91: =IFERROR(VLOOKUP(H91,名称!A:C,2,0),"") -> 管道马里奥 | J91: 1836 | K91: =IFERROR(VLOOKUP(H91,名称!A:D,3,0),"") -> 4 | L91: =IFERROR((J91/K91),"") -> 459 | M91: 46083 | N91: =M91-2 -> 46081 | O91: 46091 | P91: B1326 | Q91: 客唛 | R91: 3/16 OK | X91: 包装物料多备1%，有客供小卡片 | Y91: 3.703 | Z91: =J91*Y91 -> 6798.71 | AA91: =Z91*7.75 -> 52690 | AB91: HK92571 | AE91: =IFERROR(VLOOKUP(H91,名称!A:D,4,0),"") -> KIK | AH91: 46044 | AI91: 46027 | AK91: 46027 | AN91: 46020 | AO91: =M91-A91 -> 81 | AP91: =M91-AI91 -> 56
A92: 45997 | B92: =IF(TODAY()>=A92,IF(R92="","未",""),"") | C92: 比利时 | D92: TOMY UK CO LTD | E92: Gary | F92: 10115934 | G92: 4500031985 | H92: E73857 | I92: =IFERROR(VLOOKUP(H92,名称!A:C,2,0),"") -> 管道马里奥 | J92: =2500-600-600 -> 1300 | K92: =IFERROR(VLOOKUP(H92,名称!A:D,3,0),"") -> 4 | L92: =IFERROR((J92/K92),"") -> 325 | M92: 46092 | N92: =M92-2 -> 46090 | P92: B1326RR02 | Q92: 标准唛+TTT＋欧盟信息 | R92: 3/13 OK | Y92: 3.43 | Z92: =J92*Y92 -> 4459 | AA92: =Z92*7.75 -> 34557.25 | AB92: HK92570 | AE92: =IFERROR(VLOOKUP(H92,名称!A:D,4,0),"") -> KIK | AH92: 46044 | AI92: 46021 | AO92: =M92-A92 -> 95 | AP92: =M92-AI92 -> 71
A93: 45961 | C93: 美国 | D93: TOMY INTERNATIONAL INC. | E93: Toby | F93: 10114215 | G93: 202530370199 | H93: 35802J | I93: =IFERROR(VLOOKUP(H93,名称!A:C,2,0),"") -> 挖土机 | J93: 550 | K93: =IFERROR(VLOOKUP(H93,名称!A:D,3,0),"") -> 2 | L93: =IFERROR((J93/K93),"") -> 275 | M93: 46057 | N93: 46055 | O93: 46057 | P93: A1526RR02 | Q93: 标准唛+TTT | R93: 2/6 OK | T93: 有JD贴纸 | Y93: 11.9 | Z93: =J93*Y93 -> 6545 | AA93: =Z93*7.75 -> 50723.75 | AB93: HK92564 | AE93: =IFERROR(VLOOKUP(H93,名称!A:D,4,0),"") -> KIK | AH93: 46008 | AI93: 45988 | AL93: 45988 | AN93: 45987 | AO93: 96 | AP93: 69
A94: 45961 | B94: =IF(TODAY()>=A94,IF(R94="","未",""),"") | C94: 美国 | D94: TOMY INTERNATIONAL INC. | E94: Toby | F94: 10114215 | G94: 202530370199 | H94: 35802J | I94: =IFERROR(VLOOKUP(H94,名称!A:C,2,0),"") -> 挖土机 | J94: =2500-1600-550 -> 350 | K94: =IFERROR(VLOOKUP(H94,名称!A:D,3,0),"") -> 2 | L94: =IFERROR((J94/K94),"") -> 175 | M94: 46092 | N94: =M94-2 -> 46090 | O94: 46057 | P94: A1526RR02 | Q94: 标准唛+TTT | R94: 2/6 OK | T94: 有JD贴纸 | Y94: 11.9 | Z94: =J94*Y94 -> 4165 | AA94: =Z94*7.75 -> 32278.75 | AB94: HK92575 | AE94: =IFERROR(VLOOKUP(H94,名称!A:D,4,0),"") -> KIK | AH94: 46008 | AI94: 45988 | AL94: 45988 | AN94: 45987 | AO94: =M94-A94 -> 131 | AP94: =M94-AI94 -> 104
A95: 45975 | B95: =IF(TODAY()>=A95,IF(R95="","未",""),"") | C95: 美国 | D95: TOMY INTERNATIONAL INC. | E95: Nancy | F95: 10114974 | G95: 202531670061 | H95: 47711A | I95: =IFERROR(VLOOKUP(H95,名称!A:C,2,0),"") -> 红色铲车 | J95: 4640 | K95: =IFERROR(VLOOKUP(H95,名称!A:D,3,0),"") -> 4 | L95: =IFERROR((J95/K95),"") -> 1160 | M95: 46092 | N95: =M95-2 -> 46090 | O95: 46093 | P95: B1326RR02 | Q95: 标准唛+TTT | R95: 3/10 OK | X95: 用新的吊牌做 | Y95: 3.886 | Z95: =J95*Y95 -> 18031.04 | AA95: =Z95*7.75 -> 139740.56 | AB95: HK92577 | AE95: =IFERROR(VLOOKUP(H95,名称!A:D,4,0),"") -> KIK | AH95: 46062 | AI95: 46038 | AN95: 46029 | AO95: =M95-A95 -> 117 | AP95: =M95-AI95 -> 54
A96: 45975 | B96: =IF(TODAY()>=A96,IF(R96="","未",""),"") | C96: 美国 | D96: TOMY INTERNATIONAL INC. | E96: Nancy | F96: 10114974 | G96: 202531670061 | H96: 47713A | I96: =IFERROR(VLOOKUP(H96,名称!A:C,2,0),"") -> 黄色铲车 | J96: 4760 | K96: =IFERROR(VLOOKUP(H96,名称!A:D,3,0),"") -> 4 | L96: =IFERROR((J96/K96),"") -> 1190 | M96: 46092 | N96: =M96-2 -> 46090 | O96: 46092 | P96: B1326RR02 | Q96: 标准唛+TTT | R96: 3/10 OK | T96: 有JD贴纸 | Y96: 3.816 | Z96: =J96*Y96 -> 18164.16 | AA96: =Z96*7.75 -> 140772.24 | AB96: HK92577 | AE96: =IFERROR(VLOOKUP(H96,名称!A:D,4,0),"") -> KIK | AH96: 46062 | AI96: 46038 | AN96: 46029 | AO96: =M96-A96 -> 117 | AP96: =M96-AI96 -> 54
A97: 45975 | B97: =IF(TODAY()>=A97,IF(R97="","未",""),"") | C97: 美国 | D97: TOMY INTERNATIONAL INC. | E97: Nancy | F97: 10114974 | G97: 202531670061 | H97: 47714A | I97: =IFERROR(VLOOKUP(H97,名称!A:C,2,0),"") -> 绿色铲车 | J97: 4280 | K97: =IFERROR(VLOOKUP(H97,名称!A:D,3,0),"") -> 2 | L97: =IFERROR((J97/K97),"") -> 2140 | M97: 46092 | N97: =M97-2 -> 46090 | O97: 46094 | P97: B1326RR02 | Q97: 标准唛+TTT | R97: 3/10 OK | T97: 有JD贴纸 | Y97: 6.154 | Z97: =J97*Y97 -> 26339.12 | AA97: =Z97*7.75 -> 204128.18 | AB97: HK92577 | AE97: =IFERROR(VLOOKUP(H97,名称!A:D,4,0),"") -> KIK | AH97: 46062 | AI97: 46038 | AN97: 46029 | AO97: =M97-A97 -> 117 | AP97: =M97-AI97 -> 54
A98: 45975 | C98: 美国 | D98: TOMY INTERNATIONAL INC. | E98: Nancy | F98: 10114976 | G98: 202531670068 | H98: 47722A | I98: 农场男孩套装 | J98: 3000 | K98: 4 | L98: 750 | M98: 46113 | N98: 46111 | O98: 46111 | P98: B1326RR02 | Q98: 标准唛+TTT | R98: 3/26 ok | T98: 有JD贴纸 | Y98: 2.994 | Z98: =J98*Y98 -> 8982 | AA98: =Z98*7.75 -> 69610.5 | AB98: HK92589 | AE98: KIK | AH98: 46062 | AI98: 46038 | AJ98: 46059 | AO98: 46029 | AP98: 138 | AQ98: 75
A99: 45975 | C99: 美国 | D99: TOMY INTERNATIONAL INC. | E99: Nancy | F99: 10114976 | G99: 202531670068 | H99: 47723A | I99: 农场女孩套装 | J99: 3000 | K99: 4 | L99: 750 | M99: 46113 | N99: 46111 | O99: 46111 | P99: B1326RR02 | Q99: 标准唛+TTT | R99: 3/26 ok | T99: 有JD贴纸 | Y99: 4.956 | Z99: =J99*Y99 -> 14868 | AA99: =Z99*7.75 -> 115227 | AB99: HK92589 | AE99: KIK | AH99: 46062 | AI99: 46038 | AJ99: 46059 | AO99: 46029 | AP99: 138 | AQ99: 75
A100: 45981 | B100: =IF(TODAY()>=A100,IF(R100="","未",""),"") -> 未 | C100: 美国 | D100: TOMY INTERNATIONAL INC. | E100: Olivia | F100: 10115213 | G100: 202532270054 | H100: E73622AWM | I100: =IFERROR(VLOOKUP(H100,名称!A:C,2,0),"") -> 布鲁伊家族沐浴玩具 | J100: =5000-600 -> 4400 | K100: =IFERROR(VLOOKUP(H100,名称!A:D,3,0),"") -> 2 | L100: =IFERROR((J100/K100),"") -> 2200 | M100: 46043 | N100: =M100-2 -> 46041 | O100: 46044 | P100: L1525RR02 | Q100: 标准唛+TTT | Y100: 2.218 | Z100: =J100*Y100 -> 9759.2 | AA100: =Z100*7.75 -> 75633.8 | AB100: HK92548 | AE100: =IFERROR(VLOOKUP(H100,名称!A:D,4,0),"") -> KIK | AH100: 46022 | AI100: 45995 | AN100: 45994 | AO100: =M100-A100 -> 62 | AP100: =M100-AI100 -> 48
...

Sheet RRM已走货
A1: 接单期 | B1: 提交化学测试 | C1: 国家 | D1: 第三客户名称 | E1: 客跟单 | F1: TOMY PO | G1: CUSTOMER PO | H1: 货号 | I1: 产品名称 | J1: 数量 | K1: 外箱 | L1: 总箱数 | M1: PO走货期 | N1: 验货期 | O1: 实际验货期 | P1: 日期码 | Q1: 箱唛资料 | R1: Spot check | S1: 年报测试 | T1: 客贴纸 | U1: 印尼回复上拉时间 | V1: 印尼回复完成时间 | W1: 箱唛状态 | X1: 备注 | Y1: 单价USD | Z1: 金额USD | AA1: 金额HKD | AB1: 发票号 | AC1: 船期 | AD1: 是否入系统 | AE1: 车间 | AF1: 混装比例 | AG1: 预计物料上印尼时间 | AH1: 物料到印尼时间 | AI1: 包材上料时间 | AJ1: 塑胶件上料时间 | AK1: 纸吉 | AL1: 五金上料时间 | AM1: 贴纸 | AN1: 仓库复来料时间 | AO1: 接单周期 | AP1: 印尼周期
Z2: =J2*Y2 -> 0 | AA2: =Z2*7.75 -> 0
Z3: =J3*Y3 -> 0 | AA3: =Z3*7.75 -> 0
Z4: =J4*Y4 -> 0 | AA4: =Z4*7.75 -> 0
Z5: =J5*Y5 -> 0 | AA5: =Z5*7.75 -> 0
Z6: =J6*Y6 -> 0 | AA6: =Z6*7.75 -> 0
Z7: =J7*Y7 -> 0 | AA7: =Z7*7.75 -> 0
Z8: =J8*Y8 -> 0 | AA8: =Z8*7.75 -> 0
Z9: =J9*Y9 -> 0 | AA9: =Z9*7.75 -> 0
Z10: =J10*Y10 -> 0 | AA10: =Z10*7.75 -> 0
Z11: =J11*Y11 -> 0 | AA11: =Z11*7.75 -> 0
Z12: =J12*Y12 -> 0 | AA12: =Z12*7.75 -> 0 | AO12: =M12-A12 -> 0 | AP12: =M12-AI12 -> 0
I13: 合计 | J13: =SUM(J2:J12) -> 0 | Z13: =SUM(Z2:Z12) -> 0 | AA13: =SUM(AA2:AA12) -> 0

Sheet 取消单
A1: 接单期 | B1: 提交化学测试 | C1: 国家 | D1: 第三客户名称 | E1: 客跟单 | F1: TOMY PO | G1: CUSTOMER PO | H1: 货号 | I1: 产品名称 | J1: 数量 | K1: 外箱 | L1: 总箱数 | M1: PO走货期 | N1: 验货期 | O1: 实际验货期 | P1: 日期码 | Q1: 箱唛资料 | R1: Spot check | S1: 年报测试 | T1: 客贴纸 | U1: 印尼回复上拉时间 | V1: 印尼回复完成时间 | W1: 箱唛状态 | X1: 备注 | Y1: 单价USD | Z1: 金额USD | AA1: 金额HKD | AB1: 发票号 | AC1: 船期 | AD1: 是否入系统 | AE1: 车间 | AF1: 混装比例 | AG1: 预计物料上印尼时间 | AH1: 物料到印尼时间 | AI1: 包材上料时间 | AJ1: 塑胶件上料时间 | AK1: 纸吉 | AL1: PCBA | AM1: 五金 | AN1: 贴纸 | AO1: 仓库复来料时间 | AP1: 接单周期 | AQ1: 印尼周期 | AR1: 取消日期
A2: 45869 | B2: =IF(TODAY()>=A2,IF(R2="","未",""),"") -> 未 | C2: 美国 | D2: TOMY INTERNATIONAL INC. | E2: Olivia | F2: 10108291 | G2: 202520972529 | H2: E73906 | I2: =VLOOKUP(H2,名称!A:C,2,0) -> 马里奥和他的蘑菇 | J2: 3204 | K2: =VLOOKUP(H2,名称!A:D,3,0) -> 6 | L2: =J2/K2 -> 534 | M2: 46050 | N2: =M2-2 -> 46048 | P2: L1525RR02 | Q2: 标准唛+TTT | Y2: 1.422 | Z2: =J2*Y2 -> 4556.09 | AA2: =Z2*7.75 -> 35309.7 | AB2: 46030 | AE2: =VLOOKUP(H2,名称!A:D,4,0) -> KIK | AN2: 46029 | AO2: =M2-A2 -> 181 | AP2: =M2-AI2 -> 46050
A3: 45812 | B3: =IF(TODAY()>=A3,IF(R3="","未",""),"") | C3: 美国 | D3: TOMY INTERNATIONAL INC. | E3: Janice | F3: 10103300 | G3: S250030 | H3: 47674DG | I3: =VLOOKUP(H3,名称!A:C,2,0) -> JD LNS圆轮拖拉机 | J3: 2 | K3: =VLOOKUP(H3,名称!A:D,3,0) -> 2 | L3: =J3/K3 -> 1 | M3: 45812 | N3: =M3-2 -> 45810 | O3: 45812 | P3: 本厂日期码 C1325RR02 客日期码 DOLGEN41228101D25 | Q3: 客箱唛 | R3: 6-5 OK | W3: OK | Z3: =J3*Y3 -> 0 | AA3: =Z3*7.75 -> 0 | AE3: =VLOOKUP(H3,名称!A:D,4,0) -> KIK | AO3: =M3-A3 -> 0 | AP3: =M3-AI3 -> 45812
A4: 45881 | B4: =IF(TODAY()>=A4,IF(R4="","未",""),"") | C4: 美国 | E4: Olivia | F4: 10108952 | G4: 样板单 | H4: E73814C | I4: =VLOOKUP(H4,名称!A:C,2,0) -> 泡泡壶 | J4: 2 | K4: =VLOOKUP(H4,名称!A:D,3,0) -> 4 | L4: =J4/K4 -> 0.5 | M4: 45881 | N4: =M4-2 -> 45879 | O4: 45882 | P4: G1525RR02 | Q4: 标准唛+TTT | R4: 8/12 OK | Y4: 3.243 | Z4: =J4*Y4 -> 6.49 | AA4: =Z4*7.75 -> 50.3 | AE4: =VLOOKUP(H4,名称!A:D,4,0) -> KIK | AI4: 46059 | AO4: =M4-A4 -> 0 | AP4: =M4-AI4 -> -178
A5: 46049 | B5: =IF(TODAY()>=A5,IF(R5="","未",""),"") -> 未 | C5: 英国 | D5: TOMY UK CO LTD | E5: Nancy | F5: 10119985 | G5: 4500032230 | H5: 47723A | I5: =VLOOKUP(H5,名称!A:C,2,0) -> 农场女孩套装 | J5: 1048 | K5: =VLOOKUP(H5,名称!A:D,3,0) -> 4 | L5: =J5/K5 -> 262 | M5: 46176 | N5: =M5-2 -> 46174 | P5: E1526RR02 | Q5: 标准唛+TTT+欧盟信息 | T5: 有JD贴纸 | Y5: 4.857 | Z5: =J5*Y5 -> 5090.14 | AA5: =Z5*7.75 -> 39448.59 | AB5: 46079 | AE5: =VLOOKUP(H5,名称!A:D,4,0) -> KIK | AO5: =M5-A5 -> 127 | AP5: =M5-AI5 -> 46176
A6: 46049 | B6: =IF(TODAY()>=A6,IF(R6="","未",""),"") -> 未 | C6: 英国 | D6: TOMY UK CO LTD | E6: Nancy | F6: 10119985 | G6: 4500032230 | H6: 47722A | I6: =VLOOKUP(H6,名称!A:C,2,0) -> 农场男孩套装 | J6: 1500 | K6: =VLOOKUP(H6,名称!A:D,3,0) -> 4 | L6: =J6/K6 -> 375 | M6: 46148 | N6: =M6-2 -> 46146 | P6: D1526RR02 | Q6: 标准唛+TTT+欧盟信息 | T6: 有JD贴纸 | Y6: 2.934 | Z6: =J6*Y6 -> 4401 | AA6: =Z6*7.75 -> 34107.75 | AB6: 46079 | AE6: =VLOOKUP(H6,名称!A:D,4,0) -> KIK | AO6: =M6-A6 -> 99 | AP6: =M6-AI6 -> 46148
A7: 46049 | B7: =IF(TODAY()>=A7,IF(R7="","未",""),"") -> 未 | C7: 英国 | D7: TOMY UK CO LTD | E7: Nancy | F7: 10119985 | G7: 4500032230 | H7: 47723A | I7: =VLOOKUP(H7,名称!A:C,2,0) -> 农场女孩套装 | J7: 452 | K7: =VLOOKUP(H7,名称!A:D,3,0) -> 4 | L7: =J7/K7 -> 113 | M7: 46148 | N7: =M7-2 -> 46146 | P7: D1526RR02 | Q7: 标准唛+TTT+欧盟信息 | T7: 有JD贴纸 | Y7: 4.857 | Z7: =J7*Y7 -> 2195.36 | AA7: =Z7*7.75 -> 17014.04 | AB7: 46079 | AE7: =VLOOKUP(H7,名称!A:D,4,0) -> KIK | AO7: =M7-A7 -> 99 | AP7: =M7-AI7 -> 46148
A8: 46049 | B8: =IF(TODAY()>=A8,IF(R8="","未",""),"") -> 未 | C8: 英国 | D8: TOMY UK CO LTD | E8: Nancy | F8: 10119985 | G8: 4500032230 | H8: 47722A | I8: =VLOOKUP(H8,名称!A:C,2,0) -> 农场男孩套装 | J8: 900 | K8: =VLOOKUP(H8,名称!A:D,3,0) -> 4 | L8: =J8/K8 -> 225 | M8: 46176 | N8: =M8-2 -> 46174 | P8: E1526RR02 | Q8: 标准唛+TTT+欧盟信息 | T8: 有JD贴纸 | Y8: 2.934 | Z8: =J8*Y8 -> 2640.6 | AA8: =Z8*7.75 -> 20464.65 | AB8: 46079 | AE8: =VLOOKUP(H8,名称!A:D,4,0) -> KIK | AO8: =M8-A8 -> 127 | AP8: =M8-AI8 -> 46176
A9: 46037 | B9: =IF(TODAY()>=A9,IF(R9="","未",""),"") -> 未 | C9: 美国 | D9: TOMY INTERNATIONAL INC. | E9: Olivia | F9: 10119018 | G9: 202601272243 | H9: E73858 | I9: =VLOOKUP(H9,名称!A:C,2,0) -> 浮水马里奥 | J9: 3999 | K9: =VLOOKUP(H9,名称!A:D,3,0) -> 3 | L9: =J9/K9 -> 1333 | M9: 46176 | N9: =M9-2 -> 46174 | P9: E1526RR02 | Q9: 标准唛+TTT | Y9: 3.182 | Z9: =J9*Y9 -> 12724.82 | AA9: =Z9*7.75 -> 98617.36 | AB9: 46098 | AE9: =VLOOKUP(H9,名称!A:D,4,0) -> KIK | AO9: =M9-A9 -> 139 | AP9: =M9-AI9 -> 46176
A10: 46031 | B10: =IF(TODAY()>=A10,IF(R10="","未",""),"") | C10: 荷兰 | D10: SPECTRON BV | E10: Nancy | F10: 10118672 | G10: 56759 | H10: E73622AWM | I10: =VLOOKUP(H10,名称!A:C,2,0) -> 布鲁伊家族沐浴玩具 | J10: =600-600 -> 0 | K10: =VLOOKUP(H10,名称!A:D,3,0) -> 2 | L10: =J10/K10 -> 0 | M10: 46099 | N10: =M10-2 -> 46097 | O10: 46044 | P10: B1326RR02 | Q10: 标准唛+TTT＋欧盟信息 | R10: 3/13 OK | X10: 有特殊贴纸 | Y10: 2.218 | Z10: =J10*Y10 -> 0 | AA10: =Z10*7.75 -> 0 | AB10: 46099 | AE10: =VLOOKUP(H10,名称!A:D,4,0) -> KIK | AH10: 46044 | AI10: 转单 | AO10: =M10-A10 -> 68 | AP10: =M10-AI10 -> #VALUE!
A11: 46031 | B11: =IF(TODAY()>=A11,IF(R11="","未",""),"") | C11: 荷兰 | D11: SPECTRON BV | E11: Nancy | F11: 10118672 | G11: 56759 | H11: E73856 | I11: =VLOOKUP(H11,名称!A:C,2,0) -> 宝箱马里奥 | J11: =480-480 -> 0 | K11: =VLOOKUP(H11,名称!A:D,3,0) -> 4 | L11: =J11/K11 -> 0 | M11: 46099 | N11: =M11-2 -> 46097 | P11: B1326RR02 | Q11: 标准唛+TTT＋欧盟信息 | R11: 3/13 OK | X11: 有特殊贴纸 | Y11: 2.205 | Z11: =J11*Y11 -> 0 | AA11: =Z11*7.75 -> 0 | AB11: 46099 | AE11: =VLOOKUP(H11,名称!A:D,4,0) -> KIK | AH11: 46044 | AI11: 转单 | AO11: =M11-A11 -> 68 | AP11: =M11-AI11 -> #VALUE!
A12: 46031 | B12: =IF(TODAY()>=A12,IF(R12="","未",""),"") | C12: 荷兰 | D12: SPECTRON BV | E12: Nancy | F12: 10118672 | G12: 56759 | H12: E73857 | I12: =VLOOKUP(H12,名称!A:C,2,0) -> 管道马里奥 | J12: =600-600 -> 0 | K12: =VLOOKUP(H12,名称!A:D,3,0) -> 4 | L12: =J12/K12 -> 0 | M12: 46099 | N12: =M12-2 -> 46097 | P12: B1326RR02 | Q12: 标准唛+TTT＋欧盟信息 | R12: 3/13 OK | X12: 有特殊贴纸 | Y12: 3.43 | Z12: =J12*Y12 -> 0 | AA12: =Z12*7.75 -> 0 | AB12: 46099 | AE12: =VLOOKUP(H12,名称!A:D,4,0) -> KIK | AH12: 46044 | AI12: 转单 | AO12: =M12-A12 -> 68 | AP12: =M12-AI12 -> #VALUE!
A13: 46031 | B13: =IF(TODAY()>=A13,IF(R13="","未",""),"") | C13: 荷兰 | D13: SPECTRON BV | E13: Nancy | F13: 10118672 | G13: 56759 | H13: E73906 | I13: =VLOOKUP(H13,名称!A:C,2,0) -> 马里奥和他的蘑菇 | J13: =480-480 -> 0 | K13: =VLOOKUP(H13,名称!A:D,3,0) -> 6 | L13: =J13/K13 -> 0 | M13: 46099 | N13: =M13-2 -> 46097 | P13: B1326RR02 | Q13: 标准唛+TTT＋欧盟信息 | R13: 3/13 OK | X13: 有特殊贴纸 | Y13: 1.451 | Z13: =J13*Y13 -> 0 | AA13: =Z13*7.75 -> 0 | AB13: 46099 | AE13: =VLOOKUP(H13,名称!A:D,4,0) -> KIK | AH13: 46044 | AI13: 转单 | AO13: =M13-A13 -> 68 | AP13: =M13-AI13 -> #VALUE!
A14: 46031 | B14: =IF(TODAY()>=A14,IF(R14="","未",""),"") | C14: 荷兰 | D14: SPECTRON BV | E14: Nancy | F14: 10118672 | G14: 56759 | H14: E73855A1 | I14: =VLOOKUP(H14,名称!A:C,2,0) -> 马里奥能量蘑菇吸塑混装 | J14: =600-600 -> 0 | K14: =VLOOKUP(H14,名称!A:D,3,0) -> 6 | L14: =J14/K14 -> 0 | M14: 46099 | N14: =M14-2 -> 46097 | P14: B1326RR02 | Q14: 标准唛+TTT＋欧盟信息 | R14: 3/13 OK | X14: 有特殊贴纸 | Y14: 1.377 | Z14: =J14*Y14 -> 0 | AA14: =Z14*7.75 -> 0 | AB14: 46099 | AE14: =VLOOKUP(H14,名称!A:D,4,0) -> KIK | AH14: 46044 | AI14: 转单 | AO14: =M14-A14 -> 68 | AP14: =M14-AI14 -> #VALUE!
A15: 46031 | B15: =IF(TODAY()>=A15,IF(R15="","未",""),"") | C15: 荷兰 | D15: SPECTRON BV | E15: Nancy | F15: 10118672 | G15: 56759 | H15: E73956A1 | I15: =VLOOKUP(H15,名称!A:C,2,0) -> 马里奥能量蘑菇密封盒混装 | J15: =1200-1200 -> 0 | K15: =VLOOKUP(H15,名称!A:D,3,0) -> 6 | L15: =J15/K15 -> 0 | M15: 46099 | N15: =M15-2 -> 46097 | P15: B1326RR02 | Q15: 标准唛+TTT＋欧盟信息 | R15: 3/13 OK | X15: 有特殊贴纸 | Y15: 2.398 | Z15: =J15*Y15 -> 0 | AA15: =Z15*7.75 -> 0 | AB15: 46099 | AE15: =VLOOKUP(H15,名称!A:D,4,0) -> KIK | AH15: 46044 | AI15: 转单 | AO15: =M15-A15 -> 68 | AP15: =M15-AI15 -> #VALUE!
A16: 45987 | B16: =IF(TODAY()>=A16,IF(R16="","未",""),"") | C16: 美国 | D16: TOMY INTERNATIONAL INC. | E16: Olivia | F16: 10115579 | G16: 202532872357 | H16: E73907US | I16: =VLOOKUP(H16,名称!A:C,2,0) -> 能量蘑菇 | J16: 1800 | K16: =VLOOKUP(H16,名称!A:D,3,0) -> 6 | L16: =J16/K16 -> 300 | M16: 46092 | N16: =M16-2 -> 46090 | O16: 46094 | P16: L1525RR02 | Q16: 标准唛+TTT | R16: 12/30 OK | X16: 需要用新的花朵，旧款不可用,不需要笑脸说明书， | Y16: 1.304 | Z16: =J16*Y16 -> 2347.2 | AA16: =Z16*7.75 -> 18190.8 | AB16: 46099 | AE16: =VLOOKUP(H16,名称!A:D,4,0) -> KIK | AH16: 46045 | AI16: 46010 | AN16: 46006 | AO16: =M16-A16 -> 105 | AP16: =M16-AI16 -> 82
A17: 46099 | B17: =IF(TODAY()>=A17,IF(R17="","未",""),"") -> 未 | C17: 美国 | D17: TRACTOR SUPPLY CO. | E17: Janice | F17: 1012266 | G17: 1042269828 | H17: 47714ATSC | I17: =VLOOKUP(H17,名称!A:C,2,0) -> 绿色铲车 | J17: 90 | K17: =VLOOKUP(H17,名称!A:D,3,0) -> 2 | L17: =J17/K17 -> 45 | M17: 46218 | N17: =M17-2 -> 46216 | P17: F1526RR02 | Q17: 待定+TTT | T17: 有JD贴纸 | Y17: 5.97 | Z17: =J17*Y17 -> 537.3 | AA17: =Z17*7.75 -> 4164.08 | AE17: =VLOOKUP(H17,名称!A:D,4,0) -> KIK | AO17: =M17-A17 -> 119 | AP17: =M17-AI17 -> 46218
A18: 46099 | B18: =IF(TODAY()>=A18,IF(R18="","未",""),"") -> 未 | C18: 美国 | D18: TRACTOR SUPPLY CO. | E18: Janice | F18: 1012266 | G18: 1042269828 | H18: 47674TSCA | I18: =VLOOKUP(H18,名称!A:C,2,0) -> JD LNS圆轮拖拉机 | J18: 658 | K18: =VLOOKUP(H18,名称!A:D,3,0) -> 2 | L18: =J18/K18 -> 329 | M18: 46218 | N18: =M18-2 -> 46216 | P18: F1526RR02 | Q18: 待定+TTT | T18: 有JD贴纸 | Y18: 5.225 | Z18: =J18*Y18 -> 3438.05 | AA18: =Z18*7.75 -> 26644.89 | AE18: =VLOOKUP(H18,名称!A:D,4,0) -> KIK | AO18: =M18-A18 -> 119 | AP18: =M18-AI18 -> 46218
A19: 46099 | B19: =IF(TODAY()>=A19,IF(R19="","未",""),"") -> 未 | C19: 美国 | D19: TRACTOR SUPPLY CO. | E19: Janice | F19: 1012266 | G19: 1042269828 | H19: 47669TSCA | I19: =VLOOKUP(H19,名称!A:C,2,0) -> 动物车 | J19: 740 | K19: =VLOOKUP(H19,名称!A:D,3,0) -> 4 | L19: =J19/K19 -> 185 | M19: 46218 | N19: =M19-2 -> 46216 | P19: F1526RR02 | Q19: 待定+TTT | T19: 有JD贴纸 | Y19: 4.808 | Z19: =J19*Y19 -> 3557.92 | AA19: =Z19*7.75 -> 27573.88 | AE19: =VLOOKUP(H19,名称!A:D,4,0) -> KIK | AO19: =M19-A19 -> 119 | AP19: =M19-AI19 -> 46218
A20: 46058 | B20: 未 | F20: MA | H20: 47669TSCA | I20: 动物车 | J20: 20056 | K20: 4 | L20: 5014 | M20: 46162 | N20: 46160 | T20: 有JD贴纸 | Y20: 0 | Z20: 0 | AA20: 0 | AE20: 印尼 | AO20: 104 | AP20: 46162
A21: 46077 | B21: 未 | F21: MA | H21: 47674TSCA | I21: JD LNS圆轮拖拉机 | J21: 12904 | K21: 2 | L21: 6452 | M21: 46162 | N21: 46160 | T21: 有JD贴纸 | Y21: 0 | Z21: 0 | AA21: 0 | AE21: 印尼 | AO21: 85 | AP21: 46162
A22: 46084 | B22: 未 | F22: MA | H22: 47714A | I22: 绿色铲车 | J22: 3954 | K22: 2 | L22: 1977 | T22: 有JD贴纸 | Y22: 0 | Z22: 0 | AA22: 0 | AE22: 印尼 | AO22: -46084 | AP22: 0
A23: 46097 | B23: =IF(TODAY()>=A23,IF(R23="","未",""),"") -> 未 | C23: 美国 | D23: TOMY COMPANY, LTD. (TKY-US) | F23: MPO | G23: 202607170051 | H23: 47367J | I23: =VLOOKUP(H23,名称!A:C,2,0) -> 1:16拖车厢 | J23: =560-560 -> 0 | K23: =VLOOKUP(H23,名称!A:D,3,0) -> 2 | L23: =J23/K23 -> 0 | M23: 46176 | N23: =M23-2 -> 46174 | P23: E1526RR02 | Q23: 标准唛+TTT | Y23: 22.9 | Z23: =J23*Y23 -> 0 | AA23: =Z23*7.75 -> 0 | AE23: =VLOOKUP(H23,名称!A:D,4,0) -> KIK | AO23: =M23-A23 -> 79 | AP23: =M23-AI23 -> 46176
A24: 46097 | B24: =IF(TODAY()>=A24,IF(R24="","未",""),"") -> 未 | C24: 美国 | D24: TOMY COMPANY, LTD. (TKY-US) | F24: MPO | G24: 202607170051 | H24: 47722A | I24: =VLOOKUP(H24,名称!A:C,2,0) -> 农场男孩套装 | J24: =420-420 -> 0 | K24: =VLOOKUP(H24,名称!A:D,3,0) -> 4 | L24: =J24/K24 -> 0 | M24: 46176 | N24: =M24-2 -> 46174 | P24: E1526RR02 | Q24: 标准唛+TTT | T24: 有JD贴纸 | Y24: 2.994 | Z24: =J24*Y24 -> 0 | AA24: =Z24*7.75 -> 0 | AE24: =VLOOKUP(H24,名称!A:D,4,0) -> KIK | AO24: =M24-A24 -> 79 | AP24: =M24-AI24 -> 46176
A25: 46097 | B25: =IF(TODAY()>=A25,IF(R25="","未",""),"") -> 未 | C25: 美国 | D25: TOMY COMPANY, LTD. (TKY-US) | F25: MPO | G25: 202607170051 | H25: 47723A | I25: =VLOOKUP(H25,名称!A:C,2,0) -> 农场女孩套装 | J25: =380-380 -> 0 | K25: =VLOOKUP(H25,名称!A:D,3,0) -> 4 | L25: =J25/K25 -> 0 | M25: 46176 | N25: =M25-2 -> 46174 | P25: E1526RR02 | Q25: 标准唛+TTT | T25: 有JD贴纸 | Y25: 4.956 | Z25: =J25*Y25 -> 0 | AA25: =Z25*7.75 -> 0 | AE25: =VLOOKUP(H25,名称!A:D,4,0) -> KIK | AO25: =M25-A25 -> 79 | AP25: =M25-AI25 -> 46176
A26: 46097 | B26: =IF(TODAY()>=A26,IF(R26="","未",""),"") -> 未 | C26: 美国 | D26: TOMY COMPANY, LTD. (TKY-US) | F26: MPO | G26: 202607170051 | H26: 47391J | I26: =VLOOKUP(H26,名称!A:C,2,0) -> 1:16收割机 | J26: =100-100 -> 0 | K26: =VLOOKUP(H26,名称!A:D,3,0) -> 1 | L26: =J26/K26 -> 0 | M26: 46176 | N26: =M26-2 -> 46174 | P26: E1526RR02 | Q26: 标准唛+TTT | Y26: 31.4 | Z26: =J26*Y26 -> 0 | AA26: =Z26*7.75 -> 0 | AE26: =VLOOKUP(H26,名称!A:D,4,0) -> KIK | AO26: =M26-A26 -> 79 | AP26: =M26-AI26 -> 46176
A27: 46097 | B27: =IF(TODAY()>=A27,IF(R27="","未",""),"") -> 未 | C27: 美国 | D27: TOMY COMPANY, LTD. (TKY-US) | F27: MPO | G27: 202607170051 | H27: 46720J | I27: =VLOOKUP(H27,名称!A:C,2,0) -> 木材运输车 | J27: =240-240 -> 0 | K27: =VLOOKUP(H27,名称!A:D,3,0) -> 4 | L27: =J27/K27 -> 0 | M27: 46176 | N27: =M27-2 -> 46174 | P27: E1526RR02 | Q27: 标准唛+TTT | Y27: 21.801 | Z27: =J27*Y27 -> 0 | AA27: =Z27*7.75 -> 0 | AE27: =VLOOKUP(H27,名称!A:D,4,0) -> KIK | AO27: =M27-A27 -> 79 | AP27: =M27-AI27 -> 46176
A28: 46097 | B28: =IF(TODAY()>=A28,IF(R28="","未",""),"") -> 未 | C28: 美国 | D28: TOMY COMPANY, LTD. (TKY-US) | F28: MPO | G28: 202607170051 | H28: 47101J | I28: =VLOOKUP(H28,名称!A:C,2,0) -> 1:16收割机 | J28: =265-265 -> 0 | K28: =VLOOKUP(H28,名称!A:D,3,0) -> 1 | L28: =J28/K28 -> 0 | M28: 46176 | N28: =M28-2 -> 46174 | P28: E1526RR02 | Q28: 标准唛+TTT | Y28: 29.652 | Z28: =J28*Y28 -> 0 | AA28: =Z28*7.75 -> 0 | AE28: =VLOOKUP(H28,名称!A:D,4,0) -> KIK | AO28: =M28-A28 -> 79 | AP28: =M28-AI28 -> 46176
A29: 46097 | B29: =IF(TODAY()>=A29,IF(R29="","未",""),"") -> 未 | C29: 美国 | D29: TOMY COMPANY, LTD. (TKY-US) | F29: MPO | G29: 202607170051 | H29: 47712A | I29: =VLOOKUP(H29,名称!A:C,2,0) -> 绿色拖拉机 | J29: =200-200 -> 0 | K29: =VLOOKUP(H29,名称!A:D,3,0) -> 2 | L29: =J29/K29 -> 0 | M29: 46176 | N29: =M29-2 -> 46174 | P29: E1526RR02 | Q29: 标准唛+TTT | T29: 有JD贴纸 | Y29: 21.246 | Z29: =J29*Y29 -> 0 | AA29: =Z29*7.75 -> 0 | AE29: =VLOOKUP(H29,名称!A:D,4,0) -> KIK | AO29: =M29-A29 -> 79 | AP29: =M29-AI29 -> 46176
A30: 46097 | B30: =IF(TODAY()>=A30,IF(R30="","未",""),"") -> 未 | C30: 美国 | D30: TOMY COMPANY, LTD. (TKY-US) | F30: MPO | G30: 202607170051 | H30: 47714A | I30: =VLOOKUP(H30,名称!A:C,2,0) -> 绿色铲车 | J30: =380-380 -> 0 | K30: =VLOOKUP(H30,名称!A:D,3,0) -> 2 | L30: =J30/K30 -> 0 | M30: 46176 | N30: =M30-2 -> 46174 | P30: E1526RR02 | Q30: 标准唛+TTT | T30: 有JD贴纸 | Y30: 5.97 | Z30: =J30*Y30 -> 0 | AA30: =Z30*7.75 -> 0 | AE30: =VLOOKUP(H30,名称!A:D,4,0) -> KIK | AO30: =M30-A30 -> 79 | AP30: =M30-AI30 -> 46176
A31: 46097 | B31: =IF(TODAY()>=A31,IF(R31="","未",""),"") -> 未 | C31: 美国 | D31: TOMY COMPANY, LTD. (TKY-US) | F31: MPO | G31: 202607170051 | H31: 47600J | I31: =VLOOKUP(H31,名称!A:C,2,0) -> 1:16货柜车 | J31: =300-300 -> 0 | K31: =VLOOKUP(H31,名称!A:D,3,0) -> 2 | L31: =J31/K31 -> 0 | M31: 46176 | N31: =M31-2 -> 46174 | P31: E1526RR02 | Q31: 标准唛+TTT | Y31: 30.536 | Z31: =J31*Y31 -> 0 | AA31: =Z31*7.75 -> 0 | AE31: =VLOOKUP(H31,名称!A:D,4,0) -> KIK | AO31: =M31-A31 -> 79 | AP31: =M31-AI31 -> 46176
A32: 46097 | B32: =IF(TODAY()>=A32,IF(R32="","未",""),"") -> 未 | C32: 美国 | D32: TOMY COMPANY, LTD. (TKY-US) | F32: MPO | G32: 202607170051 | H32: 47669 | I32: =VLOOKUP(H32,名称!A:C,2,0) -> 动物车 | J32: =500-500 -> 0 | K32: =VLOOKUP(H32,名称!A:D,3,0) -> 4 | L32: =J32/K32 -> 0 | M32: 46176 | N32: =M32-2 -> 46174 | P32: E1526RR02 | Q32: 标准唛+TTT | T32: 有JD贴纸 | Y32: 4.808 | Z32: =J32*Y32 -> 0 | AA32: =Z32*7.75 -> 0 | AE32: =VLOOKUP(H32,名称!A:D,4,0) -> KIK | AO32: =M32-A32 -> 79 | AP32: =M32-AI32 -> 46176
A33: 46097 | B33: =IF(TODAY()>=A33,IF(R33="","未",""),"") -> 未 | C33: 美国 | D33: TOMY COMPANY, LTD. (TKY-US) | F33: MPO | G33: 202607170051 | H33: 47674A | I33: =VLOOKUP(H33,名称!A:C,2,0) -> JD LNS圆轮拖拉机 | J33: =600-600 -> 0 | K33: =VLOOKUP(H33,名称!A:D,3,0) -> 2 | L33: =J33/K33 -> 0 | M33: 46176 | N33: =M33-2 -> 46174 | P33: E1526RR02 | Q33: 标准唛+TTT | T33: 有JD贴纸 | Y33: 5.225 | Z33: =J33*Y33 -> 0 | AA33: =Z33*7.75 -> 0 | AE33: =VLOOKUP(H33,名称!A:D,4,0) -> KIK | AO33: =M33-A33 -> 79 | AP33: =M33-AI33 -> 46176
A34: 46097 | B34: =IF(TODAY()>=A34,IF(R34="","未",""),"") -> 未 | C34: 美国 | D34: TOMY COMPANY, LTD. (TKY-US) | F34: MPO | G34: 202607170051 | H34: 47711A | I34: =VLOOKUP(H34,名称!A:C,2,0) -> 红色铲车 | J34: =320-320 -> 0 | K34: =VLOOKUP(H34,名称!A:D,3,0) -> 4 | L34: =J34/K34 -> 0 | M34: 46176 | N34: =M34-2 -> 46174 | P34: E1526RR02 | Q34: 标准唛+TTT | Y34: 3.886 | Z34: =J34*Y34 -> 0 | AA34: =Z34*7.75 -> 0 | AE34: =VLOOKUP(H34,名称!A:D,4,0) -> KIK | AO34: =M34-A34 -> 79 | AP34: =M34-AI34 -> 46176
A35: 46097 | B35: =IF(TODAY()>=A35,IF(R35="","未",""),"") -> 未 | C35: 美国 | D35: TOMY COMPANY, LTD. (TKY-US) | F35: MPO | G35: 202607170051 | H35: 47713A | I35: =VLOOKUP(H35,名称!A:C,2,0) -> 黄色铲车 | J35: =320-320 -> 0 | K35: =VLOOKUP(H35,名称!A:D,3,0) -> 4 | L35: =J35/K35 -> 0 | M35: 46176 | N35: =M35-2 -> 46174 | P35: E1526RR02 | Q35: 标准唛+TTT | T35: 有JD贴纸 | Y35: 3.816 | Z35: =J35*Y35 -> 0 | AA35: =Z35*7.75 -> 0 | AE35: =VLOOKUP(H35,名称!A:D,4,0) -> KIK | AO35: =M35-A35 -> 79 | AP35: =M35-AI35 -> 46176
A36: 46097 | B36: =IF(TODAY()>=A36,IF(R36="","未",""),"") -> 未 | C36: 美国 | D36: TOMY COMPANY, LTD. (TKY-US) | F36: MPO | G36: 202607170051 | H36: 47716A | I36: =VLOOKUP(H36,名称!A:C,2,0) -> 滑板拖车 | J36: =540-540 -> 0 | K36: =VLOOKUP(H36,名称!A:D,3,0) -> 4 | L36: =J36/K36 -> 0 | M36: 46176 | N36: =M36-2 -> 46174 | P36: E1526RR02 | Q36: 标准唛+TTT | T36: 有JD贴纸 | Y36: 16.71 | Z36: =J36*Y36 -> 0 | AA36: =Z36*7.75 -> 0 | AE36: =VLOOKUP(H36,名称!A:D,4,0) -> KIK | AO36: =M36-A36 -> 79 | AP36: =M36-AI36 -> 46176
A37: 46099 | B37: =IF(TODAY()>=A37,IF(R37="","未",""),"") -> 未 | C37: 美国 | D37: TOMY COMPANY, LTD. (TKY-US) | F37: MPO | G37: 202607270046 | H37: 46720J | I37: =IFERROR(VLOOKUP(H37,名称!A:C,2,0),"") -> 木材运输车 | J37: =624-52-48-88-64-36-132-68-40-44-24-28 -> 0 | K37: =IFERROR(VLOOKUP(H37,名称!A:D,3,0),"") -> 4 | L37: =IFERROR((J37/K37),"") -> 0 | M37: 46176 | N37: =M37-2 -> 46174 | P37: E1526RR02 | Q37: 标准唛+TTT | Y37: 21.801 | Z37: =J37*Y37 -> 0 | AA37: =Z37*7.75 -> 0 | AE37: =IFERROR(VLOOKUP(H37,名称!A:D,4,0),"") -> KIK | AO37: =M37-A37 -> 77 | AP37: =M37-AI37 -> 46176
A38: 46099 | B38: =IF(TODAY()>=A38,IF(R38="","未",""),"") -> 未 | C38: 美国 | D38: TOMY COMPANY, LTD. (TKY-US) | F38: MPO | G38: 202607270046 | H38: 47101J | I38: =IFERROR(VLOOKUP(H38,名称!A:C,2,0),"") -> 1:16收割机 | J38: =5301-547-547-547-547-547-547-547-547-220-100-90-36-128-102-70-75-4-100 -> 0 | K38: =IFERROR(VLOOKUP(H38,名称!A:D,3,0),"") -> 1 | L38: =IFERROR((J38/K38),"") -> 0 | M38: 46176 | N38: =M38-2 -> 46174 | P38: E1526RR02 | Q38: 标准唛+TTT | Y38: 29.652 | Z38: =J38*Y38 -> 0 | AA38: =Z38*7.75 -> 0 | AE38: =IFERROR(VLOOKUP(H38,名称!A:D,4,0),"") -> KIK | AO38: =M38-A38 -> 77 | AP38: =M38-AI38 -> 46176
A39: 46099 | B39: =IF(TODAY()>=A39,IF(R39="","未",""),"") -> 未 | C39: 美国 | D39: TOMY COMPANY, LTD. (TKY-US) | F39: MPO | G39: 202607270046 | H39: 47367J | I39: =IFERROR(VLOOKUP(H39,名称!A:C,2,0),"") -> 1:16拖车厢 | J39: =1402-150-200-60-62-54-40-98-54-56-160-70-108-36-64-74-116 -> 0 | K39: =IFERROR(VLOOKUP(H39,名称!A:D,3,0),"") -> 2 | L39: =IFERROR((J39/K39),"") -> 0 | M39: 46176 | N39: =M39-2 -> 46174 | P39: E1526RR02 | Q39: 标准唛+TTT | Y39: 22.9 | Z39: =J39*Y39 -> 0 | AA39: =Z39*7.75 -> 0 | AE39: =IFERROR(VLOOKUP(H39,名称!A:D,4,0),"") -> KIK | AO39: =M39-A39 -> 77 | AP39: =M39-AI39 -> 46176
A40: 46099 | B40: =IF(TODAY()>=A40,IF(R40="","未",""),"") -> 未 | C40: 美国 | D40: TOMY COMPANY, LTD. (TKY-US) | F40: MPO | G40: 202607270046 | H40: 47391J | I40: =IFERROR(VLOOKUP(H40,名称!A:C,2,0),"") -> 1:16收割机 | J40: =118-60-34-24 -> 0 | K40: =IFERROR(VLOOKUP(H40,名称!A:D,3,0),"") -> 1 | L40: =IFERROR((J40/K40),"") -> 0 | M40: 46176 | N40: =M40-2 -> 46174 | P40: E1526RR02 | Q40: 标准唛+TTT | Y40: 31.4 | Z40: =J40*Y40 -> 0 | AA40: =Z40*7.75 -> 0 | AE40: =IFERROR(VLOOKUP(H40,名称!A:D,4,0),"") -> KIK | AO40: =M40-A40 -> 77 | AP40: =M40-AI40 -> 46176
A41: 46099 | B41: =IF(TODAY()>=A41,IF(R41="","未",""),"") -> 未 | C41: 美国 | D41: TOMY COMPANY, LTD. (TKY-US) | F41: MPO | G41: 202607270046 | H41: 47600J | I41: =IFERROR(VLOOKUP(H41,名称!A:C,2,0),"") -> 1:16货柜车 | J41: =732-20-40-80-54-36-180-44-94-26-32-48-78 -> 0 | K41: =IFERROR(VLOOKUP(H41,名称!A:D,3,0),"") -> 2 | L41: =IFERROR((J41/K41),"") -> 0 | M41: 46176 | N41: =M41-2 -> 46174 | P41: E1526RR02 | Q41: 标准唛+TTT | Y41: 30.536 | Z41: =J41*Y41 -> 0 | AA41: =Z41*7.75 -> 0 | AE41: =IFERROR(VLOOKUP(H41,名称!A:D,4,0),"") -> KIK | AO41: =M41-A41 -> 77 | AP41: =M41-AI41 -> 46176
A42: 46099 | B42: =IF(TODAY()>=A42,IF(R42="","未",""),"") -> 未 | C42: 美国 | D42: TOMY COMPANY, LTD. (TKY-US) | F42: MPO | G42: 202607270046 | H42: 47669 | I42: =IFERROR(VLOOKUP(H42,名称!A:C,2,0),"") -> 动物车 | J42: =2024-344-412-160-92-160-80-60-312-100-80-36-64-124 -> 0 | K42: =IFERROR(VLOOKUP(H42,名称!A:D,3,0),"") -> 4 | L42: =IFERROR((J42/K42),"") -> 0 | M42: 46176 | N42: =M42-2 -> 46174 | P42: E1526RR02 | Q42: 标准唛+TTT | T42: 有JD贴纸 | Y42: 4.808 | Z42: =J42*Y42 -> 0 | AA42: =Z42*7.75 -> 0 | AE42: =IFERROR(VLOOKUP(H42,名称!A:D,4,0),"") -> KIK | AI42: 46115 | AO42: =M42-A42 -> 77 | AP42: =M42-AI42 -> 61
A43: 46099 | B43: =IF(TODAY()>=A43,IF(R43="","未",""),"") -> 未 | C43: 美国 | D43: TOMY COMPANY, LTD. (TKY-US) | F43: MPO | G43: 202607270046 | H43: 47674A | I43: =IFERROR(VLOOKUP(H43,名称!A:C,2,0),"") -> JD LNS圆轮拖拉机 | J43: =1542-300-188-44-296-244-354-50-66 -> 0 | K43: =IFERROR(VLOOKUP(H43,名称!A:D,3,0),"") -> 2 | L43: =IFERROR((J43/K43),"") -> 0 | M43: 46176 | N43: =M43-2 -> 46174 | P43: E1526RR02 | Q43: 标准唛+TTT | T43: 有JD贴纸 | Y43: 5.225 | Z43: =J43*Y43 -> 0 | AA43: =Z43*7.75 -> 0 | AE43: =IFERROR(VLOOKUP(H43,名称!A:D,4,0),"") -> KIK | AI43: 46115 | AO43: =M43-A43 -> 77 | AP43: =M43-AI43 -> 61
A44: 46099 | B44: =IF(TODAY()>=A44,IF(R44="","未",""),"") -> 未 | C44: 美国 | D44: TOMY COMPANY, LTD. (TKY-US) | F44: MPO | G44: 202607270046 | H44: 47711A | I44: =IFERROR(VLOOKUP(H44,名称!A:C,2,0),"") -> 红色铲车 | J44: =1620-280-336-100-204-80-104-188-64-104-80-80 -> 0 | K44: =IFERROR(VLOOKUP(H44,名称!A:D,3,0),"") -> 4 | L44: =IFERROR((J44/K44),"") -> 0 | M44: 46176 | N44: =M44-2 -> 46174 | P44: E1526RR02 | Q44: 标准唛+TTT | Y44: 3.886 | Z44: =J44*Y44 -> 0 | AA44: =Z44*7.75 -> 0 | AE44: =IFERROR(VLOOKUP(H44,名称!A:D,4,0),"") -> KIK | AO44: =M44-A44 -> 77 | AP44: =M44-AI44 -> 46176
A45: 46099 | B45: =IF(TODAY()>=A45,IF(R45="","未",""),"") -> 未 | C45: 美国 | D45: TOMY COMPANY, LTD. (TKY-US) | F45: MPO | G45: 202607270046 | H45: 47713A | I45: =IFERROR(VLOOKUP(H45,名称!A:C,2,0),"") -> 黄色铲车 | J45: =3216-120-120-308-320-116-300-252-148-328-600-64-260-200-80 -> 0 | K45: =IFERROR(VLOOKUP(H45,名称!A:D,3,0),"") -> 4 | L45: =IFERROR((J45/K45),"") -> 0 | M45: 46176 | N45: =M45-2 -> 46174 | P45: E1526RR02 | Q45: 标准唛+TTT | T45: 有JD贴纸 | Y45: 3.816 | Z45: =J45*Y45 -> 0 | AA45: =Z45*7.75 -> 0 | AE45: =IFERROR(VLOOKUP(H45,名称!A:D,4,0),"") -> KIK | AO45: =M45-A45 -> 77 | AP45: =M45-AI45 -> 46176
A46: 46099 | B46: =IF(TODAY()>=A46,IF(R46="","未",""),"") -> 未 | C46: 美国 | D46: TOMY COMPANY, LTD. (TKY-US) | F46: MPO | G46: 202607270046 | H46: 47714A | I46: =IFERROR(VLOOKUP(H46,名称!A:C,2,0),"") -> 绿色铲车 | J46: =15830-3700-4360-2616-1744-700-210-864-144-300-252-148-144-576-72 -> 0 | K46: =IFERROR(VLOOKUP(H46,名称!A:D,3,0),"") -> 2 | L46: =IFERROR((J46/K46),"") -> 0 | M46: 46176 | N46: =M46-2 -> 46174 | P46: E1526RR02 | Q46: 标准唛+TTT | T46: 有JD贴纸 | Y46: 5.97 | Z46: =J46*Y46 -> 0 | AA46: =Z46*7.75 -> 0 | AE46: =IFERROR(VLOOKUP(H46,名称!A:D,4,0),"") -> KIK | AO46: =M46-A46 -> 77 | AP46: =M46-AI46 -> 46176
A47: 46099 | B47: =IF(TODAY()>=A47,IF(R47="","未",""),"") -> 未 | C47: 美国 | D47: TOMY COMPANY, LTD. (TKY-US) | F47: MPO | G47: 202607270046 | H47: 47716A | I47: =IFERROR(VLOOKUP(H47,名称!A:C,2,0),"") -> 滑板拖车 | J47: =1180-100-60-96-80-96-68-36-112-224-36-156-116 -> 0 | K47: =IFERROR(VLOOKUP(H47,名称!A:D,3,0),"") -> 4 | L47: =IFERROR((J47/K47),"") -> 0 | M47: 46176 | N47: =M47-2 -> 46174 | P47: E1526RR02 | Q47: 标准唛+TTT | T47: 有JD贴纸 | Y47: 16.71 | Z47: =J47*Y47 -> 0 | AA47: =Z47*7.75 -> 0 | AE47: =IFERROR(VLOOKUP(H47,名称!A:D,4,0),"") -> KIK | AO47: =M47-A47 -> 77 | AP47: =M47-AI47 -> 46176
A48: 46099 | B48: =IF(TODAY()>=A48,IF(R48="","未",""),"") -> 未 | C48: 美国 | D48: TOMY COMPANY, LTD. (TKY-US) | F48: MPO | G48: 202607270046 | H48: 47722A | I48: =IFERROR(VLOOKUP(H48,名称!A:C,2,0),"") -> 农场男孩套装 | J48: =1776-360-432-200-100-112-96-88-100-80-36-44-16-112 -> 0 | K48: =IFERROR(VLOOKUP(H48,名称!A:D,3,0),"") -> 4 | L48: =IFERROR((J48/K48),"") -> 0 | M48: 46176 | N48: =M48-2 -> 46174 | P48: E1526RR02 | Q48: 标准唛+TTT | T48: 有JD贴纸 | Y48: 2.994 | Z48: =J48*Y48 -> 0 | AA48: =Z48*7.75 -> 0 | AE48: =IFERROR(VLOOKUP(H48,名称!A:D,4,0),"") -> KIK | AO48: =M48-A48 -> 77 | AP48: =M48-AI48 -> 46176
A49: 46099 | B49: =IF(TODAY()>=A49,IF(R49="","未",""),"") -> 未 | C49: 美国 | D49: TOMY COMPANY, LTD. (TKY-US) | F49: MPO | G49: 202607270046 | H49: 47723A | I49: =IFERROR(VLOOKUP(H49,名称!A:C,2,0),"") -> 农场女孩套装 | J49: =1320-648-144-112-96-88-100-80-36-16 -> 0 | K49: =IFERROR(VLOOKUP(H49,名称!A:D,3,0),"") -> 4 | L49: =IFERROR((J49/K49),"") -> 0 | M49: 46176 | N49: =M49-2 -> 46174 | P49: E1526RR02 | Q49: 标准唛+TTT | T49: 有JD贴纸 | Y49: 4.956 | Z49: =J49*Y49 -> 0 | AA49: =Z49*7.75 -> 0 | AE49: =IFERROR(VLOOKUP(H49,名称!A:D,4,0),"") -> KIK | AO49: =M49-A49 -> 77 | AP49: =M49-AI49 -> 46176
A50: 45947 | B50: 未 | F50: MA | H50: 47101J | I50: 1:16收割机 | J50: 2500 | K50: 1 | L50: 2500 | R50: 内部释放MA | S50: 0 | T50: 0 | U50: 0 | V50: KIK | Y50: 46024 | Z50: 46009 | AA50: 46009 | AC50: 46009 | AE50: 46000 | AF50: -45947 | AG50: -46009
A51: 45947 | B51: 未 | F51: MA | H51: 47367J | I51: 1:16拖车厢 | J51: 2500 | K51: 2 | L51: 1250 | R51: 内部释放MA | S51: 0 | T51: 0 | U51: 0 | V51: KIK | Y51: 46021 | Z51: 46003 | AA51: 46002 | AC51: 46003 | AE51: 45990 | AF51: -45947 | AG51: -46003
