Workbook

Sheet 总接单
A1: 接单日期 | B1: 计划PO出货期 | C1: 客户名称 （第三方客名） | D1: 国家 | E1: PO号 | F1: ITEM NO | G1: 名称 | H1: 数量 | I1: 装箱数 | J1: 总箱数 | K1: BS082D6 | L1: BS083D6 | M1: MZ002D6 | N1: BS062D3/BS062A3/BS062D1/BS062D4 | O1: BS067D1 | P1: BS071D6 | Q1: BS077D6 | R1: BS064D1/BS064D2 | S1: ZC006A1/ZC006E1 | T1: BS068D12 | U1: MZ003D1/MZ003D9 | V1: CZ001D6 | W1: CZ002D6 | X1: CZ003D6 | Y1: CZ004D6 | Z1: CZ014D6 | AA1: BS069A1 | AB1: BS065D6 | AC1: MZ002D9 | AD1: CZ007E1 | AE1: CZ005A1 三角龙 | AF1: CZ005A2 双脊龙 | AG1: CZ005A3 水豚 | AH1: CZ005A4 高地牛 | AI1: CZ005A5 兔子 | AJ1: CZ005A6 海狸 | AK1: CZ005A7 小猫 | AL1: CZ005A8 小狗 | AM1: CZ005A9 蝾螈 | AN1: CZ005A10 树懒 | AO1: CZ005A11 狐狸 | AP1: CZ005A12 河马 | AQ1: CZ006D6（水豚、兔子、高地牛、美西螈、河马、猫） | AR1: SP002A1/SP003A1 | AS1: SP003A2 | AT1: SP005A1 | AU1: BS074D6 | AV1: CZ021D1/D2/D3/D4 | AW1: ZC001A1 | AX1: PF001A1 | AY1: CZ007A1 | AZ1: CZ007A2 | BA1: CZ007A4 | BB1: CZ007A5 | BC1: CZ007A6 | BD1: CZ007A7 | BE1: CZ007A8 | BF1: CZ007A9 | BG1: CZ007A10 | BH1: CZ007A11 | BI1: CZ022D6 | BJ1: CZ007A12 | BK1: CZ007D1 | BL1: CZ023D6 | BM1: CZ017D6 | BN1: BS090D6 | BO1: CZ019D6 | BP1: CZ018D6 | BQ1: CZ018E1 | BR1: BS086D6 | BS1: BS085D6 | BT1: BS089D12 | BU1: 336 FSDU | BV1: 单价USD | BW1: 总金额USD | BX1: 总金额HK$ | BY1: 发票号 | BZ1: 车间
A2: 45902 | B2: 46132 | C2: KMART (AUS / NZ) | D2: 澳大利亚 | E2: THT1402 | F2: BS077D6 | G2: 草莓熊手提包 | H2: 2952 | I2: 6 | J2: =H2/I2 -> 492 | Q2: =H2 -> 2952 | BV2: 3.126 | BW2: =SUM(K2:BU2)*BV2 -> 9227.952 | BX2: =BW2*7.75 -> 71516.628 | BY2: FE63717 | BZ2: B
A3: 45902 | B3: 46132 | C3: KMART (AUS / NZ) | D3: 新西兰 | E3: THT1403 | F3: BS077D6 | G3: 草莓熊手提包 | H3: 48 | I3: 6 | J3: =H3/I3 -> 8 | Q3: =H3 -> 48 | BV3: 3.126 | BW3: =SUM(K3:BU3)*BV3 -> 150.048 | BX3: =BW3*7.75 -> 1162.872 | BY3: FE63718 | BZ3: B
A4: 45954 | B4: 46008 | C4: Wal-Mart Inc. USA | D4: 美国 | E4: THT1430 | F4: CZ021D1 | G4: 按压发声公仔（兔） | H4: 7656 | I4: 6 | J4: =H4/I4 -> 1276 | AV4: =H4 -> 7656 | BV4: 3.77 | BW4: =SUM(K4:BU4)*BV4 -> 28863.12 | BX4: =BW4*7.75 -> 223689.18 | BY4: FE61268 | BZ4: 印尼
A5: 45954 | B5: 46008 | C5: Wal-Mart Inc. USA | D5: 美国 | E5: THT1430 | F5: CZ021D2 | G5: 按压发声公仔（鸭） | H5: 3828 | I5: 6 | J5: =H5/I5 -> 638 | AV5: =H5 -> 3828 | BV5: 3.77 | BW5: =SUM(K5:BU5)*BV5 -> 14431.56 | BX5: =BW5*7.75 -> 111844.59 | BY5: FE61268 | BZ5: 印尼
A6: 45954 | B6: 46008 | C6: Wal-Mart Inc. USA | D6: 美国 | E6: THT1430 | F6: CZ021D3 | G6: 按压发声公仔（牛） | H6: 1914 | I6: 6 | J6: =H6/I6 -> 319 | AV6: =H6 -> 1914 | BV6: 3.77 | BW6: =SUM(K6:BU6)*BV6 -> 7215.78 | BX6: =BW6*7.75 -> 55922.295 | BY6: FE61268 | BZ6: 印尼
A7: 45954 | B7: 46008 | C7: Wal-Mart Inc. USA | D7: 美国 | E7: THT1430 | F7: CZ021D4 | G7: 按压发声公仔（羊） | H7: 1914 | I7: 6 | J7: =H7/I7 -> 319 | AV7: =H7 -> 1914 | BV7: 3.77 | BW7: =SUM(K7:BU7)*BV7 -> 7215.78 | BX7: =BW7*7.75 -> 55922.295 | BY7: FE61268 | BZ7: 印尼
A8: 45954 | B8: 46008 | C8: Wal-Mart Inc. USA | D8: 美国 | E8: THT1433 | F8: CZ021D1 | G8: 按压发声公仔（兔） | H8: 7968 | I8: 6 | J8: =H8/I8 -> 1328 | AV8: =H8 -> 7968 | BV8: 3.77 | BW8: =SUM(K8:BU8)*BV8 -> 30039.36 | BX8: =BW8*7.75 -> 232805.04 | BY8: FE61271 | BZ8: 印尼
A9: 45954 | B9: 46008 | C9: Wal-Mart Inc. USA | D9: 美国 | E9: THT1433 | F9: CZ021D2 | G9: 按压发声公仔（鸭） | H9: 3984 | I9: 6 | J9: =H9/I9 -> 664 | AV9: =H9 -> 3984 | BV9: 3.77 | BW9: =SUM(K9:BU9)*BV9 -> 15019.68 | BX9: =BW9*7.75 -> 116402.52 | BY9: FE61271 | BZ9: 印尼
A10: 45954 | B10: 46008 | C10: Wal-Mart Inc. USA | D10: 美国 | E10: THT1433 | F10: CZ021D3 | G10: 按压发声公仔（牛） | H10: 1992 | I10: 6 | J10: =H10/I10 -> 332 | AV10: =H10 -> 1992 | BV10: 3.77 | BW10: =SUM(K10:BU10)*BV10 -> 7509.84 | BX10: =BW10*7.75 -> 58201.26 | BY10: FE61271 | BZ10: 印尼
A11: 45954 | B11: 46008 | C11: Wal-Mart Inc. USA | D11: 美国 | E11: THT1433 | F11: CZ021D4 | G11: 按压发声公仔（羊） | H11: 1992 | I11: 6 | J11: =H11/I11 -> 332 | AV11: =H11 -> 1992 | BV11: 3.77 | BW11: =SUM(K11:BU11)*BV11 -> 7509.84 | BX11: =BW11*7.75 -> 58201.26 | BY11: FE61271 | BZ11: 印尼
A12: 45954 | B12: 46008 | C12: Wal-Mart Inc. USA | D12: 美国 | E12: THT1434 | F12: CZ021D1 | G12: 按压发声公仔（兔） | H12: 5736 | I12: 6 | J12: =H12/I12 -> 956 | AV12: =H12 -> 5736 | BV12: 3.77 | BW12: =SUM(K12:BU12)*BV12 -> 21624.72 | BX12: =BW12*7.75 -> 167591.58 | BY12: FE61272 | BZ12: 印尼
A13: 45954 | B13: 46008 | C13: Wal-Mart Inc. USA | D13: 美国 | E13: THT1434 | F13: CZ021D2 | G13: 按压发声公仔（鸭） | H13: 2868 | I13: 6 | J13: =H13/I13 -> 478 | AV13: =H13 -> 2868 | BV13: 3.77 | BW13: =SUM(K13:BU13)*BV13 -> 10812.36 | BX13: =BW13*7.75 -> 83795.79 | BY13: FE61272 | BZ13: 印尼
A14: 45954 | B14: 46008 | C14: Wal-Mart Inc. USA | D14: 美国 | E14: THT1434 | F14: CZ021D3 | G14: 按压发声公仔（牛） | H14: 1434 | I14: 6 | J14: =H14/I14 -> 239 | AV14: =H14 -> 1434 | BV14: 3.77 | BW14: =SUM(K14:BU14)*BV14 -> 5406.18 | BX14: =BW14*7.75 -> 41897.895 | BY14: FE61272 | BZ14: 印尼
A15: 45954 | B15: 46008 | C15: Wal-Mart Inc. USA | D15: 美国 | E15: THT1434 | F15: CZ021D4 | G15: 按压发声公仔（羊） | H15: 1434 | I15: 6 | J15: =H15/I15 -> 239 | AV15: =H15 -> 1434 | BV15: 3.77 | BW15: =SUM(K15:BU15)*BV15 -> 5406.18 | BX15: =BW15*7.75 -> 41897.895 | BY15: FE61272 | BZ15: 印尼
A16: 45960 | B16: 46014 | C16: LINIEX APS | D16: 英国 | E16: THT1435 | F16: BS064D1 | G16: MINI手提包系列 | H16: 7008 | I16: 12 | J16: =H16/I16 -> 584 | R16: =H16 -> 7008 | BV16: 1.38 | BW16: =SUM(K16:BU16)*BV16 -> 9671.04 | BX16: =BW16*7.75 -> 74950.56 | BY16: FE61269 | BZ16: B
A17: 45960 | B17: 46014 | C17: LINIEX APS | D17: 英国 | E17: THT1435 | F17: BS065D6 | G17: 手提包狗系列 | H17: 2004 | I17: 6 | J17: =H17/I17 -> 334 | AB17: =H17 -> 2004 | BV17: 2.969 | BW17: =SUM(K17:BU17)*BV17 -> 5949.876 | BX17: =BW17*7.75 -> 46111.539 | BY17: FE61269 | BZ17: B
A18: 45960 | B18: 46014 | C18: LINIEX APS | D18: 英国 | E18: THT1435 | F18: BS074D6 | G18: 独角兽手提包 | H18: 3198 | I18: 6 | J18: =H18/I18 -> 533 | AU18: =H18 -> 3198 | BV18: 2.993 | BW18: =SUM(K18:BU18)*BV18 -> 9571.614 | BX18: =BW18*7.75 -> 74180.008 | BY18: FE61269 | BZ18: B
A19: 45960 | B19: 46014 | C19: LINIEX APS | D19: 英国 | E19: THT1435 | F19: BS067D1 | G19: 手提包猫系列 | H19: 2400 | I19: 6 | J19: =H19/I19 -> 400 | O19: =H19 -> 2400 | BV19: 2.971 | BW19: =SUM(K19:BU19)*BV19 -> 7130.4 | BX19: =BW19*7.75 -> 55260.6 | BY19: FE61269 | BZ19: B
A20: 45966 | B20: 46021 | C20: CREATIVE TOYS (PORTUGAL) | D20: 葡萄牙 | E20: THT1436A | F20: BS068D12 | G20: MINI猫+狗手提包系列 | H20: 14004 | I20: 12 | J20: =H20/I20 -> 1167 | T20: =H20 -> 14004 | BV20: 1.469 | BW20: =SUM(K20:BU20)*BV20 -> 20571.876 | BX20: =BW20*7.75 -> 159432.04 | BY20: FE61270 | BZ20: B
A21: 45966 | B21: 46021 | C21: CREATIVE TOYS (PORTUGAL) | D21: 葡萄牙 | E21: THT1436A | F21: BS074D6 | G21: 独角兽手提包 | H21: 6000 | I21: 6 | J21: =H21/I21 -> 1000 | AU21: =H21 -> 6000 | BV21: 2.942 | BW21: =SUM(K21:BU21)*BV21 -> 17652 | BX21: =BW21*7.75 -> 136803 | BY21: FE61270 | BZ21: B
A22: 45966 | B22: 46021 | C22: CREATIVE TOYS (PORTUGAL) | D22: 葡萄牙 | E22: THT1436A | F22: CZ006D6 | G22: 按压发声公仔（6款混装） | H22: 4002 | I22: 6 | J22: =H22/I22 -> 667 | AQ22: =H22 -> 4002 | BV22: 3.855 | BW22: =SUM(K22:BU22)*BV22 -> 15427.71 | BX22: =BW22*7.75 -> 119564.75 | BY22: FE61270 | BZ22: B
A23: 45968 | B23: 46044 | C23: KMART (AUS / NZ) | D23: 澳大利亚 | E23: THT1450 | F23: MZ002D6 | G23: 鲨鱼实验室2 | H23: 1686 | I23: 6 | J23: =H23/I23 -> 281 | M23: =H23 -> 1686 | BV23: 3.958 | BW23: =SUM(K23:BU23)*BV23 -> 6673.188 | BX23: =BW23*7.75 -> 51717.207 | BY23: FE61275 | BZ23: B
A24: 45968 | B24: 46044 | C24: KMART (AUS / NZ) | D24: 新西兰 | E24: THT1451 | F24: MZ002D6 | G24: 鲨鱼实验室2 | H24: 114 | I24: 6 | J24: =H24/I24 -> 19 | M24: =H24 -> 114 | BV24: 3.958 | BW24: =SUM(K24:BU24)*BV24 -> 451.212 | BX24: =BW24*7.75 -> 3496.893 | BY24: FE61276 | BZ24: B
A25: 45974 | B25: 46053 | C25: TOYRRIFIC (ISRAEL) | D25: 以色列 | E25: THT1453 | F25: BS082D6 | G25: 二代独角兽手提包 | H25: 4110 | I25: 6 | J25: =H25/I25 -> 685 | K25: =H25 -> 4110 | BV25: 3.283 | BW25: =SUM(K25:BU25)*BV25 -> 13493.13 | BX25: =BW25*7.75 -> 104571.76 | BY25: FE61279 | BZ25: B
A26: 45974 | B26: 46053 | C26: TOYRRIFIC (ISRAEL) | D26: 以色列 | E26: THT1453 | F26: BS065D6 | G26: 手提包狗系列 | H26: 4110 | I26: 6 | J26: =H26/I26 -> 685 | AB26: =H26 -> 4110 | BV26: 2.969 | BW26: =SUM(K26:BU26)*BV26 -> 12202.59 | BX26: =BW26*7.75 -> 94570.072 | BY26: FE61279 | BZ26: B
A27: 45983 | B27: 46053 | C27: ROFU (GERMANY) | D27: 德国 | E27: THT1454 | F27: CZ031E1 | G27: 336 FSDU | H27: 120 | I27: 1 | J27: =H27/I27 -> 120 | BU27: =H27 -> 120 | BV27: 1389.696 | BW27: =SUM(K27:BU27)*BV27 -> 166763.52 | BX27: =BW27*7.75 -> 1292417.3 | BY27: FE61281 | BZ27: B
A28: 45988 | B28: 46059 | C28: KMART (AUS / NZ) | D28: 新西兰 | E28: THT1456 | F28: MZ003D1 | G28: 恐龙实验室2 | H28: 498 | I28: 6 | J28: =H28/I28 -> 83 | U28: =H28 -> 498 | BV28: 3.924 | BW28: =SUM(K28:BU28)*BV28 -> 1954.152 | BX28: =BW28*7.75 -> 15144.678 | BY28: FE61283 | BZ28: B
A29: 45988 | B29: 46091 | C29: KMART (AUS / NZ) | D29: 澳大利亚 | E29: THT1457 | F29: MZ002D6 | G29: 鲨鱼实验室2 | H29: 1710 | I29: 6 | J29: =H29/I29 -> 285 | M29: =H29 -> 1710 | BV29: 3.958 | BW29: =SUM(K29:BU29)*BV29 -> 6768.18 | BX29: =BW29*7.75 -> 52453.395 | BY29: FE61293 | BZ29: B
A30: 45988 | B30: 46091 | C30: KMART (AUS / NZ) | D30: 新西兰 | E30: THT1458 | F30: MZ002D6 | G30: 鲨鱼实验室2 | H30: 90 | I30: 6 | J30: =H30/I30 -> 15 | M30: =H30 -> 90 | BV30: 3.958 | BW30: =SUM(K30:BU30)*BV30 -> 356.22 | BX30: =BW30*7.75 -> 2760.705 | BY30: FE61294 | BZ30: B
A31: 45993 | B31: 46059 | C31: KMART (AUS / NZ) | D31: 澳大利亚 | E31: THT1463 | F31: PF001A1 | G31: 马桶遥控车 | H31: 800 | I31: 4 | J31: =H31/I31 -> 200 | AX31: =H31 -> 800 | BV31: 10.262 | BW31: =SUM(K31:BU31)*BV31 -> 8209.6 | BX31: =BW31*7.75 -> 63624.4 | BY31: FE61286 | BZ31: A
A32: 45993 | B32: 46059 | C32: KMART (AUS / NZ) | D32: 新西兰 | E32: THT1464 | F32: MZ003D1 | G32: 恐龙实验室2 | H32: 36 | I32: 6 | J32: =H32/I32 -> 6 | U32: =H32 -> 36 | BV32: 3.924 | BW32: =SUM(K32:BU32)*BV32 -> 141.264 | BX32: =BW32*7.75 -> 1094.796 | BY32: FE61284 | BZ32: B
A33: 45993 | B33: 46059 | C33: KMART (AUS / NZ) | D33: 新西兰 | E33: THT1464 | F33: PF001A1 | G33: 马桶遥控车 | H33: 68 | I33: 4 | J33: =H33/I33 -> 17 | AX33: =H33 -> 68 | BV33: 10.262 | BW33: =SUM(K33:BU33)*BV33 -> 697.816 | BX33: =BW33*7.75 -> 5408.074 | BY33: FE61284 | BZ33: A
A34: 45994 | B34: 46052 | C34: GROUPE RICOCHET INC. (CANADA) | D34: 加拿大 | E34: THT1452A | F34: CZ018D6 | G34: 按压发声公仔（一代牙齿怪） | H34: 5004 | I34: 6 | J34: =H34/I34 -> 834 | BP34: =H34 -> 5004 | BV34: 3.905 | BW34: =SUM(K34:BU34)*BV34 -> 19540.62 | BX34: =BW34*7.75 -> 151439.8 | BY34: FE61278 | BZ34: B
A35: 46006 | B35: 46056 | C35: ORBICO D.O.O. (CROATIA) | D35: 克罗地亚 | E35: THT1469 | F35: BS064D1 | G35: MINI手提包系列 | H35: 4752 | I35: 6 | J35: =H35/I35 -> 792 | R35: =H35 -> 4752 | BV35: 1.38 | BW35: =SUM(K35:BU35)*BV35 -> 6557.76 | BX35: =BW35*7.75 -> 50822.64 | BY35: FE61282 | BZ35: B
A36: 46006 | B36: 46056 | C36: ORBICO D.O.O. (CROATIA) | D36: 克罗地亚 | E36: THT1469 | F36: BS067D1 | G36: 手提包猫系列 | H36: 1020 | I36: 6 | J36: =H36/I36 -> 170 | O36: =H36 -> 1020 | BV36: 2.971 | BW36: =SUM(K36:BU36)*BV36 -> 3030.42 | BX36: =BW36*7.75 -> 23485.755 | BY36: FE61282 | BZ36: B
A37: 46006 | B37: 46056 | C37: ORBICO D.O.O. (CROATIA) | D37: 克罗地亚 | E37: THT1469 | F37: BS065D6 | G37: 手提包狗系列 | H37: 6360 | I37: 6 | J37: =H37/I37 -> 1060 | AB37: =H37 -> 6360 | BV37: 2.969 | BW37: =SUM(K37:BU37)*BV37 -> 18882.84 | BX37: =BW37*7.75 -> 146342.01 | BY37: FE61282 | BZ37: B
A38: 46008 | B38: 46050 | C38: EL ZAYAT (EGYPT) | D38: 埃及 | E38: THT1462B | F38: CZ001D6 | G38: 按压发声玩偶(两款恐龙) | H38: 306 | I38: 6 | J38: =H38/I38 -> 51 | V38: =H38 -> 306 | BV38: 3.648 | BW38: =SUM(K38:BU38)*BV38 -> 1116.288 | BX38: =BW38*7.75 -> 8651.232 | BY38: FE61330 | BZ38: B
A39: 46008 | B39: 46050 | C39: EL ZAYAT (EGYPT) | D39: 埃及 | E39: THT1462B | F39: BS067D1 | G39: 手提包猫系列 | H39: 360 | I39: 6 | J39: =H39/I39 -> 60 | O39: =H39 -> 360 | BV39: 3.09 | BW39: =SUM(K39:BU39)*BV39 -> 1112.4 | BX39: =BW39*7.75 -> 8621.1 | BY39: FE61330 | BZ39: B
A40: 46008 | B40: 46050 | C40: EL ZAYAT (EGYPT) | D40: 埃及 | E40: THT1462B | F40: BS069A1 | G40: 大、小手提包 | H40: 300 | I40: 4 | J40: =H40/I40 -> 75 | AA40: =H40 -> 300 | BV40: 5.064 | BW40: =SUM(K40:BU40)*BV40 -> 1519.2 | BX40: =BW40*7.75 -> 11773.8 | BY40: FE61330 | BZ40: B
A41: 46008 | B41: 46050 | C41: EL ZAYAT (EGYPT) | D41: 埃及 | E41: THT1462B | F41: MZ003D9 | G41: 恐龙实验室2 | H41: 306 | I41: 9 | J41: =H41/I41 -> 34 | U41: =H41 -> 306 | BV41: 3.87 | BW41: =SUM(K41:BU41)*BV41 -> 1184.22 | BX41: =BW41*7.75 -> 9177.705 | BY41: FE61330 | BZ41: B
A42: 46008 | B42: 46050 | C42: EL ZAYAT (EGYPT) | D42: 埃及 | E42: THT1462B | F42: ZC006A1 | G42: 冰杯 | H42: 300 | I42: 6 | J42: =H42/I42 -> 50 | S42: =H42 -> 300 | BV42: 1.209 | BW42: =SUM(K42:BU42)*BV42 -> 362.7 | BX42: =BW42*7.75 -> 2810.925 | BY42: FE61330 | BZ42: B
A43: 46008 | B43: 46045 | C43: Talent Show d.o.o. (Croatia) | D43: 克罗地亚 | E43: THT1471A | F43: ZC006A1 | G43: 冰杯 | H43: 3948 | I43: 6 | J43: =H43/I43 -> 658 | S43: =H43 -> 3948 | BV43: 1.15 | BW43: =SUM(K43:BU43)*BV43 -> 4540.2 | BX43: =BW43*7.75 -> 35186.55 | BY43: FE61277 | BZ43: B
A44: 46008 | B44: 46059 | C44: KMART (AUS / NZ) | D44: 澳大利亚 | E44: THT1473 | F44: BS065D6 | G44: 手提包狗系列 | H44: 1728 | I44: 6 | J44: =H44/I44 -> 288 | AB44: =H44 -> 1728 | BV44: 3.088 | BW44: =SUM(K44:BU44)*BV44 -> 5336.064 | BX44: =BW44*7.75 -> 41354.496 | BY44: FE61287 | BZ44: B
A45: 46008 | B45: 46059 | C45: KMART (AUS / NZ) | D45: 新西兰 | E45: THT1474 | F45: BS065D6 | G45: 手提包狗系列 | H45: 276 | I45: 6 | J45: =H45/I45 -> 46 | AB45: =H45 -> 276 | BV45: 3.088 | BW45: =SUM(K45:BU45)*BV45 -> 852.288 | BX45: =BW45*7.75 -> 6605.232 | BY45: FE61285 | BZ45: B
A46: 46010 | B46: 46167 | C46: FALABELLA (PERU) | D46: 秘鲁 | E46: THT1468 | F46: BS082D6 | G46: 二代独角兽手提包 | H46: 804 | I46: 6 | J46: =H46/I46 -> 134 | K46: =H46 -> 804 | BV46: 3.405 | BW46: =SUM(K46:BU46)*BV46 -> 2737.62 | BX46: =BW46*7.75 -> 21216.555 | BY46: FE63730 | BZ46: B
A47: 46010 | B47: 46167 | C47: FALABELLA (PERU) | D47: 秘鲁 | E47: THT1468 | F47: BS083D6 | G47: 三代狗系列手提包 | H47: 504 | I47: 6 | J47: =H47/I47 -> 84 | L47: =H47 -> 504 | BV47: 3.149 | BW47: =SUM(K47:BU47)*BV47 -> 1587.096 | BX47: =BW47*7.75 -> 12299.994 | BY47: FE63730 | BZ47: B
A48: 46010 | B48: 46167 | C48: FALABELLA (PERU) | D48: 秘鲁 | E48: THT1468 | F48: BS067D1 | G48: 手提包猫系列 | H48: 504 | I48: 6 | J48: =H48/I48 -> 84 | O48: =H48 -> 504 | BV48: 3.09 | BW48: =SUM(K48:BU48)*BV48 -> 1557.36 | BX48: =BW48*7.75 -> 12069.54 | BY48: FE63730 | BZ48: B
A49: 46010 | B49: 46094 | C49: FALABELLA (COLOMBIA) | D49: 哥伦比亚 | E49: THT1472 | F49: BS082D6 | G49: 二代独角兽手提包 | H49: 804 | I49: 6 | J49: =H49/I49 -> 134 | K49: =H49 -> 804 | BV49: 3.405 | BW49: =SUM(K49:BU49)*BV49 -> 2737.62 | BX49: =BW49*7.75 -> 21216.555 | BY49: FE63706 | BZ49: B
A50: 46010 | B50: 46094 | C50: FALABELLA (COLOMBIA) | D50: 哥伦比亚 | E50: THT1472 | F50: BS083D6 | G50: 三代狗系列手提包 | H50: 504 | I50: 6 | J50: =H50/I50 -> 84 | L50: =H50 -> 504 | BV50: 3.149 | BW50: =SUM(K50:BU50)*BV50 -> 1587.096 | BX50: =BW50*7.75 -> 12299.994 | BY50: FE63706 | BZ50: B
A51: 46010 | B51: 46094 | C51: FALABELLA (COLOMBIA) | D51: 哥伦比亚 | E51: THT1472 | F51: BS067D1 | G51: 手提包猫系列 | H51: 504 | I51: 6 | J51: =H51/I51 -> 84 | O51: =H51 -> 504 | BV51: 3.09 | BW51: =SUM(K51:BU51)*BV51 -> 1557.36 | BX51: =BW51*7.75 -> 12069.54 | BY51: FE63706 | BZ51: B
A52: 46010 | B52: 46094 | C52: FALABELLA (CHILE) | D52: 智利 | E52: THT1477 | F52: BS082D6 | G52: 二代独角兽手提包 | H52: 204 | I52: 6 | J52: =H52/I52 -> 34 | K52: =H52 -> 204 | BV52: 3.405 | BW52: =SUM(K52:BU52)*BV52 -> 694.62 | BX52: =BW52*7.75 -> 5383.305 | BY52: FE61297 | BZ52: B
A53: 46010 | B53: 46094 | C53: FALABELLA (CHILE) | D53: 智利 | E53: THT1477 | F53: BS083D6 | G53: 三代狗系列手提包 | H53: 162 | I53: 6 | J53: =H53/I53 -> 27 | L53: =H53 -> 162 | BV53: 3.149 | BW53: =SUM(K53:BU53)*BV53 -> 510.138 | BX53: =BW53*7.75 -> 3953.5695 | BY53: FE61297 | BZ53: B
A54: 46010 | B54: 46094 | C54: FALABELLA (CHILE) | D54: 智利 | E54: THT1477 | F54: BS067D1 | G54: 手提包猫系列 | H54: 162 | I54: 6 | J54: =H54/I54 -> 27 | O54: =H54 -> 162 | BV54: 3.09 | BW54: =SUM(K54:BU54)*BV54 -> 500.58 | BX54: =BW54*7.75 -> 3879.495 | BY54: FE61297 | BZ54: B
A55: 46015 | B55: 46087 | C55: LEKIA AB (SWEDEN) | D55: 瑞典 | E55: THT1475A | F55: PF001A1 | G55: 马桶遥控车 | H55: 1400 | I55: 4 | J55: =H55/I55 -> 350 | AX55: =H55 -> 1400 | BV55: 9.9 | BW55: =SUM(K55:BU55)*BV55 -> 13860 | BX55: =BW55*7.75 -> 107415 | BY55: FE61291 | BZ55: A
A56: 46015 | B56: 46045 | C56: KMART (AUS / NZ) | D56: 澳大利亚 | E56: THT1478 | F56: PF001A1 | G56: 马桶遥控车 | H56: 712 | I56: 4 | J56: =H56/I56 -> 178 | AX56: =H56 -> 712 | BV56: 10.262 | BW56: =SUM(K56:BU56)*BV56 -> 7306.544 | BX56: =BW56*7.75 -> 56625.716 | BY56: FE61273 | BZ56: A
A57: 46015 | B57: 46045 | C57: KMART (AUS / NZ) | D57: 新西兰 | E57: THT1479 | F57: PF001A1 | G57: 马桶遥控车 | H57: 80 | I57: 4 | J57: =H57/I57 -> 20 | AX57: =H57 -> 80 | BV57: 10.262 | BW57: =SUM(K57:BU57)*BV57 -> 820.96 | BX57: =BW57*7.75 -> 6362.44 | BY57: FE61274 | BZ57: A
A58: 46020 | B58: 46094 | C58: FALABELLA RETAIL S.A（CHILE） | D58: 智利 | E58: THT1467 | F58: BS082D6 | G58: 二代独角兽手提包 | H58: 654 | I58: 6 | J58: =H58/I58 -> 109 | K58: =H58 -> 654 | BV58: 3.405 | BW58: =SUM(K58:BU58)*BV58 -> 2226.87 | BX58: =BW58*7.75 -> 17258.243 | BY58: FE61295 | BZ58: B
A59: 46020 | B59: 46094 | C59: FALABELLA RETAIL S.A（CHILE） | D59: 智利 | E59: THT1467 | F59: BS083D6 | G59: 三代狗系列手提包 | H59: 522 | I59: 6 | J59: =H59/I59 -> 87 | L59: =H59 -> 522 | BV59: 3.149 | BW59: =SUM(K59:BU59)*BV59 -> 1643.778 | BX59: =BW59*7.75 -> 12739.28 | BY59: FE61295 | BZ59: B
A60: 46020 | B60: 46094 | C60: FALABELLA RETAIL S.A（CHILE） | D60: 智利 | E60: THT1467 | F60: BS067D1 | G60: 手提包猫系列 | H60: 522 | I60: 6 | J60: =H60/I60 -> 87 | O60: =H60 -> 522 | BV60: 3.09 | BW60: =SUM(K60:BU60)*BV60 -> 1612.98 | BX60: =BW60*7.75 -> 12500.595 | BY60: FE61295 | BZ60: B
A61: 46020 | B61: 46094 | C61: FALABELLA RETAIL S.A（CHILE） | D61: 智利 | E61: THT1476 | F61: BS082D6 | G61: 二代独角兽手提包 | H61: 150 | I61: 6 | J61: =H61/I61 -> 25 | K61: =H61 -> 150 | BV61: 3.405 | BW61: =SUM(K61:BU61)*BV61 -> 510.75 | BX61: =BW61*7.75 -> 3958.3125 | BY61: FE61296 | BZ61: B
A62: 46020 | B62: 46094 | C62: FALABELLA RETAIL S.A（CHILE） | D62: 智利 | E62: THT1476 | F62: BS083D6 | G62: 三代狗系列手提包 | H62: 120 | I62: 6 | J62: =H62/I62 -> 20 | L62: =H62 -> 120 | BV62: 3.149 | BW62: =SUM(K62:BU62)*BV62 -> 377.88 | BX62: =BW62*7.75 -> 2928.57 | BY62: FE61296 | BZ62: B
A63: 46020 | B63: 46094 | C63: FALABELLA RETAIL S.A（CHILE） | D63: 智利 | E63: THT1476 | F63: BS067D1 | G63: 手提包猫系列 | H63: 120 | I63: 6 | J63: =H63/I63 -> 20 | O63: =H63 -> 120 | BV63: 3.09 | BW63: =SUM(K63:BU63)*BV63 -> 370.8 | BX63: =BW63*7.75 -> 2873.7 | BY63: FE61296 | BZ63: B
A64: 46022 | B64: 46080 | C64: SMYTHS TOYS (UK) | D64: 英国 | E64: THT1480 | F64: PF001A1 | G64: 马桶遥控车 | H64: 5800 | I64: 4 | J64: =H64/I64 -> 1450 | AX64: =H64 -> 5800 | BV64: 9.67 | BW64: =SUM(K64:BU64)*BV64 -> 56086 | BX64: =BW64*7.75 -> 434666.5 | BY64: FE61290 | BZ64: A
A65: 46029 | B65: 46094 | C65: SMYTHS TOYS (GERMANY) | D65: 德国 | E65: THT1481 | F65: PF001A1 | G65: 马桶遥控车 | H65: 5788 | I65: 4 | J65: =H65/I65 -> 1447 | AX65: =H65 -> 5788 | BV65: 9.67 | BW65: =SUM(K65:BU65)*BV65 -> 55969.96 | BX65: =BW65*7.75 -> 433767.19 | BY65: FE61292 | BZ65: A
A66: 46042 | B66: 46122 | C66: KMART (AUS / NZ) | D66: 澳大利亚 | E66: THT1483 | F66: PF001A1 | G66: 马桶遥控车 | H66: 1044 | I66: 4 | J66: =H66/I66 -> 261 | AX66: =H66 -> 1044 | BV66: 10.262 | BW66: =SUM(K66:BU66)*BV66 -> 10713.528 | BX66: =BW66*7.75 -> 83029.842 | BY66: FE63708 | BZ66: A
A67: 46050 | B67: 46125 | C67: KMART (AUS / NZ) | D67: 澳大利亚 | E67: THT1488 | F67: PF001A1 | G67: 马桶遥控车 | H67: 844 | I67: 4 | J67: =H67/I67 -> 211 | AX67: =H67 -> 844 | BV67: 10.262 | BW67: =SUM(K67:BU67)*BV67 -> 8661.128 | BX67: =BW67*7.75 -> 67123.742 | BY67: FE63709 | BZ67: A
A68: 46050 | B68: 46125 | C68: KMART (AUS / NZ) | D68: 新西兰 | E68: THT1489 | F68: PF001A1 | G68: 马桶遥控车 | H68: 24 | I68: 4 | J68: =H68/I68 -> 6 | AX68: =H68 -> 24 | BV68: 10.262 | BW68: =SUM(K68:BU68)*BV68 -> 246.288 | BX68: =BW68*7.75 -> 1908.732 | BY68: FE63711 | BZ68: A
A69: 46057 | B69: 46111 | C69: KMART (AUS / NZ) | D69: 澳大利亚 | E69: THT1493 | F69: MZ002D6 | G69: 鲨鱼实验室2 | H69: 1560 | I69: 6 | J69: =H69/I69 -> 260 | M69: =H69 -> 1560 | BV69: 3.958 | BW69: =SUM(K69:BU69)*BV69 -> 6174.48 | BX69: =BW69*7.75 -> 47852.22 | BY69: FE63701 | BZ69: B
A70: 46057 | B70: 46111 | C70: KMART (AUS / NZ) | D70: 新西兰 | E70: THT1494 | F70: MZ002D6 | G70: 鲨鱼实验室2 | H70: 240 | I70: 6 | J70: =H70/I70 -> 40 | M70: =H70 -> 240 | BV70: 3.958 | BW70: =SUM(K70:BU70)*BV70 -> 949.92 | BX70: =BW70*7.75 -> 7361.88 | BY70: FE63702 | BZ70: B
A71: 46057 | B71: 46111 | C71: KMART (AUS / NZ) | D71: 澳大利亚 | E71: THT1495 | F71: MZ003D1 | G71: 恐龙实验室2 | H71: 1500 | I71: 6 | J71: =H71/I71 -> 250 | U71: =H71 -> 1500 | BV71: 3.924 | BW71: =SUM(K71:BU71)*BV71 -> 5886 | BX71: =BW71*7.75 -> 45616.5 | BY71: FE63703 | BZ71: B
A72: 46057 | B72: 46111 | C72: KMART (AUS / NZ) | D72: 新西兰 | E72: THT1496 | F72: MZ003D1 | G72: 恐龙实验室2 | H72: 240 | I72: 6 | J72: =H72/I72 -> 40 | U72: =H72 -> 240 | BV72: 3.924 | BW72: =SUM(K72:BU72)*BV72 -> 941.76 | BX72: =BW72*7.75 -> 7298.64 | BY72: FE63704 | BZ72: B
A73: 46057 | B73: 46125 | C73: KMART (AUS / NZ) | D73: 澳大利亚 | E73: THT1497 | F73: MZ003D1 | G73: 鲨鱼实验室2 | H73: 1440 | I73: 6 | J73: =H73/I73 -> 240 | M73: =H73 -> 1440 | BV73: 3.924 | BW73: =SUM(K73:BU73)*BV73 -> 5650.56 | BX73: =BW73*7.75 -> 43791.84 | BY73: FE63710 | BZ73: B
A74: 46057 | B74: 46125 | C74: KMART (AUS / NZ) | D74: 新西兰 | E74: THT1498 | F74: MZ003D1 | G74: 鲨鱼实验室2 | H74: 240 | I74: 6 | J74: =H74/I74 -> 40 | M74: =H74 -> 240 | BV74: 3.924 | BW74: =SUM(K74:BU74)*BV74 -> 941.76 | BX74: =BW74*7.75 -> 7298.64 | BY74: FE63712 | BZ74: B
A75: 46057 | B75: 46139 | C75: KMART (AUS / NZ) | D75: 澳大利亚 | E75: THT1499 | F75: MZ003D1 | G75: 恐龙实验室2 | H75: 1260 | I75: 6 | J75: =H75/I75 -> 210 | U75: =H75 -> 1260 | BV75: 3.924 | BW75: =SUM(K75:BU75)*BV75 -> 4944.24 | BX75: =BW75*7.75 -> 38317.86 | BY75: FE63719 | BZ75: B
A76: 46057 | B76: 46139 | C76: KMART (AUS / NZ) | D76: 新西兰 | E76: THT1500 | F76: MZ003D1 | G76: 恐龙实验室2 | H76: 186 | I76: 6 | J76: =H76/I76 -> 31 | U76: =H76 -> 186 | BV76: 3.924 | BW76: =SUM(K76:BU76)*BV76 -> 729.864 | BX76: =BW76*7.75 -> 5656.446 | BY76: FE63720 | BZ76: B
A77: 46062 | B77: 46139 | C77: KMART (AUS / NZ) | D77: 澳大利亚 | E77: THT1502 | F77: PF001A1 | G77: 马桶遥控车 | H77: 808 | I77: 4 | J77: =H77/I77 -> 202 | AX77: 808 | BV77: 10.262 | BW77: =SUM(K77:BU77)*BV77 -> 8291.696 | BX77: =BW77*7.75 -> 64260.644 | BY77: FE63715 | BZ77: A
A78: 46062 | B78: 46139 | C78: KMART (AUS / NZ) | D78: 新西兰 | E78: THT1503 | F78: PF001A1 | G78: 马桶遥控车 | H78: 60 | I78: 4 | J78: =H78/I78 -> 15 | AX78: 60 | BV78: 10.262 | BW78: =SUM(K78:BU78)*BV78 -> 615.72 | BX78: =BW78*7.75 -> 4771.83 | BY78: FE63716 | BZ78: A
A79: 46080 | B79: 46122 | C79: GROUPE RICOCHET INC. (CANADA) | D79: 加拿大 | E79: THT1491A | F79: CZ018D6 | G79: 按压发声公仔（一代牙齿怪） | H79: 2004 | I79: 6 | J79: =H79/I79 -> 334 | BP79: =H79 -> 2004 | BV79: 3.905 | BW79: =SUM(K79:BU79)*BV79 -> 7825.62 | BX79: =BW79*7.75 -> 60648.555 | BY79: FE63707 | BZ79: B
A80: 46087 | B80: 46153 | C80: KMART (AUS / NZ) | D80: 澳大利亚 | E80: THT1505 | F80: PF001A1 | G80: 马桶遥控车 | H80: 812 | I80: 4 | J80: =H80/I80 -> 203 | AX80: =H80 -> 812 | BV80: 10.262 | BW80: =SUM(K80:BU80)*BV80 -> 8332.744 | BX80: =BW80*7.75 -> 64578.766 | BY80: FE63725REV1 | BZ80: A
A81: 46087 | B81: 46153 | C81: KMART (AUS / NZ) | D81: 新西兰 | E81: THT1506 | F81: PF001A1 | G81: 马桶遥控车 | H81: 56 | I81: 4 | J81: =H81/I81 -> 14 | AX81: =H81 -> 56 | BV81: 10.262 | BW81: =SUM(K81:BU81)*BV81 -> 574.672 | BX81: =BW81*7.75 -> 4453.708 | BY81: FE63726REV1 | BZ81: A
A82: 46087 | B82: 46164 | C82: KMART (AUS / NZ) | D82: 澳大利亚 | E82: THT1515 | F82: PF001A1 | G82: 马桶遥控车 | H82: 868 | I82: 4 | J82: =H82/I82 -> 217 | AX82: =H82 -> 868 | BV82: 10.262 | BW82: =SUM(K82:BU82)*BV82 -> 8907.416 | BX82: =BW82*7.75 -> 69032.474 | BY82: FE63731 | BZ82: A
A83: 46088 | B83: 46150 | C83: MIGROS (SWISS) | D83: 瑞士 | E83: THT1514B | F83: CZ006D6 | G83: 按压发声公仔（6款混装） | H83: 4920 | I83: 6 | J83: =H83/I83 -> 820 | AQ83: =H83 -> 4920 | BV83: 3.988 | BW83: =SUM(K83:BU83)*BV83 -> 19620.96 | BX83: =BW83*7.75 -> 152062.44 | BY83: FE63728 | BZ83: B
A84: 46101 | B84: 46156 | C84: ALL BRANDS TOYS (Australia) | D84: 澳大利亚 | E84: THT1538 | F84: CZ007D1 | G84: 按压发声公仔11款混装 | H84: 21824 | I84: 11 | J84: =H84/I84 -> 1984 | BK84: =H84 -> 21824 | BV84: 3.644 | BW84: =SUM(K84:BU84)*BV84 -> 79526.656 | BX84: =BW84*7.75 -> 616331.58 | BY84: FE63735 | BZ84: 印尼
A85: 46101 | B85: 46178 | C85: KMART (AUS / NZ) | D85: 澳大利亚 | E85: THT1539 | F85: PF001A1 | G85: 马桶遥控车 | H85: 868 | I85: 4 | J85: =H85/I85 -> 217 | AX85: =H85 -> 868 | BV85: 10.262 | BW85: =SUM(K85:BU85)*BV85 -> 8907.416 | BX85: =BW85*7.75 -> 69032.474 | BY85: FE63734 | BZ85: A
A86: 46112 | B86: 46153 | C86: RAMS (Philippines) | D86: 菲律宾 | E86: THT1520B | F86: CZ022D6 | G86: 按压发声公仔（拉布布） | H86: 600 | I86: 6 | J86: =H86/I86 -> 100 | BI86: =H86 -> 600 | BV86: 3.989 | BW86: =SUM(K86:BU86)*BV86 -> 2393.4 | BX86: =BW86*7.75 -> 18548.85 | BY86: FE63727 | BZ86: B
A87: 46112 | B87: 46153 | C87: RAMS (Philippines) | D87: 菲律宾 | E87: THT1520B | F87: CZ018D6 | G87: 按压发声公仔（一代牙齿怪） | H87: 600 | I87: 6 | J87: =H87/I87 -> 100 | BP87: =H87 -> 600 | BV87: 3.905 | BW87: =SUM(K87:BU87)*BV87 -> 2343 | BX87: =BW87*7.75 -> 18158.25 | BY87: FE63727 | BZ87: B
A88: 46112 | B88: 46153 | C88: RAMS (Philippines) | D88: 菲律宾 | E88: THT1520B | F88: PF001A1 | G88: 马桶遥控车 | H88: 500 | I88: 4 | J88: =H88/I88 -> 125 | AX88: =H88 -> 500 | BV88: 10.262 | BW88: =SUM(K88:BU88)*BV88 -> 5131 | BX88: =BW88*7.75 -> 39765.25 | BY88: FE63727 | BZ88: A
A89: 46120 | B89: 46231 | C89: TOTTUS (CHILE) | D89: 智利 | E89: THT1550A | F89: CZ018D6 | G89: 按压发声公仔（一代牙齿怪） | H89: 2400 | I89: 6 | J89: =H89/I89 -> 400 | BP89: =H89 -> 2400 | BV89: 3.787 | BW89: =SUM(K89:BU89)*BV89 -> 9088.8 | BX89: =BW89*7.75 -> 70438.2 | BY89: FE62455REV1 | BZ89: B
A90: 46120 | B90: 46231 | C90: TOTTUS (CHILE) | D90: 智利 | E90: THT1550A | F90: CZ019D6 | G90: 6款公仔混装（狐狸+狗+树懒+三角龙+双脊龙+海狸） | H90: 2400 | I90: 6 | J90: =H90/I90 -> 400 | BO90: =H90 -> 2400 | BV90: 3.901 | BW90: =SUM(K90:BU90)*BV90 -> 9362.4 | BX90: =BW90*7.75 -> 72558.6 | BY90: FE62455REV1 | BZ90: B
A91: 46120 | B91: 46231 | C91: TOTTUS (CHILE) | D91: 智利 | E91: THT1550A | F91: CZ017D6 | G91: 按压公仔(泰迪熊&兔&猫) | H91: 1680 | I91: 6 | J91: =H91/I91 -> 280 | BM91: =H91 -> 1680 | BV91: 3.957 | BW91: =SUM(K91:BU91)*BV91 -> 6647.76 | BX91: =BW91*7.75 -> 51520.14 | BY91: FE62455REV1 | BZ91: B
A92: 46120 | B92: 46231 | C92: TOTTUS (CHILE) | D92: 智利 | E92: THT1550A | F92: BS090D6 | G92: 美人鱼+蝴蝶结混装手提包 | H92: 2400 | I92: 6 | J92: =H92/I92 -> 400 | BN92: =H92 -> 2400 | BV92: 3.395 | BW92: =SUM(K92:BU92)*BV92 -> 8148 | BX92: =BW92*7.75 -> 63147 | BY92: FE62455REV1 | BZ92: B
A93: 46125 | B93: 46190 | C93: FUN COMERCIO (BRASIL) | D93: 巴西 | E93: THT1560 | F93: BS082D6 | G93: 二代独角兽手提包 | H93: 8004 | I93: 6 | J93: =H93/I93 -> 1334 | K93: =H93 -> 8004 | BV93: 3.283 | BW93: =SUM(K93:BU93)*BV93 -> 26277.132 | BX93: =BW93*7.75 -> 203647.77 | BY93: FE63738 | BZ93: B
A94: 46126 | B94: 46170 | C94: LEKIA A.B. (SWEDEN) | D94: 瑞典 | E94: THT1547A | F94: MZ002D9 | G94: 鲨鱼实验室 | H94: 801 | I94: 9 | J94: =H94/I94 -> 89 | AC94: =H94 -> 801 | BV94: 3.904 | BW94: =SUM(K94:BU94)*BV94 -> 3127.104 | BX94: =BW94*7.75 -> 24235.056 | BY94: FE63733 | BZ94: B
A95: 46126 | B95: 46209 | C95: KMART (AUS / NZ) | D95: 澳大利亚 | E95: THT1562 | F95: SP002A1 | G95: 冰杯带手柄 | H95: 35100 | I95: 6 | J95: =H95/I95 -> 5850 | AR95: =H95 -> 35100 | BV95: 1.189 | BW95: =SUM(K95:BU95)*BV95 -> 41733.9 | BX95: =BW95*7.75 -> 323437.72 | BY95: FE63746 | BZ95: B
A96: 46126 | B96: 46209 | C96: KMART (AUS / NZ) | D96: 新西兰 | E96: THT1563 | F96: SP002A1 | G96: 冰杯带手柄 | H96: 3510 | I96: 6 | J96: =H96/I96 -> 585 | AR96: =H96 -> 3510 | BV96: 1.189 | BW96: =SUM(K96:BU96)*BV96 -> 4173.39 | BX96: =BW96*7.75 -> 32343.772 | BY96: FE63750 | BZ96: B
A97: 46126 | B97: 46209 | C97: KMART (AUS / NZ) | D97: 澳大利亚 | E97: THT1564 | F97: SP003A2 | G97: 史迪仔冰杯 | H97: 8754 | I97: 6 | J97: =H97/I97 -> 1459 | AS97: =H97 -> 8754 | BV97: 1.462 | BW97: =SUM(K97:BU97)*BV97 -> 12798.348 | BX97: =BW97*7.75 -> 99187.197 | BY97: FE63747 | BZ97: B
A98: 46126 | B98: 46209 | C98: KMART (AUS / NZ) | D98: 新西兰 | E98: THT1565 | F98: SP003A2 | G98: 史迪仔冰杯 | H98: 870 | I98: 6 | J98: =H98/I98 -> 145 | AS98: =H98 -> 870 | BV98: 1.462 | BW98: =SUM(K98:BU98)*BV98 -> 1271.94 | BX98: =BW98*7.75 -> 9857.535 | BY98: FE62451 | BZ98: B
A99: 46126 | B99: 46209 | C99: KMART (AUS / NZ) | D99: 澳大利亚 | E99: THT1566 | F99: SP003A3 | G99: 公主冰杯 | H99: 8754 | I99: 6 | J99: =H99/I99 -> 1459 | AS99: =H99 -> 8754 | BV99: 1.462 | BW99: =SUM(K99:BU99)*BV99 -> 12798.348 | BX99: =BW99*7.75 -> 99187.197 | BY99: FE63748 | BZ99: B
A100: 46126 | B100: 46209 | C100: KMART (AUS / NZ) | D100: 新西兰 | E100: THT1567 | F100: SP003A3 | G100: 公主冰杯 | H100: 870 | I100: 6 | J100: =H100/I100 -> 145 | AS100: =H100 -> 870 | BV100: 1.462 | BW100: =SUM(K100:BU100)*BV100 -> 1271.94 | BX100: =BW100*7.75 -> 9857.535 | BY100: FE62452 | BZ100: B
...

Sheet A车间总排期
A1: 接单日期 | B1: 国家 | C1: 客跟单 | D1: 客户名称 （第三方客名） | E1: 订单PO.NO | G1: ITEM NO | H1: 名称 | I1: 数量 | J1: 装箱数 | K1: 总箱数 | L1: 计划PO出货期 | M1: 计划验货期 | N1: 第三方 验货期 | O1: 验货结果 | P1: 船期SO （截仓时间） | Q1: 箱唛资料 提供时间 | R1: 箱唛打稿 完成时间 | S1: 箱唛打稿 确认时间 | T1: 客贴纸档案 提供时间 | U1: 包装资料是否提供 | V1: 包装档案 版本 | W1: 布标版本 | X1: 系统货号 | Y1: 是否翻单 | Z1: 是否寄出签办 | AA1: 客供物料 | AB1: 布标日期码 | AC1: 产品、包装 日期码 | AD1: 备注 | AE1: 单价USD | AF1: 总金额USD | AG1: 总金额HK$ | AH1: 是否入系统 | AI1: 下单明细 | AJ1: 送回数量 | AK1: 欠数 | AL1: 贴纸 | AM1: 湖南回复完成时间 | AN1: 询单备料情况
A2: 46172 | B2: 澳大利亚 | C2: Kenix Lin | D2: KMART AUS | E2: THT1664 | F2: PF001A1 | G2: PF001A1 | H2: 马桶遥控车 | I2: 3984 | J2: 4 | K2: =I2/J2 -> 996 | L2: 46238 | M2: 46238 | N2: 46238 | O2: PASS | P2: 8/19-8/24 | Q2: 46183 | R2: 46183 | S2: 46198 | T2: 46184 | U2: 是 | V2: KMART客版 | W2: 无 | X2: {=INDEX(系统货号!C:C,MATCH(1,(系统货号!A:A=G2)*(系统货号!B:B=V2),0))} -> PF001A1-KMART | Y2: 包装跟之前的KMART订单，包装档案如有日期码需修改，除SSCC贴纸外 | AB2: 无 | AC2: 05/26 | AD2: 客版包装+客版说明书+SSCC外箱贴纸+客版日期码05/26+客验货+所有Kmart 订单需要用60MM宽的，“Anko” logo 胶纸封箱； | AE2: 10.262 | AF2: =I2*AE2 -> 40883.808 | AG2: =AF2*7.75 -> 316849.51 | AH2: 46175 | AI2: 系统出单 | AJ2: =672+1976+1120+216 -> 3984 | AK2: =AJ2-I2 -> 0
K3: =I3/J3 -> #DIV/0! | X3: {=INDEX(系统货号!C:C,MATCH(1,(系统货号!A:A=G3)*(系统货号!B:B=V3),0))} -> 0 | AF3: =I3*AE3 -> 0 | AG3: =AF3*7.75 -> 0
K4: =I4/J4 -> #DIV/0! | X4: {=INDEX(系统货号!C:C,MATCH(1,(系统货号!A:A=G4)*(系统货号!B:B=V4),0))} -> 0 | AF4: =I4*AE4 -> 0 | AG4: =AF4*7.75 -> 0
K5: =I5/J5 -> #DIV/0! | X5: {=INDEX(系统货号!C:C,MATCH(1,(系统货号!A:A=G5)*(系统货号!B:B=V5),0))} -> 0 | AF5: =I5*AE5 -> 0 | AG5: =AF5*7.75 -> 0
K6: =I6/J6 -> #DIV/0! | X6: {=INDEX(系统货号!C:C,MATCH(1,(系统货号!A:A=G6)*(系统货号!B:B=V6),0))} -> 0 | AF6: =I6*AE6 -> 0 | AG6: =AF6*7.75 -> 0
I7: =SUM(I2:I6) -> 3984 | AE7: =SUM(AE2:AE6) -> 10.262 | AF7: =SUM(AF2:AF6) -> 40883.808 | AG7: =SUM(AG2:AG6) -> 316849.51

Sheet B车间总排期
A1: 接单日期 | B1: 国家 | C1: 客跟单 | D1: 客户名称 （第三方客名） | E1: 订单PO.NO | F1: 客PO.NO | G1: ITEM NO | H1: 名称 | I1: 数量 | J1: 装箱数 | K1: 总箱数 | L1: 计划PO出货期 | M1: 计划验货期 | N1: 第三方 验货期 | O1: 验货结果 | P1: 船期SO （截仓时间） | Q1: 箱唛资料 提供时间 | R1: 箱唛打稿 完成时间 | S1: 箱唛打稿 确认时间 | T1: 客贴纸档案 提供时间 | U1: 包装资料是否提供 | V1: 包装档案 版本 | W1: 布标版本 | X1: 系统货号 | Y1: 是否翻单 | Z1: 是否寄出签办 | AA1: 客供物料 | AB1: 布标日期码 | AC1: 产品、包装 日期码 | AD1: 备注 | AE1: 单价USD | AF1: 总金额USD | AG1: 总金额HK$ | AH1: 是否入系统 | AI1: 生产车间 | AJ1: 下单明细 | AK1: 送回数量 | AL1: 欠数 | AM1: 贴纸 | AN1: 湖南回复完成时间 | AO1: 询单备料情况
A2: 46147 | B2: 南非 | C2: Kenix Lin | D2: HTIC LIMITED (CHECKERS - South Africa) | E2: THT1615B | G2: BS085D6 | H2: 美人鱼手提包 | I2: 2004 | J2: 6 | K2: =I2/J2 -> 334 | L2: 46238 | M2: 46238 | N2: 自检 | O2: PASS | P2: 46254 | Q2: 46182 | R2: 46185 | S2: 46213 | T2: 46174 | U2: 是 | V2: 标准包装 | W2: 标准布标 | X2: {=INDEX(系统货号!C:C,MATCH(1,(系统货号!A:A=G2)*(系统货号!B:B=V2),0))} -> BS085D6 | AB2: 260720 HS | AC2: 260720 HS | AD2: 标准布标+标准收缩膜+标准说明书+标准传单+客版贴纸+标准银行卡+标准CDU | AE2: 3.27 | AF2: 6553.08 | AG2: 50786.37 | AH2: 46155 | AI2: 邵阳 | AJ2: 系统出单 | AK2: 2004
A3: 46147 | B3: 南非 | C3: Kenix Lin | D3: HTIC LIMITED (CHECKERS - South Africa) | E3: THT1615B | G3: BS086D6 | H3: 蝴蝶结公主手提包 | I3: 2004 | J3: 6 | K3: =I3/J3 -> 334 | L3: 46238 | M3: 46238 | N3: 自检 | O3: PASS | P3: 46254 | Q3: 46182 | R3: 46185 | S3: 46213 | T3: 46174 | U3: 是 | V3: 标准包装 | W3: 标准布标 | X3: {=INDEX(系统货号!C:C,MATCH(1,(系统货号!A:A=G3)*(系统货号!B:B=V3),0))} -> BS086D6 | AB3: 260608 HS | AC3: 260608 HS | AD3: 标准布标+标准收缩膜+标准说明书+标准传单+客版贴纸+标准身份证+标准CDU | AE3: 3.369 | AF3: 6751.476 | AG3: 52323.939 | AH3: 46155 | AI3: 邵阳 | AJ3: 系统出单 | AK3: 2004 | AL3: =AK3-I3 -> 0
A4: 46147 | B4: 南非 | C4: Kenix Lin | D4: HTIC LIMITED (CHECKERS - South Africa) | E4: THT1615B | G4: BS068D12 | H4: MINI猫+狗手提包系列 | I4: 3600 | J4: 12 | K4: =I4/J4 -> 300 | L4: 46238 | M4: 46238 | N4: 自检 | O4: PASS | P4: 46254 | Q4: 46182 | R4: 46185 | S4: 46213 | T4: 46174 | U4: 是 | V4: 标准包装 | W4: 无 | X4: {=INDEX(系统货号!C:C,MATCH(1,(系统货号!A:A=G4)*(系统货号!B:B=V4),0))} -> BS068D12 | AB4: 无 | AC4: 260720 HS | AD4: 标准吊牌+标准说明书+标准传单+客版贴纸+标准身份证+标准CDU+唇彩贴纸（贴纸日期码：150626） | AE4: 1.469 | AF4: 5288.4 | AG4: 40985.1 | AH4: 46155 | AI4: 东莞
A5: 46147 | B5: 南非 | C5: Kenix Lin | D5: HTIC LIMITED (CHECKERS - South Africa) | E5: THT1615B | G5: BS074D6 | H5: 独角兽手提包 | I5: 3600 | J5: 6 | K5: =I5/J5 -> 600 | L5: 46238 | M5: 46238 | N5: 自检 | O5: PASS | P5: 46254 | Q5: 46182 | R5: 46185 | S5: 46213 | T5: 46174 | U5: 是 | V5: 标准包装 | W5: 标准布标 | X5: {=INDEX(系统货号!C:C,MATCH(1,(系统货号!A:A=G5)*(系统货号!B:B=V5),0))} -> BS074D6 | AB5: 260720 HS | AC5: 260720 HS | AD5: 标准布标+标准收缩膜+标准说明书+标准传单+客版贴纸+标准银行卡+标准CDU+指甲油贴纸（贴纸日期码：150626） | AE5: 2.942 | AF5: 10591.2 | AG5: 82081.8 | AH5: 46155 | AI5: 邵阳 | AJ5: 系统出单 | AK5: =3516+84 -> 3600
A6: 46174 | B6: 菲律宾 | C6: Kenix Lin | D6: ANKO (Philippines) | E6: THT1708 | G6: SP002A1 | H6: 冰杯带手柄 | I6: 1440 | J6: 6 | K6: =I6/J6 -> 240 | L6: 46238 | M6: 46238 | N6: 46246 | O6: PASS | P6: 8/19-8/24 | Q6: 46213 | R6: 46214 | S6: 46219 | T6: 46155 | U6: 是 | V6: KMART客版 | W6: 无 | X6: {=INDEX(系统货号!C:C,MATCH(1,(系统货号!A:A=G6)*(系统货号!B:B=V6),0))} -> SP002A1-KMART | AB6: 无 | AC6: 28/25 | AD6: 客版包装+客版说明书+新冰袋(圆角)+客验货+无SSCC贴纸+客版包装和Kmart AUS订单的客包装一致+订单需要用60MM宽的，“Anko” logo 胶纸封箱； | AE6: 1.193 | AF6: =I6*AE6 -> 1717.92 | AG6: =AF6*7.75 -> 13313.88 | AH6: 46175 | AI6: 东莞
A7: 46174 | B7: 菲律宾 | C7: Kenix Lin | D7: ANKO (Philippines) | E7: THT1708 | G7: SP005A1 | H7: 玩具总动员冰杯 | I7: 1440 | J7: 6 | K7: =I7/J7 -> 240 | L7: 46238 | M7: 46238 | N7: 46246 | O7: PASS | P7: 8/19-8/24 | Q7: 46213 | R7: 46214 | S7: 46219 | T7: 46155 | U7: 是 | V7: KMART客版 | W7: 无 | X7: {=INDEX(系统货号!C:C,MATCH(1,(系统货号!A:A=G7)*(系统货号!B:B=V7),0))} -> SP005A1-KMART客版本 | AB7: 无 | AC7: 26/26 | AD7: 客版包装+客版说明书+新冰袋(圆角)+客验货+无SSCC贴纸+客版包装和Kmart AUS订单的客包装一致+订单需要用60MM宽的，“Anko” logo 胶纸封箱； | AE7: 1.452 | AF7: =I7*AE7 -> 2090.88 | AG7: =AF7*7.75 -> 16204.32 | AH7: 46175 | AI7: 东莞
A8: 46169 | B8: 丹麦 | C8: Kenix Lin | D8: LINIEX APS (DENMARK) | E8: THT1621 | G8: BS074D6 | H8: 独角兽手提包（2款混装） | I8: 3000 | J8: 6 | K8: =I8/J8 -> 500 | L8: 46239 | M8: 46239 | N8: 46244 | O8: PASS | P8: 8/17-8/19 | Q8: 46183 | R8: 46183 | S8: 46183 | T8: 46197 | U8: 是 | V8: 丹麦包装 | W8: 标准布标 | X8: {=INDEX(系统货号!C:C,MATCH(1,(系统货号!A:A=G8)*(系统货号!B:B=V8),0))} -> BS074-丹麦 | AB8: 260720 HS | AC8: 260720 HS | AD8: 标准布标+标准收缩膜+标准传单+标准传单+客版贴纸+标准银行卡+标准CDU+指甲油贴纸（贴纸日期码：150626）+客验货+两款混装：PURSE3&PURSE4 | AE8: 2.993 | AF8: =I8*AE8 -> 8979 | AG8: =AF8*7.75 -> 69587.25 | AH8: 46189 | AI8: 邵阳 | AJ8: 系统出单 | AK8: 3000
A9: 46169 | B9: 丹麦 | C9: Kenix Lin | D9: LINIEX APS (DENMARK) | E9: THT1621 | G9: BS085D6 | H9: 美人鱼手提包 | I9: 2400 | J9: 6 | K9: =I9/J9 -> 400 | L9: 46239 | M9: 46239 | N9: 46244 | O9: PASS | P9: 8/17-8/19 | Q9: 46183 | R9: 46183 | S9: 46183 | T9: 46197 | U9: 是 | V9: 标准包装 | W9: 标准布标 | X9: {=INDEX(系统货号!C:C,MATCH(1,(系统货号!A:A=G9)*(系统货号!B:B=V9),0))} -> BS085D6 | AB9: 260713 HS | AC9: 260713 HS | AD9: 标准布标+标准收缩膜+标准传单+客版贴纸+标准银行卡+标准CDU+客验货 | AE9: 3.32 | AF9: =I9*AE9 -> 7968 | AG9: =AF9*7.75 -> 61752 | AH9: 46170 | AI9: 邵阳 | AJ9: 系统出单 | AK9: 2400
A10: 46169 | B10: 丹麦 | C10: Kenix Lin | D10: LINIEX APS (DENMARK) | E10: THT1621 | G10: BS086D6 | H10: 蝴蝶结公主手提包 | I10: 1200 | J10: 6 | K10: =I10/J10 -> 200 | L10: 46239 | M10: 46239 | N10: 46244 | O10: PASS | P10: 8/17-8/19 | Q10: 46183 | R10: 46183 | S10: 46183 | T10: 46197 | U10: 是 | V10: 标准包装 | W10: 标准布标 | X10: {=INDEX(系统货号!C:C,MATCH(1,(系统货号!A:A=G10)*(系统货号!B:B=V10),0))} -> BS086D6 | AB10: 260608 HS | AC10: 260713 HS | AD10: 标准布标+标准收缩膜+标准传单+客版贴纸+标准银行卡+标准CDU+客验货+有从THT1654中转进180PCS，外箱照常用THT1654的外箱，外箱内容无需修改 | AE10: 3.419 | AF10: =I10*AE10 -> 4102.8 | AG10: =AF10*7.75 -> 31796.7 | AH10: 46170 | AI10: 邵阳 | AJ10: 系统出单 | AK10: 1200
A11: 46169 | B11: 丹麦 | C11: Kenix Lin | D11: LINIEX APS (DENMARK) | E11: THT1621 | G11: BS064D1 | H11: MINI手提包系列 | I11: 3000 | J11: 12 | K11: =I11/J11 -> 250 | L11: 46239 | M11: 46239 | N11: 46244 | O11: PASS | P11: 8/17-8/19 | Q11: 46183 | R11: 46183 | S11: 46183 | T11: 46197 | U11: 是 | V11: 标准包装 | W11: 无 | X11: {=INDEX(系统货号!C:C,MATCH(1,(系统货号!A:A=G11)*(系统货号!B:B=V11),0))} -> BS064D1 | AB11: 无 | AC11: 260720 HS | AD11: 标准吊牌+标准传单+客版贴纸+标准CDU+标准银行卡+客验货 | AE11: 1.38 | AF11: =I11*AE11 -> 4140 | AG11: =AF11*7.75 -> 32085 | AH11: 46170 | AI11: 东莞 | AK11: 3000
A12: 46126 | B12: 澳大利亚 | C12: Kenix Lin | D12: KMART (AUS / NZ) | E12: THT1570 | G12: SP002A1 | H12: 冰杯带手柄 | I12: 35100 | J12: 6 | K12: =I12/J12 -> 5850 | L12: 46244 | M12: 46244 | N12: 46258 | Q12: 46157 | R12: 46161 | S12: 46174 | T12: 46155 | U12: 是 | V12: KMART客版 | W12: 无 | X12: {=INDEX(系统货号!C:C,MATCH(1,(系统货号!A:A=G12)*(系统货号!B:B=V12),0))} -> SP002A1-KMART | Y12: 库存订单塑胶件等部分物料无需再次采购，彩盒、说明书、SSCC外箱贴纸需更换 | AB12: 无 | AC12: 28/25 | AD12: 客版包装+客版说明书+新冰袋+SSCC外箱贴纸+客版日期码28/25+客验货+所有Kmart 订单需要用60MM宽的，“Anko” logo 胶纸封箱； | AE12: 1.189 | AF12: =I12*AE12 -> 41733.9 | AG12: =AF12*7.75 -> 323437.72 | AH12: 46137 | AI12: 东莞
A13: 46126 | B13: 新西兰 | C13: Kenix Lin | D13: KMART (AUS / NZ) | E13: THT1571 | G13: SP002A1 | H13: 冰杯带手柄 | I13: 3510 | J13: 6 | K13: =I13/J13 -> 585 | L13: 46244 | M13: 46244 | N13: 46258 | Q13: 46157 | R13: 46161 | S13: 46174 | T13: 46155 | U13: 是 | V13: KMART客版 | W13: 无 | X13: {=INDEX(系统货号!C:C,MATCH(1,(系统货号!A:A=G13)*(系统货号!B:B=V13),0))} -> SP002A1-KMART | Y13: 库存订单塑胶件等部分物料无需再次采购，彩盒、说明书、SSCC外箱贴纸需更换 | AB13: 无 | AC13: 28/25 | AD13: 客版包装+客版说明书+新冰袋+SSCC外箱贴纸+客版日期码28/25+客验货+所有Kmart 订单需要用60MM宽的，“Anko” logo 胶纸封箱； | AE13: 1.189 | AF13: =I13*AE13 -> 4173.39 | AG13: =AF13*7.75 -> 32343.772 | AH13: 46137 | AI13: 东莞
A14: 46126 | B14: 澳大利亚 | C14: Kenix Lin | D14: KMART (AUS / NZ) | E14: THT1572 | G14: SP003A2 | H14: 史迪仔冰杯 | I14: 8754 | J14: 6 | K14: =I14/J14 -> 1459 | L14: 46244 | M14: 46244 | N14: 46258 | Q14: 46157 | R14: 46161 | S14: 46174 | T14: 46155 | U14: 是 | V14: KMART客版 | W14: 无 | X14: {=INDEX(系统货号!C:C,MATCH(1,(系统货号!A:A=G14)*(系统货号!B:B=V14),0))} -> SP003A2-KMART | Y14: 库存订单塑胶件等部分物料无需再次采购，彩盒、说明书、SSCC外箱贴纸需更换 | AB14: 无 | AC14: 28/25 | AD14: 客版包装+客版说明书+新冰袋+SSCC外箱贴纸+客版日期码28/25+客验货+所有Kmart 订单需要用60MM宽的，“Anko” logo 胶纸封箱； | AE14: 1.462 | AF14: =I14*AE14 -> 12798.348 | AG14: =AF14*7.75 -> 99187.197 | AH14: 46137 | AI14: 东莞
A15: 46126 | B15: 新西兰 | C15: Kenix Lin | D15: KMART (AUS / NZ) | E15: THT1573 | G15: SP003A2 | H15: 史迪仔冰杯 | I15: 870 | J15: 6 | K15: =I15/J15 -> 145 | L15: 46244 | M15: 46244 | N15: 46258 | Q15: 46157 | R15: 46161 | S15: 46174 | T15: 46155 | U15: 是 | V15: KMART客版 | W15: 无 | X15: {=INDEX(系统货号!C:C,MATCH(1,(系统货号!A:A=G15)*(系统货号!B:B=V15),0))} -> SP003A2-KMART | Y15: 库存订单塑胶件等部分物料无需再次采购，彩盒、说明书、SSCC外箱贴纸需更换 | AB15: 无 | AC15: 28/25 | AD15: 客版包装+客版说明书+新冰袋+SSCC外箱贴纸+客版日期码28/25+客验货+所有Kmart 订单需要用60MM宽的，“Anko” logo 胶纸封箱； | AE15: 1.462 | AF15: =I15*AE15 -> 1271.94 | AG15: =AF15*7.75 -> 9857.535 | AH15: 46137 | AI15: 东莞
A16: 46126 | B16: 澳大利亚 | C16: Kenix Lin | D16: KMART (AUS / NZ) | E16: THT1574 | G16: SP003A3 | H16: 公主冰杯 | I16: 8754 | J16: 6 | K16: =I16/J16 -> 1459 | L16: 46244 | M16: 46244 | N16: 46258 | Q16: 46157 | R16: 46161 | S16: 46174 | T16: 46155 | U16: 是 | V16: KMART客版 | W16: 无 | X16: {=INDEX(系统货号!C:C,MATCH(1,(系统货号!A:A=G16)*(系统货号!B:B=V16),0))} -> SP003A3-KMART | Y16: 库存订单塑胶件等部分物料无需再次采购，彩盒、说明书、SSCC外箱贴纸需更换 | AB16: 无 | AC16: 28/25 | AD16: 客版包装+客版说明书+新冰袋+SSCC外箱贴纸+客版日期码28/25+客验货+所有Kmart 订单需要用60MM宽的，“Anko” logo 胶纸封箱； | AE16: 1.462 | AF16: =I16*AE16 -> 12798.348 | AG16: =AF16*7.75 -> 99187.197 | AH16: 46137 | AI16: 东莞
A17: 46126 | B17: 新西兰 | C17: Kenix Lin | D17: KMART (AUS / NZ) | E17: THT1575 | G17: SP003A3 | H17: 公主冰杯 | I17: 870 | J17: 6 | K17: =I17/J17 -> 145 | L17: 46244 | M17: 46244 | N17: 46258 | Q17: 46157 | R17: 46161 | S17: 46174 | T17: 46155 | U17: 是 | V17: KMART客版 | W17: 无 | X17: {=INDEX(系统货号!C:C,MATCH(1,(系统货号!A:A=G17)*(系统货号!B:B=V17),0))} -> SP003A3-KMART | Y17: 库存订单塑胶件等部分物料无需再次采购，彩盒、说明书、SSCC外箱贴纸需更换 | AB17: 无 | AC17: 28/25 | AD17: 客版包装+客版说明书+新冰袋+SSCC外箱贴纸+客版日期码28/25+客验货+所有Kmart 订单需要用60MM宽的，“Anko” logo 胶纸封箱； | AE17: 1.462 | AF17: =I17*AE17 -> 1271.94 | AG17: =AF17*7.75 -> 9857.535 | AH17: 46137 | AI17: 东莞
A18: 46126 | B18: 澳大利亚 | C18: Kenix Lin | D18: KMART (AUS / NZ) | E18: THT1576 | G18: SP005A1 | H18: 玩具总动员冰杯 | I18: 12954 | J18: 6 | K18: =I18/J18 -> 2159 | L18: 46244 | M18: 46244 | N18: 46258 | Q18: 46157 | R18: 46161 | S18: 46174 | T18: 46155 | U18: 是 | V18: KMART客版 | W18: 无 | X18: {=INDEX(系统货号!C:C,MATCH(1,(系统货号!A:A=G18)*(系统货号!B:B=V18),0))} -> SP005A1-KMART客版本 | AB18: 无 | AC18: 26/26 | AD18: 客版包装+客版说明书+新冰袋+SSCC外箱贴纸+客版日期码26/26+客验货+所有Kmart 订单需要用60MM宽的，“Anko” logo 胶纸封箱； | AE18: 1.452 | AF18: =I18*AE18 -> 18809.208 | AG18: =AF18*7.75 -> 145771.36 | AH18: 46155 | AI18: 东莞
A19: 46126 | B19: 新西兰 | C19: Kenix Lin | D19: KMART (AUS / NZ) | E19: THT1577 | G19: SP005A1 | H19: 玩具总动员冰杯 | I19: 1290 | J19: 6 | K19: =I19/J19 -> 215 | L19: 46244 | M19: 46244 | N19: 46258 | Q19: 46157 | R19: 46161 | S19: 46174 | T19: 46155 | U19: 是 | V19: KMART客版 | W19: 无 | X19: {=INDEX(系统货号!C:C,MATCH(1,(系统货号!A:A=G19)*(系统货号!B:B=V19),0))} -> SP005A1-KMART客版本 | AB19: 无 | AC19: 26/26 | AD19: 客版包装+客版说明书+新冰袋+SSCC外箱贴纸+客版日期码26/26+客验货+所有Kmart 订单需要用60MM宽的，“Anko” logo 胶纸封箱； | AE19: 1.452 | AF19: =I19*AE19 -> 1873.08 | AG19: =AF19*7.75 -> 14516.37 | AH19: 46155 | AI19: 东莞
A20: 46126 | B20: 澳大利亚 | C20: Kenix Lin | D20: TARGET AUS | E20: THT1589 | G20: SP002A1 | H20: 冰杯带手柄 | I20: 3900 | J20: 6 | K20: =I20/J20 -> 650 | L20: 46244 | M20: 46244 | N20: 46258 | Q20: 46157 | R20: 46161 | S20: 46169 | T20: 46155 | U20: 是 | V20: KMART客版 | W20: 无 | X20: {=INDEX(系统货号!C:C,MATCH(1,(系统货号!A:A=G20)*(系统货号!B:B=V20),0))} -> SP002A1-KMART | Y20: 库存订单塑胶件等部分物料无需再次采购，彩盒、说明书、SSCC外箱贴纸需更换 | AB20: 无 | AC20: 28/25 | AD20: 客版包装+客版说明书+新冰袋+SSCC外箱贴纸+客版日期码28/25+客验货+所有Kmart 订单需要用60MM宽的，“Anko” logo 胶纸封箱； | AE20: 1.189 | AF20: =I20*AE20 -> 4637.1 | AG20: =AF20*7.75 -> 35937.525 | AH20: 46137 | AI20: 东莞
A21: 46183 | B21: 澳大利亚 | C21: Kenix Lin | D21: KMART (AUS / NZ) | E21: THT1723 | G21: BS090D6 | H21: 美人鱼+蝴蝶结混装手提包 | I21: 3000 | J21: 6 | K21: =I21/J21 -> 500 | L21: 46252 | M21: 46260 | N21: 跟客人延期，待确认，先按此货期进行 | Q21: 46220 | R21: 46221 | S21: 46231 | T21: 46220 | U21: 是 | V21: KMART客版 | W21: 标准布标 | X21: {=INDEX(系统货号!C:C,MATCH(1,(系统货号!A:A=G21)*(系统货号!B:B=V21),0))} -> BS090D6-KMART客版本 | Y21: 欠亚克力吊牌8月7号 | AB21: 31/26 | AC21: 31/26 | AD21: 标准布标++客版收缩膜+客版传单+标准银行卡+SSCC贴纸+客版CDU+客版日期码31/26+客验货+所有Kmart 订单需要用60MM宽的，“Anko” logo 胶纸封箱； | AE21: 3.503 | AF21: =I21*AE21 -> 10509 | AG21: =AF21*7.75 -> 81444.75 | AH21: 46203 | AI21: 邵阳 | AJ21: 系统出单
A22: 46183 | B22: 新西兰 | C22: Kenix Lin | D22: KMART (AUS / NZ) | E22: THT1724 | G22: BS090D6 | H22: 美人鱼+蝴蝶结混装手提包 | I22: 300 | J22: 6 | K22: =I22/J22 -> 50 | L22: 46252 | M22: 46260 | N22: 跟客人延期，待确认，先按此货期进行 | Q22: 46220 | R22: 46221 | S22: 46231 | T22: 46220 | U22: 是 | V22: KMART客版 | W22: 标准布标 | X22: {=INDEX(系统货号!C:C,MATCH(1,(系统货号!A:A=G22)*(系统货号!B:B=V22),0))} -> BS090D6-KMART客版本 | Y22: 欠亚克力吊牌8月7号 | AB22: 31/26 | AC22: 31/26 | AD22: 标准布标+客版收缩膜+客版传单+标准银行卡+SSCC贴纸+客版CDU+客版日期码31/26+客验货+所有Kmart 订单需要用60MM宽的，“Anko” logo 胶纸封箱； | AE22: 3.503 | AF22: =I22*AE22 -> 1050.9 | AG22: =AF22*7.75 -> 8144.475 | AH22: 46203 | AI22: 邵阳 | AJ22: 系统出单
A23: 46178 | B23: 台湾 | C23: Kenix Lin | D23: TRU ASIA (TWN / THA/ HKG / SGA / MLY) | E23: THT1697 | G23: BS085D6 | H23: 美人鱼手提包 | I23: 108 | J23: 6 | K23: =I23/J23 -> 18 | L23: 46255 | M23: 46255 | N23: 自检7/7号提供布标 | Q23: 46211 | R23: 46214 | S23: 46219 | T23: 46211 | U23: 是 | V23: TRU客版 | W23: 客版布标 | X23: {=INDEX(系统货号!C:C,MATCH(1,(系统货号!A:A=G23)*(系统货号!B:B=V23),0))} -> BS085D6-TRU | Y23: 欠亚克力吊牌8月7号 | AB23: 100826 | AC23: 100826 | AD23: 客版布标+标准收缩膜+标准传单+客版贴纸+标准CDU+标准银行卡 | AE23: 3.443 | AF23: =I23*AE23 -> 371.844 | AG23: =AF23*7.75 -> 2881.791 | AH23: 46212 | AI23: 邵阳 | AJ23: 系统出单
A24: 46178 | B24: 台湾 | C24: Kenix Lin | D24: TRU ASIA (TWN / THA/ HKG / SGA / MLY) | E24: THT1697 | G24: BS086D6 | H24: 蝴蝶结公主手提包 | I24: 108 | J24: 6 | K24: =I24/J24 -> 18 | L24: 46255 | M24: 46255 | N24: 自检7/7号提供布标 | Q24: 46211 | R24: 46214 | S24: 46219 | T24: 46211 | U24: 是 | V24: TRU客版 | W24: 客版布标 | X24: {=INDEX(系统货号!C:C,MATCH(1,(系统货号!A:A=G24)*(系统货号!B:B=V24),0))} -> BS086D6-TRU | Y24: 欠亚克力吊牌8月7号 | AB24: 100826 | AC24: 100826 | AD24: 客版布标+标准收缩膜+标准传单+客版贴纸+标准CDU+标准银行卡 | AE24: 3.542 | AF24: =I24*AE24 -> 382.536 | AG24: =AF24*7.75 -> 2964.654 | AH24: 46212 | AI24: 邵阳 | AJ24: 系统出单
A25: 46178 | B25: 泰国 | C25: Kenix Lin | D25: TRU ASIA (TWN / THA/ HKG / SGA / MLY) | E25: THT1698 | G25: BS085D6 | H25: 美人鱼手提包 | I25: 36 | J25: 6 | K25: =I25/J25 -> 6 | L25: 46255 | M25: 46255 | N25: 自检7/7号提供布标 | Q25: 46211 | R25: 46214 | S25: 46219 | T25: 46211 | U25: 是 | V25: TRU客版 | W25: 客版布标 | X25: {=INDEX(系统货号!C:C,MATCH(1,(系统货号!A:A=G25)*(系统货号!B:B=V25),0))} -> BS085D6-TRU | Y25: 欠亚克力吊牌8月7号 | AB25: 100826 | AC25: 100826 | AD25: 客版布标+标准收缩膜+标准传单+客版贴纸+标准CDU+标准银行卡 | AE25: 3.443 | AF25: =I25*AE25 -> 123.948 | AG25: =AF25*7.75 -> 960.597 | AH25: 46212 | AI25: 邵阳 | AJ25: 系统出单
A26: 46178 | B26: 泰国 | C26: Kenix Lin | D26: TRU ASIA (TWN / THA/ HKG / SGA / MLY) | E26: THT1698 | G26: BS086D6 | H26: 蝴蝶结公主手提包 | I26: 36 | J26: 6 | K26: =I26/J26 -> 6 | L26: 46255 | M26: 46255 | N26: 自检7/7号提供布标 | Q26: 46211 | R26: 46214 | S26: 46219 | T26: 46211 | U26: 是 | V26: TRU客版 | W26: 客版布标 | X26: {=INDEX(系统货号!C:C,MATCH(1,(系统货号!A:A=G26)*(系统货号!B:B=V26),0))} -> BS086D6-TRU | Y26: 欠亚克力吊牌8月7号 | AB26: 100826 | AC26: 100826 | AD26: 客版布标+标准收缩膜+标准传单+客版贴纸+标准CDU+标准银行卡 | AE26: 3.542 | AF26: =I26*AE26 -> 127.512 | AG26: =AF26*7.75 -> 988.218 | AH26: 46212 | AI26: 邵阳 | AJ26: 系统出单
A27: 46178 | B27: 香港 | C27: Kenix Lin | D27: TRU ASIA (TWN / THA/ HKG / SGA / MLY) | E27: THT1704 | G27: BS085D6 | H27: 美人鱼手提包 | I27: 288 | J27: 6 | K27: =I27/J27 -> 48 | L27: 46255 | M27: 46255 | N27: 自检7/7号提供布标 | Q27: 46211 | R27: 46214 | S27: 46219 | T27: 46211 | U27: 是 | V27: TRU客版 | W27: 客版布标 | X27: {=INDEX(系统货号!C:C,MATCH(1,(系统货号!A:A=G27)*(系统货号!B:B=V27),0))} -> BS085D6-TRU | Y27: 欠亚克力吊牌8月7号 | AB27: 100826 | AC27: 100826 | AD27: 客版布标+标准收缩膜+标准传单+客版贴纸+标准CDU+标准银行卡 | AE27: 3.443 | AF27: =I27*AE27 -> 991.584 | AG27: =AF27*7.75 -> 7684.776 | AH27: 46212 | AI27: 邵阳 | AJ27: 系统出单
A28: 46178 | B28: 香港 | C28: Kenix Lin | D28: TRU ASIA (TWN / THA/ HKG / SGA / MLY) | E28: THT1704 | G28: BS086D6 | H28: 蝴蝶结公主手提包 | I28: 288 | J28: 6 | K28: =I28/J28 -> 48 | L28: 46255 | M28: 46255 | N28: 自检7/7号提供布标 | Q28: 46211 | R28: 46214 | S28: 46219 | T28: 46211 | U28: 是 | V28: TRU客版 | W28: 客版布标 | X28: {=INDEX(系统货号!C:C,MATCH(1,(系统货号!A:A=G28)*(系统货号!B:B=V28),0))} -> BS086D6-TRU | Y28: 欠亚克力吊牌8月7号 | AB28: 100826 | AC28: 100826 | AD28: 客版布标+标准收缩膜+标准传单+客版贴纸+标准CDU+标准银行卡 | AE28: 3.542 | AF28: =I28*AE28 -> 1020.096 | AG28: =AF28*7.75 -> 7905.744 | AH28: 46212 | AI28: 邵阳 | AJ28: 系统出单
A29: 46178 | B29: 新加坡 | C29: Kenix Lin | D29: TRU ASIA (TWN / THA/ HKG / SGA / MLY) | E29: THT1705 | G29: BS085D6 | H29: 美人鱼手提包 | I29: 288 | J29: 6 | K29: =I29/J29 -> 48 | L29: 46255 | M29: 46255 | N29: 自检7/7号提供布标 | Q29: 46211 | R29: 46214 | S29: 46219 | T29: 46211 | U29: 是 | V29: TRU客版 | W29: 客版布标 | X29: {=INDEX(系统货号!C:C,MATCH(1,(系统货号!A:A=G29)*(系统货号!B:B=V29),0))} -> BS085D6-TRU | Y29: 欠亚克力吊牌8月7号 | AB29: 100826 | AC29: 100826 | AD29: 客版布标+标准收缩膜+标准传单+客版贴纸+标准CDU+标准银行卡 | AE29: 3.443 | AF29: =I29*AE29 -> 991.584 | AG29: =AF29*7.75 -> 7684.776 | AH29: 46212 | AI29: 邵阳 | AJ29: 系统出单
A30: 46178 | B30: 新加坡 | C30: Kenix Lin | D30: TRU ASIA (TWN / THA/ HKG / SGA / MLY) | E30: THT1705 | G30: BS086D6 | H30: 蝴蝶结公主手提包 | I30: 288 | J30: 6 | K30: =I30/J30 -> 48 | L30: 46255 | M30: 46255 | N30: 自检7/7号提供布标 | Q30: 46211 | R30: 46214 | S30: 46219 | T30: 46211 | U30: 是 | V30: TRU客版 | W30: 客版布标 | X30: {=INDEX(系统货号!C:C,MATCH(1,(系统货号!A:A=G30)*(系统货号!B:B=V30),0))} -> BS086D6-TRU | Y30: 欠亚克力吊牌8月7号 | AB30: 100826 | AC30: 100826 | AD30: 客版布标+标准收缩膜+标准传单+客版贴纸+标准CDU+标准银行卡 | AE30: 3.542 | AF30: =I30*AE30 -> 1020.096 | AG30: =AF30*7.75 -> 7905.744 | AH30: 46212 | AI30: 邵阳 | AJ30: 系统出单
A31: 46178 | B31: 马来西亚 | C31: Kenix Lin | D31: TRU ASIA (TWN / THA/ HKG / SGA / MLY) | E31: THT1706 | G31: BS085D6 | H31: 美人鱼手提包 | I31: 288 | J31: 6 | K31: =I31/J31 -> 48 | L31: 46255 | M31: 46255 | N31: 自检7/7号提供布标 | Q31: 46211 | R31: 46214 | S31: 46219 | T31: 46211 | U31: 是 | V31: TRU客版 | W31: 客版布标 | X31: {=INDEX(系统货号!C:C,MATCH(1,(系统货号!A:A=G31)*(系统货号!B:B=V31),0))} -> BS085D6-TRU | Y31: 欠亚克力吊牌8月7号 | AB31: 100826 | AC31: 100826 | AD31: 客版布标+标准收缩膜+标准传单+客版贴纸+标准CDU+标准银行卡 | AE31: 3.443 | AF31: =I31*AE31 -> 991.584 | AG31: =AF31*7.75 -> 7684.776 | AH31: 46212 | AI31: 邵阳 | AJ31: 系统出单
A32: 46178 | B32: 马来西亚 | C32: Kenix Lin | D32: TRU ASIA (TWN / THA/ HKG / SGA / MLY) | E32: THT1706 | G32: BS086D6 | H32: 蝴蝶结公主手提包 | I32: 288 | J32: 6 | K32: =I32/J32 -> 48 | L32: 46255 | M32: 46255 | N32: 自检7/7号提供布标 | Q32: 46211 | R32: 46214 | S32: 46219 | T32: 46211 | U32: 是 | V32: TRU客版 | W32: 客版布标 | X32: {=INDEX(系统货号!C:C,MATCH(1,(系统货号!A:A=G32)*(系统货号!B:B=V32),0))} -> BS086D6-TRU | Y32: 欠亚克力吊牌8月7号 | AB32: 100826 | AC32: 100826 | AD32: 客版布标+标准收缩膜+标准传单+客版贴纸+标准CDU+标准银行卡 | AE32: 3.542 | AF32: =I32*AE32 -> 1020.096 | AG32: =AF32*7.75 -> 7905.744 | AH32: 46212 | AI32: 邵阳 | AJ32: 系统出单
A33: 46178 | B33: 菲律宾 | C33: Kenix Lin | D33: ANKO (Philippines) | E33: THT1712 | G33: SP002A1 | H33: 冰杯带手柄 | I33: 1902 | J33: 6 | K33: =I33/J33 -> 317 | L33: 46265 | M33: 46265 | Q33: 46213 | R33: 46214 | S33: 46219 | T33: 46155 | U33: 是 | V33: KMART客版 | W33: 无 | X33: {=INDEX(系统货号!C:C,MATCH(1,(系统货号!A:A=G33)*(系统货号!B:B=V33),0))} -> SP002A1-KMART | AB33: 无 | AC33: 28/25 | AD33: 客版包装+客版说明书+新冰袋(圆角)+客验货+无SSCC贴纸+客版包装和Kmart AUS订单的客包装一致+订单需要用60MM宽的，“Anko” logo 胶纸封箱； | AE33: 1.193 | AF33: =I33*AE33 -> 2269.086 | AG33: =AF33*7.75 -> 17585.416 | AH33: 46183 | AI33: 东莞
A34: 46126 | B34: 澳大利亚 | C34: Kenix Lin | D34: KMART (AUS / NZ) | E34: THT1578 | G34: SP002A1 | H34: 冰杯带手柄 | I34: 35100 | J34: 6 | K34: =I34/J34 -> 5850 | L34: 46266 | M34: 46266 | Q34: 46157 | R34: 46161 | S34: 46174 | T34: 46155 | U34: 是 | V34: KMART客版 | W34: 无 | X34: {=INDEX(系统货号!C:C,MATCH(1,(系统货号!A:A=G34)*(系统货号!B:B=V34),0))} -> SP002A1-KMART | Y34: 库存订单塑胶件等部分物料无需再次采购，彩盒、说明书、SSCC外箱贴纸需更换 | AB34: 无 | AC34: 28/25 | AD34: 客版包装+客版说明书+新冰袋+SSCC外箱贴纸+客版日期码28/25+客验货+所有Kmart 订单需要用60MM宽的，“Anko” logo 胶纸封箱； | AE34: 1.189 | AF34: =I34*AE34 -> 41733.9 | AG34: =AF34*7.75 -> 323437.72 | AH34: 46137 | AI34: 东莞
A35: 46126 | B35: 新西兰 | C35: Kenix Lin | D35: KMART (AUS / NZ) | E35: THT1579 | G35: SP002A1 | H35: 冰杯带手柄 | I35: 3510 | J35: 6 | K35: =I35/J35 -> 585 | L35: 46266 | M35: 46266 | Q35: 46157 | R35: 46161 | S35: 46174 | T35: 46155 | U35: 是 | V35: KMART客版 | W35: 无 | X35: {=INDEX(系统货号!C:C,MATCH(1,(系统货号!A:A=G35)*(系统货号!B:B=V35),0))} -> SP002A1-KMART | Y35: 库存订单塑胶件等部分物料无需再次采购，彩盒、说明书、SSCC外箱贴纸需更换 | AB35: 无 | AC35: 28/25 | AD35: 客版包装+客版说明书+新冰袋+SSCC外箱贴纸+客版日期码28/25+客验货+所有Kmart 订单需要用60MM宽的，“Anko” logo 胶纸封箱； | AE35: 1.189 | AF35: =I35*AE35 -> 4173.39 | AG35: =AF35*7.75 -> 32343.772 | AH35: 46137 | AI35: 东莞
A36: 46126 | B36: 澳大利亚 | C36: Kenix Lin | D36: KMART (AUS / NZ) | E36: THT1580 | G36: SP003A2 | H36: 史迪仔冰杯 | I36: 7500 | J36: 6 | K36: =I36/J36 -> 1250 | L36: 46266 | M36: 46266 | Q36: 46157 | R36: 46161 | S36: 46174 | T36: 46155 | U36: 是 | V36: KMART客版 | W36: 无 | X36: {=INDEX(系统货号!C:C,MATCH(1,(系统货号!A:A=G36)*(系统货号!B:B=V36),0))} -> SP003A2-KMART | Y36: 库存订单塑胶件等部分物料无需再次采购，彩盒、说明书、SSCC外箱贴纸需更换 | AB36: 无 | AC36: 28/25 | AD36: 客版包装+客版说明书+新冰袋+SSCC外箱贴纸+客版日期码28/25+客验货+所有Kmart 订单需要用60MM宽的，“Anko” logo 胶纸封箱； | AE36: 1.462 | AF36: =I36*AE36 -> 10965 | AG36: =AF36*7.75 -> 84978.75 | AH36: 46137 | AI36: 东莞
A37: 46126 | B37: 新西兰 | C37: Kenix Lin | D37: KMART (AUS / NZ) | E37: THT1581 | G37: SP003A2 | H37: 史迪仔冰杯 | I37: 750 | J37: 6 | K37: =I37/J37 -> 125 | L37: 46266 | M37: 46266 | Q37: 46157 | R37: 46161 | S37: 46174 | T37: 46155 | U37: 是 | V37: KMART客版 | W37: 无 | X37: {=INDEX(系统货号!C:C,MATCH(1,(系统货号!A:A=G37)*(系统货号!B:B=V37),0))} -> SP003A2-KMART | Y37: 库存订单塑胶件等部分物料无需再次采购，彩盒、说明书、SSCC外箱贴纸需更换 | AB37: 无 | AC37: 28/25 | AD37: 客版包装+客版说明书+新冰袋+SSCC外箱贴纸+客版日期码28/25+客验货+所有Kmart 订单需要用60MM宽的，“Anko” logo 胶纸封箱； | AE37: 1.462 | AF37: =I37*AE37 -> 1096.5 | AG37: =AF37*7.75 -> 8497.875 | AH37: 46137 | AI37: 东莞
A38: 46126 | B38: 澳大利亚 | C38: Kenix Lin | D38: KMART (AUS / NZ) | E38: THT1582 | G38: SP003A3 | H38: 公主冰杯 | I38: 7500 | J38: 6 | K38: =I38/J38 -> 1250 | L38: 46266 | M38: 46266 | Q38: 46157 | R38: 46161 | S38: 46174 | T38: 46155 | U38: 是 | V38: KMART客版 | W38: 无 | X38: {=INDEX(系统货号!C:C,MATCH(1,(系统货号!A:A=G38)*(系统货号!B:B=V38),0))} -> SP003A3-KMART | Y38: 库存订单塑胶件等部分物料无需再次采购，彩盒、说明书、SSCC外箱贴纸需更换 | AB38: 无 | AC38: 28/25 | AD38: 客版包装+客版说明书+新冰袋+SSCC外箱贴纸+客版日期码28/25+客验货+所有Kmart 订单需要用60MM宽的，“Anko” logo 胶纸封箱； | AE38: 1.462 | AF38: =I38*AE38 -> 10965 | AG38: =AF38*7.75 -> 84978.75 | AH38: 46137 | AI38: 东莞
A39: 46126 | B39: 新西兰 | C39: Kenix Lin | D39: KMART (AUS / NZ) | E39: THT1583 | G39: SP003A3 | H39: 公主冰杯 | I39: 750 | J39: 6 | K39: =I39/J39 -> 125 | L39: 46266 | M39: 46266 | Q39: 46157 | R39: 46161 | S39: 46174 | T39: 46155 | U39: 是 | V39: KMART客版 | W39: 无 | X39: {=INDEX(系统货号!C:C,MATCH(1,(系统货号!A:A=G39)*(系统货号!B:B=V39),0))} -> SP003A3-KMART | Y39: 库存订单塑胶件等部分物料无需再次采购，彩盒、说明书、SSCC外箱贴纸需更换 | AB39: 无 | AC39: 28/25 | AD39: 客版包装+客版说明书+新冰袋+SSCC外箱贴纸+客版日期码28/25+客验货+所有Kmart 订单需要用60MM宽的，“Anko” logo 胶纸封箱； | AE39: 1.462 | AF39: =I39*AE39 -> 1096.5 | AG39: =AF39*7.75 -> 8497.875 | AH39: 46137 | AI39: 东莞
A40: 46126 | B40: 澳大利亚 | C40: Kenix Lin | D40: KMART (AUS / NZ) | E40: THT1584 | G40: SP005A1 | H40: 玩具总动员冰杯 | I40: 11100 | J40: 6 | K40: =I40/J40 -> 1850 | L40: 46266 | M40: 46266 | Q40: 46157 | R40: 46161 | S40: 46174 | T40: 46155 | U40: 是 | V40: KMART客版 | W40: 无 | X40: {=INDEX(系统货号!C:C,MATCH(1,(系统货号!A:A=G40)*(系统货号!B:B=V40),0))} -> SP005A1-KMART客版本 | AB40: 无 | AC40: 26/26 | AD40: 客版包装+客版说明书+新冰袋+SSCC外箱贴纸+客版日期码26/26+客验货+所有Kmart 订单需要用60MM宽的，“Anko” logo 胶纸封箱； | AE40: 1.452 | AF40: =I40*AE40 -> 16117.2 | AG40: =AF40*7.75 -> 124908.3 | AH40: 46155 | AI40: 东莞
A41: 46126 | B41: 新西兰 | C41: Kenix Lin | D41: KMART (AUS / NZ) | E41: THT1585 | G41: SP005A1 | H41: 玩具总动员冰杯 | I41: 1110 | J41: 6 | K41: =I41/J41 -> 185 | L41: 46266 | M41: 46266 | Q41: 46157 | R41: 46161 | S41: 46174 | T41: 46155 | U41: 是 | V41: KMART客版 | W41: 无 | X41: {=INDEX(系统货号!C:C,MATCH(1,(系统货号!A:A=G41)*(系统货号!B:B=V41),0))} -> SP005A1-KMART客版本 | AB41: 无 | AC41: 26/26 | AD41: 客版包装+客版说明书+新冰袋+SSCC外箱贴纸+客版日期码26/26+客验货+所有Kmart 订单需要用60MM宽的，“Anko” logo 胶纸封箱； | AE41: 1.452 | AF41: =I41*AE41 -> 1611.72 | AG41: =AF41*7.75 -> 12490.83 | AH41: 46155 | AI41: 东莞
A42: 46126 | B42: 澳大利亚 | C42: Kenix Lin | D42: TARGET AUS | E42: THT1590 | G42: SP002A1 | H42: 冰杯带手柄 | I42: 3900 | J42: 6 | K42: =I42/J42 -> 650 | L42: 46273 | M42: 46273 | Q42: 46157 | R42: 46161 | S42: 46169 | T42: 46155 | U42: 是 | V42: KMART客版 | W42: 无 | X42: {=INDEX(系统货号!C:C,MATCH(1,(系统货号!A:A=G42)*(系统货号!B:B=V42),0))} -> SP002A1-KMART | Y42: 库存订单塑胶件等部分物料无需再次采购，彩盒、说明书、SSCC外箱贴纸需更换 | AB42: 无 | AC42: 28/25 | AD42: 客版包装+客版说明书+新冰袋+SSCC外箱贴纸+客版日期码28/25+客验货+所有Kmart 订单需要用60MM宽的，“Anko” logo 胶纸封箱； | AE42: 1.189 | AF42: =I42*AE42 -> 4637.1 | AG42: =AF42*7.75 -> 35937.525 | AH42: 46137 | AI42: 东莞
A43: 46126 | B43: 澳大利亚 | C43: Kenix Lin | D43: KMART (AUS / NZ) | E43: THT1586 | G43: SP002A1 | H43: 冰杯带手柄 | I43: 11700 | J43: 6 | K43: =I43/J43 -> 1950 | L43: 46293 | M43: 46293 | Q43: 46157 | R43: 46161 | S43: 46174 | T43: 46155 | U43: 是 | V43: KMART客版 | W43: 无 | X43: {=INDEX(系统货号!C:C,MATCH(1,(系统货号!A:A=G43)*(系统货号!B:B=V43),0))} -> SP002A1-KMART | Y43: 库存订单塑胶件等部分物料无需再次采购，彩盒、说明书、SSCC外箱贴纸需更换 | AB43: 无 | AC43: 28/25 | AD43: 客版包装+客版说明书+新冰袋+SSCC外箱贴纸+客版日期码28/25+客验货+所有Kmart 订单需要用60MM宽的，“Anko” logo 胶纸封箱； | AE43: 1.189 | AF43: =I43*AE43 -> 13911.3 | AG43: =AF43*7.75 -> 107812.57 | AH43: 46137 | AI43: 东莞
A44: 46126 | B44: 新西兰 | C44: Kenix Lin | D44: KMART (AUS / NZ) | E44: THT1587 | G44: SP002A1 | H44: 冰杯带手柄 | I44: 1170 | J44: 6 | K44: =I44/J44 -> 195 | L44: 46293 | M44: 46293 | Q44: 46157 | R44: 46161 | S44: 46174 | T44: 46155 | U44: 是 | V44: KMART客版 | W44: 无 | X44: {=INDEX(系统货号!C:C,MATCH(1,(系统货号!A:A=G44)*(系统货号!B:B=V44),0))} -> SP002A1-KMART | Y44: 库存订单塑胶件等部分物料无需再次采购，彩盒、说明书、SSCC外箱贴纸需更换 | AB44: 无 | AC44: 28/25 | AD44: 客版包装+客版说明书+新冰袋+SSCC外箱贴纸+客版日期码28/25+客验货+所有Kmart 订单需要用60MM宽的，“Anko” logo 胶纸封箱； | AE44: 1.189 | AF44: =I44*AE44 -> 1391.13 | AG44: =AF44*7.75 -> 10781.257 | AH44: 46137 | AI44: 东莞
A45: 46126 | B45: 澳大利亚 | C45: Kenix Lin | D45: TARGET AUS | E45: THT1591 | G45: SP002A1 | H45: 冰杯带手柄 | I45: 1302 | J45: 6 | K45: =I45/J45 -> 217 | L45: 46293 | M45: 46293 | Q45: 46157 | R45: 46161 | S45: 46169 | T45: 46155 | U45: 是 | V45: KMART客版 | W45: 无 | X45: {=INDEX(系统货号!C:C,MATCH(1,(系统货号!A:A=G45)*(系统货号!B:B=V45),0))} -> SP002A1-KMART | Y45: 库存订单塑胶件等部分物料无需再次采购，彩盒、说明书、SSCC外箱贴纸需更换 | AB45: 无 | AC45: 28/25 | AD45: 客版包装+客版说明书+新冰袋+SSCC外箱贴纸+客版日期码28/25+客验货+所有Kmart 订单需要用60MM宽的，“Anko” logo 胶纸封箱； | AE45: 1.189 | AF45: =I45*AE45 -> 1548.078 | AG45: =AF45*7.75 -> 11997.604 | AH45: 46137 | AI45: 东莞
A46: 46178 | B46: 台湾 | C46: Kenix Lin | D46: TRU ASIA (TWN / THA/ HKG / SGA / MLY) | E46: THT1699 | G46: BS085D6 | H46: 美人鱼手提包 | I46: 72 | J46: 6 | K46: =I46/J46 -> 12 | L46: 46311 | M46: 46311 | N46: 自检7/7号提供布标 | Q46: 46211 | R46: 46214 | S46: 46219 | T46: 46211 | U46: 是 | V46: TRU客版 | W46: 客版布标 | X46: {=INDEX(系统货号!C:C,MATCH(1,(系统货号!A:A=G46)*(系统货号!B:B=V46),0))} -> BS085D6-TRU | AB46: 100826 | AC46: 100826 | AD46: 客版布标+标准收缩膜+标准传单+客版贴纸+标准CDU+标准银行卡 | AE46: 3.443 | AF46: =I46*AE46 -> 247.896 | AG46: =AF46*7.75 -> 1921.194 | AH46: 46212 | AI46: 邵阳 | AJ46: 系统出单
A47: 46178 | B47: 台湾 | C47: Kenix Lin | D47: TRU ASIA (TWN / THA/ HKG / SGA / MLY) | E47: THT1699 | G47: BS086D6 | H47: 蝴蝶结公主手提包 | I47: 72 | J47: 6 | K47: =I47/J47 -> 12 | L47: 46311 | M47: 46311 | N47: 自检7/7号提供布标 | Q47: 46211 | R47: 46214 | S47: 46219 | T47: 46211 | U47: 是 | V47: TRU客版 | W47: 客版布标 | X47: {=INDEX(系统货号!C:C,MATCH(1,(系统货号!A:A=G47)*(系统货号!B:B=V47),0))} -> BS086D6-TRU | AB47: 100826 | AC47: 100826 | AD47: 客版布标+标准收缩膜+标准传单+客版贴纸+标准CDU+标准银行卡 | AE47: 3.542 | AF47: =I47*AE47 -> 255.024 | AG47: =AF47*7.75 -> 1976.436 | AH47: 46212 | AI47: 邵阳 | AJ47: 系统出单
A48: 46178 | B48: 泰国 | C48: Kenix Lin | D48: TRU ASIA (TWN / THA/ HKG / SGA / MLY) | E48: THT1700 | G48: BS085D6 | H48: 美人鱼手提包 | I48: 24 | J48: 6 | K48: =I48/J48 -> 4 | L48: 46311 | M48: 46311 | N48: 自检7/7号提供布标 | Q48: 46211 | R48: 46214 | S48: 46219 | T48: 46211 | U48: 是 | V48: TRU客版 | W48: 客版布标 | X48: {=INDEX(系统货号!C:C,MATCH(1,(系统货号!A:A=G48)*(系统货号!B:B=V48),0))} -> BS085D6-TRU | AB48: 100826 | AC48: 100826 | AD48: 客版布标+标准收缩膜+标准传单+客版贴纸+标准CDU+标准银行卡 | AE48: 3.443 | AF48: =I48*AE48 -> 82.632 | AG48: =AF48*7.75 -> 640.398 | AH48: 46212 | AI48: 邵阳 | AJ48: 系统出单
A49: 46178 | B49: 泰国 | C49: Kenix Lin | D49: TRU ASIA (TWN / THA/ HKG / SGA / MLY) | E49: THT1700 | G49: BS086D6 | H49: 蝴蝶结公主手提包 | I49: 24 | J49: 6 | K49: =I49/J49 -> 4 | L49: 46311 | M49: 46311 | N49: 自检7/7号提供布标 | Q49: 46211 | R49: 46214 | S49: 46219 | T49: 46211 | U49: 是 | V49: TRU客版 | W49: 客版布标 | X49: {=INDEX(系统货号!C:C,MATCH(1,(系统货号!A:A=G49)*(系统货号!B:B=V49),0))} -> BS086D6-TRU | AB49: 100826 | AC49: 100826 | AD49: 客版布标+标准收缩膜+标准传单+客版贴纸+标准CDU+标准银行卡 | AE49: 3.542 | AF49: =I49*AE49 -> 85.008 | AG49: =AF49*7.75 -> 658.812 | AH49: 46212 | AI49: 邵阳 | AJ49: 系统出单
A50: 46178 | B50: 香港 | C50: Kenix Lin | D50: TRU ASIA (TWN / THA/ HKG / SGA / MLY) | E50: THT1701 | G50: BS085D6 | H50: 美人鱼手提包 | I50: 192 | J50: 6 | K50: =I50/J50 -> 32 | L50: 46311 | M50: 46311 | N50: 自检7/7号提供布标 | Q50: 46211 | R50: 46214 | S50: 46219 | T50: 46211 | U50: 是 | V50: TRU客版 | W50: 客版布标 | X50: {=INDEX(系统货号!C:C,MATCH(1,(系统货号!A:A=G50)*(系统货号!B:B=V50),0))} -> BS085D6-TRU | AB50: 100826 | AC50: 100826 | AD50: 客版布标+标准收缩膜+标准传单+客版贴纸+标准CDU+标准银行卡 | AE50: 3.443 | AF50: =I50*AE50 -> 661.056 | AG50: =AF50*7.75 -> 5123.184 | AH50: 46212 | AI50: 邵阳 | AJ50: 系统出单
A51: 46178 | B51: 香港 | C51: Kenix Lin | D51: TRU ASIA (TWN / THA/ HKG / SGA / MLY) | E51: THT1701 | G51: BS086D6 | H51: 蝴蝶结公主手提包 | I51: 192 | J51: 6 | K51: =I51/J51 -> 32 | L51: 46311 | M51: 46311 | N51: 自检7/7号提供布标 | Q51: 46211 | R51: 46214 | S51: 46219 | T51: 46211 | U51: 是 | V51: TRU客版 | W51: 客版布标 | X51: {=INDEX(系统货号!C:C,MATCH(1,(系统货号!A:A=G51)*(系统货号!B:B=V51),0))} -> BS086D6-TRU | AB51: 100826 | AC51: 100826 | AD51: 客版布标+标准收缩膜+标准传单+客版贴纸+标准CDU+标准银行卡 | AE51: 3.542 | AF51: =I51*AE51 -> 680.064 | AG51: =AF51*7.75 -> 5270.496 | AH51: 46212 | AI51: 邵阳 | AJ51: 系统出单
A52: 46178 | B52: 新加坡 | C52: Kenix Lin | D52: TRU ASIA (TWN / THA/ HKG / SGA / MLY) | E52: THT1702 | G52: BS085D6 | H52: 美人鱼手提包 | I52: 192 | J52: 6 | K52: =I52/J52 -> 32 | L52: 46311 | M52: 46311 | N52: 自检7/7号提供布标 | Q52: 46211 | R52: 46214 | S52: 46219 | T52: 46211 | U52: 是 | V52: TRU客版 | W52: 客版布标 | X52: {=INDEX(系统货号!C:C,MATCH(1,(系统货号!A:A=G52)*(系统货号!B:B=V52),0))} -> BS085D6-TRU | AB52: 100826 | AC52: 100826 | AD52: 客版布标+标准收缩膜+标准传单+客版贴纸+标准CDU+标准银行卡 | AE52: 3.443 | AF52: =I52*AE52 -> 661.056 | AG52: =AF52*7.75 -> 5123.184 | AH52: 46212 | AI52: 邵阳 | AJ52: 系统出单
A53: 46178 | B53: 新加坡 | C53: Kenix Lin | D53: TRU ASIA (TWN / THA/ HKG / SGA / MLY) | E53: THT1702 | G53: BS086D6 | H53: 蝴蝶结公主手提包 | I53: 192 | J53: 6 | K53: =I53/J53 -> 32 | L53: 46311 | M53: 46311 | N53: 自检7/7号提供布标 | Q53: 46211 | R53: 46214 | S53: 46219 | T53: 46211 | U53: 是 | V53: TRU客版 | W53: 客版布标 | X53: {=INDEX(系统货号!C:C,MATCH(1,(系统货号!A:A=G53)*(系统货号!B:B=V53),0))} -> BS086D6-TRU | AB53: 100826 | AC53: 100826 | AD53: 客版布标+标准收缩膜+标准传单+客版贴纸+标准CDU+标准银行卡 | AE53: 3.542 | AF53: =I53*AE53 -> 680.064 | AG53: =AF53*7.75 -> 5270.496 | AH53: 46212 | AI53: 邵阳 | AJ53: 系统出单
A54: 46178 | B54: 马来西亚 | C54: Kenix Lin | D54: TRU ASIA (TWN / THA/ HKG / SGA / MLY) | E54: THT1703 | G54: BS085D6 | H54: 美人鱼手提包 | I54: 192 | J54: 6 | K54: =I54/J54 -> 32 | L54: 46311 | M54: 46311 | N54: 自检7/7号提供布标 | Q54: 46211 | R54: 46214 | S54: 46219 | T54: 46211 | U54: 是 | V54: TRU客版 | W54: 客版布标 | X54: {=INDEX(系统货号!C:C,MATCH(1,(系统货号!A:A=G54)*(系统货号!B:B=V54),0))} -> BS085D6-TRU | AB54: 100826 | AC54: 100826 | AD54: 客版布标+标准收缩膜+标准传单+客版贴纸+标准CDU+标准银行卡 | AE54: 3.443 | AF54: =I54*AE54 -> 661.056 | AG54: =AF54*7.75 -> 5123.184 | AH54: 46212 | AI54: 邵阳 | AJ54: 系统出单
A55: 46178 | B55: 马来西亚 | C55: Kenix Lin | D55: TRU ASIA (TWN / THA/ HKG / SGA / MLY) | E55: THT1703 | G55: BS086D6 | H55: 蝴蝶结公主手提包 | I55: 192 | J55: 6 | K55: =I55/J55 -> 32 | L55: 46311 | M55: 46311 | N55: 自检7/7号提供布标 | Q55: 46211 | R55: 46214 | S55: 46219 | T55: 46211 | U55: 是 | V55: TRU客版 | W55: 客版布标 | X55: {=INDEX(系统货号!C:C,MATCH(1,(系统货号!A:A=G55)*(系统货号!B:B=V55),0))} -> BS086D6-TRU | AB55: 100826 | AC55: 100826 | AD55: 客版布标+标准收缩膜+标准传单+客版贴纸+标准CDU+标准银行卡 | AE55: 3.542 | AF55: =I55*AE55 -> 680.064 | AG55: =AF55*7.75 -> 5270.496 | AH55: 46212 | AI55: 邵阳 | AJ55: 系统出单
A56: 46197 | B56: 日本 | C56: Kenix Lin | D56: TRU JAPAN | E56: THT1739 | G56: BS085D6 | H56: 美人鱼手提包 | I56: 402 | J56: 6 | K56: =I56/J56 -> 67 | L56: 46259 | M56: 46259 | N56: 自检7/7号提供布标 | Q56: 46211 | R56: 46216 | S56: 46219 | T56: 46211 | U56: 是 | V56: TRU客版 | W56: 客版布标 | X56: {=INDEX(系统货号!C:C,MATCH(1,(系统货号!A:A=G56)*(系统货号!B:B=V56),0))} -> BS085D6-TRU | AB56: 100826 | AC56: 100826 | AD56: 客版布标+标准收缩膜+标准传单+标准银行卡+客版贴纸+标准CDU | AE56: 3.443 | AF56: =I56*AE56 -> 1384.086 | AG56: =AF56*7.75 -> 10726.666 | AH56: 46212 | AI56: 邵阳 | AJ56: 系统出单
A57: 46197 | B57: 日本 | C57: Kenix Lin | D57: TRU JAPAN | E57: THT1740 | G57: BS085D6 | H57: 美人鱼手提包 | I57: 558 | J57: 6 | K57: =I57/J57 -> 93 | L57: 46259 | M57: 46259 | N57: 自检7/7号提供布标 | Q57: 46211 | R57: 46216 | S57: 46219 | T57: 46211 | U57: 是 | V57: TRU客版 | W57: 客版布标 | X57: {=INDEX(系统货号!C:C,MATCH(1,(系统货号!A:A=G57)*(系统货号!B:B=V57),0))} -> BS085D6-TRU | AB57: 100826 | AC57: 100826 | AD57: 客版布标+标准收缩膜+标准传单+标准银行卡+客版贴纸+标准CDU | AE57: 3.443 | AF57: =I57*AE57 -> 1921.194 | AG57: =AF57*7.75 -> 14889.254 | AH57: 46212 | AI57: 邵阳 | AJ57: 系统出单
A58: 46197 | B58: 澳大利亚 | C58: Kenix Lin | D58: KMART (AUS / NZ) | E58: THT1747 | G58: BS090D6 | H58: 美人鱼+蝴蝶结混装手提包 | I58: 3000 | J58: 6 | K58: =I58/J58 -> 500 | L58: 46273 | M58: 46273 | Q58: 46220 | R58: 46221 | S58: 46231 | T58: 46220 | U58: 是 | V58: KMART客版 | W58: 标准布标 | X58: {=INDEX(系统货号!C:C,MATCH(1,(系统货号!A:A=G58)*(系统货号!B:B=V58),0))} -> BS090D6-KMART客版本 | AB58: 31/26 | AC58: 31/26 | AD58: 标准布标+客版收缩膜+客版传单+标准银行卡+SSCC贴纸+客版CDU+客版日期码31/26+客验货+所有Kmart 订单需要用60MM宽的，“Anko” logo 胶纸封箱； | AE58: 3.503 | AF58: =I58*AE58 -> 10509 | AG58: =AF58*7.75 -> 81444.75 | AH58: 46203 | AI58: 邵阳 | AJ58: 系统出单
A59: 46197 | B59: 新西兰 | C59: Kenix Lin | D59: KMART (AUS / NZ) | E59: THT1748 | G59: BS090D6 | H59: 美人鱼+蝴蝶结混装手提包 | I59: 396 | J59: 6 | K59: =I59/J59 -> 66 | L59: 46273 | M59: 46273 | Q59: 46220 | R59: 46221 | S59: 46231 | T59: 46220 | U59: 是 | V59: KMART客版 | W59: 标准布标 | X59: {=INDEX(系统货号!C:C,MATCH(1,(系统货号!A:A=G59)*(系统货号!B:B=V59),0))} -> BS090D6-KMART客版本 | AB59: 31/26 | AC59: 31/26 | AD59: 标准布标+客版收缩膜+客版传单+标准银行卡+SSCC贴纸+客版CDU+客版日期码31/26+客验货+所有Kmart 订单需要用60MM宽的，“Anko” logo 胶纸封箱； | AE59: 3.503 | AF59: =I59*AE59 -> 1387.188 | AG59: =AF59*7.75 -> 10750.707 | AH59: 46203 | AI59: 邵阳 | AJ59: 系统出单
A60: 46210 | B60: 加拿大 | C60: Kenix Lin | D60: WALMART CANADA | E60: THT1754 | G60: CZ018E1 | H60: 牙齿怪公仔展示柜 | I60: 9130 | J60: 110 | K60: =I60/J60 -> 83 | L60: 46275 | M60: 46275 | N60: 以下时间禁止推期；9月10日抽办，9月21日验货，9月24日装柜 | O60: 7-9提供客版布标资料 | Q60: 46247 | R60: 46248 | S60: 未确认 | T60: 46233 | U60: 是 | V60: WALMART CANADA客版 | W60: 客版布标 | X60: {=INDEX(系统货号!C:C,MATCH(1,(系统货号!A:A=G60)*(系统货号!B:B=V60),0))} -> CZ018E1-加拿大 | AB60: 260911HS | AC60: 260911HS | AD60: 客版布标+客版吊牌+ RFID贴纸+客版托盘+客验货+9/10WM抽办，禁止推期 | AE60: 4.626 | AF60: =I60*AE60 -> 42235.38 | AG60: =AF60*7.75 -> 327324.2 | AH60: 46219 | AI60: 邵阳 | AJ60: 系统出单
A61: 46231 | B61: 瑞士 | C61: Kenix Lin | D61: MIGROS (SWISS) | E61: THT1536 | G61: CZ017D6 | H61: 按压公仔(泰迪熊&兔&猫) | I61: 4116 | J61: 6 | K61: =I61/J61 -> 686 | L61: 46303 | M61: 46303 | N61: 自检 | Q61: 46237 | R61: 46239 | S61: 46240 | T61: 未提供 | U61: 是 | V61: 标准包装 | W61: 标准布标 | X61: {=INDEX(系统货号!C:C,MATCH(1,(系统货号!A:A=G61)*(系统货号!B:B=V61),0))} -> CZ017D6 | AB61: 260928 HS | AC61: 260928 HS | AD61: 标准布标+标准吊牌+标准CDU+客户CU(产品贴纸)+客(纸箱)贴纸 | AE61: 4.075 | AF61: =I61*AE61 -> 16772.7 | AG61: =AF61*7.75 -> 129988.43 | AH61: 46232
A62: 46231 | B62: 瑞士 | C62: Kenix Lin | D62: MIGROS (SWISS) | E62: THT1536 | G62: CZ022D6 | H62: 按压发声公仔（拉布布） | I62: 4116 | J62: 6 | K62: =I62/J62 -> 686 | L62: 46303 | M62: 46303 | N62: 自检 | Q62: 46237 | R62: 46239 | S62: 46240 | T62: 未提供 | U62: 是 | V62: 标准包装 | W62: 标准布标 | X62: {=INDEX(系统货号!C:C,MATCH(1,(系统货号!A:A=G62)*(系统货号!B:B=V62),0))} -> CZ022D6 | AB62: 260928 HS | AC62: 260928 HS | AD62: 标准布标+标准吊牌+标准CDU+客户CU(产品贴纸)+客(纸箱)贴纸 | AE62: 3.989 | AF62: =I62*AE62 -> 16418.724 | AG62: =AF62*7.75 -> 127245.11 | AH62: 46232
A63: 46248 | B63: 英国 | C63: Kenix Lin | D63: SMYTHS TOYS | E63: THT1762 | G63: BS086D6 | H63: 蝴蝶结公主手提包 | I63: 3576 | J63: 6 | K63: =I63/J63 -> 596 | L63: 46304 | M63: 46304 | Q63: 未提供 | R63: 未提供 | S63: 未确认 | T63: 46170 | U63: 是 | V63: SMYTHS客版 | W63: 客版布标 | X63: {=INDEX(系统货号!C:C,MATCH(1,(系统货号!A:A=G63)*(系统货号!B:B=V63),0))} -> BS086D6-SMYTHS | Y63: 跟之前SMYTHS订单客版资料一样 | AB63: 260930 HS | AC63: 260930 HS | AD63: 客版布标+客版收缩膜+客版传单+标准银行卡+客版CDU+客验货 | AE63: 3.542 | AF63: =I63*AE63 -> 12666.192 | AG63: =AF63*7.75 -> 98162.988 | AH63: 46248
I70: =SUM(I2:I69) -> 218938 | AE70: =SUM(AE2:AE69) -> 161.185 | AF70: =SUM(AF2:AF69) -> 395655.08 | AG70: =SUM(AG2:AG69) -> 3066326.9

Sheet 印尼总排期
A1: 接单日期 | B1: 国家 | C1: 客跟单 | D1: 客户名称 （第三方客名） | E1: 订单PO.NO | F1: 客PO.NO | G1: ITEM NO | H1: 名称 | I1: 数量 | J1: 装箱数 | K1: 总箱数 | L1: 计划PO出货期 | M1: 计划验货期 | N1: 第三方 验货期 | O1: 验货结果 | P1: 船期SO （截仓时间） | Q1: 箱唛资料 提供时间 | R1: 箱唛打稿 完成时间 | S1: 箱唛打稿 确认时间 | T1: 客贴纸档案 提供时间 | U1: 包装资料是否提供 | V1: 包装档案 版本 | W1: 布标版本 | X1: 系统货号 | Y1: 是否翻单 | Z1: 是否寄出签办 | AA1: 客供物料 | AB1: 布标日期码 | AC1: 产品、包装 日期码 | AD1: 备注 | AE1: 单价USD | AF1: 总金额USD | AG1: 总金额HK$ | AH1: 是否入系统 | AI1: 下单明细 | AJ1: 送回数量 | AK1: 欠数 | AL1: 贴纸 | AM1: 湖南回复完成时间 | AN1: 询单备料情况
X2: {=INDEX(系统货号!C:C,MATCH(1,(系统货号!A:A=G2)*(系统货号!B:B=V2),0))} -> 0
X3: {=INDEX(系统货号!C:C,MATCH(1,(系统货号!A:A=G3)*(系统货号!B:B=V3),0))} -> 0
X4: {=INDEX(系统货号!C:C,MATCH(1,(系统货号!A:A=G4)*(系统货号!B:B=V4),0))} -> 0
X5: {=INDEX(系统货号!C:C,MATCH(1,(系统货号!A:A=G5)*(系统货号!B:B=V5),0))} -> 0
X6: {=INDEX(系统货号!C:C,MATCH(1,(系统货号!A:A=G6)*(系统货号!B:B=V6),0))} -> 0
I7: =SUM(I2:I6) -> 0 | X7: {=INDEX(系统货号!C:C,MATCH(1,(系统货号!A:A=G7)*(系统货号!B:B=V7),0))} -> 0 | AE7: =SUM(AE2:AE6) -> 0 | AF7: =SUM(AF2:AF6) -> 0 | AG7: =SUM(AG2:AG6) -> 0

Sheet 已走货
A1: 接单日期 | B1: 国家 | C1: 客跟单 | D1: 客户名称 （第三方客名） | E1: 订单PO.NO | F1: 客PO.NO | G1: ITEM NO | H1: 名称 | I1: 数量 | J1: 装箱数 | K1: 总箱数 | L1: 计划PO出货期 | M1: 计划验货期 | N1: 第三方 验货期 | O1: 验货结果 | P1: 船期SO （截仓时间） | Q1: 箱唛资料 提供时间 | R1: 箱唛打稿 完成时间 | S1: 箱唛打稿 确认时间 | T1: 客贴纸档案 提供时间 | U1: 按资料提供时间预计完成时间 | V1: 包装资料是否提供 | W1: 包装档案 版本 | X1: 布标版本 | Y1: 系统货号 | Z1: 是否寄出签办 | AA1: 客供物料 | AB1: 布标日期码 | AC1: 产品、包装 日期码 | AD1: 备注 | AE1: 单价USD | AF1: 总金额USD | AG1: 总金额HK$ | AH1: 是否入系统 | AI1: 下单明细 | AJ1: 送回数量 | AK1: 欠数 | AL1: 贴纸 | AM1: 湖南回复完成时间 | AN1: 询单备料情况 | AO1: 发票号 | AP1: 发票日期 | AQ1: 出货日期
A2: 45954 | B2: 美国 | C2: Kenix Lin | D2: Wal-Mart Inc. USA | E2: THT1430 | F2: 950881599 | G2: CZ021D1 | H2: 按压发声公仔（兔） | I2: 7656 | J2: 6 | K2: =I2/J2 -> 1276 | L2: 46008 | M2: 46008 | P2: 46027 | V2: WM客版 （印尼） | W2: WM客版布标 （印尼） | X2: {=INDEX(系统货号!C:C,MATCH(1,(系统货号!A:A=G2)*(系统货号!B:B=V2),0))} -> CZ021D1-WM客版（印尼） | AB2: 09/25 | AC2: 09/25 | AD2: 标准CDU+客版吊牌（WM印尼版）+客布标（WM印尼版）+RFID产品贴纸+AD外箱贴纸+日期码格式：09/25+客验货 | AE2: 3.77 | AF2: =I2*AE2 -> 28863.12 | AG2: =AF2*7.75 -> 223689.18 | AO2: FE61268 | AP2: 46027 | AQ2: 46027
A3: 45954 | B3: 美国 | C3: Kenix Lin | D3: Wal-Mart Inc. USA | E3: THT1430 | F3: 950881599 | G3: CZ021D2 | H3: 按压发声公仔（鸭） | I3: 3828 | J3: 6 | K3: =I3/J3 -> 638 | L3: 46008 | M3: 46008 | P3: 46027 | V3: WM客版 （印尼） | W3: WM客版布标 （印尼） | X3: {=INDEX(系统货号!C:C,MATCH(1,(系统货号!A:A=G3)*(系统货号!B:B=V3),0))} -> CZ021D2-WM客版（印尼） | AB3: 09/25 | AC3: 09/25 | AD3: 标准CDU+客版吊牌（WM印尼版）+客布标（WM印尼版）+RFID产品贴纸+AD外箱贴纸+日期码格式：09/25+客验货 | AE3: 3.77 | AF3: =I3*AE3 -> 14431.56 | AG3: =AF3*7.75 -> 111844.59 | AO3: FE61268 | AP3: 46027 | AQ3: 46027
A4: 45954 | B4: 美国 | C4: Kenix Lin | D4: Wal-Mart Inc. USA | E4: THT1430 | F4: 950881599 | G4: CZ021D3 | H4: 按压发声公仔（牛） | I4: 1914 | J4: 6 | K4: =I4/J4 -> 319 | L4: 46008 | M4: 46008 | P4: 46027 | V4: WM客版 （印尼） | W4: WM客版布标 （印尼） | X4: {=INDEX(系统货号!C:C,MATCH(1,(系统货号!A:A=G4)*(系统货号!B:B=V4),0))} -> CZ021D3-WM客版（印尼） | AB4: 09/25 | AC4: 09/25 | AD4: 标准CDU+客版吊牌（WM印尼版）+客布标（WM印尼版）+RFID产品贴纸+AD外箱贴纸+日期码格式：09/25+客验货 | AE4: 3.77 | AF4: =I4*AE4 -> 7215.78 | AG4: =AF4*7.75 -> 55922.295 | AO4: FE61268 | AP4: 46027 | AQ4: 46027
A5: 45954 | B5: 美国 | C5: Kenix Lin | D5: Wal-Mart Inc. USA | E5: THT1430 | F5: 950881599 | G5: CZ021D4 | H5: 按压发声公仔（羊） | I5: 1914 | J5: 6 | K5: =I5/J5 -> 319 | L5: 46008 | M5: 46008 | P5: 46027 | V5: WM客版 （印尼） | W5: WM客版布标 （印尼） | X5: {=INDEX(系统货号!C:C,MATCH(1,(系统货号!A:A=G5)*(系统货号!B:B=V5),0))} -> CZ021D4-WM客版（印尼） | AB5: 09/25 | AC5: 09/25 | AD5: 标准CDU+客版吊牌（WM印尼版）+客布标（WM印尼版）+RFID产品贴纸+AD外箱贴纸+日期码格式：09/25+客验货 | AE5: 3.77 | AF5: =I5*AE5 -> 7215.78 | AG5: =AF5*7.75 -> 55922.295 | AO5: FE61268 | AP5: 46027 | AQ5: 46027
A6: 45960 | B6: 丹麦 | C6: Kenix Lin | D6: LINIEX APS | E6: THT1435 | G6: BS064D1 | H6: MINI手提包系列 | I6: 7008 | J6: 12 | K6: =I6/J6 -> 584 | L6: 46014 | M6: 46014 | N6: 12-23客验货 | P6: 46027 | Q6: 45980 | R6: 45982 | S6: 45982 | T6: 与之前THT1214订单相同 | U6: 是 | V6: 标准包装 | W6: 无 | X6: {=INDEX(系统货号!C:C,MATCH(1,(系统货号!A:A=G6)*(系统货号!B:B=V6),0))} -> BS064D1 | Y6: 包装跟之前THT1214订单相同 | AB6: 无 | AC6: 2750-1225 | AD6: 标准吊牌+标准说明书+标准传单+客版贴纸+标准CDU+客验货 | AE6: 1.38 | AF6: =I6*AE6 -> 9671.04 | AG6: =AF6*7.75 -> 74950.56 | AH6: 45968 | AO6: FE61269 | AP6: 46028 | AQ6: 46027
A7: 45960 | B7: 丹麦 | C7: Kenix Lin | D7: LINIEX APS | E7: THT1435 | G7: BS065D6 | H7: 手提包狗系列 | I7: 2004 | J7: 6 | K7: =I7/J7 -> 334 | L7: 46014 | M7: 46014 | N7: 12-23客验货 | P7: 46027 | Q7: 45980 | R7: 45982 | S7: 45982 | T7: 与之前THT1316订单相同 | U7: 是 | V7: 标准包装 | W7: 标准布标 | X7: {=INDEX(系统货号!C:C,MATCH(1,(系统货号!A:A=G7)*(系统货号!B:B=V7),0))} -> BS065D6 | Y7: 包装跟之前THT1214订单相同 | AB7: 2750-1225 | AC7: 2750-1225 | AD7: 标准布标+标准收缩膜+标准说明书+标准传单+客版贴纸+标准CDU+客验货 | AE7: 2.969 | AF7: =I7*AE7 -> 5949.876 | AG7: =AF7*7.75 -> 46111.539 | AH7: 45968 | AI7: 系统出单 | AJ7: =1578+408+18 -> 2004 | AK7: =AJ7-I7 -> 0 | AL7: OK | AO7: FE61269 | AP7: 46028 | AQ7: 46027
A8: 45960 | B8: 丹麦 | C8: Kenix Lin | D8: LINIEX APS | E8: THT1435 | G8: BS074D6 | H8: 独角兽手提包 | I8: 3198 | J8: 6 | K8: =I8/J8 -> 533 | L8: 46014 | M8: 46014 | N8: 12-23客验货 | P8: 46027 | Q8: 45980 | R8: 45982 | S8: 45982 | T8: 45980 | U8: 是 | V8: 标准包装 | W8: 无 | X8: {=INDEX(系统货号!C:C,MATCH(1,(系统货号!A:A=G8)*(系统货号!B:B=V8),0))} -> BS074D6 | Y8: 否 | AB8: 无 | AC8: 2750-1225 | AD8: 标准收缩膜+标准说明书+标准传单+标准CDU+指甲油贴纸+收缩膜贴纸（贴纸日期码：171125）+客验货+质量保证样品2套CDU | AE8: 2.993 | AF8: =I8*AE8 -> 9571.614 | AG8: =AF8*7.75 -> 74180.008 | AH8: 45968 | AI8: 系统出单 | AJ8: =3036+162 -> 3198 | AK8: =AJ8-I8 -> 0 | AL8: OK | AO8: FE61269 | AP8: 46028 | AQ8: 46027
A9: 45960 | B9: 丹麦 | C9: Kenix Lin | D9: LINIEX APS | E9: THT1435 | G9: BS067D1 | H9: 手提包猫系列 | I9: 2400 | J9: 6 | K9: =I9/J9 -> 400 | L9: 46014 | M9: 46014 | N9: 12-23客验货 | P9: 46027 | Q9: 45980 | R9: 45982 | S9: 45982 | T9: 与之前THT1316订单相同 | U9: 是 | V9: 标准包装 | W9: 标准布标 | X9: {=INDEX(系统货号!C:C,MATCH(1,(系统货号!A:A=G9)*(系统货号!B:B=V9),0))} -> BS067D1 | Y9: 包装跟之前THT1214订单相同 | AB9: 2750-1225 | AC9: 2750-1225 | AD9: 标准布标+标准收缩膜+标准说明书+标准传单+客版贴纸+标准CDU+客验货 | AE9: 2.971 | AF9: =I9*AE9 -> 7130.4 | AG9: =AF9*7.75 -> 55260.6 | AH9: 45968 | AI9: 系统出单 | AJ9: =2244+132+24 -> 2400 | AK9: =AJ9-I9 -> 0 | AL9: OK | AO9: FE61269 | AP9: 46028 | AQ9: 46027
A10: 45966 | B10: 葡萄牙 | C10: Kenix Lin | D10: CREATIVE TOYS (PORTUGAL) | E10: THT1436A | G10: BS068D12 | H10: MINI猫+狗手提包系列 | I10: 14004 | J10: 12 | K10: =I10/J10 -> 1167 | L10: 46021 | M10: 46021 | P10: 1/2-1/5 | Q10: 45982 | R10: 45994 | S10: 45994 | T10: 45982 | U10: 是 | V10: 葡萄牙客版 | W10: 无 | X10: {=INDEX(系统货号!C:C,MATCH(1,(系统货号!A:A=G10)*(系统货号!B:B=V10),0))} -> BS068D12-葡萄牙客版 | Y10: 否 | AB10: 无 | AC10: 251209 HS | AD10: 客版吊牌+客版传单+客版CDU+唇彩贴纸（贴纸日期码：171125） | AE10: 1.469 | AF10: =I10*AE10 -> 20571.876 | AG10: =AF10*7.75 -> 159432.04 | AH10: 45974 | AO10: FE61270 | AP10: 46028 | AQ10: 46027
A11: 45966 | B11: 葡萄牙 | C11: Kenix Lin | D11: CREATIVE TOYS (PORTUGAL) | E11: THT1436A | G11: BS074D6 | H11: 独角兽手提包 | I11: 6000 | J11: 6 | K11: =I11/J11 -> 1000 | L11: 46021 | M11: 46021 | P11: 1/2-1/5 | Q11: 45982 | R11: 45994 | S11: 45994 | T11: 45982 | U11: 是 | V11: 葡萄牙客版 | W11: 无 | X11: {=INDEX(系统货号!C:C,MATCH(1,(系统货号!A:A=G11)*(系统货号!B:B=V11),0))} -> BS074D6-葡萄牙客版 | Y11: 否 | AB11: 无 | AC11: 251209 HS | AD11: 客版收缩膜（已提供）+客版传单+客版CDU（收缩膜、传单按实单数量采购）+指甲油贴纸+收缩膜贴纸（贴纸日期码：171125） | AE11: 2.942 | AF11: =I11*AE11 -> 17652 | AG11: =AF11*7.75 -> 136803 | AH11: 45971 | AI11: 系统出单 | AO11: FE61270 | AP11: 46028 | AQ11: 46027
A12: 45966 | B12: 葡萄牙 | C12: Kenix Lin | D12: CREATIVE TOYS (PORTUGAL) | E12: THT1436A | G12: CZ006D6 | H12: 按压发声公仔（6款混装） | I12: 4002 | J12: 6 | K12: =I12/J12 -> 667 | L12: 46021 | M12: 46021 | P12: 1/2-1/5 | Q12: 45982 | R12: 45994 | S12: 45994 | T12: 45982 | U12: 是 | V12: 葡萄牙客版 | W12: 客版布标 | X12: {=INDEX(系统货号!C:C,MATCH(1,(系统货号!A:A=G12)*(系统货号!B:B=V12),0))} -> CZ006D6-葡萄牙客版 | Y12: 否 | AB12: 251209 HS | AC12: 251209 HS | AD12: 客版吊牌+标准CDU+客版布标（已提供）（吊牌按实单数量采购） | AE12: 3.855 | AF12: =I12*AE12 -> 15427.71 | AG12: =AF12*7.75 -> 119564.75 | AH12: 45971 | AI12: 系统出单 | AJ12: 4002 | AK12: =AJ12-I12 -> 0 | AO12: FE61270 | AP12: 46028 | AQ12: 46027
A13: 45954 | B13: 美国 | C13: Kenix Lin | D13: Wal-Mart Inc. USA | E13: THT1433 | F13: 950881614 | G13: CZ021D1 | H13: 按压发声公仔（兔） | I13: 7968 | J13: 6 | K13: =I13/J13 -> 1328 | L13: 46008 | M13: 46008 | P13: 46034 | V13: WM客版 （印尼） | W13: WM客版布标 （印尼） | X13: {=INDEX(系统货号!C:C,MATCH(1,(系统货号!A:A=G13)*(系统货号!B:B=V13),0))} -> CZ021D1-WM客版（印尼） | AB13: 09/25 | AC13: 09/25 | AD13: 标准CDU+客版吊牌（WM印尼版）+客布标（WM印尼版）+RFID产品贴纸+AD外箱贴纸+日期码格式：09/25+客验货 | AE13: 3.77 | AF13: =I13*AE13 -> 30039.36 | AG13: =AF13*7.75 -> 232805.04 | AO13: FE61271 | AP13: 46034 | AQ13: 46031
A14: 45954 | B14: 美国 | C14: Kenix Lin | D14: Wal-Mart Inc. USA | E14: THT1433 | F14: 950881614 | G14: CZ021D2 | H14: 按压发声公仔（鸭） | I14: 3984 | J14: 6 | K14: =I14/J14 -> 664 | L14: 46008 | M14: 46008 | P14: 46034 | V14: WM客版 （印尼） | W14: WM客版布标 （印尼） | X14: {=INDEX(系统货号!C:C,MATCH(1,(系统货号!A:A=G14)*(系统货号!B:B=V14),0))} -> CZ021D2-WM客版（印尼） | AB14: 09/25 | AC14: 09/25 | AD14: 标准CDU+客版吊牌（WM印尼版）+客布标（WM印尼版）+RFID产品贴纸+AD外箱贴纸+日期码格式：09/25+客验货 | AE14: 3.77 | AF14: =I14*AE14 -> 15019.68 | AG14: =AF14*7.75 -> 116402.52 | AO14: FE61271 | AP14: 46034 | AQ14: 46031
A15: 45954 | B15: 美国 | C15: Kenix Lin | D15: Wal-Mart Inc. USA | E15: THT1433 | F15: 950881614 | G15: CZ021D3 | H15: 按压发声公仔（牛） | I15: 1992 | J15: 6 | K15: =I15/J15 -> 332 | L15: 46008 | M15: 46008 | P15: 46034 | V15: WM客版 （印尼） | W15: WM客版布标 （印尼） | X15: {=INDEX(系统货号!C:C,MATCH(1,(系统货号!A:A=G15)*(系统货号!B:B=V15),0))} -> CZ021D3-WM客版（印尼） | AB15: 09/25 | AC15: 09/25 | AD15: 标准CDU+客版吊牌（WM印尼版）+客布标（WM印尼版）+RFID产品贴纸+AD外箱贴纸+日期码格式：09/25+客验货 | AE15: 3.77 | AF15: =I15*AE15 -> 7509.84 | AG15: =AF15*7.75 -> 58201.26 | AO15: FE61271 | AP15: 46034 | AQ15: 46031
A16: 45954 | B16: 美国 | C16: Kenix Lin | D16: Wal-Mart Inc. USA | E16: THT1433 | F16: 950881614 | G16: CZ021D4 | H16: 按压发声公仔（羊） | I16: 1992 | J16: 6 | K16: =I16/J16 -> 332 | L16: 46008 | M16: 46008 | P16: 46034 | V16: WM客版 （印尼） | W16: WM客版布标 （印尼） | X16: {=INDEX(系统货号!C:C,MATCH(1,(系统货号!A:A=G16)*(系统货号!B:B=V16),0))} -> CZ021D4-WM客版（印尼） | AB16: 09/25 | AC16: 09/25 | AD16: 标准CDU+客版吊牌（WM印尼版）+客布标（WM印尼版）+RFID产品贴纸+AD外箱贴纸+日期码格式：09/25+客验货 | AE16: 3.77 | AF16: =I16*AE16 -> 7509.84 | AG16: =AF16*7.75 -> 58201.26 | AO16: FE61271 | AP16: 46034 | AQ16: 46031
A17: 45954 | B17: 美国 | C17: Kenix Lin | D17: Wal-Mart Inc. USA | E17: THT1434 | F17: 950881612 | G17: CZ021D1 | H17: 按压发声公仔（兔） | I17: 5736 | J17: 6 | K17: =I17/J17 -> 956 | L17: 46008 | M17: 46008 | P17: 46035 | V17: WM客版 （印尼） | W17: WM客版布标 （印尼） | X17: {=INDEX(系统货号!C:C,MATCH(1,(系统货号!A:A=G17)*(系统货号!B:B=V17),0))} -> CZ021D1-WM客版（印尼） | AB17: 09/25 | AC17: 09/25 | AD17: 标准CDU+客版吊牌（WM印尼版）+客布标（WM印尼版）+RFID产品贴纸+AD外箱贴纸+日期码格式：09/25+客验货 | AE17: 3.77 | AF17: =I17*AE17 -> 21624.72 | AG17: =AF17*7.75 -> 167591.58 | AO17: FE61272 | AP17: 46034 | AQ17: 46034
A18: 45954 | B18: 美国 | C18: Kenix Lin | D18: Wal-Mart Inc. USA | E18: THT1434 | F18: 950881612 | G18: CZ021D2 | H18: 按压发声公仔（鸭） | I18: 2868 | J18: 6 | K18: =I18/J18 -> 478 | L18: 46008 | M18: 46008 | P18: 46035 | V18: WM客版 （印尼） | W18: WM客版布标 （印尼） | X18: {=INDEX(系统货号!C:C,MATCH(1,(系统货号!A:A=G18)*(系统货号!B:B=V18),0))} -> CZ021D2-WM客版（印尼） | AB18: 09/25 | AC18: 09/25 | AD18: 标准CDU+客版吊牌（WM印尼版）+客布标（WM印尼版）+RFID产品贴纸+AD外箱贴纸+日期码格式：09/25+客验货 | AE18: 3.77 | AF18: =I18*AE18 -> 10812.36 | AG18: =AF18*7.75 -> 83795.79 | AO18: FE61272 | AP18: 46034 | AQ18: 46034
A19: 45954 | B19: 美国 | C19: Kenix Lin | D19: Wal-Mart Inc. USA | E19: THT1434 | F19: 950881612 | G19: CZ021D3 | H19: 按压发声公仔（牛） | I19: 1434 | J19: 6 | K19: =I19/J19 -> 239 | L19: 46008 | M19: 46008 | P19: 46035 | V19: WM客版 （印尼） | W19: WM客版布标 （印尼） | X19: {=INDEX(系统货号!C:C,MATCH(1,(系统货号!A:A=G19)*(系统货号!B:B=V19),0))} -> CZ021D3-WM客版（印尼） | AB19: 09/25 | AC19: 09/25 | AD19: 标准CDU+客版吊牌（WM印尼版）+客布标（WM印尼版）+RFID产品贴纸+AD外箱贴纸+日期码格式：09/25+客验货 | AE19: 3.77 | AF19: =I19*AE19 -> 5406.18 | AG19: =AF19*7.75 -> 41897.895 | AO19: FE61272 | AP19: 46034 | AQ19: 46034
A20: 45954 | B20: 美国 | C20: Kenix Lin | D20: Wal-Mart Inc. USA | E20: THT1434 | F20: 950881612 | G20: CZ021D4 | H20: 按压发声公仔（羊） | I20: 1434 | J20: 6 | K20: =I20/J20 -> 239 | L20: 46008 | M20: 46008 | P20: 46035 | V20: WM客版 （印尼） | W20: WM客版布标 （印尼） | X20: {=INDEX(系统货号!C:C,MATCH(1,(系统货号!A:A=G20)*(系统货号!B:B=V20),0))} -> CZ021D4-WM客版（印尼） | AB20: 09/25 | AC20: 09/25 | AD20: 标准CDU+客版吊牌（WM印尼版）+客布标（WM印尼版）+RFID产品贴纸+AD外箱贴纸+日期码格式：09/25+客验货 | AE20: 3.77 | AF20: =I20*AE20 -> 5406.18 | AG20: =AF20*7.75 -> 41897.895 | AO20: FE61272 | AP20: 46034 | AQ20: 46034
A21: 46015 | B21: 澳大利亚 | C21: Kenix Lin | D21: KMART (AUS / NZ) | E21: THT1478 | G21: PF001A1 | H21: 马桶遥控车 | I21: 712 | J21: 4 | K21: =I21/J21 -> 178 | L21: 46045 | M21: 46045 | N21: 46048 | P21: 1/28-2/2 | Q21: 46015 | R21: 46016 | S21: 46017 | T21: 46015 | U21: 是 | V21: KMART客版 | W21: 无 | X21: {=INDEX(系统货号!C:C,MATCH(1,(系统货号!A:A=G21)*(系统货号!B:B=V21),0))} -> PF001A1-KMART | Y21: 包装跟之前的KMART订单，包装档案如有日期码需修改，除SSCC贴纸外 | AB21: 无 | AC21: 30/25 | AD21: 客版包装+客版说明书+SSCC外箱贴纸+客版日期码30/25+客验货+所有Kmart 订单需要用60MM宽的，“Anko” logo 胶纸封箱； | AE21: 10.262 | AF21: =I21*AE21 -> 7306.544 | AG21: =AF21*7.75 -> 56625.716 | AH21: 46020 | AI21: 系统出单 | AJ21: =648+64 -> 712 | AK21: =AJ21-I21 -> 0 | AO21: FE61273 | AP21: 46052 | AQ21: 46050
A22: 46015 | B22: 新西兰 | C22: Kenix Lin | D22: KMART (AUS / NZ) | E22: THT1479 | G22: PF001A1 | H22: 马桶遥控车 | I22: 80 | J22: 4 | K22: =I22/J22 -> 20 | L22: 46045 | M22: 46045 | N22: 46048 | P22: 1/28-2/2 | Q22: 46015 | R22: 46016 | S22: 46017 | T22: 46015 | U22: 是 | V22: KMART客版 | W22: 无 | X22: {=INDEX(系统货号!C:C,MATCH(1,(系统货号!A:A=G22)*(系统货号!B:B=V22),0))} -> PF001A1-KMART | Y22: 包装跟之前的KMART订单，包装档案如有日期码需修改，除SSCC贴纸外 | AB22: 无 | AC22: 30/25 | AD22: 客版包装+客版说明书+SSCC外箱贴纸+客版日期码30/25+客验货+所有Kmart 订单需要用60MM宽的，“Anko” logo 胶纸封箱； | AE22: 10.262 | AF22: =I22*AE22 -> 820.96 | AG22: =AF22*7.75 -> 6362.44 | AH22: 46020 | AI22: 系统出单 | AJ22: 80 | AK22: =AJ22-I22 -> 0 | AO22: FE61274 | AP22: 46052 | AQ22: 46050
A23: 45968 | B23: 澳大利亚 | C23: Kenix Lin | D23: KMART (AUS / NZ) | E23: THT1450 | G23: MZ002D6 | H23: 鲨鱼实验室2 | I23: 1686 | J23: 6 | K23: =I23/J23 -> 281 | L23: 46044 | M23: 46044 | N23: 46048 | Q23: 46010 | R23: 46010 | S23: 46017 | T23: 46010 | U23: 是 | V23: 标准KMART包装 | W23: 无 | X23: {=INDEX(系统货号!C:C,MATCH(1,(系统货号!A:A=G23)*(系统货号!B:B=V23),0))} -> MZ002D6-标准KMART版 | Y23: 包装跟之前的KMART订单，除SSCC贴纸外 | AB23: 45/25 | AC23: 45/25 | AD23: 标准包装+标准说明书+Kmart客版条码贴纸+标准CDU+SSCC外箱贴纸+客版日期码45/25+客验货+所有Kmart 订单需要用60MM宽的，“Anko” logo 胶纸封箱； | AE23: 3.958 | AF23: =I23*AE23 -> 6673.188 | AG23: =AF23*7.75 -> 51717.207 | AH23: 45968 | AO23: FE61275 | AP23: 46058 | AQ23: 46057
A24: 45968 | B24: 新西兰 | C24: Kenix Lin | D24: KMART (AUS / NZ) | E24: THT1451 | G24: MZ002D6 | H24: 鲨鱼实验室2 | I24: 114 | J24: 6 | K24: =I24/J24 -> 19 | L24: 46044 | M24: 46044 | N24: 46048 | Q24: 46010 | R24: 46010 | S24: 46017 | T24: 46010 | U24: 是 | V24: 标准KMART包装 | W24: 无 | X24: {=INDEX(系统货号!C:C,MATCH(1,(系统货号!A:A=G24)*(系统货号!B:B=V24),0))} -> MZ002D6-标准KMART版 | Y24: 包装跟之前的KMART订单，除SSCC贴纸外 | AB24: 45/25 | AC24: 45/25 | AD24: 标准包装+标准说明书+Kmart客版条码贴纸+标准CDU+SSCC外箱贴纸+客版日期码45/25+客验货+所有Kmart 订单需要用60MM宽的，“Anko” logo 胶纸封箱； | AE24: 3.958 | AF24: =I24*AE24 -> 451.212 | AG24: =AF24*7.75 -> 3496.893 | AH24: 45968 | AO24: FE61276 | AP24: 46058 | AQ24: 46057
A25: 46008 | B25: 克罗地亚 | C25: Kenix Lin | D25: Talent Show d.o.o. (Croatia) | E25: THT1471A | G25: ZC006A1 | H25: 冰杯 | I25: 3948 | J25: 6 | K25: =I25/J25 -> 658 | L25: 46045 | M25: 46045 | O25: PASS | P25: 46058 | Q25: 46008 | R25: 46009 | S25: 46010 | T25: 46386 | U25: 是 | V25: 克罗地亚客版 | W25: 无 | X25: {=INDEX(系统货号!C:C,MATCH(1,(系统货号!A:A=G25)*(系统货号!B:B=V25),0))} -> ZC006A1-克罗地亚客版 | Y25: 否 | AB25: 无 | AC25: 260114 HS | AD25: 新版标准彩盒+客版贴纸+客版说明书+新冰粒 | AE25: 1.15 | AF25: =I25*AE25 -> 4540.2 | AG25: =AF25*7.75 -> 35186.55 | AH25: 46008 | AO25: FE61277 | AP25: 46058 | AQ25: 46057
A26: 45994 | B26: 加拿大 | C26: Kenix Lin | D26: GROUPE RICOCHET INC. (CANADA) | E26: THT1452A | G26: CZ018D6 | H26: 按压发声公仔（一代牙齿怪） | I26: 5004 | J26: 6 | K26: =I26/J26 -> 834 | L26: 46052 | M26: 46052 | N26: 客要求提供自检报告时间1-28 | O26: PASS | P26: 46059 | Q26: 46008 | R26: 46009 | S26: 46010 | T26: 46008 | U26: 是 | V26: 加拿大客版 | W26: 客版布标 | X26: {=INDEX(系统货号!C:C,MATCH(1,(系统货号!A:A=G26)*(系统货号!B:B=V26),0))} -> CZ018D6-加拿大客版 | Y26: 否 | AB26: C251024 1450 | AC26: C251024 1450 | AD26: 客版布标+客版吊牌+客版CDU+客日期码 | AE26: 3.905 | AF26: =I26*AE26 -> 19540.62 | AG26: =AF26*7.75 -> 151439.8 | AH26: 46000 | AI26: 系统出单 | AJ26: =2280+2706 -> 4986 | AK26: =AJ26-I26 -> -18 | AO26: FE61278 | AP26: 46059 | AQ26: 46057
A27: 45974 | B27: 以色列 | C27: Kenix Lin | D27: TOYRRIFIC (ISRAEL) | E27: THT1453 | G27: BS082D6 | H27: 二代独角兽手提包 | I27: 4110 | J27: 6 | K27: =I27/J27 -> 685 | L27: 46053 | M27: 46053 | P27: 46059 | Q27: 46008 | R27: 46010 | S27: 46387 | T27: 46001 | U27: 是 | V27: 以色列客版 | W27: 标准布标 | X27: {=INDEX(系统货号!C:C,MATCH(1,(系统货号!A:A=G27)*(系统货号!B:B=V27),0))} -> BS082D6-以色列客版 | Y27: 否 | AB27: 260112 HS | AC27: 260112 HS | AD27: 标准包装+标准布标+客版说明书+客贴纸 | AE27: 3.283 | AF27: =I27*AE27 -> 13493.13 | AG27: =AF27*7.75 -> 104571.76 | AH27: 45979 | AI27: 系统出单 | AJ27: =3594+516 -> 4110 | AK27: =AJ27-I27 -> 0 | AL27: OK | AO27: FE61279 | AP27: 46059 | AQ27: 46059
A28: 45974 | B28: 以色列 | C28: Kenix Lin | D28: TOYRRIFIC (ISRAEL) | E28: THT1453 | G28: BS065D6 | H28: 手提包狗系列 | I28: 4110 | J28: 6 | K28: =I28/J28 -> 685 | L28: 46053 | M28: 46053 | P28: 46059 | Q28: 46008 | R28: 46010 | S28: 46387 | T28: 46001 | U28: 是 | V28: 以色列客版 | W28: 标准布标 | X28: {=INDEX(系统货号!C:C,MATCH(1,(系统货号!A:A=G28)*(系统货号!B:B=V28),0))} -> BS065D6-以色列客版 | Y28: 否 | AB28: 260112 HS | AC28: 260112 HS | AD28: 标准包装+标准布标+客版说明书+客贴纸 | AE28: 2.969 | AF28: =I28*AE28 -> 12202.59 | AG28: =AF28*7.75 -> 94570.072 | AH28: 45979 | AI28: 系统出单 | AJ28: =4092+18 -> 4110 | AK28: =AJ28-I28 -> 0 | AL28: OK | AO28: FE61279 | AP28: 46059 | AQ28: 46059
A29: 45983 | B29: 德国 | C29: Kenix Lin | D29: ROFU (GERMANY) | E29: THT1454 | G29: CZ031E1 | H29: 按压发声公仔 （336个公仔混装展示柜） | I29: 120 | J29: 1 | K29: =I29/J29 -> 120 | L29: 46053 | M29: 46053 | N29: 复客2-6提供自检报告 | P29: 46062 | Q29: 46008 | R29: 46013 | S29: 46386 | T29: 45988 | U29: 是 | V29: 德国客版 | W29: 客版布标 | X29: {=INDEX(系统货号!C:C,MATCH(1,(系统货号!A:A=G29)*(系统货号!B:B=V29),0))} -> CZ031E1 | Y29: 否 | AB29: 250975 | AC29: 250975 | AD29: 客版布标+客版吊牌+客版贴纸+标准CDU+标准展示柜+客日期码 | AE29: 1389.696 | AF29: =I29*AE29 -> 166763.52 | AG29: =AF29*7.75 -> 1292417.3 | AH29: 45988 | AI29: 系统出单 | AJ29: =7776+11136+360+4632 -> 23904 | AK29: =AJ29-I29*336 -> -16416 | AL29: OK | AO29: FE61281 | AP29: 46077 | AQ29: 46062
A30: 46006 | B30: 克罗地亚 | C30: Kenix Lin | D30: ORBICO D.O.O. (CROATIA) | E30: THT1469 | G30: BS064D1 | H30: MINI手提包系列 | I30: 4752 | J30: 12 | K30: =I30/J30 -> 396 | L30: 46056 | M30: 46056 | P30: 46062 | Q30: 46008 | R30: 46009 | S30: 46010 | T30: 46013 | U30: 是 | V30: 克罗地亚客版 | W30: 无 | X30: {=INDEX(系统货号!C:C,MATCH(1,(系统货号!A:A=G30)*(系统货号!B:B=V30),0))} -> BS064D1-克罗地亚客版 | Y30: 吊牌新档案、传单跟之前THT1211A订单相同 | AB30: 无 | AC30: 260122 HS | AD30: 客版吊牌+客版传单+标准CDU | AE30: 1.38 | AF30: =I30*AE30 -> 6557.76 | AG30: =AF30*7.75 -> 50822.64 | AH30: 46007 | AO30: FE61282 | AP30: 46077 | AQ30: 46063
A31: 46006 | B31: 克罗地亚 | C31: Kenix Lin | D31: ORBICO D.O.O. (CROATIA) | E31: THT1469 | G31: BS067D1 | H31: 手提包猫系列 | I31: 1020 | J31: 6 | K31: =I31/J31 -> 170 | L31: 46056 | M31: 46056 | P31: 46062 | Q31: 46008 | R31: 46009 | S31: 46010 | T31: 46013 | U31: 是 | V31: 克罗地亚客版 | W31: 客版布标 | X31: {=INDEX(系统货号!C:C,MATCH(1,(系统货号!A:A=G31)*(系统货号!B:B=V31),0))} -> BS067D1-克罗地亚客版 | Y31: 身份证卡跟之前THT1211A订单，客贴纸、说明书、布标新档案 | AB31: 260122 HS | AC31: 260122 HS | AD31: 标准收缩膜+客版贴纸+客版布标+客版说明书+客版身份证卡+标准CDU | AE31: 2.971 | AF31: =I31*AE31 -> 3030.42 | AG31: =AF31*7.75 -> 23485.755 | AH31: 46007 | AI31: 系统出单 | AJ31: 1020 | AK31: =AJ31-I31 -> 0 | AO31: FE61282 | AP31: 46077 | AQ31: 46063
A32: 46006 | B32: 克罗地亚 | C32: Kenix Lin | D32: ORBICO D.O.O. (CROATIA) | E32: THT1469 | G32: BS065D6 | H32: 手提包狗系列 | I32: 6360 | J32: 6 | K32: =I32/J32 -> 1060 | L32: 46056 | M32: 46056 | P32: 46062 | Q32: 46008 | R32: 46009 | S32: 46010 | T32: 46013 | U32: 是 | V32: 克罗地亚客版 | W32: 客版布标 | X32: {=INDEX(系统货号!C:C,MATCH(1,(系统货号!A:A=G32)*(系统货号!B:B=V32),0))} -> BS065D6-克罗地亚客版 | Y32: 身份证卡、说明书跟之前THT1288订单相同，客贴纸新档案 | AB32: 260122 HS | AC32: 260122 HS | AD32: 标准收缩膜+客版贴纸+客版布标+客版说明书+客版身份证卡+标准CDU | AE32: 2.969 | AF32: =I32*AE32 -> 18882.84 | AG32: =AF32*7.75 -> 146342.01 | AH32: 46007 | AI32: 系统出单 | AJ32: =5910+450 -> 6360 | AK32: =AJ32-I32 -> 0 | AO32: FE61282 | AP32: 46077 | AQ32: 46063
A33: 45988 | B33: 新西兰 | C33: Kenix Lin | D33: KMART (AUS / NZ) | E33: THT1456 | G33: MZ003D1 | H33: 恐龙实验室2 | I33: 498 | J33: 6 | K33: 83 | L33: 46059 | M33: 46059 | N33: 46059 | P33: 3/4~3/9 | Q33: 46010 | R33: 46010 | S33: 46013 | T33: 46010 | U33: 是 | V33: 标准KMART包装 | W33: 无 | X33: MZ003D1-标准KMART包装 | Y33: 包装跟之前的KMART订单，除SSCC贴纸外 | AB33: 无 | AC33: 04/26 | AD33: 标准收缩膜+标准说明书+Kmart客翻单条码贴纸+标准CDU+SSCC外箱贴纸+客版日期码04/26+客验货+所有Kmart 订单需要用60MM宽的，“Anko” logo 胶纸封箱； | AE33: 3.924 | AF33: 1954.152 | AG33: 15144.678 | AH33: 45994 | AO33: FE61283 | AP33: 46090 | AQ33: 46087
A34: 45993 | B34: 新西兰 | C34: Kenix Lin | D34: KMART (AUS / NZ) | E34: THT1464 | G34: PF001A1 | H34: 马桶遥控车 | I34: 68 | J34: 4 | K34: =I34/J34 -> 17 | L34: 46059 | M34: 46059 | N34: 2/6需做DD测试 | Q34: 46010 | R34: 46011 | S34: 46013 | T34: 46010 | U34: 是 | V34: KMART客版 | W34: 无 | X34: {=INDEX(系统货号!C:C,MATCH(1,(系统货号!A:A=G34)*(系统货号!B:B=V34),0))} -> PF001A1-KMART | Y34: 包装跟之前的KMART订单，包装档案如有日期码需修改，除SSCC贴纸外 | AB34: 无 | AC34: 05/26 | AD34: 客版包装+客版说明书+SSCC外箱贴纸+客版日期码05/26+客验货+所有Kmart 订单需要用60MM宽的，“Anko” logo 胶纸封箱； | AE34: 10.262 | AF34: =I34*AE34 -> 697.816 | AG34: =AF34*7.75 -> 5408.074 | AH34: 45994 | AI34: 系统出单 | AJ34: 湖南送回半成品-车间包装 | AO34: FE61284 | AP34: 46090 | AQ34: 46087
A35: 45993 | B35: 新西兰 | C35: Kenix Lin | D35: KMART (AUS / NZ) | E35: THT1464 | G35: MZ003D1 | H35: 恐龙实验室2 | I35: 36 | J35: 6 | K35: 6 | L35: 46059 | M35: 46059 | N35: 46059 | Q35: 46010 | R35: 46011 | S35: 46013 | T35: 46010 | U35: 是 | V35: 标准KMART包装 | W35: 无 | X35: MZ003D1-标准KMART包装 | Y35: 包装跟之前的KMART订单，除SSCC贴纸外 | AB35: 无 | AC35: 04/26 | AD35: 标准收缩膜+标准说明书+Kmart客翻单条码贴纸+标准CDU+SSCC外箱贴纸+客版日期码04/26+客验货+所有Kmart 订单需要用60MM宽的，“Anko” logo 胶纸封箱； | AE35: 3.924 | AF35: 141.264 | AG35: 1094.796 | AH35: 45994 | AO35: FE61284 | AP35: 46090 | AQ35: 46087
A36: 46008 | B36: 新西兰 | C36: Kenix Lin | D36: KMART (AUS / NZ) | E36: THT1474 | G36: BS065D6 | H36: 手提包狗系列 | I36: 276 | J36: 6 | K36: 46 | L36: 46059 | M36: 46059 | N36: 2/6需要DD测试抽办 | Q36: 46008 | R36: 46011 | S36: 46013 | T36: 46010 | U36: 是 | V36: KMART客版 | W36: 标准布标 | X36: BS065D1-KMART客版 | Y36: 包装跟之前的KMART订单，包装档案如有日期码需修改，除SSCC贴纸外 | AB36: 04/26 | AC36: 04/26 | AD36: 标准布标+客版收缩膜+客版传单+客版CDU+SSCC外箱贴纸+客版日期码（04/26）+客验货+所有Kmart 订单需要用60MM宽的，“Anko” logo 胶纸封箱； | AE36: 3.088 | AF36: 852.288 | AG36: 6605.232 | AH36: 46008 | AI36: 系统出单 | AJ36: 276 | AK36: 0 | AO36: FE61285 | AP36: 46090 | AQ36: 46087
A37: 45993 | B37: 澳大利亚 | C37: Kenix Lin | D37: KMART (AUS / NZ) | E37: THT1463 | G37: PF001A1 | H37: 马桶遥控车 | I37: 800 | J37: 4 | K37: =I37/J37 -> 200 | L37: 46059 | M37: 46059 | N37: 2/6需做DD测试 | Q37: 46010 | R37: 46011 | S37: 46013 | T37: 46010 | U37: 是 | V37: KMART客版 | W37: 无 | X37: {=INDEX(系统货号!C:C,MATCH(1,(系统货号!A:A=G37)*(系统货号!B:B=V37),0))} -> PF001A1-KMART | Y37: 包装跟之前的KMART订单，包装档案如有日期码需修改，除SSCC贴纸外 | AB37: 无 | AC37: 05/26 | AD37: 客版包装+客版说明书+SSCC外箱贴纸+客版日期码05/26+客验货+所有Kmart 订单需要用60MM宽的，“Anko” logo 胶纸封箱； | AE37: 10.262 | AF37: =I37*AE37 -> 8209.6 | AG37: =AF37*7.75 -> 63624.4 | AH37: 45994 | AI37: 系统出单 | AJ37: 湖南送回半成品-车间包装 | AO37: FE61286 | AP37: 46090 | AQ37: 46087
A38: 46008 | B38: 澳大利亚 | C38: Kenix Lin | D38: KMART (AUS / NZ) | E38: THT1473 | G38: BS065D6 | H38: 手提包狗系列 | I38: 1728 | J38: 6 | K38: 288 | L38: 46059 | M38: 46059 | N38: 2/6需要DD测试抽办 | Q38: 46008 | R38: 46011 | S38: 46013 | T38: 46010 | U38: 是 | V38: KMART客版 | W38: 标准布标 | X38: BS065D1-KMART客版 | Y38: 包装跟之前的KMART订单，包装档案如有日期码需修改，除SSCC贴纸外 | AB38: 04/26 | AC38: 04/26 | AD38: 标准布标+客版收缩膜+客版传单+客版CDU+SSCC外箱贴纸+客版日期码（04/26）+客验货+所有Kmart 订单需要用60MM宽的，“Anko” logo 胶纸封箱； | AE38: 3.088 | AF38: 5336.064 | AG38: 41354.496 | AH38: 46008 | AI38: 系统出单 | AJ38: 1728 | AK38: 0 | AO38: FE61287 | AP38: 46090 | AQ38: 46087
A39: 46022 | B39: 英国 | C39: Kenix Lin | D39: SMYTHS TOYS (UK) | E39: THT1480 | G39: PF001A1 | H39: 马桶遥控车 | I39: 5800 | J39: 4 | K39: =I39/J39 -> 1450 | L39: 46094 | M39: 46094 | N39: 客验货 | O39: PASS | P39: 46097 | Q39: 46043 | R39: 46043 | S39: 46044 | T39: 46043 | U39: 是 | V39: SMYTHS TOYS客版 | W39: 无 | X39: {=INDEX(系统货号!C:C,MATCH(1,(系统货号!A:A=G39)*(系统货号!B:B=V39),0))} -> PF001A1-SMYTHS TOYS客版 | Y39: 否 | AB39: 无 | AC39: 260123 HS | AD39: 客版包装+客版说明书+客验货 | AE39: 9.67 | AF39: =I39*AE39 -> 56086 | AG39: =AF39*7.75 -> 434666.5 | AH39: 46029 | AI39: 系统出单 | AJ39: =4256+1544 -> 5800 | AK39: =AJ39-I39 -> 0 | AO39: FE61290 | AP39: 46100 | AQ39: 46098
A40: 46015 | B40: 瑞典 | C40: Kenix Lin | D40: LEKIA AB (SWEDEN) | E40: THT1475A | G40: PF001A1 | H40: 马桶遥控车 | I40: 1400 | J40: 4 | K40: =I40/J40 -> 350 | L40: 46087 | M40: 46087 | O40: PASS | P40: 46097 | Q40: 46041 | R40: 46042 | S40: 46044 | T40: 与已完成大货走货的THT1304订单相同 | U40: 是 | V40: 新标准包装 | W40: 无 | X40: {=INDEX(系统货号!C:C,MATCH(1,(系统货号!A:A=G40)*(系统货号!B:B=V40),0))} -> PF001A1-新标准版 | Y40: 标准包装 （需使用新版本标准说明书） | AB40: 无 | AC40: 260123 HS | AD40: 标准包装+新标准说明书+客版贴纸 | AE40: 9.9 | AF40: =I40*AE40 -> 13860 | AG40: =AF40*7.75 -> 107415 | AH40: 46020 | AI40: 系统出单 | AJ40: 1400 | AK40: =AJ40-I40 -> 0 | AO40: FE61291 | AP40: 46100 | AQ40: 46099
A41: 46029 | B41: 德国 | C41: Kenix Lin | D41: SMYTHS TOYS (GERMANY) | E41: THT1481 | G41: PF001A1 | H41: 马桶遥控车 | I41: 5788 | J41: 4 | K41: =I41/J41 -> 1447 | L41: 46094 | M41: 46094 | N41: 客验货 | O41: PASS | P41: 46099 | Q41: 46043 | R41: 46043 | S41: 46044 | T41: 46043 | U41: 是 | V41: SMYTHS TOYS客版 | W41: 无 | X41: {=INDEX(系统货号!C:C,MATCH(1,(系统货号!A:A=G41)*(系统货号!B:B=V41),0))} -> PF001A1-SMYTHS TOYS客版 | Y41: 否 | AB41: 无 | AC41: 260123 HS | AD41: 客版包装+客版说明书+客验货 | AE41: 9.67 | AF41: =I41*AE41 -> 55969.96 | AG41: =AF41*7.75 -> 433767.19 | AH41: 46029 | AI41: 系统出单 | AJ41: =500+3680+1608 -> 5788 | AK41: =AJ41-I41 -> 0 | AO41: FE61292 | AP41: 46101 | AQ41: 46101
A42: 45988 | B42: 澳大利亚 | C42: Kenix Lin | D42: KMART (AUS / NZ) | E42: THT1457 | G42: MZ002D6 | H42: 鲨鱼实验室2 | I42: 1710 | J42: 6 | K42: =I42/J42 -> 285 | L42: 46091 | M42: 46091 | N42: 46097 | O42: PASS | P42: 3/18`3/23 | Q42: 46044 | R42: 46044 | S42: 46045 | T42: 未提供 | U42: 是 | V42: 标准KMART包装 | W42: 无 | X42: {=INDEX(系统货号!C:C,MATCH(1,(系统货号!A:A=G42)*(系统货号!B:B=V42),0))} -> MZ002D6-标准KMART版 | Y42: 包装跟之前的KMART订单，除SSCC贴纸外 | AB42: 无 | AC42: 45/25 | AD42: 标准包装+标准说明书+Kmart客版条码贴纸+标准CDU+SSCC外箱贴纸+客版日期码45/25+客验货+所有Kmart 订单需要用60MM宽的，“Anko” logo 胶纸封箱； | AE42: 3.958 | AF42: =I42*AE42 -> 6768.18 | AG42: =AF42*7.75 -> 52453.395 | AH42: 45989 | AO42: FE61293 | AP42: 46104 | AQ42: 46099
A43: 45988 | B43: 新西兰 | C43: Kenix Lin | D43: KMART (AUS / NZ) | E43: THT1458 | G43: MZ002D6 | H43: 鲨鱼实验室2 | I43: 90 | J43: 6 | K43: =I43/J43 -> 15 | L43: 46091 | M43: 46091 | N43: 46097 | O43: PASS | P43: 3/18`3/23 | Q43: 46044 | R43: 46044 | S43: 46045 | T43: 未提供 | U43: 是 | V43: 标准KMART包装 | W43: 无 | X43: {=INDEX(系统货号!C:C,MATCH(1,(系统货号!A:A=G43)*(系统货号!B:B=V43),0))} -> MZ002D6-标准KMART版 | Y43: 包装跟之前的KMART订单，除SSCC贴纸外 | AB43: 无 | AC43: 45/25 | AD43: 标准包装+标准说明书+Kmart客版条码贴纸+标准CDU+SSCC外箱贴纸+客版日期码45/25+客验货+所有Kmart 订单需要用60MM宽的，“Anko” logo 胶纸封箱； | AE43: 3.958 | AF43: =I43*AE43 -> 356.22 | AG43: =AF43*7.75 -> 2760.705 | AH43: 45989 | AO43: FE61294 | AP43: 46104 | AQ43: 46099
A44: 46020 | B44: 智利 | C44: Kenix Lin | D44: FALABELLA RETAIL S.A（CHILE） | E44: THT1467 | G44: BS082D6 | H44: 二代独角兽手提包 | I44: 654 | J44: 6 | K44: =I44/J44 -> 109 | L44: 46094 | M44: 46094 | O44: PASS | P44: 46105 | Q44: 46042 | R44: 46043 | S44: 46045 | T44: 46045 | U44: 是 | V44: 标准包装 | W44: 标准布标 | X44: {=INDEX(系统货号!C:C,MATCH(1,(系统货号!A:A=G44)*(系统货号!B:B=V44),0))} -> BS082D6 | Y44: 否 | AB44: 260112 HS | AC44: 260112 HS | AD44: 标准布标+标准收缩膜+标准传单+客版贴纸+RFID价钱贴纸（客供）+标准CDU+标准身份证 | AE44: 3.405 | AF44: =I44*AE44 -> 2226.87 | AG44: =AF44*7.75 -> 17258.243 | AH44: 46021 | AI44: 系统出单 | AJ44: =636+18 -> 654 | AK44: =AJ44-I44 -> 0 | AO44: FE61295 | AP44: 46105 | AQ44: 46105
A45: 46020 | B45: 智利 | C45: Kenix Lin | D45: FALABELLA RETAIL S.A（CHILE） | E45: THT1467 | G45: BS083D6 | H45: 三代狗系列手提包 | I45: 522 | J45: 6 | K45: =I45/J45 -> 87 | L45: 46094 | M45: 46094 | O45: PASS | P45: 46105 | Q45: 46042 | R45: 46043 | S45: 46045 | T45: 46045 | U45: 是 | V45: 标准包装 | W45: 标准布标 | X45: {=INDEX(系统货号!C:C,MATCH(1,(系统货号!A:A=G45)*(系统货号!B:B=V45),0))} -> BS083D6 | Y45: 否 | AB45: 260122 HS | AC45: 260122 HS | AD45: 标准布标+标准收缩膜+标准传单+客版贴纸+RFID价钱贴纸（客供）+标准CDU+标准身份证 | AE45: 3.149 | AF45: =I45*AE45 -> 1643.778 | AG45: =AF45*7.75 -> 12739.28 | AH45: 46021 | AI45: 系统出单 | AJ45: =510+12 -> 522 | AK45: =AJ45-I45 -> 0 | AO45: FE61295 | AP45: 46105 | AQ45: 46105
A46: 46020 | B46: 智利 | C46: Kenix Lin | D46: FALABELLA RETAIL S.A（CHILE） | E46: THT1467 | G46: BS067D1 | H46: 手提包猫系列 | I46: 522 | J46: 6 | K46: =I46/J46 -> 87 | L46: 46094 | M46: 46094 | O46: PASS | P46: 46105 | Q46: 46042 | R46: 46043 | S46: 46045 | T46: 46045 | U46: 是 | V46: 标准包装 | W46: 标准布标 | X46: {=INDEX(系统货号!C:C,MATCH(1,(系统货号!A:A=G46)*(系统货号!B:B=V46),0))} -> BS067D1 | Y46: 否 | AB46: 250710 HS | AC46: 260112 HS | AD46: 标准布标+标准收缩膜+标准传单+客版贴纸+RFID价钱贴纸（客供）+标准CDU+标准身份证 | AE46: 3.09 | AF46: =I46*AE46 -> 1612.98 | AG46: =AF46*7.75 -> 12500.595 | AH46: 46021 | AI46: 系统出单 | AJ46: =504+18 -> 522 | AK46: =AJ46-I46 -> 0 | AO46: FE61295 | AP46: 46105 | AQ46: 46105
A47: 46020 | B47: 智利 | C47: Kenix Lin | D47: FALABELLA RETAIL S.A（CHILE） | E47: THT1476 | G47: BS082D6 | H47: 二代独角兽手提包 | I47: 150 | J47: 6 | K47: =I47/J47 -> 25 | L47: 46094 | M47: 46094 | O47: PASS | P47: 46105 | Q47: 46042 | R47: 46043 | S47: 46045 | T47: 46045 | U47: 是 | V47: 标准包装 | W47: 标准布标 | X47: {=INDEX(系统货号!C:C,MATCH(1,(系统货号!A:A=G47)*(系统货号!B:B=V47),0))} -> BS082D6 | Y47: 否 | AB47: 260112 HS | AC47: 260112 HS | AD47: 标准布标+标准收缩膜+标准传单+客版贴纸+RFID价钱贴纸（客供）+标准CDU+标准身份证 | AE47: 3.405 | AF47: =I47*AE47 -> 510.75 | AG47: =AF47*7.75 -> 3958.3125 | AH47: 46021 | AI47: 系统出单 | AJ47: =138+12 -> 150 | AK47: =AJ47-I47 -> 0 | AO47: FE61296 | AP47: 46105 | AQ47: 46105
A48: 46020 | B48: 智利 | C48: Kenix Lin | D48: FALABELLA RETAIL S.A（CHILE） | E48: THT1476 | G48: BS083D6 | H48: 三代狗系列手提包 | I48: 120 | J48: 6 | K48: =I48/J48 -> 20 | L48: 46094 | M48: 46094 | O48: PASS | P48: 46105 | Q48: 46042 | R48: 46043 | S48: 46045 | T48: 46045 | U48: 是 | V48: 标准包装 | W48: 标准布标 | X48: {=INDEX(系统货号!C:C,MATCH(1,(系统货号!A:A=G48)*(系统货号!B:B=V48),0))} -> BS083D6 | Y48: 否 | AB48: 260122 HS | AC48: 260122 HS | AD48: 标准布标+标准收缩膜+标准传单+客版贴纸+RFID价钱贴纸（客供）+标准CDU+标准身份证 | AE48: 3.149 | AF48: =I48*AE48 -> 377.88 | AG48: =AF48*7.75 -> 2928.57 | AH48: 46021 | AI48: 系统出单 | AJ48: =102+18 -> 120 | AK48: =AJ48-I48 -> 0 | AO48: FE61296 | AP48: 46105 | AQ48: 46105
A49: 46020 | B49: 智利 | C49: Kenix Lin | D49: FALABELLA RETAIL S.A（CHILE） | E49: THT1476 | G49: BS067D1 | H49: 手提包猫系列 | I49: 120 | J49: 6 | K49: =I49/J49 -> 20 | L49: 46094 | M49: 46094 | O49: PASS | P49: 46105 | Q49: 46042 | R49: 46043 | S49: 46045 | T49: 46045 | U49: 是 | V49: 标准包装 | W49: 标准布标 | X49: {=INDEX(系统货号!C:C,MATCH(1,(系统货号!A:A=G49)*(系统货号!B:B=V49),0))} -> BS067D1 | Y49: 否 | AB49: 250710 HS | AC49: 260112 HS | AD49: 标准布标+标准收缩膜+标准传单+客版贴纸+RFID价钱贴纸（客供）+标准CDU+标准身份证 | AE49: 3.09 | AF49: =I49*AE49 -> 370.8 | AG49: =AF49*7.75 -> 2873.7 | AH49: 46021 | AI49: 系统出单 | AJ49: =108+12 -> 120 | AK49: =AJ49-I49 -> 0 | AO49: FE61296 | AP49: 46105 | AQ49: 46105
A50: 46010 | B50: 智利 | C50: Kenix Lin | D50: FALABELLA (CHILE) | E50: THT1477 | G50: BS082D6 | H50: 二代独角兽手提包 | I50: 204 | J50: 6 | K50: =I50/J50 -> 34 | L50: 46094 | M50: 46094 | O50: PASS | P50: 46105 | Q50: 46042 | R50: 46043 | S50: 46045 | T50: 46045 | U50: 是 | V50: 标准包装 | W50: 标准布标 | X50: {=INDEX(系统货号!C:C,MATCH(1,(系统货号!A:A=G50)*(系统货号!B:B=V50),0))} -> BS082D6 | Y50: 否 | AB50: 260112 HS | AC50: 260112 HS | AD50: 标准布标+标准收缩膜+标准传单+客版贴纸+RFID价钱贴纸（客供）+标准CDU+标准身份证 | AE50: 3.405 | AF50: =I50*AE50 -> 694.62 | AG50: =AF50*7.75 -> 5383.305 | AH50: 46021 | AI50: 系统出单 | AJ50: =192+12 -> 204 | AK50: =AJ50-I50 -> 0 | AO50: FE61297 | AP50: 46105 | AQ50: 46105
A51: 46010 | B51: 智利 | C51: Kenix Lin | D51: FALABELLA (CHILE) | E51: THT1477 | G51: BS083D6 | H51: 三代狗系列手提包 | I51: 162 | J51: 6 | K51: =I51/J51 -> 27 | L51: 46094 | M51: 46094 | O51: PASS | P51: 46105 | Q51: 46042 | R51: 46043 | S51: 46045 | T51: 46045 | U51: 是 | V51: 标准包装 | W51: 标准布标 | X51: {=INDEX(系统货号!C:C,MATCH(1,(系统货号!A:A=G51)*(系统货号!B:B=V51),0))} -> BS083D6 | Y51: 否 | AB51: 260122 HS | AC51: 260122 HS | AD51: 标准布标+标准收缩膜+标准传单+客版贴纸+RFID价钱贴纸（客供）+标准CDU+标准身份证 | AE51: 3.149 | AF51: =I51*AE51 -> 510.138 | AG51: =AF51*7.75 -> 3953.5695 | AH51: 46021 | AI51: 系统出单 | AJ51: =156+6 -> 162 | AK51: =AJ51-I51 -> 0 | AO51: FE61297 | AP51: 46105 | AQ51: 46105
A52: 46010 | B52: 智利 | C52: Kenix Lin | D52: FALABELLA (CHILE) | E52: THT1477 | G52: BS067D1 | H52: 手提包猫系列 | I52: 162 | J52: 6 | K52: =I52/J52 -> 27 | L52: 46094 | M52: 46094 | O52: PASS | P52: 46105 | Q52: 46042 | R52: 46043 | S52: 46045 | T52: 46045 | U52: 是 | V52: 标准包装 | W52: 标准布标 | X52: {=INDEX(系统货号!C:C,MATCH(1,(系统货号!A:A=G52)*(系统货号!B:B=V52),0))} -> BS067D1 | Y52: 否 | AB52: 250710 HS | AC52: 260112 HS | AD52: 标准布标+标准收缩膜+标准传单+客版贴纸+RFID价钱贴纸（客供）+标准CDU+标准身份证 | AE52: 3.09 | AF52: =I52*AE52 -> 500.58 | AG52: =AF52*7.75 -> 3879.495 | AH52: 46021 | AI52: 系统出单 | AJ52: =150+12 -> 162 | AK52: =AJ52-I52 -> 0 | AO52: FE61297 | AP52: 46105 | AQ52: 46105
A53: 46008 | B53: 埃及 | C53: Kenix Lin | D53: EL ZAYAT (EGYPT) | E53: THT1462B | G53: CZ001D6 | H53: 按压发声玩偶(两款恐龙) | I53: 306 | J53: 6 | K53: =I53/J53 -> 51 | L53: 46050 | M53: 46050 | N53: 客要求提供自检报告时间1-28 | O53: PASS | P53: 46111 | Q53: 46010 | R53: 46013 | S53: 46386 | T53: 46387 | U53: 是 | V53: 标准包装 | W53: 标准布标 | X53: {=INDEX(系统货号!C:C,MATCH(1,(系统货号!A:A=G53)*(系统货号!B:B=V53),0))} -> CZ001D6 | Y53: 否 | AB53: 250710 HS | AC53: 260114 HS | AD53: 标准彩盒+标准说明书+标准传单+客版贴纸+标准CDU+需粘贴掉“TM”标志 | AE53: 3.648 | AF53: =I53*AE53 -> 1116.288 | AG53: =AF53*7.75 -> 8651.232 | AH53: 46008 | AI53: 系统出单 | AJ53: 306 | AK53: =AJ53-I53 -> 0 | AO53: FE61330 | AP53: 46112 | AQ53: 46111
A54: 46008 | B54: 埃及 | C54: Kenix Lin | D54: EL ZAYAT (EGYPT) | E54: THT1462B | G54: BS067D1 | H54: 手提包猫系列 | I54: 360 | J54: 6 | K54: =I54/J54 -> 60 | L54: 46050 | M54: 46050 | N54: 客要求提供自检报告时间1-28 | O54: PASS | P54: 46111 | Q54: 46010 | R54: 46013 | S54: 46386 | T54: 46387 | U54: 是 | V54: 标准包装 | W54: 标准布标 | X54: {=INDEX(系统货号!C:C,MATCH(1,(系统货号!A:A=G54)*(系统货号!B:B=V54),0))} -> BS067D1 | Y54: 否 | AB54: 250710 HS | AC54: 260114 HS | AD54: 标准布标+标准收缩膜+标准说明书+标准传单+客版贴纸+标准CDU+需粘贴掉“TM”标志 | AE54: 3.09 | AF54: =I54*AE54 -> 1112.4 | AG54: =AF54*7.75 -> 8621.1 | AH54: 46008 | AI54: 系统出单 | AJ54: 360 | AK54: =AJ54-I54 -> 0 | AO54: FE61330 | AP54: 46112 | AQ54: 46111
A55: 46008 | B55: 埃及 | C55: Kenix Lin | D55: EL ZAYAT (EGYPT) | E55: THT1462B | G55: BS069A1 | H55: 大、小手提包 | I55: 300 | J55: 4 | K55: =I55/J55 -> 75 | L55: 46050 | M55: 46050 | N55: 客要求提供自检报告时间1-28 | O55: PASS | P55: 46111 | Q55: 46010 | R55: 46013 | S55: 46386 | T55: 46387 | U55: 是 | V55: 标准包装 | W55: 标准布标 | X55: {=INDEX(系统货号!C:C,MATCH(1,(系统货号!A:A=G55)*(系统货号!B:B=V55),0))} -> BS069A1 | Y55: 否 | AB55: 260114 HS | AC55: 260114 HS | AD55: 标准彩盒+标准说明书+标准传单+客版贴纸+需粘贴掉“TM”标志 | AE55: 5.064 | AF55: =I55*AE55 -> 1519.2 | AG55: =AF55*7.75 -> 11773.8 | AH55: 46008 | AI55: 系统出单 | AJ55: 300 | AK55: =AJ55-I55 -> 0 | AO55: FE61330 | AP55: 46112 | AQ55: 46111
A56: 46008 | B56: 埃及 | C56: Kenix Lin | D56: EL ZAYAT (EGYPT) | E56: THT1462B | G56: MZ003D9 | H56: 恐龙实验室2 | I56: 306 | J56: 9 | K56: =I56/J56 -> 34 | L56: 46050 | M56: 46050 | N56: 客要求提供自检报告时间1-28 | O56: PASS | P56: 46111 | Q56: 46010 | R56: 46013 | S56: 46386 | T56: 46387 | U56: 是 | V56: 标准包装 | W56: 无 | X56: {=INDEX(系统货号!C:C,MATCH(1,(系统货号!A:A=G56)*(系统货号!B:B=V56),0))} -> MZ003D9 | Y56: 否 | AB56: 无 | AC56: 260114 HS | AD56: 标准彩盒+标准说明书+标准传单+客版贴纸+标准CDU+需粘贴掉“TM”标志 | AE56: 3.87 | AF56: =I56*AE56 -> 1184.22 | AG56: =AF56*7.75 -> 9177.705 | AH56: 46008 | AO56: FE61330 | AP56: 46112 | AQ56: 46111
A57: 46008 | B57: 埃及 | C57: Kenix Lin | D57: EL ZAYAT (EGYPT) | E57: THT1462B | G57: ZC006A1 | H57: 冰杯 | I57: 300 | J57: 6 | K57: =I57/J57 -> 50 | L57: 46050 | M57: 46050 | N57: 客要求提供自检报告时间1-28 | O57: PASS | P57: 46111 | Q57: 46010 | R57: 46013 | S57: 46386 | T57: 46387 | U57: 是 | V57: 标准包装 | W57: 无 | X57: {=INDEX(系统货号!C:C,MATCH(1,(系统货号!A:A=G57)*(系统货号!B:B=V57),0))} -> ZC006A1（标准版本） | Y57: 否 | AB57: 无 | AC57: 260114 HS | AD57: 新版标准彩盒+客版贴纸+标准说明书+新冰粒+需粘贴掉“TM”标志 | AE57: 1.209 | AF57: =I57*AE57 -> 362.7 | AG57: =AF57*7.75 -> 2810.925 | AH57: 46008 | AO57: FE61330 | AP57: 46112 | AQ57: 46111
A58: 46057 | B58: 澳大利亚 | C58: Kenix Lin | D58: KMART (AUS / NZ) | E58: THT1493 | G58: MZ002D6 | H58: 鲨鱼实验室2 | I58: 1560 | J58: 6 | K58: 260 | L58: 46111 | M58: 46111 | O58: PASS | P58: 4/1`4/3 | Q58: 46084 | R58: 46085 | S58: 46087 | T58: 46084 | U58: 是 | V58: 标准KMART包装 | W58: 无 | X58: {=INDEX(系统货号!C:C,MATCH(1,(系统货号!A:A=G58)*(系统货号!B:B=V58),0))} -> MZ002D6-标准KMART版 | Y58: 包装跟之前的KMART订单，除SSCC贴纸外 | AB58: 无 | AC58: 45/25 | AD58: 标准包装+标准说明书+Kmart客版条码贴纸+标准CDU+SSCC外箱贴纸+客版日期码45/25+客验货+所有Kmart 订单需要用60MM宽的，“Anko” logo 胶纸封箱+新增口水胶警告语贴纸； | AE58: 3.958 | AF58: =I58*AE58 -> 6174.48 | AG58: =AF58*7.75 -> 47852.22 | AH58: 46059 | AO58: FE63701 | AP58: 46115 | AQ58: 46113
A59: 46057 | B59: 新西兰 | C59: Kenix Lin | D59: KMART (AUS / NZ) | E59: THT1494 | G59: MZ002D6 | H59: 鲨鱼实验室2 | I59: 240 | J59: 6 | K59: 40 | L59: 46111 | M59: 46111 | O59: PASS | P59: 4/1`4/3 | Q59: 46084 | R59: 46085 | S59: 46087 | T59: 46084 | U59: 是 | V59: 标准KMART包装 | W59: 无 | X59: {=INDEX(系统货号!C:C,MATCH(1,(系统货号!A:A=G59)*(系统货号!B:B=V59),0))} -> MZ002D6-标准KMART版 | Y59: 包装跟之前的KMART订单，除SSCC贴纸外 | AB59: 无 | AC59: 45/25 | AD59: 标准包装+标准说明书+Kmart客版条码贴纸+标准CDU+SSCC外箱贴纸+客版日期码45/25+客验货+所有Kmart 订单需要用60MM宽的，“Anko” logo 胶纸封箱+新增口水胶警告语贴纸； | AE59: 3.958 | AF59: =I59*AE59 -> 949.92 | AG59: =AF59*7.75 -> 7361.88 | AH59: 46059 | AO59: FE63702 | AP59: 46115 | AQ59: 46113
A60: 46057 | B60: 澳大利亚 | C60: Kenix Lin | D60: KMART (AUS / NZ) | E60: THT1495 | G60: MZ003D1 | H60: 恐龙实验室2 | I60: 1500 | J60: 6 | K60: 250 | L60: 46111 | M60: 46111 | O60: PASS | P60: 4/1`4/3 | Q60: 46084 | R60: 46085 | S60: 46087 | T60: 46084 | U60: 是 | V60: 标准KMART包装 | W60: 无 | X60: {=INDEX(系统货号!C:C,MATCH(1,(系统货号!A:A=G60)*(系统货号!B:B=V60),0))} -> MZ003D1-标准KMART包装 | Y60: 包装跟之前的KMART订单，除SSCC贴纸外 | AB60: 无 | AC60: 04/26 | AD60: 标准收缩膜+标准说明书+Kmart客翻单条码贴纸+标准CDU+SSCC外箱贴纸+客版日期码04/26+客验货+所有Kmart 订单需要用60MM宽的，“Anko” logo 胶纸封箱+新增口水胶警告语贴纸； | AE60: 3.924 | AF60: =I60*AE60 -> 5886 | AG60: =AF60*7.75 -> 45616.5 | AH60: 46059 | AO60: FE63703 | AP60: 46115 | AQ60: 46113
A61: 46057 | B61: 新西兰 | C61: Kenix Lin | D61: KMART (AUS / NZ) | E61: THT1496 | G61: MZ003D1 | H61: 恐龙实验室2 | I61: 240 | J61: 6 | K61: 40 | L61: 46111 | M61: 46111 | O61: PASS | P61: 4/1`4/3 | Q61: 46084 | R61: 46085 | S61: 46087 | T61: 46084 | U61: 是 | V61: 标准KMART包装 | W61: 无 | X61: {=INDEX(系统货号!C:C,MATCH(1,(系统货号!A:A=G61)*(系统货号!B:B=V61),0))} -> MZ003D1-标准KMART包装 | Y61: 包装跟之前的KMART订单，除SSCC贴纸外 | AB61: 无 | AC61: 04/26 | AD61: 标准收缩膜+标准说明书+Kmart客翻单条码贴纸+标准CDU+SSCC外箱贴纸+客版日期码04/26+客验货+所有Kmart 订单需要用60MM宽的，“Anko” logo 胶纸封箱+新增口水胶警告语贴纸； | AE61: 3.924 | AF61: =I61*AE61 -> 941.76 | AG61: =AF61*7.75 -> 7298.64 | AH61: 46059 | AO61: FE63704 | AP61: 46115 | AQ61: 46113
A62: 46038 | B62: 香港 | C62: Kenix Lin | D62: Tigerhead | E62: 样板单 | G62: PF001A1 | H62: 马桶遥控车 | I62: 50 | J62: 4 | K62: =I62/J62 -> 12.5 | L62: 46044 | M62: 46044 | V62: KMART客版 | W62: 无 | X62: {=INDEX(系统货号!C:C,MATCH(1,(系统货号!A:A=G62)*(系统货号!B:B=V62),0))} -> PF001A1-KMART | Y62: 包装跟之前的KMART订单，包装档案如有日期码需修改，除SSCC贴纸外 | AB62: 无 | AC62: 30/25 | AD62: 客版包装+客版说明书+客版日期码30/25 | AE62: 0 | AF62: =I62*AE62 -> 0 | AG62: =AF62*7.75 -> 0 | AK62: =AJ62-I62 -> -50
A63: 46010 | B63: 哥伦比亚 | C63: Kenix Lin | D63: FALABELLA (COLOMBIA) | E63: THT1472 | G63: BS082D6 | H63: 二代独角兽手提包 | I63: 804 | J63: 6 | K63: =I63/J63 -> 134 | L63: 46094 | M63: 46094 | O63: PASS | P63: 46125 | Q63: 46042 | R63: 46059 | S63: 46062 | T63: 46045 | U63: 是 | V63: 标准包装 | W63: 客版布标 | X63: {=INDEX(系统货号!C:C,MATCH(1,(系统货号!A:A=G63)*(系统货号!B:B=V63),0))} -> BS082D6 | Y63: 否 | AB63: 260112 HS | AC63: 260112 HS | AD63: 客版布标+标准收缩膜+标准传单+客版贴纸+RFID价钱贴纸（客供）+标准CDU+标准身份证 | AE63: 3.405 | AF63: =I63*AE63 -> 2737.62 | AG63: =AF63*7.75 -> 21216.555 | AH63: 46021 | AI63: 系统出单 | AJ63: =786+18 -> 804 | AK63: =AJ63-I63 -> 0 | AO63: FE63706 | AP63: 46126 | AQ63: 46125
A64: 46010 | B64: 哥伦比亚 | C64: Kenix Lin | D64: FALABELLA (COLOMBIA) | E64: THT1472 | G64: BS083D6 | H64: 三代狗系列手提包 | I64: 504 | J64: 6 | K64: =I64/J64 -> 84 | L64: 46094 | M64: 46094 | O64: PASS | P64: 46125 | Q64: 46042 | R64: 46059 | S64: 46062 | T64: 46045 | U64: 是 | V64: 标准包装 | W64: 客版布标 | X64: {=INDEX(系统货号!C:C,MATCH(1,(系统货号!A:A=G64)*(系统货号!B:B=V64),0))} -> BS083D6 | Y64: 否 | AB64: 260112 HS | AC64: 260112 HS | AD64: 客版布标+标准收缩膜+标准传单+客版贴纸+RFID价钱贴纸（客供）+标准CDU+标准身份证 | AE64: 3.149 | AF64: =I64*AE64 -> 1587.096 | AG64: =AF64*7.75 -> 12299.994 | AH64: 46021 | AI64: 系统出单 | AJ64: =486+18 -> 504 | AK64: =AJ64-I64 -> 0 | AO64: FE63706 | AP64: 46126 | AQ64: 46125
A65: 46010 | B65: 哥伦比亚 | C65: Kenix Lin | D65: FALABELLA (COLOMBIA) | E65: THT1472 | G65: BS067D1 | H65: 手提包猫系列 | I65: 504 | J65: 6 | K65: =I65/J65 -> 84 | L65: 46094 | M65: 46094 | O65: PASS | P65: 46125 | Q65: 46042 | R65: 46059 | S65: 46062 | T65: 46045 | U65: 是 | V65: 标准包装 | W65: 客版布标 | X65: {=INDEX(系统货号!C:C,MATCH(1,(系统货号!A:A=G65)*(系统货号!B:B=V65),0))} -> BS067D1 | Y65: 否 | AB65: 260112 HS | AC65: 260112 HS | AD65: 客版布标+标准收缩膜+标准传单+客版贴纸+RFID价钱贴纸（客供）+标准CDU+标准身份证 | AE65: 3.09 | AF65: =I65*AE65 -> 1557.36 | AG65: =AF65*7.75 -> 12069.54 | AH65: 46021 | AI65: 系统出单 | AJ65: =480+24 -> 504 | AK65: =AJ65-I65 -> 0 | AO65: FE63706 | AP65: 46126 | AQ65: 46125
A66: 46080 | B66: 加拿大 | C66: Kenix Lin | D66: GROUPE RICOCHET INC. (CANADA) | E66: THT1491A | G66: CZ018D6 | H66: 按压发声公仔（一代牙齿怪） | I66: 2004 | J66: 6 | K66: =I66/J66 -> 334 | L66: 46122 | M66: 46122 | N66: 46120 | O66: PASS | P66: 46133 | Q66: 46090 | R66: 46090 | S66: 46091 | T66: 46008 | U66: 是 | V66: 加拿大客版 | W66: 客版布标 | X66: {=INDEX(系统货号!C:C,MATCH(1,(系统货号!A:A=G66)*(系统货号!B:B=V66),0))} -> CZ018D6-加拿大客版 | Y66: 于已走货的THT1452A订单包装相同 | AB66: P2602041515 | AC66: P2602041515 | AD66: 客版布标+客版吊牌+客版CDU+客日期码：P2602041515 | AE66: 3.905 | AF66: =I66*AE66 -> 7825.62 | AG66: =AF66*7.75 -> 60648.555 | AH66: 46081 | AJ66: 2004 | AO66: FE63707 | AP66: 46133 | AQ66: 46133
A67: 46042 | B67: 澳大利亚 | C67: Kenix Lin | D67: KMART (AUS / NZ) | E67: THT1483 | G67: PF001A1 | H67: 马桶遥控车 | I67: 1044 | J67: 4 | K67: =I67/J67 -> 261 | L67: 46122 | M67: 46122 | N67: 46128 | O67: PASS | P67: 4/15~4/20 | Q67: 46084 | R67: 46085 | S67: 46087 | T67: 46084 | U67: 是 | V67: KMART客版 | W67: 无 | X67: {=INDEX(系统货号!C:C,MATCH(1,(系统货号!A:A=G67)*(系统货号!B:B=V67),0))} -> PF001A1-KMART | Y67: 包装跟之前的KMART订单，包装档案如有日期码需修改，除SSCC贴纸外 | AB67: 无 | AC67: 05/26 | AD67: 客版包装+客版说明书+SSCC外箱贴纸+客版日期码05/26+客验货+所有Kmart 订单需要用60MM宽的，“Anko” logo 胶纸封箱； | AE67: 10.262 | AF67: =I67*AE67 -> 10713.528 | AG67: =AF67*7.75 -> 83029.842 | AH67: 46051 | AI67: 系统出单 | AJ67: 1044 | AK67: =AJ67-I67 -> 0 | AO67: FE63708 | AP67: 46133 | AQ67: 46127
A68: 46050 | B68: 澳大利亚 | C68: Kenix Lin | D68: KMART (AUS / NZ) | E68: THT1488 | G68: PF001A1 | H68: 马桶遥控车 | I68: 844 | J68: 4 | K68: =I68/J68 -> 211 | L68: 46125 | M68: 46125 | N68: 46128 | O68: PASS | P68: 4/15~4/20 | Q68: 46084 | R68: 46085 | S68: 46087 | T68: 46084 | U68: 是 | V68: KMART客版 | W68: 无 | X68: {=INDEX(系统货号!C:C,MATCH(1,(系统货号!A:A=G68)*(系统货号!B:B=V68),0))} -> PF001A1-KMART | Y68: 包装跟之前的KMART订单，包装档案如有日期码需修改，除SSCC贴纸外 | AB68: 无 | AC68: 05/26 | AD68: 客版包装+客版说明书+SSCC外箱贴纸+客版日期码05/26+客验货+所有Kmart 订单需要用60MM宽的，“Anko” logo 胶纸封箱； | AE68: 10.262 | AF68: =I68*AE68 -> 8661.128 | AG68: =AF68*7.75 -> 67123.742 | AH68: 46051 | AI68: 系统出单 | AJ68: 844 | AK68: =AJ68-I68 -> 0 | AO68: FE63709 | AP68: 46133 | AQ68: 46127
A69: 46057 | B69: 澳大利亚 | C69: Kenix Lin | D69: KMART (AUS / NZ) | E69: THT1497 | G69: MZ003D1 | H69: 恐龙实验室2 | I69: 1440 | J69: 6 | K69: 240 | L69: 46125 | M69: 46125 | N69: 46128 | O69: PASS | P69: 4/15~4/20 | Q69: 46084 | R69: 46085 | S69: 46087 | T69: 46084 | U69: 是 | V69: 标准KMART包装 | W69: 无 | X69: {=INDEX(系统货号!C:C,MATCH(1,(系统货号!A:A=G69)*(系统货号!B:B=V69),0))} -> MZ003D1-标准KMART包装 | Y69: 包装跟之前的KMART订单，除SSCC贴纸外 | AB69: 无 | AC69: 04/26 | AD69: 标准收缩膜+标准说明书+Kmart客翻单条码贴纸+标准CDU+SSCC外箱贴纸+客版日期码04/26+客验货+所有Kmart 订单需要用60MM宽的，“Anko” logo 胶纸封箱+新增口水胶警告语贴纸； | AE69: 3.924 | AF69: =I69*AE69 -> 5650.56 | AG69: =AF69*7.75 -> 43791.84 | AH69: 46059 | AO69: FE63710 | AP69: 46133 | AQ69: 46127
A70: 46050 | B70: 新西兰 | C70: Kenix Lin | D70: KMART (AUS / NZ) | E70: THT1489 | G70: PF001A1 | H70: 马桶遥控车 | I70: 24 | J70: 4 | K70: =I70/J70 -> 6 | L70: 46125 | M70: 46125 | N70: 46128 | O70: PASS | P70: 4/15~4/20 | Q70: 46084 | R70: 46085 | S70: 46087 | T70: 46084 | U70: 是 | V70: KMART客版 | W70: 无 | X70: {=INDEX(系统货号!C:C,MATCH(1,(系统货号!A:A=G70)*(系统货号!B:B=V70),0))} -> PF001A1-KMART | Y70: 包装跟之前的KMART订单，包装档案如有日期码需修改，除SSCC贴纸外 | AB70: 无 | AC70: 05/26 | AD70: 客版包装+客版说明书+SSCC外箱贴纸+客版日期码05/26+客验货+所有Kmart 订单需要用60MM宽的，“Anko” logo 胶纸封箱； | AE70: 10.262 | AF70: =I70*AE70 -> 246.288 | AG70: =AF70*7.75 -> 1908.732 | AH70: 46051 | AI70: 系统出单 | AJ70: 24 | AK70: =AJ70-I70 -> 0 | AO70: FE63711 | AP70: 46133 | AQ70: 46127
A71: 46057 | B71: 新西兰 | C71: Kenix Lin | D71: KMART (AUS / NZ) | E71: THT1498 | G71: MZ003D1 | H71: 恐龙实验室2 | I71: 240 | J71: 6 | K71: 40 | L71: 46125 | M71: 46125 | N71: 46128 | O71: PASS | P71: 4/15~4/20 | Q71: 46084 | R71: 46085 | S71: 46087 | T71: 46084 | U71: 是 | V71: 标准KMART包装 | W71: 无 | X71: {=INDEX(系统货号!C:C,MATCH(1,(系统货号!A:A=G71)*(系统货号!B:B=V71),0))} -> MZ003D1-标准KMART包装 | Y71: 包装跟之前的KMART订单，除SSCC贴纸外 | AB71: 无 | AC71: 04/26 | AD71: 标准收缩膜+标准说明书+Kmart客翻单条码贴纸+标准CDU+SSCC外箱贴纸+客版日期码04/26+客验货+所有Kmart 订单需要用60MM宽的，“Anko” logo 胶纸封箱+新增口水胶警告语贴纸； | AE71: 3.924 | AF71: =I71*AE71 -> 941.76 | AG71: =AF71*7.75 -> 7298.64 | AH71: 46059 | AO71: FE63712 | AP71: 46133 | AQ71: 46127
A72: 46062 | B72: 澳大利亚 | C72: Kenix Lin | D72: KMART (AUS / NZ) | E72: THT1502 | G72: PF001A1 | H72: 马桶遥控车 | I72: 808 | J72: 4 | K72: =I72/J72 -> 202 | L72: 46139 | M72: 46139 | N72: 46128 | O72: PASS | P72: 4/22~4/25 | Q72: 46099 | R72: 46101 | S72: 46108 | T72: 46099 | U72: 是 | V72: KMART客版 | W72: 无 | X72: {=INDEX(系统货号!C:C,MATCH(1,(系统货号!A:A=G72)*(系统货号!B:B=V72),0))} -> PF001A1-KMART | Y72: 包装跟之前的KMART订单，包装档案如有日期码需修改，除SSCC贴纸外 | AB72: 无 | AC72: 05/26 | AD72: 客版包装+客版说明书+SSCC外箱贴纸+客版日期码05/26+客验货+所有Kmart 订单需要用60MM宽的，“Anko” logo 胶纸封箱； | AE72: 10.262 | AF72: =I72*AE72 -> 8291.696 | AG72: =AF72*7.75 -> 64260.644 | AH72: 46081 | AI72: 系统出单 | AJ72: 808 | AK72: =AJ72-I72 -> 0 | AO72: FE63715 | AP72: 46140 | AQ72: 46134
A73: 46062 | B73: 新西兰 | C73: Kenix Lin | D73: KMART (AUS / NZ) | E73: THT1503 | G73: PF001A1 | H73: 马桶遥控车 | I73: 60 | J73: 4 | K73: =I73/J73 -> 15 | L73: 46139 | M73: 46139 | N73: 46128 | O73: PASS | P73: 4/22~4/25 | Q73: 46099 | R73: 46101 | S73: 46108 | T73: 46099 | U73: 是 | V73: KMART客版 | W73: 无 | X73: {=INDEX(系统货号!C:C,MATCH(1,(系统货号!A:A=G73)*(系统货号!B:B=V73),0))} -> PF001A1-KMART | Y73: 包装跟之前的KMART订单，包装档案如有日期码需修改，除SSCC贴纸外 | AB73: 无 | AC73: 05/26 | AD73: 客版包装+客版说明书+SSCC外箱贴纸+客版日期码05/26+客验货+所有Kmart 订单需要用60MM宽的，“Anko” logo 胶纸封箱； | AE73: 10.262 | AF73: =I73*AE73 -> 615.72 | AG73: =AF73*7.75 -> 4771.83 | AH73: 46081 | AI73: 系统出单 | AJ73: 60 | AK73: =AJ73-I73 -> 0 | AO73: FE63716 | AP73: 46140 | AQ73: 46134
A74: 45902 | B74: 澳大利亚 | C74: Kenix Lin | D74: KMART (AUS / NZ) | E74: THT1402 | G74: BS077D6 | H74: 草莓熊手提包 | I74: 2952 | J74: 6 | K74: 492 | L74: 46132 | M74: 46132 | N74: 46136 | O74: PASS | P74: 4/22~4/25 | Q74: 46099 | R74: 46099 | S74: 46108 | T74: 46099 | U74: 是 | V74: KMART客版 | W74: KMART客日期码标准布标 | X74: BS077D6-KMART客版 | Y74: 包装跟之前的KMART订单，除SSCC贴纸外 | AB74: 36/25 | AC74: 36/25 | AD74: 标准布标+客版收缩膜+客版传单+客版CDU+SSCC外箱贴纸+客版日期码36/25+客验货+所有Kmart 订单需要用60MM宽的，“Anko” logo 胶纸封箱； | AE74: 3.126 | AF74: 9227.952 | AG74: 71516.628 | AH74: 45904 | AO74: FE63717 | AP74: 46140 | AQ74: 46134
A75: 45902 | B75: 新西兰 | C75: Kenix Lin | D75: KMART (AUS / NZ) | E75: THT1403 | G75: BS077D6 | H75: 草莓熊手提包 | I75: 48 | J75: 6 | K75: 8 | L75: 46132 | M75: 46132 | N75: 46136 | O75: PASS | P75: 4/22~4/25 | Q75: 46099 | R75: 46099 | S75: 46108 | T75: 46099 | U75: 是 | V75: KMART客版 | W75: KMART客日期码标准布标 | X75: BS077D6-KMART客版 | Y75: 包装跟之前的KMART订单，除SSCC贴纸外 | AB75: 36/25 | AC75: 36/25 | AD75: 标准布标+客版收缩膜+客版传单+客版CDU+SSCC外箱贴纸+客版日期码36/25+客验货+所有Kmart 订单需要用60MM宽的，“Anko” logo 胶纸封箱； | AE75: 3.126 | AF75: 150.048 | AG75: 1162.872 | AH75: 45904 | AO75: FE63718 | AP75: 46140 | AQ75: 46134
A76: 46057 | B76: 澳大利亚 | C76: Kenix Lin | D76: KMART (AUS / NZ) | E76: THT1499 | G76: MZ003D1 | H76: 恐龙实验室2 | I76: 1260 | J76: 6 | K76: 210 | L76: 46139 | M76: 46139 | N76: 46128 | O76: PASS | P76: 4/22~4/25 | Q76: 46099 | R76: 46099 | S76: 46108 | T76: 46099 | U76: 是 | V76: 标准KMART包装 | W76: 无 | X76: MZ003D1-标准KMART包装 | Y76: 包装跟之前的KMART订单，除SSCC贴纸外 | AB76: 无 | AC76: 04/26 | AD76: 标准收缩膜+标准说明书+Kmart客翻单条码贴纸+标准CDU+SSCC外箱贴纸+客版日期码04/26+客验货+所有Kmart 订单需要用60MM宽的，“Anko” logo 胶纸封箱+新增口水胶警告语贴纸； | AE76: 3.924 | AF76: 4944.24 | AG76: 38317.86 | AH76: 46059 | AO76: FE63719 | AP76: 46140 | AQ76: 46134
A77: 46057 | B77: 新西兰 | C77: Kenix Lin | D77: KMART (AUS / NZ) | E77: THT1500 | G77: MZ003D1 | H77: 恐龙实验室2 | I77: 186 | J77: 6 | K77: 31 | L77: 46139 | M77: 46139 | N77: 46128 | O77: PASS | P77: 4/22~4/25 | Q77: 46099 | R77: 46099 | S77: 46108 | T77: 46099 | U77: 是 | V77: 标准KMART包装 | W77: 无 | X77: MZ003D1-标准KMART包装 | Y77: 包装跟之前的KMART订单，除SSCC贴纸外 | AB77: 无 | AC77: 04/26 | AD77: 标准收缩膜+标准说明书+Kmart客翻单条码贴纸+标准CDU+SSCC外箱贴纸+客版日期码04/26+客验货+所有Kmart 订单需要用60MM宽的，“Anko” logo 胶纸封箱+新增口水胶警告语贴纸； | AE77: 3.924 | AF77: 729.864 | AG77: 5656.446 | AH77: 46059 | AO77: FE63720 | AP77: 46140 | AQ77: 46134
A78: 46087 | B78: 新西兰 | C78: Kenix Lin | D78: KMART (AUS / NZ) | E78: THT1506 | G78: PF001A1 | H78: 马桶遥控车 | I78: 56 | J78: 4 | K78: =I78/J78 -> 14 | L78: 46153 | M78: 46153 | N78: 46148 | O78: PASS | P78: 5/6~5/11 | Q78: 46099 | R78: 46101 | S78: 46108 | T78: 46099 | U78: 是 | V78: KMART客版 | W78: 无 | X78: {=INDEX(系统货号!C:C,MATCH(1,(系统货号!A:A=G78)*(系统货号!B:B=V78),0))} -> PF001A1-KMART | Y78: 包装跟之前的KMART订单，包装档案如有日期码需修改，除SSCC贴纸外 | AB78: 无 | AC78: 05/26 | AD78: 客版包装+客版说明书+SSCC外箱贴纸+客版日期码05/26+客验货+所有Kmart 订单需要用60MM宽的，“Anko” logo 胶纸封箱； | AE78: 10.262 | AF78: =I78*AE78 -> 574.672 | AG78: =AF78*7.75 -> 4453.708 | AH78: 46087 | AI78: 系统出单 | AJ78: 56 | AK78: =AJ78-I78 -> 0 | AO78: FE63725REV1 | AP78: 46157 | AQ78: 46156
A79: 46087 | B79: 澳大利亚 | C79: Kenix Lin | D79: KMART (AUS / NZ) | E79: THT1505 | G79: PF001A1 | H79: 马桶遥控车 | I79: 812 | J79: 4 | K79: =I79/J79 -> 203 | L79: 46153 | M79: 46153 | N79: 46148 | O79: PASS | P79: 5/6~5/11 | Q79: 46099 | R79: 46101 | S79: 46108 | T79: 46099 | U79: 是 | V79: KMART客版 | W79: 无 | X79: {=INDEX(系统货号!C:C,MATCH(1,(系统货号!A:A=G79)*(系统货号!B:B=V79),0))} -> PF001A1-KMART | Y79: 包装跟之前的KMART订单，包装档案如有日期码需修改，除SSCC贴纸外 | AB79: 无 | AC79: 05/26 | AD79: 客版包装+客版说明书+SSCC外箱贴纸+客版日期码05/26+客验货+所有Kmart 订单需要用60MM宽的，“Anko” logo 胶纸封箱； | AE79: 10.262 | AF79: =I79*AE79 -> 8332.744 | AG79: =AF79*7.75 -> 64578.766 | AH79: 46087 | AI79: 系统出单 | AJ79: 812 | AK79: =AJ79-I79 -> 0 | AO79: FE63726REV1 | AP79: 46157 | AQ79: 46156
A80: 46112 | B80: 菲律宾 | C80: Kenix Lin | D80: RAMS (Philippines) | E80: THT1520B | G80: PF001A1 | H80: 马桶遥控车 | I80: 500 | J80: 4 | K80: =I80/J80 -> 125 | L80: 46153 | M80: 46153 | N80: 自检 | O80: PASS | Q80: 46129 | R80: 46130 | S80: 46134 | T80: 46134 | U80: 是 | V80: 新标准包装 | W80: 无 | X80: {=INDEX(系统货号!C:C,MATCH(1,(系统货号!A:A=G80)*(系统货号!B:B=V80),0))} -> PF001A1-新标准版 | AB80: 无 | AC80: 260428 HS | AD80: 标准彩盒+标准说明书+客版贴纸 | AE80: 10.262 | AF80: =I80*AE80 -> 5131 | AG80: =AF80*7.75 -> 39765.25 | AH80: 46113 | AI80: 系统出单 | AJ80: =496+4 -> 500 | AK80: =AJ80-I80 -> 0 | AO80: FE63727 | AP80: 46160 | AQ80: 46158
A81: 46112 | B81: 菲律宾 | C81: Kenix Lin | D81: RAMS (Philippines) | E81: THT1520B | G81: CZ022D6 | H81: 按压发声公仔（拉布布） | I81: 600 | J81: 6 | K81: =I81/J81 -> 100 | L81: 46153 | M81: 46153 | N81: 自检 | O81: PASS | P81: 46158 | Q81: 46129 | R81: 46130 | S81: 46134 | T81: 46134 | U81: 是 | V81: 标准包装 | W81: 标准布标 | X81: {=INDEX(系统货号!C:C,MATCH(1,(系统货号!A:A=G81)*(系统货号!B:B=V81),0))} -> CZ022D6 | AB81: 260428 HS | AC81: 260428 HS | AD81: 标准吊牌+客版帖纸+标准CDU+标准布标 | AE81: 3.989 | AF81: =I81*AE81 -> 2393.4 | AG81: =AF81*7.75 -> 18548.85 | AH81: 46113 | AO81: FE63727 | AP81: 46160 | AQ81: 46158
A82: 46112 | B82: 菲律宾 | C82: Kenix Lin | D82: RAMS (Philippines) | E82: THT1520B | G82: CZ018D6 | H82: 按压发声公仔（一代牙齿怪） | I82: 600 | J82: 6 | K82: =I82/J82 -> 100 | L82: 46153 | M82: 46153 | N82: 自检 | O82: PASS | P82: 46158 | Q82: 46129 | R82: 46130 | S82: 46134 | T82: 46134 | U82: 是 | V82: 标准包装 | W82: 标准布标 | X82: {=INDEX(系统货号!C:C,MATCH(1,(系统货号!A:A=G82)*(系统货号!B:B=V82),0))} -> CZ018D6 | AB82: 260428 HS | AC82: 260428 HS | AD82: 标准吊牌+客版帖纸+标准CDU+标准布标 | AE82: 3.905 | AF82: =I82*AE82 -> 2343 | AG82: =AF82*7.75 -> 18158.25 | AH82: 46113 | AO82: FE63727 | AP82: 46160 | AQ82: 46158
A83: 46088 | B83: 瑞士 | C83: Kenix Lin | D83: MIGROS (SWISS) | E83: THT1514B | G83: CZ006D6 | H83: 按压发声公仔（6款混装） | I83: 4920 | J83: 6 | K83: =I83/J83 -> 820 | L83: 46150 | M83: 46150 | N83: 自检 | O83: PASS | P83: 46158 | Q83: 46112 | R83: 46113 | S83: 46125 | T83: 46127 | U83: 是 | V83: SWISS客版 | W83: 标准布标 | X83: {=INDEX(系统货号!C:C,MATCH(1,(系统货号!A:A=G83)*(系统货号!B:B=V83),0))} -> CZ006D6-瑞士 | AB83: 250710 HS | AC83: 250710 HS | AD83: 标准布标+标准吊牌+标准CDU+客价格贴纸+客外箱贴纸 | AE83: 3.988 | AF83: =I83*AE83 -> 19620.96 | AG83: =AF83*7.75 -> 152062.44 | AH83: 46104 | AO83: FE63728 | AP83: 46164 | AQ83: 46160
A84: 46010 | B84: 秘鲁 | C84: Kenix Lin | D84: FALABELLA (PERU) | E84: THT1468 | G84: BS082D6 | H84: 二代独角兽手提包 | I84: 804 | J84: 6 | K84: =I84/J84 -> 134 | L84: 46167 | M84: 46167 | N84: 5/25自检 | O84: PASS | P84: 46171 | Q84: 46043 | R84: 46059 | S84: 46059 | T84: 46133 | U84: 是 | V84: 标准包装 | W84: 标准布标 | X84: {=INDEX(系统货号!C:C,MATCH(1,(系统货号!A:A=G84)*(系统货号!B:B=V84),0))} -> BS082D6 | Y84: 否 | AB84: 260112 HS | AC84: 260112 HS | AD84: 标准布标（需使用布标贴纸修改布标内容）+标准收缩膜+标准传单+客版贴纸+新RFID价钱贴纸（客供）+标准CDU+标准身份证+客版布标贴纸 | AE84: 3.405 | AF84: =I84*AE84 -> 2737.62 | AG84: =AF84*7.75 -> 21216.555 | AH84: 46021 | AI84: 系统出单 | AO84: FE63730 | AP84: 46175 | AQ84: 46174
A85: 46010 | B85: 秘鲁 | C85: Kenix Lin | D85: FALABELLA (PERU) | E85: THT1468 | G85: BS083D6 | H85: 三代狗系列手提包 | I85: 504 | J85: 6 | K85: =I85/J85 -> 84 | L85: 46167 | M85: 46167 | N85: 5/25自检 | O85: PASS | P85: 46171 | Q85: 46043 | R85: 46059 | S85: 46059 | T85: 46133 | U85: 是 | V85: 标准包装 | W85: 标准布标 | X85: {=INDEX(系统货号!C:C,MATCH(1,(系统货号!A:A=G85)*(系统货号!B:B=V85),0))} -> BS083D6 | Y85: 否 | AB85: 260122 HS | AC85: 260122 HS | AD85: 标准布标（需使用布标贴纸修改布标内容）+标准收缩膜+标准传单+客版贴纸+新RFID价钱贴纸（客供）+标准CDU+标准身份证+客版布标贴纸 | AE85: 3.149 | AF85: =I85*AE85 -> 1587.096 | AG85: =AF85*7.75 -> 12299.994 | AH85: 46021 | AI85: 系统出单 | AO85: FE63730 | AP85: 46175 | AQ85: 46174
A86: 46010 | B86: 秘鲁 | C86: Kenix Lin | D86: FALABELLA (PERU) | E86: THT1468 | G86: BS067D1 | H86: 手提包猫系列 | I86: 504 | J86: 6 | K86: =I86/J86 -> 84 | L86: 46167 | M86: 46167 | N86: 5/25自检 | O86: PASS | P86: 46171 | Q86: 46043 | R86: 46059 | S86: 46059 | T86: 46133 | U86: 是 | V86: 标准包装 | W86: 标准布标 | X86: {=INDEX(系统货号!C:C,MATCH(1,(系统货号!A:A=G86)*(系统货号!B:B=V86),0))} -> BS067D1 | Y86: 否 | AB86: 250710 HS | AC86: 260112 HS | AD86: 标准布标（需使用布标贴纸修改布标内容）+标准收缩膜+标准传单+客版贴纸+新RFID价钱贴纸（客供）+标准CDU+标准身份证+客版布标贴纸 | AE86: 3.09 | AF86: =I86*AE86 -> 1557.36 | AG86: =AF86*7.75 -> 12069.54 | AH86: 46021 | AI86: 系统出单 | AO86: FE63730 | AP86: 46175 | AQ86: 46174
A87: 46087 | B87: 澳大利亚 | C87: Kenix Lin | D87: KMART (AUS / NZ) | E87: THT1515 | G87: PF001A1 | H87: 马桶遥控车 | I87: 868 | J87: 4 | K87: =I87/J87 -> 217 | L87: 46164 | M87: 46164 | N87: 46168 | P87: 5/27~6/01 | Q87: 46099 | R87: 46101 | S87: 46108 | T87: 46099 | U87: 是 | V87: KMART客版 | W87: 无 | X87: {=INDEX(系统货号!C:C,MATCH(1,(系统货号!A:A=G87)*(系统货号!B:B=V87),0))} -> PF001A1-KMART | Y87: 包装跟之前的KMART订单，包装档案如有日期码需修改，除SSCC贴纸外 | AB87: 无 | AC87: 05/26 | AD87: 客版包装+客版说明书+SSCC外箱贴纸+客版日期码05/26+客验货+所有Kmart 订单需要用60MM宽的，“Anko” logo 胶纸封箱； | AE87: 10.262 | AF87: =I87*AE87 -> 8907.416 | AG87: =AF87*7.75 -> 69032.474 | AH87: 46087 | AI87: 系统出单 | AJ87: 868 | AK87: =AJ87-I87 -> 0 | AO87: FE63731 | AP87: 46175 | AQ87: 46174
A88: 46126 | B88: 瑞典 | C88: Kenix Lin | D88: LEKIA A.B. (SWEDEN) | E88: THT1547A | G88: MZ002D9 | H88: 鲨鱼实验室 | I88: 801 | J88: 9 | K88: 89 | L88: 46170 | M88: 46170 | N88: 5/22自检 | O88: PASS | P88: 6/12~6/13 | Q88: 46134 | R88: 46136 | S88: 46141 | T88: 已提供 | U88: 是 | V88: 标准包装 | W88: 无 | X88: MZ002D9 | Y88: 跟之前的THT1303B订单客版资料一样 | AB88: 无 | AC88: 260514 HS | AD88: 标准收缩膜+标准说明书+客版贴纸+标准传单+标准CDU | AE88: 3.904 | AF88: 3127.104 | AG88: 24235.056 | AH88: 46129 | AO88: FE63733 | AP88: 46185 | AQ88: 46185
A89: 46101 | B89: 澳大利亚 | C89: Kenix Lin | D89: KMART (AUS / NZ) | E89: THT1539 | G89: PF001A1 | H89: 马桶遥控车 | I89: 868 | J89: 4 | K89: =I89/J89 -> 217 | L89: 46178 | M89: 46178 | N89: 46178 | O89: PASS | P89: 6/10~6/13 | Q89: 46142 | R89: 46147 | S89: 46153 | T89: 46142 | U89: 是 | V89: KMART客版 | W89: 无 | X89: {=INDEX(系统货号!C:C,MATCH(1,(系统货号!A:A=G89)*(系统货号!B:B=V89),0))} -> PF001A1-KMART | Y89: 包装跟之前的KMART订单，包装档案如有日期码需修改，除SSCC贴纸外 | AB89: 无 | AC89: 05/26 | AD89: 客版包装+客版说明书+SSCC外箱贴纸+客版日期码05/26+客验货+所有Kmart 订单需要用60MM宽的，“Anko” logo 胶纸封箱； | AE89: 10.262 | AF89: =I89*AE89 -> 8907.416 | AG89: =AF89*7.75 -> 69032.474 | AH89: 46102 | AI89: 系统出单 | AJ89: 868 | AK89: =AJ89-I89 -> 0 | AO89: FE63734 | AP89: 46188 | AQ89: 46183
A90: 46101 | B90: 澳大利亚 | C90: Kenix Lin | D90: ALL BRANDS TOYS (Australia) | E90: THT1538 | G90: CZ007D1 | H90: 按压发声公仔11款混装 | I90: 21824 | J90: 11 | K90: =I90/J90 -> 1984 | L90: 46156 | M90: 46156 | N90: 46171 | P90: 46177 | Q90: 46101 | R90: 46119 | S90: 46125 | T90: 46109 | U90: 是 | V90: WM客版 （印尼） | W90: WM客版布标 （印尼） | X90: {=INDEX(系统货号!C:C,MATCH(1,(系统货号!A:A=G90)*(系统货号!B:B=V90),0))} -> #N/A | AB90: 08/25 | AC90: 08/25 | AD90: CDU A装六个，CDU B装五个，CDU A+B装一箱，客版吊牌（WM印尼版）+客布标（WM印尼版）+日期码格式：08/25+客验货 | AE90: 3.644 | AF90: =AE90*I90 -> 79526.656 | AG90: =AF90*7.75 -> 616331.58 | AO90: FE63735 | AP90: 46195
A91: 2026/4/27周一 | B91: 哥伦比亚 | C91: Kenix Lin | D91: AURORA (MORE PRODUCTS - COLOMBIA) | E91: THT1561A | G91: BS082D6 | H91: 二代独角兽手提包 | I91: 11706 | J91: 6 | K91: 1951 | L91: 2026/6/10周三 | M91: 2026/6/22周一 | N91: 自检 | O91: Pass | P91: 46203 | Q91: 46147 | R91: 46148 | S91: 46155 | T91: 46149 | U91: 是 | V91: 标准包装 | W91: 标准布标 | X91: BS082D6 | AB91: 260603 HS | AC91: 260603 HS | AD91: 标准收缩膜+标准布标+标准说明书+客版贴纸+标准身份证+标准CDU | AE91: 3.232 | AF91: 37833.79 | AG91: 293211.89 | AH91: 46141 | AI91: 邵阳 | AJ91: 系统出单 | AK91: 11706 | AO91: FE63736 | AP91: 46203 | AQ91: 46201
A92: 2026/4/27周一 | B92: 哥伦比亚 | C92: Kenix Lin | D92: AURORA (MORE PRODUCTS - COLOMBIA) | E92: THT1561A | G92: BS083D6 | H92: 三代狗系列手提包 | I92: 2100 | J92: 6 | K92: 350 | L92: 2026/6/10周三 | M92: 2026/6/22周一 | N92: 自检 | O92: Pass | P92: 46203 | Q92: 46147 | R92: 46148 | S92: 46155 | T92: 46149 | U92: 是 | V92: 标准包装 | W92: 标准布标 | X92: BS083D6 | AB92: 260603 HS | AC92: 260603 HS | AD92: 标准收缩膜+标准布标+标准说明书+客版贴纸+标准身份证+标准CDU | AE92: 2.976 | AF92: 6249.6 | AG92: 48434.4 | AH92: 46141 | AI92: 邵阳 | AJ92: 系统出单 | AK92: 2100 | AO92: FE63736 | AP92: 46203 | AQ92: 46201
A93: 46133 | B93: 以色列 | C93: Kenix Lin | D93: SIMPLY BIBO (ISRAEL) | E93: THT1549B | G93: CZ006D6 | H93: 按压发声公仔（6款混装） | I93: 1254 | J93: 6 | K93: =I93/J93 -> 209 | L93: 46188 | M93: 46196 | N93: 自检 | O93: Pass | P93: 46205 | Q93: 46154 | R93: 46155 | S93: 46160 | T93: 46154 | U93: 是 | V93: 标准包装 | W93: 客版布标 | X93: {=INDEX(系统货号!C:C,MATCH(1,(系统货号!A:A=G93)*(系统货号!B:B=V93),0))} -> CZ006D6 | AB93: 260529 HS | AC93: 260529 HS | AD93: 标准吊牌+客版贴纸+客版布标+标准CDU | AE93: 3.855 | AF93: =I93*AE93 -> 4834.17 | AG93: =AF93*7.75 -> 37464.817 | AH93: 46137 | AI93: 邵阳 | AJ93: 系统出单 | AK93: 1254 | AO93: FE63737 | AP93: 46204 | AQ93: 46203
A94: 46133 | B94: 以色列 | C94: Kenix Lin | D94: SIMPLY BIBO (ISRAEL) | E94: THT1549B | G94: CZ019D6 | H94: 6款公仔混装（狐狸+狗+树懒+三角龙+双脊龙+海狸） | I94: 1254 | J94: 6 | K94: =I94/J94 -> 209 | L94: 46188 | M94: 46196 | N94: 自检 | O94: Pass | P94: 46205 | Q94: 46154 | R94: 46155 | S94: 46160 | T94: 46154 | U94: 是 | V94: 标准包装 | W94: 客版布标 | X94: {=INDEX(系统货号!C:C,MATCH(1,(系统货号!A:A=G94)*(系统货号!B:B=V94),0))} -> CZ019D6 | AB94: 260529 HS | AC94: 260529 HS | AD94: 标准吊牌+客版贴纸+客版布标+标准CDU | AE94: 3.855 | AF94: =I94*AE94 -> 4834.17 | AG94: =AF94*7.75 -> 37464.817 | AH94: 46137 | AI94: 邵阳 | AJ94: 系统出单 | AK94: 1254 | AO94: FE63737 | AP94: 46204 | AQ94: 46203
A95: 46133 | B95: 以色列 | C95: Kenix Lin | D95: SIMPLY BIBO (ISRAEL) | E95: THT1549B | G95: CZ018D6 | H95: 按压发声公仔（一代牙齿怪） | I95: 1254 | J95: 6 | K95: =I95/J95 -> 209 | L95: 46188 | M95: 46196 | N95: 自检 | O95: Pass | P95: 46205 | Q95: 46154 | R95: 46155 | S95: 46160 | T95: 46154 | U95: 是 | V95: 标准包装 | W95: 客版布标 | X95: {=INDEX(系统货号!C:C,MATCH(1,(系统货号!A:A=G95)*(系统货号!B:B=V95),0))} -> CZ018D6 | AB95: 260529 HS | AC95: 260529 HS | AD95: 标准吊牌+客版贴纸+客版布标+标准CDU | AE95: 3.728 | AF95: =I95*AE95 -> 4674.912 | AG95: =AF95*7.75 -> 36230.568 | AH95: 46137 | AI95: 邵阳 | AJ95: 系统出单 | AK95: 1254 | AO95: FE63737 | AP95: 46204 | AQ95: 46203
A96: 46133 | B96: 以色列 | C96: Kenix Lin | D96: SIMPLY BIBO (ISRAEL) | E96: THT1549B | G96: CZ017D6 | H96: 按压公仔(泰迪熊&兔&猫) | I96: 1254 | J96: 6 | K96: =I96/J96 -> 209 | L96: 46188 | M96: 46196 | N96: 自检 | O96: Pass | P96: 46205 | Q96: 46154 | R96: 46155 | S96: 46160 | T96: 46154 | U96: 是 | V96: 标准包装 | W96: 客版布标 | X96: {=INDEX(系统货号!C:C,MATCH(1,(系统货号!A:A=G96)*(系统货号!B:B=V96),0))} -> CZ017D6 | AB96: 260529 HS | AC96: 260529 HS | AD96: 标准吊牌+客版贴纸+客版布标+标准CDU | AE96: 3.898 | AF96: =I96*AE96 -> 4888.092 | AG96: =AF96*7.75 -> 37882.713 | AH96: 46137 | AI96: 邵阳 | AJ96: 系统出单 | AK96: 1254 | AO96: FE63737 | AP96: 46204 | AQ96: 46203
A97: 46133 | B97: 以色列 | C97: Kenix Lin | D97: SIMPLY BIBO (ISRAEL) | E97: THT1549B | G97: SP002A1 | H97: 冰杯带手柄 | I97: 3000 | J97: 6 | K97: =I97/J97 -> 500 | L97: 46188 | M97: 46196 | N97: 自检 | O97: Pass | P97: 46205 | Q97: 46154 | R97: 46155 | S97: 46160 | T97: 46154 | U97: 是 | V97: ISRAEL包装 | W97: 无 | X97: {=INDEX(系统货号!C:C,MATCH(1,(系统货号!A:A=G97)*(系统货号!B:B=V97),0))} -> SP002A1-以色列 | AB97: 无 | AC97: 260529 HS | AD97: 客版包装+客版说明书+新冰袋 | AE97: 1.102 | AF97: =I97*AE97 -> 3306 | AG97: =AF97*7.75 -> 25621.5 | AH97: 46147 | AI97: 东莞 | AK97: 3000 | AO97: FE63737 | AP97: 46204 | AQ97: 46203
A98: 46125 | B98: 巴西 | C98: Kenix Lin | D98: FUN COMERCIO (BRASIL) | E98: THT1560 | G98: BS082D6 | H98: 二代独角兽手提包 | I98: 8004 | J98: 6 | K98: =I98/J98 -> 1334 | L98: 46190 | M98: 46203 | N98: 自检 | O98: pass | P98: 46206 | Q98: 46142 | R98: 46147 | S98: 46150 | T98: 46142 | U98: 是 | V98: BRASIL包装 | W98: 客版布标 | X98: {=INDEX(系统货号!C:C,MATCH(1,(系统货号!A:A=G98)*(系统货号!B:B=V98),0))} -> BS082D6-巴西 | AB98: 260529 HS | AC98: 260529 HS | AD98: 客版布标+客版收缩膜+客版传单+标准身份证卡+客版CDU | AE98: 3.283 | AF98: =I98*AE98 -> 26277.132 | AG98: =AF98*7.75 -> 203647.77 | AH98: 46129 | AI98: 邵阳 | AJ98: 系统出单 | AK98: 8004 | AO98: FE63738 | AP98: 46209 | AQ98: 46205
A99: 46129 | B99: 新西兰 | C99: Kenix Lin | D99: KMART (AUS /NZ) | E99: THT1600 | G99: PF001A1 | H99: 马桶遥控车 | I99: 24 | J99: 4 | K99: =I99/J99 -> 6 | L99: 46196 | M99: 46196 | N99: 46206 | P99: 7/8-7/13 | Q99: 46157 | R99: 46161 | S99: 46169 | T99: 46157 | U99: 是 | V99: 是 | W99: KMART客版 | X99: 无 | Y99: {=INDEX(系统货号!D:D,MATCH(1,(系统货号!B:B=H99)*(系统货号!C:C=W99),0))} -> #N/A | AB99: 无 | AC99: 05/26 | AD99: 客版包装+客版说明书+SSCC外箱贴纸+客版日期码05/26+客验货+所有Kmart 订单需要用60MM宽的，“Anko” logo 胶纸封箱； | AE99: 10.262 | AF99: =I99*AE99 -> 246.288 | AG99: =AF99*7.75 -> 1908.732 | AH99: 46130 | AI99: 系统出单 | AJ99: 24 | AO99: FE63739 | AP99: 46217 | AQ99: 46211
A100: 46129 | B100: 澳大利亚 | C100: Kenix Lin | D100: KMART (AUS /NZ) | E100: THT1599 | G100: PF001A1 | H100: 马桶遥控车 | I100: 1712 | J100: 4 | K100: =I100/J100 -> 428 | L100: 46196 | M100: 46196 | N100: 46206 | P100: 7/8-7/13 | Q100: 46157 | R100: 46161 | S100: 46169 | T100: 46157 | U100: 是 | V100: 是 | W100: KMART客版 | X100: 无 | Y100: {=INDEX(系统货号!D:D,MATCH(1,(系统货号!B:B=H100)*(系统货号!C:C=W100),0))} -> #N/A | AB100: 无 | AC100: 05/26 | AD100: 客版包装+客版说明书+SSCC外箱贴纸+客版日期码05/26+客验货+所有Kmart 订单需要用60MM宽的，“Anko” logo 胶纸封箱； | AE100: 10.262 | AF100: =I100*AE100 -> 17568.544 | AG100: =AF100*7.75 -> 136156.22 | AH100: 46130 | AI100: 系统出单 | AJ100: =1568+144 -> 1712 | AO100: FE63740 | AP100: 46217 | AQ100: 46211
...

Sheet 询单排期
A1: 询单日期 | B1: 国家 | C1: 客跟单 | D1: 客户名称 （第三方客名） | E1: 订单PO.NO | F1: ITEM NO | G1: 名称 | H1: 数量 | I1: 装箱数 | J1: 总箱数 | K1: 复客验货期 | L1: 备注 | M1: 接到正式订单日期
A2: 46029 | B2: 澳大利亚 | C2: Kenix Lin | D2: KMART | E2: 询单 | F2: PF001A1 | G2: 马桶遥控车 | H2: 1044 | I2: 4 | J2: =H2/I2 -> 261 | K2: 46112 | L2: 客版包装+客版说明书+SSCC外箱贴纸+客版日期码05/26+客验货+所有Kmart 订单需要用60MM宽的，“Anko” logo 胶纸封箱； | M2: 46042
A3: 46029 | B3: 澳大利亚 | C3: Kenix Lin | D3: KMART | E3: 询单 | F3: CZ014D6 | G3: 按压发声公仔（史迪仔+天使） | H3: 804 | I3: 6 | J3: =H3/I3 -> 134 | K3: 46119 | L3: 标准布标+客版吊牌+此单使用CZ003标准CDU+SSCC外箱贴纸+客版日期码（CZ003布标吊牌日期码：20/25、CZ004布标吊牌日期码：34/25）+客验货+所有Kmart 订单需要用60MM宽的，“Anko” logo 胶纸封箱； | M3: 此询单已取消
A4: 46037 | B4: 美国 | C4: Kenix Lin | D4: TOYMONSTER | E4: 询单 | F4: PF001A1 | G4: 马桶遥控车 | H4: 600 | I4: 4 | J4: =H4/I4 -> 150 | K4: 46091 | L4: 标准包装+标准说明书+客版贴纸
A5: 46049 | B5: 瑞士 | C5: Kenix Lin | D5: MIGROS (SWISS) | E5: 询单 | F5: CZ006D6 | G5: 按压发声公仔（6款混装） | H5: 4920 | I5: 6 | J5: =H5/I5 -> 820 | K5: 46119 | L5: 标准吊牌+标准CDU+客版布标
A6: 46049 | B6: 瑞士 | C6: Kenix Lin | D6: MIGROS (SWISS) | E6: 询单 | F6: PF001A1 | G6: 马桶遥控车 | H6: 656 | I6: 4 | J6: =H6/I6 -> 164 | K6: 46119 | L6: 标准包装+标准说明书
A7: 46049 | B7: 澳大利亚 | C7: Kenix Lin | D7: KMART (AUS) | E7: 询单 | F7: PF001A1 | G7: 马桶遥控车 | H7: 844 | I7: 4 | J7: =H7/I7 -> 211 | K7: 46126 | L7: 客版包装+客版说明书+SSCC外箱贴纸+客版日期码05/26+客验货+所有Kmart 订单需要用60MM宽的，“Anko” logo 胶纸封箱； | M7: 46050
A8: 46049 | B8: 新西兰 | C8: Kenix Lin | D8: KMART (AUS) | E8: 询单 | F8: PF001A1 | G8: 马桶遥控车 | H8: 24 | I8: 4 | J8: =H8/I8 -> 6 | K8: 46126 | L8: 客版包装+客版说明书+SSCC外箱贴纸+客版日期码05/26+客验货+所有Kmart 订单需要用60MM宽的，“Anko” logo 胶纸封箱； | M8: 46050
A9: 46050 | B9: 加拿大 | C9: Kenix Lin | D9: GROUPE RICOCHET INC. (CANADA) | E9: 询单 | F9: CZ018D6 | G9: 按压发声公仔（一代牙齿怪） | H9: 2004 | I9: 6 | J9: =H9/I9 -> 334 | K9: 46122 | L9: 客版布标+客版吊牌+客版CDU | M9: 46080
A10: 46052 | B10: 澳大利亚 | C10: Kenix Lin | D10: KMART (AUS / NZ) | E10: 询单 | F10: MZ002D6 | G10: 鲨鱼实验室2 | H10: 1560 | I10: 6 | J10: =H10/I10 -> 260 | K10: 46111 | L10: 标准包装+标准说明书+客版贴纸+标准CDU+SSCC贴纸 | M10: 46057
A11: 46052 | B11: 新西兰 | C11: Kenix Lin | D11: KMART (AUS / NZ) | E11: 询单 | F11: MZ002D6 | G11: 鲨鱼实验室2 | H11: 240 | I11: 6 | J11: =H11/I11 -> 40 | K11: 46111 | L11: 标准包装+标准说明书+客版贴纸+标准CDU+SSCC贴纸 | M11: 46057
A12: 46052 | B12: 澳大利亚 | C12: Kenix Lin | D12: KMART (AUS / NZ) | E12: 询单 | F12: MZ003D1 | G12: 恐龙实验室2 | H12: 1500 | I12: 6 | J12: =H12/I12 -> 250 | K12: 46111 | L12: 标准包装+标准说明书+客版贴纸+标准CDU+SSCC贴纸 | M12: 46057
A13: 46052 | B13: 新西兰 | C13: Kenix Lin | D13: KMART (AUS / NZ) | E13: 询单 | F13: MZ003D1 | G13: 恐龙实验室2 | H13: 240 | I13: 6 | J13: =H13/I13 -> 40 | K13: 46111 | L13: 标准包装+标准说明书+客版贴纸+标准CDU+SSCC贴纸 | M13: 46057
A14: 46052 | B14: 澳大利亚 | C14: Kenix Lin | D14: KMART (AUS / NZ) | E14: 询单 | F14: MZ002D6 | G14: 鲨鱼实验室2 | H14: 1440 | I14: 6 | J14: =H14/I14 -> 240 | K14: 46125 | L14: 标准包装+标准说明书+客版贴纸+标准CDU+SSCC贴纸 | M14: 46057 | N14: 询单货号MZ002D6，实单货号MZ003D1
A15: 46052 | B15: 新西兰 | C15: Kenix Lin | D15: KMART (AUS / NZ) | E15: 询单 | F15: MZ002D6 | G15: 鲨鱼实验室2 | H15: 240 | I15: 6 | J15: =H15/I15 -> 40 | K15: 46125 | L15: 标准包装+标准说明书+客版贴纸+标准CDU+SSCC贴纸 | M15: 46057 | N15: 询单货号MZ002D6，实单货号MZ003D1
A16: 46052 | B16: 澳大利亚 | C16: Kenix Lin | D16: KMART (AUS / NZ) | E16: 询单 | F16: MZ003D1 | G16: 恐龙实验室2 | H16: 1260 | I16: 6 | J16: =H16/I16 -> 210 | K16: 46139 | L16: 标准包装+标准说明书+客版贴纸+标准CDU+SSCC贴纸 | M16: 46057
A17: 46052 | B17: 新西兰 | C17: Kenix Lin | D17: KMART (AUS / NZ) | E17: 询单 | F17: MZ003D1 | G17: 恐龙实验室2 | H17: 186 | I17: 6 | J17: =H17/I17 -> 31 | K17: 46139 | L17: 标准包装+标准说明书+客版贴纸+标准CDU+SSCC贴纸 | M17: 46057
A18: 46059 | B18: 澳大利亚 | C18: Kenix Lin | D18: KMART (AUS / NZ) | E18: 询单 | F18: PF001A1 | G18: 马桶遥控车 | H18: 808 | I18: 4 | J18: =H18/I18 -> 202 | K18: 46139 | L18: 客版包装+客版说明书 | M18: 46062
A19: 46059 | B19: 新西兰 | C19: Kenix Lin | D19: KMART (AUS / NZ) | E19: 询单 | F19: PF001A1 | G19: 马桶遥控车 | H19: 60 | I19: 4 | J19: =H19/I19 -> 15 | K19: 46139 | L19: 客版包装+客版说明书 | M19: 46062
A20: 46078 | B20: 澳大利亚 | C20: Kenix Lin | D20: KMART (AUS/ NZ) | E20: 询单 | F20: PF001A1 | G20: 马桶遥控车 | H20: 812 | I20: 4 | J20: =H20/I20 -> 203 | K20: 46147 | L20: 客版包装+客版说明书 | M20: 46087
A21: 46078 | B21: 新西兰 | C21: Kenix Lin | D21: KMART (AUS/ NZ) | E21: 询单 | F21: PF001A1 | G21: 马桶遥控车 | H21: 56 | I21: 4 | J21: =H21/I21 -> 14 | K21: 46147 | L21: 客版包装+客版说明书 | M21: 46087
A22: 46086 | B22: 菲律宾 | C22: Kenix Lin | D22: RAMS (Philippines) | E22: 询单 | F22: CZ022D6 | G22: 按压发声公仔（拉布布） | H22: 600 | I22: 6 | J22: =H22/I22 -> 100 | K22: 46153 | L22: 标准包装+标准说明书+客版贴纸 | M22: 46112
A23: 46086 | B23: 菲律宾 | C23: Kenix Lin | D23: RAMS (Philippines) | E23: 询单 | F23: CZ018D6 | G23: 按压发声公仔（一代牙齿怪） | H23: 600 | I23: 6 | J23: =H23/I23 -> 100 | K23: 46153 | L23: 标准包装+标准说明书+客版贴纸 | M23: 46112
A24: 46086 | B24: 菲律宾 | C24: Kenix Lin | D24: RAMS (Philippines) | E24: 询单 | F24: PF001A1 | G24: 马桶遥控车 | H24: 500 | I24: 4 | J24: =H24/I24 -> 125 | K24: 46153 | L24: 标准包装+标准说明书+客版贴纸 | M24: 46112
A25: 46099 | B25: 爱尔兰 | C25: Kenix Lin | D25: SMYTHS TOYS (Ireland) | E25: 询单 | F25: BS086D6 | G25: 蝴蝶结公主手提包 | H25: 5004 | I25: 6 | J25: =H25/I25 -> 834 | K25: 46213 | L25: 客版说明书+客版收缩膜+客版布标+客版身份证卡+客版CDU | M25: 46136
A26: 46099 | B26: 英国 | C26: Kenix Lin | D26: SMYTHS TOYS (UK) | E26: 询单 | F26: BS086D6 | G26: 蝴蝶结公主手提包 | H26: 10002 | I26: 6 | J26: =H26/I26 -> 1667 | K26: 46213 | L26: 客版说明书+客版收缩膜+客版布标+客版身份证卡+客版CDU | M26: 46136
A27: 46100 | B27: 智利 | C27: Kenix Lin | D27: TOTTUS (CHILE) | E27: 询单 | F27: CZ018D6 | G27: 按压发声公仔（一代牙齿怪） | H27: 2400 | I27: 6 | J27: =H27/I27 -> 400 | K27: 46233 | L27: 标准布标+标准吊牌+客版贴纸+标准CDU | M27: 46120
A28: 46100 | B28: 智利 | C28: Kenix Lin | D28: TOTTUS (CHILE) | E28: 询单 | F28: CZ032D6 | H28: 2400 | I28: 6 | J28: =H28/I28 -> 400 | K28: 46233 | L28: 标准布标+标准吊牌+客版贴纸+标准CDU | M28: 此询单已取消
A29: 46100 | B29: 智利 | C29: Kenix Lin | D29: TOTTUS (CHILE) | E29: 询单 | F29: CZ017D6 | G29: 3款公仔混装（熊+兔+猫） | H29: 1680 | I29: 6 | J29: =H29/I29 -> 280 | K29: 46233 | L29: 标准布标+标准吊牌+客版贴纸+标准CDU | M29: 46120
A30: 46100 | B30: 智利 | C30: Kenix Lin | D30: TOTTUS (CHILE) | E30: 询单 | F30: BS090D6 | G30: 美人鱼+蝴蝶结混装手提包 | H30: 2400 | I30: 6 | J30: =H30/I30 -> 400 | K30: 46233 | L30: 标准布标+标准收缩膜+标准传单+客版贴纸+标准CDU | M30: 46120
A31: 46100 | B31: 澳大利亚 | C31: Kenix Lin | D31: KMART (AUS) | E31: 询单 | F31: PF001A1 | G31: 马桶遥控车 | H31: 868 | I31: 4 | J31: =H31/I31 -> 217 | K31: 46178 | L31: 客版彩盒+客版说明书 | M31: 46101
A32: 46108 | B32: 以色列 | C32: Kenix Lin | D32: SIMPLY BIBO (ISRAEL) | E32: 询单 | F32: CZ006D6 | G32: 按压发声公仔（6款混装） | H32: 630 | I32: 6 | J32: =H32/I32 -> 105 | K32: 46170 | L32: 标准吊牌+客版贴纸+客版布标+标准CDU | M32: 46133
A33: 46108 | B33: 以色列 | C33: Kenix Lin | D33: SIMPLY BIBO (ISRAEL) | E33: 询单 | F33: CZ019D6 | G33: 6款公仔混装（狐狸+狗+树懒+三角龙+双脊龙+海狸） | H33: 630 | I33: 6 | J33: =H33/I33 -> 105 | K33: 46170 | L33: 标准吊牌+客版贴纸+客版布标+标准CDU | M33: 46133
A34: 46108 | B34: 以色列 | C34: Kenix Lin | D34: SIMPLY BIBO (ISRAEL) | E34: 询单 | F34: CZ018D6 | G34: 6款公仔混装（紫色怪+橙色怪+红色怪+青色怪+绿色怪+蓝色怪） | H34: 630 | I34: 6 | J34: =H34/I34 -> 105 | K34: 46170 | L34: 标准吊牌+客版贴纸+客版布标+标准CDU | M34: 46133
A35: 46108 | B35: 以色列 | C35: Kenix Lin | D35: SIMPLY BIBO (ISRAEL) | E35: 询单 | F35: CZ017D6 | G35: 3款公仔混装（熊+兔+猫） | H35: 630 | I35: 6 | J35: =H35/I35 -> 105 | K35: 46170 | L35: 标准吊牌+客版贴纸+客版布标+标准CDU | M35: 46133
A36: 46108 | B36: 以色列 | C36: Kenix Lin | D36: SIMPLY BIBO (ISRAEL) | E36: 询单 | F36: SP002A1 | G36: 冰杯带手柄 | H36: 6000 | I36: 6 | J36: =H36/I36 -> 1000 | K36: 46170 | L36: 标准包装+客版贴纸+客版说明书 | M36: 46133
A37: 46108 | B37: 瑞典 | C37: Kenix Lin | D37: LEKIA A.B. (SWEDEN) | E37: 询单 | F37: MZ002D9 | G37: 鲨鱼实验室 | H37: 801 | I37: 9 | J37: =H37/I37 -> 89 | K37: 46170 | L37: 标准收缩膜+标准贴纸+标准说明书+客版贴纸+标准CDU | M37: 46126
A38: 46111 | B38: 哥伦比亚 | C38: Kenix Lin | D38: AURORA (MORE PRODUCTS - COLOMBIA) | E38: 询单 | F38: BS082D6 | G38: 二代独角兽手提包 | H38: 11706 | I38: 6 | J38: =H38/I38 -> 1951 | K38: 46181 | L38: 标准布标+标准传单+标准收缩膜+客版贴纸+标准CDU | M38: 46139
A39: 46111 | B39: 哥伦比亚 | C39: Kenix Lin | D39: AURORA (MORE PRODUCTS - COLOMBIA) | E39: 询单 | F39: BS083D6 | G39: 手提包狗系列(三代) | H39: 2100 | I39: 6 | J39: =H39/I39 -> 350 | K39: 46181 | L39: 标准布标+标准传单+标准收缩膜+客版贴纸+标准CDU | M39: 46139
A40: 46121 | B40: 巴西 | C40: Kenix Lin | D40: FUN COMERCIO (BRASIL) | E40: 询单 | F40: BS082D6 | G40: 二代独角兽手提包 | H40: 8004 | I40: 6 | J40: =H40/I40 -> 1334 | K40: 46190 | L40: 客版说明书+客版收缩膜+客版布标+标准CDU | M40: 46125
... A47: 46128 | B47: 南非 | C47: Kenix Lin | D47: HTIC LIMITED (CHECKERS - South Africa) | E47: 询单 | F47: BS086D6 | G47: 蝴蝶结公主手提包 | H47: 2004 | I47: 6 | J47: =H47/I47 -> 334 | K47: 46238 | L47: 标准布标+标准收缩膜+标准说明书+标准传单+客版贴纸+标准CDU | M47: 46147
A48: 46134 | B48: 沙特阿拉伯 | C48: Kenix Lin | D48: TOY TRIANGLE (KSA) | E48: 询单 | F48: ZC006A1 | G48: 冰杯 | H48: 1002 | I48: 6 | J48: =H48/I48 -> 167 | K48: 46199 | L48: 标准包装+客版TTC+客贴纸+客版阿拉伯说明书
A49: 46141 | B49: 德国 | C49: Kenix Lin | D49: SMYTHS (GERMANY) | E49: 询单 | F49: BS086D6 | G49: 蝴蝶结公主手提包 | H49: 8154 | I49: 6 | J49: =H49/I49 -> 1359 | K49: 46218 | L49: 客版收缩膜+客版布标+客版说明书+客版身份证+客版CDU | M49: 46149
A50: 46141 | B50: 德国 | C50: Kenix Lin | D50: SMYTHS (GERMANY) | E50: 询单 | F50: BS086D6 | G50: 蝴蝶结公主手提包 | H50: 2250 | I50: 6 | J50: =H50/I50 -> 375 | K50: 46218 | L50: 客版收缩膜+客版布标+客版说明书+客版身份证+客版CDU | M50: 46149
A51: 46141 | B51: 捷克共和国 | C51: Kenix Lin | D51: MIKRO TRADING A.S. (CZECH REPUBLIC) | E51: 询单 | F51: ZC006A1 | G51: 冰杯 | H51: 1200 | I51: 6 | J51: =H51/I51 -> 200 | K51: 46213 | L51: 标准包装+客版贴纸+客版说明书 | M51: 46153
A52: 46141 | B52: 克罗地亚 | C52: Kenix Lin | D52: ORBICO D.O.O. (CROATIA) | E52: 询单 | F52: BS089D12 | G52: 二代MINI手提包 （猫+狗） | H52: 10728 | I52: 12 | J52: =H52/I52 -> 894 | K52: 46223 | L52: 客版吊牌+客版传单+标准CDU | M52: 46156
A53: 46141 | B53: 克罗地亚 | C53: Kenix Lin | D53: ORBICO D.O.O. (CROATIA) | E53: 询单 | F53: BS086D6 | G53: 蝴蝶结公主手提包 | H53: 7002 | I53: 6 | J53: =H53/I53 -> 1167 | K53: 46223 | L53: 标准收缩膜+客版贴纸+客版布标+客版说明书+标准CDU | M53: 46156
A54: 46141 | B54: 罗马尼亚 | C54: Kenix Lin | D54: INTERBRANDS ORBICO (ROMANIA) | E54: 询单 | F54: BS089D12 | G54: 二代MINI手提包 （猫+狗） | H54: 2400 | I54: 12 | J54: =H54/I54 -> 200 | K54: 46223 | L54: 标准收缩膜+客版贴纸+客版布标+客版说明书+标准CDU | M54: 46156
A55: 46141 | B55: 罗马尼亚 | C55: Kenix Lin | D55: INTERBRANDS ORBICO (ROMANIA) | E55: 询单 | F55: BS082D6 | G55: 二代独角兽手提包 | H55: 1800 | I55: 6 | J55: =H55/I55 -> 300 | K55: 46223 | L55: 客版吊牌+客版传单+标准CDU | M55: 46156
A56: 46141 | B56: 罗马尼亚 | C56: Kenix Lin | D56: INTERBRANDS ORBICO (ROMANIA) | E56: 询单 | F56: BS067D1 | G56: 手提包猫系列 | H56: 1800 | I56: 6 | J56: =H56/I56 -> 300 | K56: 46223 | L56: 标准收缩膜+客版贴纸+客版布标+客版说明书+标准CDU
A57: 46141 | B57: 罗马尼亚 | C57: Kenix Lin | D57: INTERBRANDS ORBICO (ROMANIA) | E57: 询单 | F57: BS086D6 | G57: 蝴蝶结公主手提包 | H57: 4800 | I57: 6 | J57: =H57/I57 -> 800 | K57: 46223 | L57: 标准收缩膜+客版贴纸+客版布标+客版说明书+标准CDU | M57: 46156
A58: 46141 | B58: 克罗地亚 | C58: Kenix Lin | D58: ORBICO D.O.O. (CROATIA) | E58: 询单 | F58: BS092D6 | H58: 7000 | I58: 6 | J58: =H58/I58 -> 1166.6667 | K58: 46209 | L58: 标准收缩膜+客版贴纸+客版布标+客版说明书+标准CDU
A59: 46141 | B59: 丹麦 | C59: Kenix Lin | D59: LINIEX APS (DENMARK) | E59: 询单 | F59: BS074D6 | G59: 独角兽手提包 | H59: 3000 | I59: 6 | J59: =H59/I59 -> 500 | K59: 46238 | L59: 标准布标+标准收缩膜+标准说明书+标准传单+客版贴纸+标准CDU | M59: 46169
A60: 46141 | B60: 丹麦 | C60: Kenix Lin | D60: LINIEX APS (DENMARK) | E60: 询单 | F60: BS085D6 | G60: 美人鱼手提包 | H60: 2220 | I60: 6 | J60: =H60/I60 -> 370 | K60: 46238 | L60: 标准布标+标准收缩膜+标准说明书+标准传单+客版贴纸+标准CDU | M60: 46169
A61: 46141 | B61: 丹麦 | C61: Kenix Lin | D61: LINIEX APS (DENMARK) | E61: 询单 | F61: BS086D6 | G61: 蝴蝶结公主手提包 | H61: 1500 | I61: 6 | J61: =H61/I61 -> 250 | K61: 46238 | L61: 标准布标+标准收缩膜+标准说明书+标准传单+客版贴纸+标准CDU | M61: 46169
A62: 46141 | B62: 丹麦 | C62: Kenix Lin | D62: LINIEX APS (DENMARK) | E62: 询单 | F62: BS064D1 | G62: MINI手提包系列 | H62: 2004 | I62: 12 | J62: =H62/I62 -> 167 | K62: 46238 | L62: 标准布吊牌+标准说明书+标准传单+客版贴纸+标准CDU | M62: 46169
A63: 46148 | B63: 罗马尼亚 | C63: Kenix Lin | D63: INTERBRANDS ORBICO (ROMANIA) | E63: 询单 | F63: ZC006A1 | G63: 冰杯 | H63: 2004 | I63: 6 | J63: =H63/I63 -> 334 | K63: 46209 | L63: 客版包装+客版贴纸+客版说明书 | M63: 46156
A64: 46155 | B64: 巴拿马 | C64: Kenix Lin | D64: GRUPO FOSTER S.A (PANAMA) | E64: 询单 | F64: CZ006D6 | G64: 按压发声公仔（6款混装） | H64: 360 | I64: 6 | J64: =H64/I64 -> 60 | K64: 46231 | L64: 标准布标+标准吊牌+客版贴纸+标准CDU
A65: 46155 | B65: 巴拿马 | C65: Kenix Lin | D65: GRUPO FOSTER S.A (PANAMA) | E65: 询单 | F65: CZ019D6 | G65: 6款公仔混装（狐狸+狗+树懒+三角龙+双脊龙+海狸） | H65: 360 | I65: 6 | J65: =H65/I65 -> 60 | K65: 46231 | L65: 标准布标+标准吊牌+客版贴纸+标准CDU
A66: 46155 | B66: 巴拿马 | C66: Kenix Lin | D66: GRUPO FOSTER S.A (PANAMA) | E66: 询单 | F66: CZ018D6 | G66: 按压发声公仔（一代牙齿怪） | H66: 360 | I66: 6 | J66: =H66/I66 -> 60 | K66: 46231 | L66: 标准布标+标准吊牌+客版贴纸+标准CDU
A67: 46155 | B67: 巴拿马 | C67: Kenix Lin | D67: GRUPO FOSTER S.A (PANAMA) | E67: 询单 | F67: CZ017D6 | G67: 按压发声公仔 (熊、兔、猫) | H67: 360 | I67: 6 | J67: =H67/I67 -> 60 | K67: 46231 | L67: 标准布标+标准吊牌+客版贴纸+标准CDU
A68: 46155 | B68: 巴拿马 | C68: Kenix Lin | D68: GRUPO FOSTER S.A (PANAMA) | E68: 询单 | F68: CZ031E1 | G68: 336 FSDU | H68: 12 | I68: 6 | J68: =H68/I68 -> 2 | K68: 46231 | L68: 标准布标+标准吊牌+客版贴纸+标准CDU+标准FCDU
A69: 46155 | B69: 巴拿马 | C69: Kenix Lin | D69: GRUPO FOSTER S.A (PANAMA) | E69: 询单 | F69: CZ014D6 | G69: 按压发声玩偶(安琪+史迪仔) | H69: 480 | I69: 6 | J69: =H69/I69 -> 80 | K69: 46231 | L69: 标准布标+标准吊牌+客版贴纸+标准CDU+标准FCDU
A70: 46155 | B70: 巴拿马 | C70: Kenix Lin | D70: GRUPO FOSTER S.A (PANAMA) | E70: 询单 | F70: BS071D6 | G70: 史迪仔手提包 | H70: 360 | I70: 6 | J70: =H70/I70 -> 60 | K70: 46231 | L70: 标准布标+标准收缩膜+标准说明书客版贴纸+标准CDU
A71: 46155 | B71: 巴拿马 | C71: Kenix Lin | D71: GRUPO FOSTER S.A (PANAMA) | E71: 询单 | F71: BS077D6 | G71: 草莓熊手提包 | H71: 360 | I71: 6 | J71: =H71/I71 -> 60 | K71: 46231 | L71: 标准布标+标准收缩膜+标准说明书客版贴纸+标准CDU
A72: 46155 | B72: 巴拿马 | C72: Kenix Lin | D72: GRUPO FOSTER S.A (PANAMA) | E72: 询单 | F72: BS082D6 | G72: 二代独角兽手提包 | H72: 360 | I72: 6 | J72: =H72/I72 -> 60 | K72: 46231 | L72: 标准布标+标准收缩膜+标准说明书客版贴纸+标准CDU
A73: 46155 | B73: 巴拿马 | C73: Kenix Lin | D73: GRUPO FOSTER S.A (PANAMA) | E73: 询单 | F73: BS086D6 | G73: 蝴蝶结公主手提包 | H73: 360 | I73: 6 | J73: =H73/I73 -> 60 | K73: 46231 | L73: 标准布标+标准收缩膜+标准说明书客版贴纸+标准CDU
A74: 46155 | B74: 法国 | C74: Kenix Lin | D74: SMYTHS TOYS (FRANCE) | E74: 询单 | F74: BS086D6 | G74: 蝴蝶结公主手提包 | H74: 3504 | I74: 6 | J74: =H74/I74 -> 584 | K74: 46218 | L74: 客版收缩膜+客版布标+客版说明书+客版身份证+客版CDU
A75: 46164 | B75: 台湾和泰国 | C75: Kenix Lin | D75: TRU ASIA (Taiwan & Thailand) | E75: 询单 | F75: BS085D6 | G75: 美人鱼手提包 | H75: 108 | I75: 6 | J75: =H75/I75 -> 18 | K75: 46258 | L75: 标准布标+标准收缩膜+标准说明书+标准传单+客版贴纸+标准CDU
... A82: 46164 | B82: 台湾和泰国 | C82: Kenix Lin | D82: TRU ASIA (Taiwan & Thailand) | E82: 询单 | F82: BS086D6 | G82: 蝴蝶结公主手提包 | H82: 24 | I82: 6 | J82: =H82/I82 -> 4 | K82: 46345 | L82: 标准布标+标准收缩膜+标准说明书+标准传单+客版贴纸+标准CDU
A83: 46164 | B83: 菲律宾 | C83: Kenix Lin | D83: ANKO (Philippines) | E83: 询单 | F83: SP002A1 | G83: 冰杯带手柄 | H83: 1440 | I83: 6 | J83: =H83/I83 -> 240 | K83: 46238 | L83: 客版包装+客版说明书+客版贴纸（TBC)新冰袋(圆角)+客验货 | M83: 46174
A84: 46164 | B84: 菲律宾 | C84: Kenix Lin | D84: ANKO (Philippines) | E84: 询单 | F84: SP005A1 | G84: 玩具总动员冰杯 | H84: 1440 | I84: 6 | J84: =H84/I84 -> 240 | K84: 46238 | L84: 客版包装+客版说明书+客版贴纸（TBC)新冰袋(圆角)+客验货 | M84: 46174
A85: 46164 | B85: 菲律宾 | C85: Kenix Lin | D85: ANKO (Philippines) | E85: 询单 | F85: SP002A1 | G85: 冰杯带手柄 | H85: 1902 | I85: 6 | J85: =H85/I85 -> 317 | K85: 46265 | L85: 客版包装+客版说明书+客版贴纸（TBC)新冰袋(圆角)+客验货 | M85: 46178
A86: 46164 | B86: 澳大利亚 | C86: Kenix Lin | D86: KMART AUS | E86: 询单 | F86: PF001A1 | G86: 马桶遥控车 | H86: 3984 | I86: 4 | J86: =H86/I86 -> 996 | K86: 46238 | L86: 客版包装+客版说明书+SSCC外箱贴纸+客版日期码05/26+客验货+所有Kmart 订单需要用60MM宽的，“Anko” logo 胶纸封箱； | M86: 46172
A87: 46175 | B87: 香港 | C87: Kenix Lin | D87: TRU ASIA | E87: 询单 | F87: CZ019D6 | G87: 6款公仔混装（狐狸+狗+树懒+三角龙+双脊龙+海狸） | H87: 360 | I87: 6 | J87: =H87/I87 -> 60 | K87: 46443 | L87: 标准吊牌+客版贴纸+客版布标+标准CDU
A88: 46175 | B88: 台湾 | C88: Kenix Lin | D88: TRU ASIA | E88: 询单 | F88: CZ019D6 | G88: 6款公仔混装（狐狸+狗+树懒+三角龙+双脊龙+海狸） | H88: 60 | I88: 6 | J88: =H88/I88 -> 10 | K88: 46443 | L88: 标准吊牌+客版贴纸+客版布标+标准CDU
A89: 46175 | B89: 新加坡 | C89: Kenix Lin | D89: TRU ASIA | E89: 询单 | F89: CZ019D6 | G89: 6款公仔混装（狐狸+狗+树懒+三角龙+双脊龙+海狸） | H89: 360 | I89: 6 | J89: =H89/I89 -> 60 | K89: 46443 | L89: 标准吊牌+客版贴纸+客版布标+标准CDU
A90: 46175 | B90: 马来群岛 | C90: Kenix Lin | D90: TRU ASIA | E90: 询单 | F90: CZ019D6 | G90: 6款公仔混装（狐狸+狗+树懒+三角龙+双脊龙+海狸） | H90: 480 | I90: 6 | J90: =H90/I90 -> 80 | K90: 46443 | L90: 标准吊牌+客版贴纸+客版布标+标准CDU
A91: 46175 | B91: 菲律宾共和国 | C91: Kenix Lin | D91: TRU ASIA | E91: 询单 | F91: CZ019D6 | G91: 6款公仔混装（狐狸+狗+树懒+三角龙+双脊龙+海狸） | H91: 360 | I91: 6 | J91: =H91/I91 -> 60 | K91: 46443 | L91: 标准吊牌+客版贴纸+客版布标+标准CDU
A92: 46176 | B92: 澳大利亚 | C92: BS090D6 | D92: KMART (AUS / NZ) | E92: 询单 | F92: BS090D6 | G92: 美人鱼+蝴蝶结混装手提包 | H92: 3000 | I92: 6 | J92: =H92/I92 -> 500 | K92: 46252 | L92: 客版收缩膜+客版传单+客版CDU
A93: 46176 | B93: 新西兰 | C93: BS090D6 | D93: KMART (AUS / NZ) | E93: 询单 | F93: BS090D6 | G93: 美人鱼+蝴蝶结混装手提包 | H93: 300 | I93: 6 | J93: =H93/I93 -> 50 | K93: 46252 | L93: 客版收缩膜+客版传单+客版CDU
H98: =SUM(H2:H97) -> 171399

Sheet 塑胶+毛绒+电子MA扣数表
A1: Tigerhead客放MA情况汇总表 | M1: 蓝色填充新增MA | N1: 修改时间
N2: 46155
A3: ITEM | B3: 产品描述 | C3: 释放MA内容 | D3: MA释放数量(PCS) | E3: 客释放MA时间 | F3: 已接实单(PCS) | G3: 物料用量(PCS) | H3: MA余数(PCS) | I3: MA单价（USD) | J3: MA总金额（USD) | K3: 剩余MA总金额（USD) | L3: 包装版本 | M3: 备注 | N3: 采购情况
A4: BS064 | B4: MINI手提包系列 | C4: 毛绒+塑胶 | D4: =30000+30000+30000+30000 -> 120000 | E4: 2024/7/11：30K 2024/10/16：30K 2024/11/5：30K 2025/4/3：30K | F4: =600+4800+4956+2004+3528+72+192+3408+2004+9000+15312+19008+3384+480+3120+1800+636+2964+3600+804+12000+5004+2808+2848+7008+4752 -> 116092 | G4: 1 | H4: =D4-(F4*G4) -> 3908 | I4: 0.634 | J4: =D4*I4 -> 76080 | K4: =H4*I4 -> 2477.672
C5: 吊牌 | D5: =5000 -> 5000 | E5: 2025/6/23：5K | F5: =2808+7008 -> 9816 | G5: 1 | H5: =D5-(F5*G5)+4816 -> 0 | I5: 0.057 | J5: =D5*I5 -> 285 | K5: =H5*I5 -> 0 | L5: 标准版本
C6: 传单 | D6: =5000 -> 5000 | E6: 2025/6/23：5K | F6: =2808+7008 -> 9816 | G6: 1 | H6: =D6-(F6*G6)+4816 -> 0 | I6: 0.03 | J6: =D6*I6 -> 150 | K6: =H6*I6 -> 0 | L6: 标准版本
C7: CDU | D7: =1000 -> 1000 | E7: 2025/6/23：1K | F7: =2808+7008+4752 -> 14568 | G7: 12 | H7: =D7-(F7/G7)+214 -> 0 | I7: 0.541 | J7: =D7*I7 -> 541 | K7: =H7*I7 -> 0 | L7: 标准版本
C8: 吊牌 | D8: =5000 -> 5000 | E8: 2025/3/7：5K | F8: =3600 -> 3600 | G8: 1 | H8: =D8-(F8*G8) -> 1400 | I8: 0.057 | J8: =D8*I8 -> 285 | K8: =H8*I8 -> 79.8 | L8: KMART客版
C9: 传单 | D9: =5000 -> 5000 | E9: 2025/3/7：5K | F9: =3600 -> 3600 | G9: 1 | H9: =D9-(F9*G9) -> 1400 | I9: 0.03 | J9: =D9*I9 -> 150 | K9: =H9*I9 -> 42 | L9: KMART客版
C10: CDU | D10: =1000 -> 1000 | E10: 2025/3/7：1K | F10: =3600 -> 3600 | G10: 12 | H10: =D10-(F10/G10) -> 700 | I10: 0.541 | J10: =D10*I10 -> 541 | K10: =H10*I10 -> 378.7 | L10: KMART客版
C11: 吊牌 | D11: =5000 -> 5000 | E11: 2025/11/03：5K | F11: =2848 -> 2848 | G11: 1 | H11: =D11-(F11*G11) -> 2152 | I11: 0.057 | J11: =D11*I11 -> 285 | K11: =H11*I11 -> 122.664 | L11: 标准3L包装
C12: 传单 | D12: =5000 -> 5000 | E12: 2025/11/03：5K | F12: =2848 -> 2848 | G12: 1 | H12: =D12-(F12*G12) -> 2152 | I12: 0.03 | J12: =D12*I12 -> 150 | K12: =H12*I12 -> 64.56 | L12: 标准3L包装
C13: CDU | D13: =1000 -> 1000 | E13: 2025/11/03：1K | F13: =2848 -> 2848 | G13: 16 | H13: =D13-(F13/G13) -> 822 | I13: 0.541 | J13: =D13*I13 -> 541 | K13: =H13*I13 -> 444.702 | L13: 标准3L包装
A14: BS065 | B14: 手提包狗系列 | C14: 毛绒+塑胶 | D14: =30000+30000+30000+30000 -> 120000 | E14: 2025/2/6：30K 2025/2/12：30K 2025/4/3：30K 2025/5/20：30K | F14: =19626+19626+2400+2400+240+66+1938+1902+5400+11502+4698+1980+804+9600+3000+2346+150+1908+96+2322+144+1860+1920+84+1872+132+276+1728+2202+3300+2004+4110+6360+1728+276 -> 120000 | G14: 1 | H14: =D14-(F14*G14) -> 0 | I14: 1.794 | J14: =D14*I14 -> 215280 | K14: =H14*I14 -> 0 | M14: 含公仔
C15: 收缩膜 | D15: =20000+20000+20000 -> 60000 | E15: 2025/2/6：20K 2025/3/5：20K 2025/4/8：20K | F15: =2400+1902+1980+5400+4698+804+11502+9600+2322+3000+2202+2004+4110+6360 -> 58284 | G15: 1 | H15: =D15-(F15*G15) -> 1716 | I15: 0.071 | J15: =D15*I15 -> 4260 | K15: =H15*I15 -> 121.836 | L15: 标准版本
C16: 传单 | D16: =5000+5000+5000+5000 -> 20000 | E16: 2025/2/6：5K 2025/3/5：5K 2025/4/8：5K 2025/10/23：5K | F16: =2400+1902+1980+804+9600+2322+3000+2202+2004+4110+6360 -> 36684 | G16: 1 | H16: =D16-(F16*G16)+6214+4110+6360 -> 0 | I16: 0.047 | J16: =D16*I16 -> 940 | K16: =H16*I16 -> 0 | L16: 标准版本
C17: 身份证 | D17: =5000+5000+5000+5000 -> 20000 | E17: 2025/2/6：5K 2025/3/5：5K 2025/4/8：5K 2025/11/6：5K | F17: =19626+2400+240+2400+19626+1938+66+1902+804+9600+2322+3000+2346+150+1908+96+1920+84+1872+132+1860+144+276+1728+2202+3300+2004+4110+6360+1728+276 -> 96420 | G17: 1 | H17: =D17-(F17*G17)+68946+1114+6360 -> 0 | I17: 0.029 | J17: =D17*I17 -> 580 | K17: =H17*I17 -> 0 | L17: 标准版本
C18: CDU | D18: =1000+1000+1000+1000 -> 4000 | E18: 2025/2/6：1K 2025/3/5：1K 2025/4/8：1K 2025/11/6：1K | F18: =2400+1902+1980+5400+4698+804+11502+9600+2322+3000+2202+2004+4110+6360 -> 58284 | G18: 6 | H18: =D18-(F18/G18)+5714 -> 0 | I18: 0.111 | J18: =D18*I18 -> 444 | K18: =H18*I18 -> 0 | L18: 标准版本
C19: 收缩膜 | D19: =20000 -> 20000 | E19: 2025/6/17:20K | F19: =2400+240+1938+66+2346+150+1908+96+1920+84+1872+132+1860+144+276+1728 -> 17160 | G19: 1 | H19: =D19-(F19*G19) -> 2840 | I19: 0.071 | J19: =D19*I19 -> 1420 | K19: =H19*I19 -> 201.64 | L19: KMART客版
A20: BS067 | B20: 手提包猫系列 | C20: 毛绒+塑胶 | D20: =30000+30000+30000 -> 90000 | E20: 2024/7/12：30K 2024/10/16：30K 2024/11/5：30K | F20: =4800+300+2400+2400+300+2004+3678+2004+5016+7200+11106+14496+3000+1800+294+2706+300+2700+804+3000+2490+510+1500+738+2262+2694+306+828+2172+2400+1020+360+162+504+504+522+120 -> 89400 | G20: 1 | H20: =D20-(F20*G20) -> 600 | I20: 1.802 | J20: =D20*I20 -> 162180 | K20: =H20*I20 -> 1081.2 | M20: 含公仔
C21: 收缩膜 | D21: =20000 -> 20000 | E21: 2025/4/8：20K | F21: =2004+2004+11106+3678+7200+1800+804+1500+3000+2400+1020+360+162+504+504+522+120 -> 38688 | G21: 1 | H21: =D21-(F21*G21)+27792 -> 9104 | I21: 0.071 | J21: =D21*I21 -> 1420 | K21: =H21*I21 -> 646.384 | L21: 标准版本
C22: 身份证 | D22: =5000+5000+5000+5000 -> 20000 | E22: 2025/4/8：5K 2025/5/12：5K 2025/6/3：5K 2025/11/25：5K | F22: =2004+2004+3678+7200+3000+1800+2706+294+2700+300+804+1500+3000+2490+510+738+2262+2694+306+828+2172+2400+360+162+504+504+522+120 -> 47562 | G22: 1 | H22: =D22-(F22*G22)+25750 -> -1812 | I22: 0.029 | J22: =D22*I22 -> 580 | K22: =H22*I22 -> -52.548 | L22: 标准版本
C23: CDU | D23: =1000+1000 -> 2000 | E23: 2025/4/8：1K 2025/10/23：1K | F23: =2004+2004+11106+3678+7200+1800+804+1500+3000+2400+1020+360+162+504+504+522+120 -> 38688 | G23: 6 | H23: =D23-(F23/G23)+4802 -> 354 | I23: 0.667 | J23: =D23*I23 -> 1334 | K23: =H23*I23 -> 236.118 | L23: 标准版本
C24: 收缩膜 | D24: =20000 -> 20000 | E24: 2025/4/8：20K | F24: =3000+2706+294+2700+300+2490+510+738+2262+2694+306+828+2172 -> 21000 | G24: 1 | H24: =D24-(F24*G24)+3000 -> 2000 | I24: 0.071 | J24: =D24*I24 -> 1420 | K24: =H24*I24 -> 142 | L24: KMART客版
C25: CDU | D25: =1000+1000 -> 2000 | E25: 2025/3/7：1K 2025/6/6：1K | F25: =3000+2706+294+2700+300+2490+510+738+2262+2694+306+828+2172 -> 21000 | G25: 6 | H25: =D25-(F25/G25)+500 -> -1000 | I25: 0.667 | J25: =D25*I25 -> 1334 | K25: =H25*I25 -> -667 | L25: KMART客版
A26: BS068 | B26: MINI猫+狗手提包系列 | C26: 塑胶 | D26: =30000 -> 30000 | E26: 2025/11/5：30K | F26: =14004+3600 -> 17604 | G26: 1 | H26: =D26-(F26*G26) -> 12396 | I26: 0.578 | J26: =D26*I26 -> 17340 | K26: =H26*I26 -> 7164.888
C27: CDU | D27: 500 | E27: 2026/4/21：0.5K | F27: =3600 -> 3600 | G27: 12 | H27: =D27-(F27/G27) -> 200 | I27: 0.66 | J27: =D27*I27 -> 330 | K27: =H27*I27 -> 132 | L27: 标准版本
C28: 传单 | D28: 5000 | E28: 2026/4/21：5K | F28: =3600 -> 3600 | G28: 1 | H28: =D28-(F28*G28) -> 1400 | I28: 0.045419355 | J28: =D28*I28 -> 227.09677 | K28: =H28*I28 -> 63.587097 | L28: 标准版本
C29: 身份证 | D29: 5000 | E29: 2026/4/21：5K | F29: =3600 -> 3600 | G29: 1 | H29: =D29-(F29*G29) -> 1400 | I29: 0.029 | J29: =D29*I29 -> 145 | K29: =H29*I29 -> 40.6 | L29: HTIC LIMITED 客版
C30: 纸袋 | D30: 20000 | E30: 2025/11/5：20K | F30: =14004+3600 -> 17604 | G30: 1 | H30: =D30-(F30*G30) -> 2396 | I30: 0.01 | J30: =D30*I30 -> 200 | K30: =H30*I30 -> 23.96
A31: BS069 | B31: 大、小手提包 | C31: 毛绒+塑胶 | D31: =5000+5000+5000+5000 -> 20000 | E31: 2025/2/6：5K 2025/2/27：5K 2025/4/16：5K 2025/5/21：5K | F31: =1200+1800+180+28+980+600+1000+4600+1240+600+1444+96+960+48+52+956+1604+1212+76+84+924+300 -> 19984 | G31: 1 | H31: =D31-(F31*G31) -> 16 | I31: 2.346 | J31: =D31*I31 -> 46920 | K31: =H31*I31 -> 37.536 | M31: 含公仔
C32: 彩盒 | D32: =5000+5000 -> 10000 | E32: 2025/2/6：5K 2025/6/17：5K | F32: =1200+600+1000+1240+600+4600+1604+300 -> 11144 | G32: 1 | H32: =D32-(F32*G32)+4240 -> 3096 | I32: 0.432 | J32: =D32*I32 -> 4320 | K32: =H32*I32 -> 1337.472 | L32: 标准版本
C33: 传单 | D33: =5000 -> 5000 | E33: 2025/2/6：5K | F33: =1200+600+600+300 -> 2700 | G33: 1 | H33: =D33-(F33*G33) -> 2300 | I33: 0.03 | J33: =D33*I33 -> 150 | K33: =H33*I33 -> 69 | L33: 标准版本
C34: 彩盒 | D34: =5000 -> 5000 | E34: 2025/6/17：5K | F34: =1800+180+980+28+1444+96+960+48+956+52+1212+76+84+924 -> 8840 | G34: 1 | H34: =D34-(F34*G34)+5220 -> 1380 | I34: 0.432 | J34: =D34*I34 -> 2160 | K34: =H34*I34 -> 596.16 | L34: KMART客版
C35: 传单 | D35: =5000 -> 5000 | E35: 2025/6/17：5K | F35: =1604 -> 1604 | G35: 1 | H35: =D35-(F35*G35)+5220 -> 8616 | I35: 0.03 | J35: =D35*I35 -> 150 | K35: =H35*I35 -> 258.48 | L35: MAXIMA (Lithuania)客版
C36: 珠子 | D36: 360000 | E36: 2025/2/6：120K 2025/4/3：120K 2025/5/21:120K | F36: 359712 | G36: 1 | H36: =D36-(F36*G36) -> 288 | J36: =D36*I36 -> 0 | K36: =H36*I36 -> 0
A37: BS071 | B37: 史迪仔手提包 | C37: 毛绒+塑胶 | D37: =20000+5000+15224+17640+5000+10000 -> 72864 | E37: 2025/3/17：20K 2025/5/9：5K 2025/7/22:15224PCS 2025/7/22:17640PCS 2025/7/31：5K 2025/8/27：10K | F37: =300+2700+84+2916+3600+3852+6000+2850+150+17640+2772+228+7488+384+5346+3300 -> 59610 | G37: 1 | H37: =D37-(F37*G37) -> 13254 | I37: 1.66 | J37: =D37*I37 -> 120954.24 | K37: =H37*I37 -> 22001.64 | M37: 含公仔
C38: 身份证 | D38: =5000 -> 5000 | E38: 2025/4/3：5K | F38: =3600+3852+6000 -> 13452 | G38: 1 | H38: =D38-(F38*G38)+8452 -> 0 | I38: 0.029 | J38: =D38*I38 -> 145 | K38: =H38*I38 -> 0 | L38: 标准版本
C39: 传单 | D39: =5000 -> 5000 | E39: 2025/4/3：5K | F39: =3600+3852+6000 -> 13452 | G39: 1 | H39: =D39-(F39*G39)+8452 -> 0 | I39: 0.03 | J39: =D39*I39 -> 150 | K39: =H39*I39 -> 0 | L39: 标准版本
C40: 收缩膜 | D40: =20000 -> 20000 | E40: 2025/4/3：20K | F40: =3600+3852+6000 -> 13452 | G40: 1 | H40: =D40-(F40*G40) -> 6548 | I40: 0.0457 | J40: =D40*I40 -> 914 | K40: =H40*I40 -> 299.2436 | L40: 标准版本
C41: CDU | D41: =1000+1000 -> 2000 | E41: 2025/4/3：1K 2025/6/17：1K | F41: =300+2700+2916+84+3600+3852+6000+2850+250+17640+384+5346+7488+2772+228+3300 -> 59710 | G41: 6 | H41: =D41-(F41/G41)+7952 -> 0.33333333 | I41: 0.119 | J41: =D41*I41 -> 238 | K41: =H41*I41 -> 0.039666667 | L41: KMART标准共用
C42: 身份证 | D42: =5000 -> 5000 | E42: 2025/6/17：5K | F42: =300+2700+2916+84+2850+150+17640+384+5346+2772+228 -> 35370 | G42: 1 | H42: =D42-(F42*G42)+30370 -> 0 | I42: 0.029 | J42: =D42*I42 -> 145 | K42: =H42*I42 -> 0 | L42: KMART客版
C43: 传单 | D43: =5000 -> 5000 | E43: 2025/6/17：5K | F43: =300+2700+2916+84+2850+150+384+5346+2772+228 -> 17730 | G43: 1 | H43: =D43-(F43*G43)+12730 -> 0 | I43: 0.03 | J43: =D43*I43 -> 150 | K43: =H43*I43 -> 0 | L43: KMART客版
C44: 收缩膜 | D44: =20000 -> 20000 | E44: 2025/6/17：20K | F44: =300+2700+2916+84+2850+150+17640+384+5346+2772+228 -> 35370 | G44: 1 | H44: =D44-(F44*G44)+15370 -> 0 | I44: 0.0457 | J44: =D44*I44 -> 914 | K44: =H44*I44 -> 0 | L44: KMART客版
A45: BS074 | B45: 独角兽手提包 | C45: 塑胶 | D45: =20000 -> 20000 | E45: 2025/11/6：20K | F45: =3198+6000+3600 -> 12798 | G45: 1 | H45: =D45-(F45*G45) -> 7202 | I45: 1.218 | J45: =D45*I45 -> 24360 | K45: =H45*I45 -> 8772.036 | M45: 无公仔
C46: 指甲油 | D46: 20000 | E46: 2025/10/23：20K | F46: =3198+6000+3600 -> 12798 | G46: 1 | H46: =D46-(F46*G46) -> 7202 | I46: 0.343 | J46: =D46*I46 -> 6860 | K46: =H46*I46 -> 2470.286
C47: 指甲贴 | D47: 30000 | E47: 2025/10/23：30K | F47: =3198+6000+3600 -> 12798 | G47: 1 | H47: =D47-(F47*G47) -> 17202 | I47: 0.052 | J47: =D47*I47 -> 1560 | K47: =H47*I47 -> 894.504
C48: 模板贴纸 | D48: 30000 | E48: 2025/10/23：30K | F48: =3198+6000+3600 -> 12798 | G48: 1 | H48: =D48-(F48*G48) -> 17202 | I48: 0.045 | J48: =D48*I48 -> 1350 | K48: =H48*I48 -> 774.09
C49: 纸袋 | D49: =20000 -> 20000 | E49: 2025/11/5：20K | F49: =3198+6000+3600 -> 12798 | G49: 1 | H49: =D49-(F49*G49) -> 7202 | I49: 0.01 | J49: =D49*I49 -> 200 | K49: =H49*I49 -> 72.02
C50: 收缩膜 | D50: =20000 -> 20000 | E50: 2025/10/23：20K | F50: =3198+3600 -> 6798 | G50: 1 | H50: =D50-(F50*G50) -> 13202 | I50: 0.071 | J50: =D50*I50 -> 1420 | K50: =H50*I50 -> 937.342 | L50: 标准版本
C51: CDU | D51: =1000+1000 -> 2000 | E51: 2025/10/23：1K 2026/4/21：1K | F51: =3198+3600 -> 6798 | G51: 6 | H51: =D51-(F51/G51) -> 867 | I51: 0.667 | J51: =D51*I51 -> 1334 | K51: =H51*I51 -> 578.289 | L51: 标准版本
C52: 贴纸 | D52: 5000 | E52: 2025/10/23：5K | F52: =3198+6000 -> 9198 | G52: 1 | H52: =D52-(F52*G52)+4198 -> 0 | I52: 0.0457 | J52: =D52*I52 -> 228.5 | K52: =H52*I52 -> 0 | L52: 标准版本
C53: 银行卡 | D53: 5000 | E53: 2025/10/23：5K | F53: =3198+6000 -> 9198 | G53: 1 | H53: =D53-(F53*G53)+4198 -> 0 | I53: 0.0288 | J53: =D53*I53 -> 144 | K53: =H53*I53 -> 0 | L53: 标准版本
C54: 银行卡 | D54: 5000 | E54: 2026/4/21：5K | F54: =3600 -> 3600 | G54: 1 | H54: =D54-(F54*G54)+4198 -> 5598 | I54: 0.0288 | J54: =D54*I54 -> 144 | K54: =H54*I54 -> 161.2224 | L54: HTIC LIMITED客版
C55: 传单 | D55: =5000+5000 -> 10000 | E55: 2025/10/23：5K 2026/4/21：5K | F55: =3198+3600 -> 6798 | G55: 1 | H55: =D55-(F55*G55) -> 3202 | I55: 0.0564 | J55: =D55*I55 -> 564 | K55: =H55*I55 -> 180.5928 | L55: 标准版本
A56: BS077 | B56: 草莓熊手提包 | C56: 毛绒+塑胶 | D56: =5000+5000 -> 10000 | E56: 2025/7/9：5K 2025/8/21：5K | F56: =2700+300+1914+90+2952+48 -> 8004 | G56: 1 | H56: =D56-(F56*G56) -> 1996 | I56: 1.778 | J56: =D56*I56 -> 17780 | K56: =H56*I56 -> 3548.888
C57: 收缩膜 | D57: =20000 -> 20000 | E57: 2025/7/18：20K | F57: =2700+300+1914+90+48+2952 -> 8004 | G57: 1 | H57: =D57-(F57*G57) -> 11996 | I57: 0.071 | J57: =D57*I57 -> 1420 | K57: =H57*I57 -> 851.716 | L57: KMART客版
C58: 传单 | D58: 5000 | E58: 2025/7/18：5K | F58: =2700+300+1914+90+48+2952 -> 8004 | G58: 1 | H58: =D58-(F58*G58) -> -3004 | I58: 0.03 | J58: =D58*I58 -> 150 | K58: =H58*I58 -> -90.12 | L58: KMART客版
C59: CDU | D59: 1000 | E59: 2025/7/18：1K | F59: =2700+300+1914+90+48+2952 -> 8004 | G59: 6 | H59: =D59-(F59/G59) -> -334 | I59: 0.111 | J59: =D59*I59 -> 111 | K59: =H59*I59 -> -37.074 | L59: KMART客版
A60: BS082 | B60: 二代独角兽手提包 | C60: 毛绒+塑胶 | D60: =30000 -> 30000 | E60: 2025/11/7：30K | F60: =4110+204+804+804+654+150+8004+11706+384+1200+1800 -> 29820 | G60: 1 | H60: =D60-(F60*G60) -> 180 | I60: 2.003 | J60: =D60*I60 -> 60090 | K60: =H60*I60 -> 360.54 | M60: 含公仔
C61: 收缩膜 | D61: 20000 | E61: 2025/11/6：20K | F61: =4110+204+804+804+654+150+11706+384+1200+1800 -> 21816 | G61: 1 | H61: =D61-(F61*G61) -> -1816 | I61: 0.0457 | J61: =D61*I61 -> 914 | K61: =H61*I61 -> -82.9912 | L61: 标准版本
C62: 银行卡 | D62: 5000 | E62: 2025/11/6：5K | F62: =4110+204+804+804+654+150+384+1200+1800 -> 10110 | G62: 1 | H62: =D62-(F62*G62)+1726 -> -3384 | I62: 0.0288 | J62: =D62*I62 -> 144 | K62: =H62*I62 -> -97.4592 | L62: 标准版本
C63: CDU | D63: 5000 | E63: 2025/11/6：5K | F63: =4110+204+804+804+654+150+384+1200+1800 -> 10110 | G63: 6 | H63: =D63-(F63/G63) -> 3315 | I63: 0.667 | J63: =D63*I63 -> 3335 | K63: =H63*I63 -> 2211.105 | L63: 标准版本
C64: 贴纸 | D64: 5000 | E64: 2025/11/6：5K | F64: =4110+204+804+804+654+150 -> 6726 | G64: 1 | H64: =D64-(F64*G64)+1726 -> 0 | I64: 0.0457 | J64: =D64*I64 -> 228.5 | K64: =H64*I64 -> 0 | L64: 标准版本
A65: BS083 | B65: 三代狗系列手提包 | C65: 毛绒+塑胶 | D65: =30000 -> 30000 | E65: 2025/12/5：30K | F65: =162+504+504+522+120+2100+384+1200 -> 5496 | G65: 1 | H65: =D65-(F65*G65) -> 24504 | I65: 1.746 | J65: =D65*I65 -> 52380 | K65: =H65*I65 -> 42783.984
C66: 收缩膜 | D66: =20000 -> 20000 | E66: 2025/12/8：20K | F66: =504+2100+384+1200+522+120+162+504 -> 5496 | G66: 1 | H66: =D66-(F66*G66) -> 14504 | I66: 0.0457 | J66: =D66*I66 -> 914 | K66: =H66*I66 -> 662.8328 | L66: 标准版本
C67: CDU | D67: 1000 | E67: 2026/4/9：1K | F67: =2100+384+1200+504+522+120+162+504 -> 5496 | G67: 6 | H67: =D67-(F67/G67) -> 84 | I67: 0.667 | J67: =D67*I67 -> 667 | K67: =H67*I67 -> 56.028 | L67: 标准版本
C68: 说明书 | D68: 5000 | E68: 2026/4/9：5K | F68: =2100+384+1200+522+120+162+504+504 -> 5496 | G68: 1 | H68: =D68-(F68*G68) -> -496 | I68: 0.0457 | J68: =D68*I68 -> 228.5 | K68: =H68*I68 -> -22.6672 | L68: 标准版本
C69: 银行卡 | D69: 5000 | E69: 2026/4/9：5K | F69: =2100+384+1200+522+120+162+504+504 -> 5496 | G69: 1 | H69: =D69-(F69*G69) -> -496 | I69: 0.0457 | J69: =D69*I69 -> 228.5 | K69: =H69*I69 -> -22.6672 | L69: 标准版本
A70: BS085 | B70: 美人鱼手提包 | C70: 毛绒 | D70: =30000 -> 30000 | E70: 2026/3/24:30K | F70: =2004+1200 -> 3204 | G70: 1 | H70: =D70-(F70*G70) -> 26796 | I70: 1.677 | J70: =D70*I70 -> 50310 | K70: =H70*I70 -> 44936.892
C71: CDU | D71: 1000 | E71: 2026/4/21：1K | F71: =2004 -> 2004 | G71: 6 | H71: =D71-(F71/G71) -> 666 | I71: 0.667 | J71: =D71*I71 -> 667 | K71: =H71*I71 -> 444.222 | L71: 标准版本
C72: 说明书 | D72: 5000 | E72: 2026/4/21：5K | F72: =2004+1200 -> 3204 | G72: 1 | H72: =D72-(F72*G72) -> 1796 | I72: 0.0457 | J72: =D72*I72 -> 228.5 | K72: =H72*I72 -> 82.0772 | L72: 标准版本
C73: 银行卡 | D73: 5000 | E73: 2026/4/21：5K | F73: =2004+1200 -> 3204 | G73: 1 | H73: =D73-(F73*G73) -> 1796 | I73: 0.0457 | J73: =D73*I73 -> 228.5 | K73: =H73*I73 -> 82.0772 | L73: HTIC LIMITED客版
C74: 传单 | D74: 5000 | E74: 2026/4/21：5K | F74: =2004+1200 -> 3204 | G74: 1 | H74: =D74-(F74*G74) -> 1796 | I74: 0.0457 | J74: =D74*I74 -> 228.5 | K74: =H74*I74 -> 82.0772 | L74: 标准版本
C75: 收缩膜A | D75: 20000 | E75: 2026/4/1:20K | F75: =668+668+400+400 -> 2136 | G75: 1 | H75: =D75-(F75*G75) -> 17864 | I75: 0.070967742 | J75: =D75*I75 -> 1419.3548 | K75: =H75*I75 -> 1267.7677 | L75: 标准版本 | M75: Purse 1&Purse 2
C76: 收缩膜B | D76: 20000 | E76: 2026/4/1:20K | F76: =400+334+334 -> 1068 | G76: 1 | H76: =D76-(F76*G76) -> 18932 | I76: 0.070967742 | J76: =D76*I76 -> 1419.3548 | K76: =H76*I76 -> 1343.5613 | L76: 标准版本 | M76: Purse 3&Purse 4
A77: BS086 | B77: 蝴蝶结公主手提包 | C77: 毛绒 | D77: =30000+30000 -> 60000 | E77: 2026/3/16:30K 2026/4/30：30K | F77: =16608+2004+2400+8154+360+7002+6600 -> 43128 | G77: 1 | H77: =D77-(F77*G77) -> 16872 | I77: 0.864 | J77: =D77*I77 -> 51840 | K77: =H77*I77 -> 14577.408
C78: CDU | D78: 1000 | E78: 2026/4/21：1K | F78: =2004 -> 2004 | G78: 6 | H78: =D78-(F78/G78) -> 666 | I78: 0.667 | J78: =D78*I78 -> 667 | K78: =H78*I78 -> 444.222 | L78: 标准版本
C79: 说明书 | D79: 5000 | E79: 2026/4/21：5K | F79: =2004+1200 -> 3204 | G79: 1 | H79: =D79-(F79*G79) -> 1796 | I79: 0.0457 | J79: =D79*I79 -> 228.5 | K79: =H79*I79 -> 82.0772 | L79: 标准版本
C80: 银行卡 | D80: 5000 | E80: 2026/4/21：5K | F80: =2004+1200 -> 3204 | G80: 1 | H80: =D80-(F80*G80) -> 1796 | I80: 0.0457 | J80: =D80*I80 -> 228.5 | K80: =H80*I80 -> 82.0772 | L80: HTIC LIMITED客版
C81: 传单 | D81: 5000 | E81: 2026/4/21：5K | F81: =2004+1200 -> 3204 | G81: 1 | H81: =D81-(F81*G81) -> 1796 | I81: 0.0457 | J81: =D81*I81 -> 228.5 | K81: =H81*I81 -> 82.0772 | L81: 标准版本
C82: 收缩膜A | D82: 20000 | E82: 2026/4/1:20K | F82: 6002 | G82: 1 | H82: =D82-(F82*G82) -> 13998 | I82: 0.070967742 | J82: =D82*I82 -> 1419.3548 | K82: =H82*I82 -> 993.40645 | L82: 标准版本 | M82: Purse 1&Purse 2
C83: 收缩膜B | D83: 20000 | E83: 2026/4/1:20K | F83: 10804 | G83: 1 | H83: =D83-(F83*G83) -> 9196 | I83: 0.070967742 | J83: =D83*I83 -> 1419.3548 | K83: =H83*I83 -> 652.61935 | L83: 标准版本 | M83: Purse 3&Purse 4
A84: BS090 | B84: 美人鱼+蝴蝶结混装手提包 | C84: CDU | D84: 1000 | E84: 2026/4/17:1K | F84: =2400 -> 2400 | G84: 6 | H84: =D84-(F84/G84) -> 600 | I84: 0.070967742 | J84: =D84*I84 -> 70.967742 | K84: =H84*I84 -> 42.580645 | L84: 标准版本
A85: CZ001 | B85: 按压发声玩偶 (两款恐龙) | C85: 毛绒+塑胶 | D85: =10000+10000 -> 20000 | E85: 2024/8/26：10K（旧布标） 2025/1/22：10K（新布标） | F85: =2730+906+1200+1200+306 -> 6342 | G85: 1 | H85: =D85-(F85*G85) -> 13658 | I85: 2.002 | J85: =D85*I85 -> 40040 | K85: =H85*I85 -> 27343.316 | M85: 10K旧款布标+10K新款布标 （旧款使用完后转用新布标）
C86: 电子IC | D86: =5000 -> 5000 | E86: 2024/8/26：5K（旧IC） | F86: =2730+906+1200 -> 4836 | G86: 1 | H86: =D86-(F86*G86) -> 164 | I86: 0.354 | J86: =D86*I86 -> 1770 | K86: =H86*I86 -> 58.056
C87: 电子IC | D87: =5000 -> 5000 | E87: 2025/1/22：5K（新IC） | F87: =1200+306 -> 1506 | G87: 1 | H87: =D87-(F87*G87) -> 3494 | I87: 0.354 | J87: =D87*I87 -> 1770 | K87: =H87*I87 -> 1236.876
C88: 彩盒 | D88: =5000 -> 5000 | E88: 2025/11/25：5K | F88: =306 -> 306 | G88: 1 | H88: =D88-(F88*G88) -> 4694 | I88: 0.075 | J88: =D88*I88 -> 375 | K88: =H88*I88 -> 352.05 | L88: 标准版本
C89: 吊牌 | D89: =5000 -> 5000 | E89: 2025/11/25：5K | F89: =306 -> 306 | G89: 1 | H89: =D89-(F89*G89) -> 4694 | I89: 0.046 | J89: =D89*I89 -> 230 | K89: =H89*I89 -> 215.924 | L89: 标准版本
A90: CZ002 | B90: 按压发声玩偶 (老虎+猩猩) | C90: 毛绒+塑胶+吊牌 | D90: =10000 -> 10000 | E90: 2025/2/19：10K | F90: =1200+600+1782 -> 3582 | G90: 1 | H90: =D90-(F90*G90) -> 6418 | I90: 2.184 | J90: =D90*I90 -> 21840 | K90: =H90*I90 -> 14016.912
C91: 电子IC | D91: =10000 -> 10000 | E91: 2025/2/19：10K | F91: =1200+600+1782 -> 3582 | G91: 1 | H91: =D91-(F91*G91) -> 6418 | I91: 0.354 | J91: =D91*I91 -> 3540 | K91: =H91*I91 -> 2271.972
C92: 吊牌 | D92: 10000 | E92: 2025/2/19：10K | F92: =600+1200+1782 -> 3582 | G92: 1 | H92: =D92-(F92*G92) -> 6418 | I92: 0.04 | J92: =D92*I92 -> 400 | K92: =H92*I92 -> 256.72 | L92: 标准版本
C93: CDU | D93: =5000 -> 5000 | E93: 2025/6/17：5K | F93: =1782 -> 1782 | G93: 6 | H93: =D93-(F93/G93) -> 4703 | I93: 0.04 | J93: =D93*I93 -> 200 | K93: =H93*I93 -> 188.12 | L93: 标准版本
A94: CZ003 | B94: 按压发声玩偶 (史迪仔) | C94: 毛绒+塑胶 | D94: =30000+5000 -> 35000 | E94: 2025/3/21：30K 2025/7/31：5K | F94: =4998+84+1368+804+300+2400+4500+168+636+3852+2196+(660+144+714+3996+48+756+90+804)/2 -> 24912 | G94: 1 | H94: =D94-(F94*G94) -> 10088 | I94: 2.331 | J94: =D94*I94 -> 81585 | K94: =H94*I94 -> 23515.128 | M94: 旧牙：5088PCS+新牙：5000PCS （旧牙使用完后转用新牙）
C95: 电子IC | D95: =19110+3000+2802 -> 24912 | E95: 每批订单都超MA无特别释放MA | F95: =4998+84+1368+804+300+2400+4500+168+636+3852+2196+(660+144+714+3996+48+756+90+804)/2 -> 24912 | G95: 1 | H95: =D95-(F95*G95) -> 0 | I95: 0.34 | J95: =D95*I95 -> 8470.08 | K95: =H95*I95 -> 0
C96: CDU | D96: =5000 -> 5000 | E96: 2025/6/11：5K | F96: =2196+3996+660+144+714+90+756+48+804 -> 9408 | G96: 6 | H96: =D96-(F96/G96) -> 3432 | I96: 0.667 | J96: =D96*I96 -> 3335 | K96: =H96*I96 -> 2289.144 | L96: KMART客版 | M96: CZ003CDU与CZ014CDU共用
A97: CZ004 | B97: 按压发声玩偶 (安琪) | C97: 毛绒+塑胶 | D97: =4704+5000 -> 9704 | E97: 2025/7/25：4704PCS 2025/10/23：5K | F97: =(660+144+714+3996+48+756+90+804)/2 -> 3606 | G97: 1 | H97: =D97-(F97*G97) -> 6098 | I97: 3.05 | J97: =D97*I97 -> 29597.2 | K97: =H97*I97 -> 18598.9
C98: 电子IC | D98: =5000 -> 5000 | E98: 2025/7/10：5K | F98: =(660+144+714+3996+48+756+90+804)/2 -> 3606 | G98: 1 | H98: =D98-(F98*G98) -> 1394 | I98: 0.354 | J98: =D98*I98 -> 1770 | K98: =H98*I98 -> 493.476
A99: CZ006 | B99: 按压发声公仔（6款混装） | C99: CDU | D99: 1000 | E99: 2026/3/31:1K | F99: =4452 -> 4452 | G99: 6 | H99: =D99-(F99/G99) -> 258 | I99: 0.39741935 | J99: =D99*I99 -> 397.41935 | K99: =H99*I99 -> 102.53419 | L99: 标准版本
B100: 按压发声公仔（6款混装） | C100: 吊牌 | D100: 5000 | E100: 2026/3/31:5K | F100: =1254+4920 -> 6174 | G100: 1 | H100: =D100-(F100*G100) -> -1174 | I100: 0.039741935 | J100: =D100*I100 -> 198.70968 | K100: =H100*I100 -> -46.657032 | L100: 标准版本
...

Sheet 取消单
A1: 接单日期 | B1: 国家 | C1: 客跟单 | D1: 客户名称 （第三方客名） | E1: 订单PO.NO | G1: ITEM NO | H1: 名称 | I1: 数量 | J1: 装箱数 | K1: 总箱数 | L1: 计划PO出货期 | M1: 计划验货期 | N1: 第三方 验货期 | O1: 验货结果 | P1: 船期SO （截仓时间） | Q1: 箱唛资料 提供时间 | R1: 箱唛打稿 完成时间 | S1: 箱唛打稿 确认时间 | T1: 客贴纸档案 提供时间 | U1: 按资料提供时间预计完成时间 | W1: 包装档案 提供时间 | X1: 布标版本 | Y1: 系统货号 | Z1: 是否寄出签办 | AA1: 客供物料 | AB1: 布标日期码 | AC1: 产品、包装 日期码 | AD1: 备注 | AE1: 单价USD | AF1: 总金额USD | AG1: 总金额HK$ | AH1: 是否入系统 | AI1: 下单明细 | AJ1: 送回数量 | AK1: 欠数 | AL1: 贴纸 | AM1: 湖南回复完成时间 | AN1: 询单备料情况 | AO1: 取消日期
A2: 46169 | B2: 丹麦 | C2: Kenix Lin | D2: LINIEX APS (DENMARK) | E2: THT1654 | G2: BS086D6 | H2: 蝴蝶结公主手提包 | I2: 180 | J2: 6 | K2: =I2/J2 -> 30 | L2: 46227 | M2: 46227 | N2: 46227 | Q2: 46183 | R2: 46183 | S2: 46183 | T2: 46197 | U2: 是 | V2: 标准包装 | W2: 标准布标 | X2: {=INDEX(系统货号!C:C,MATCH(1,(系统货号!A:A=G2)*(系统货号!B:B=V2),0))} -> BS086D6 | AB2: 260608 HS | AC2: 260713 HS | AD2: 标准布标+标准收缩膜+标准传单+客版贴纸+标准银行卡+标准CDU+客验货 | AE2: 3.542 | AF2: =I2*AE2 -> 637.56 | AG2: =AF2*7.75 -> 4941.09 | AH2: 46170 | AI2: 邵阳 | AJ2: 系统出单

Sheet 已备料MA订单
A1: 接单日期 | B1: 国家 | C1: 客跟单 | D1: 客户名称 （第三方客名） | E1: 订单PO.NO | F1: ITEM NO | G1: 名称 | H1: CZ007E1 配比 | I1: CZ007A1~A12 配比 | J1: CZ006D6 配比 | K1: CZ031E1配比 | L1: 原订单数 | M1: THT1296A 订单扣数 | N1: THT1329 订单扣数 | O1: THT1388 订单扣数 | P1: THT1389 订单扣数 | Q1: THT1357A订单扣数 | R1: THT1410 订单扣数 | S1: THT1411 订单扣数 | T1: THT1436A订单扣数 | U1: THT1454订单扣数 | V1: 剩余库存数 | W1: 单价USD | X1: 总金额USD | Y1: 总金额HK$
A2: 45735 | B2: 美国 | C2: Kenix Lin | D2: TOY MONSTER (WALMART) | E2: THT1279 MA订单 | F2: CZ005A1 | G2: 按压发声公仔 （三角龙） | H2: 14 | I2: 1 | K2: 12 | L2: =4000+(480000/160*H2) -> 46000 | M2: =5004/6*J2 -> 0 | N2: =174080/160*H2 -> 15232 | O2: 360 | P2: 432 | Q2: =2802/6*J2 -> 0 | R2: 360 | S2: 864 | T2: =4002/6*J2 -> 0 | U2: =K2*120 -> 1440 | V2: =L2-SUM(M2:U2) -> 27312 | W2: 3.799 | X2: =V2*W2 -> 103758.29 | Y2: =X2*7.75 -> 804126.73
A3: 45735 | B3: 美国 | C3: Kenix Lin | D3: TOY MONSTER (WALMART) | E3: THT1279 MA订单 | F3: CZ005A2 | G3: 按压发声公仔 （双脊龙） | H3: 14 | I3: 1 | K3: 12 | L3: =4000+(480000/160*H3) -> 46000 | M3: =5004/6*J3 -> 0 | N3: =174080/160*H3 -> 15232 | O3: 360 | P3: 432 | Q3: =2802/6*J3 -> 0 | R3: 360 | S3: 864 | T3: =4002/6*J3 -> 0 | U3: =K3*120 -> 1440 | V3: =L3-SUM(M3:U3) -> 27312 | W3: 3.799 | X3: =V3*W3 -> 103758.29 | Y3: =X3*7.75 -> 804126.73
A4: 45735 | B4: 美国 | C4: Kenix Lin | D4: TOY MONSTER (WALMART) | E4: THT1279 MA订单 | F4: CZ005A3 | G4: 按压发声公仔 （水豚） | H4: 13 | J4: 1 | K4: 12 | L4: =4000+(480000/160*H4) -> 43000 | M4: =5004/6*J4 -> 834 | N4: =174080/160*H4 -> 14144 | O4: 0 | P4: 0 | Q4: =2802/6*J4 -> 467 | R4: 0 | S4: 0 | T4: =4002/6*J4 -> 667 | U4: =K4*120 -> 1440 | V4: =L4-SUM(M4:U4) -> 25448 | W4: 3.799 | X4: =V4*W4 -> 96676.952 | Y4: =X4*7.75 -> 749246.38
A5: 45735 | B5: 美国 | C5: Kenix Lin | D5: TOY MONSTER (WALMART) | E5: THT1279 MA订单 | F5: CZ005A4 | G5: 按压发声公仔 （高地牛） | H5: 14 | I5: 1 | J5: 1 | K5: 12 | L5: =4000+(480000/160*H5) -> 46000 | M5: =5004/6*J5 -> 834 | N5: =174080/160*H5 -> 15232 | O5: 360 | P5: 432 | Q5: =2802/6*J5 -> 467 | R5: 360 | S5: 864 | T5: =4002/6*J5 -> 667 | U5: =K5*120 -> 1440 | V5: =L5-SUM(M5:U5) -> 25344 | W5: 3.799 | X5: =V5*W5 -> 96281.856 | Y5: =X5*7.75 -> 746184.38
A6: 45735 | B6: 美国 | C6: Kenix Lin | D6: TOY MONSTER (WALMART) | E6: THT1279 MA订单 | F6: CZ005A5 | G6: 按压发声公仔 （兔子） | H6: 13 | I6: 1 | J6: 1 | K6: 12 | L6: =4000+(480000/160*H6) -> 43000 | M6: =5004/6*J6 -> 834 | N6: =174080/160*H6 -> 14144 | O6: 360 | P6: 432 | Q6: =2802/6*J6 -> 467 | R6: 360 | S6: 864 | T6: =4002/6*J6 -> 667 | U6: =K6*120 -> 1440 | V6: =L6-SUM(M6:U6) -> 23432 | W6: 3.799 | X6: =V6*W6 -> 89018.168 | Y6: =X6*7.75 -> 689890.8
A7: 45735 | B7: 美国 | C7: Kenix Lin | D7: TOY MONSTER (WALMART) | E7: THT1279 MA订单 | F7: CZ005A6 | G7: 按压发声公仔 （海狸） | H7: 13 | I7: 1 | K7: 12 | L7: =4000+(480000/160*H7) -> 43000 | M7: =5004/6*J7 -> 0 | N7: =174080/160*H7 -> 14144 | O7: 400 | P7: 464 | Q7: =2802/6*J7 -> 0 | R7: 336 | S7: 808 | T7: =4002/6*J7 -> 0 | U7: =K7*120 -> 1440 | V7: =L7-SUM(M7:U7) -> 25408 | W7: 3.799 | X7: =V7*W7 -> 96524.992 | Y7: =X7*7.75 -> 748068.69
A8: 45735 | B8: 美国 | C8: Kenix Lin | D8: TOY MONSTER (WALMART) | E8: THT1279 MA订单 | F8: CZ005A7 | G8: 按压发声公仔 （小猫） | H8: 13 | I8: 1 | J8: 1 | K8: 12 | L8: =4000+(480000/160*H8) -> 43000 | M8: =5004/6*J8 -> 834 | N8: =174080/160*H8 -> 14144 | O8: 336 | P8: 432 | Q8: =2802/6*J8 -> 467 | R8: 416 | S8: 824 | T8: =4002/6*J8 -> 667 | U8: =K8*120 -> 1440 | V8: =L8-SUM(M8:U8) -> 23440 | W8: 3.799 | X8: =V8*W8 -> 89048.56 | Y8: =X8*7.75 -> 690126.34
A9: 45735 | B9: 美国 | C9: Kenix Lin | D9: TOY MONSTER (WALMART) | E9: THT1279 MA订单 | F9: CZ005A8 | G9: 按压发声公仔 （小狗） | H9: 13 | I9: 1 | K9: 12 | L9: =4000+(480000/160*H9) -> 43000 | M9: =5004/6*J9 -> 0 | N9: =174080/160*H9 -> 14144 | O9: 400 | P9: 464 | Q9: =2802/6*J9 -> 0 | R9: 336 | S9: 808 | T9: =4002/6*J9 -> 0 | U9: =K9*120 -> 1440 | V9: =L9-SUM(M9:U9) -> 25408 | W9: 3.799 | X9: =V9*W9 -> 96524.992 | Y9: =X9*7.75 -> 748068.69
A10: 45735 | B10: 美国 | C10: Kenix Lin | D10: TOY MONSTER (WALMART) | E10: THT1279 MA订单 | F10: CZ005A9 | G10: 按压发声公仔 （蝾螈） | H10: 14 | I10: 1 | J10: 1 | K10: 12 | L10: =4000+(480000/160*H10) -> 46000 | M10: =5004/6*J10 -> 834 | N10: =174080/160*H10 -> 15232 | O10: 360 | P10: 432 | Q10: =2802/6*J10 -> 467 | R10: 360 | S10: 864 | T10: =4002/6*J10 -> 667 | U10: =K10*120 -> 1440 | V10: =L10-SUM(M10:U10) -> 25344 | W10: 3.799 | X10: =V10*W10 -> 96281.856 | Y10: =X10*7.75 -> 746184.38
A11: 45735 | B11: 美国 | C11: Kenix Lin | D11: TOY MONSTER (WALMART) | E11: THT1279 MA订单 | F11: CZ005A10 | G11: 按压发声公仔 （树懒） | H11: 13 | I11: 1 | K11: 12 | L11: =4000+(480000/160*H11) -> 43000 | M11: =5004/6*J11 -> 0 | N11: =174080/160*H11 -> 14144 | O11: 400 | P11: 464 | Q11: =2802/6*J11 -> 0 | R11: 336 | S11: 808 | T11: =4002/6*J11 -> 0 | U11: =K11*120 -> 1440 | V11: =L11-SUM(M11:U11) -> 25408 | W11: 3.799 | X11: =V11*W11 -> 96524.992 | Y11: =X11*7.75 -> 748068.69
A12: 45735 | B12: 美国 | C12: Kenix Lin | D12: TOY MONSTER (WALMART) | E12: THT1279 MA订单 | F12: CZ005A11 | G12: 按压发声公仔 （狐狸） | H12: 13 | I12: 1 | K12: 12 | L12: =4000+(480000/160*H12) -> 43000 | M12: =5004/6*J12 -> 0 | N12: =174080/160*H12 -> 14144 | O12: 400 | P12: 464 | Q12: =2802/6*J12 -> 0 | R12: 336 | S12: 808 | T12: =4002/6*J12 -> 0 | U12: =K12*120 -> 1440 | V12: =L12-SUM(M12:U12) -> 25408 | W12: 3.799 | X12: =V12*W12 -> 96524.992 | Y12: =X12*7.75 -> 748068.69
A13: 45735 | B13: 美国 | C13: Kenix Lin | D13: TOY MONSTER (WALMART) | E13: THT1279 MA订单 | F13: CZ005A12 | G13: 按压发声公仔 （河马） | H13: 13 | I13: 1 | J13: 1 | K13: 12 | L13: =4000+(480000/160*H13) -> 43000 | M13: =5004/6*J13 -> 834 | N13: =174080/160*H13 -> 14144 | O13: 352 | P13: 424 | Q13: =2802/6*J13 -> 467 | R13: 416 | S13: 824 | T13: =4002/6*J13 -> 667 | U13: =K13*120 -> 1440 | V13: =L13-SUM(M13:U13) -> 23432 | W13: 3.799 | X13: =V13*W13 -> 89018.168 | Y13: =X13*7.75 -> 689890.8
A17: 备注：CZ005库存MA将消耗在CZ006、CZ007、CZ009、CZ031订单中 | L17: =SUM(L2:L16) -> 528000 | M17: =SUM(M2:M16) -> 5004 | N17: =SUM(N2:N16) -> 174080 | O17: =SUM(O2:O16) -> 4088 | P17: =SUM(P2:P16) -> 4872 | Q17: =SUM(Q2:Q16) -> 2802 | R17: =SUM(R2:R16) -> 3976 | S17: =SUM(S2:S16) -> 9200 | ... V17: =SUM(V2:V16) -> 302696 | X17: =SUM(X2:X16) -> 1149942.1 | Y17: =SUM(Y2:Y16) -> 8912051.3
A20: 接单日期 | B20: 国家 | C20: 客跟单 | D20: 客户名称 （第三方客名） | E20: 订单PO.NO | F20: ITEM NO | G20: 名称 | H20: 原订单数 | V20: 剩余库存数 | W20: 单价USD | X20: 总金额USD | Y20: 总金额HK$ | Z20: 验货时间
A21: 45797 | B21: 澳大利亚 | C21: Kenix Lin | D21: KMART (AUS / NZ) | E21: THT1319 | F21: SP002A1 | G21: 冰杯带手柄 | H21: 22302 | V21: =H21-SUM(I21:S21) -> 22302 | W21: 1.189 | X21: =V21*W21 -> 26517.078 | Y21: =X21*7.75 -> 205507.35 | Z21: 45908
A22: 45797 | B22: 澳大利亚 | C22: Kenix Lin | D22: KMART (AUS / NZ) | E22: THT1321 | F22: SP002A1 | G22: 冰杯带手柄 | H22: 24180 | V22: =H22-SUM(I22:S22) -> 24180 | W22: 1.189 | X22: =V22*W22 -> 28750.02 | Y22: =X22*7.75 -> 222812.65 | Z22: 45915
A23: 45797 | B23: 新西兰 | C23: Kenix Lin | D23: KMART (AUS / NZ) | E23: THT1322 | F23: SP002A1 | G23: 冰杯带手柄 | H23: 2868 | V23: =H23-SUM(I23:S23) -> 2868 | W23: 1.189 | X23: =V23*W23 -> 3410.052 | Y23: =X23*7.75 -> 26427.903 | Z23: 45908
A24: 45797 | B24: 澳大利亚 | C24: Kenix Lin | D24: KMART (AUS / NZ) | E24: THT1323 | F24: SP002A1 | G24: 冰杯带手柄 | H24: 31500 | V24: =H24-SUM(I24:S24) -> 31500 | W24: 1.189 | X24: =V24*W24 -> 37453.5 | Y24: =X24*7.75 -> 290264.62 | Z24: 45937
A25: 45797 | B25: 新西兰 | C25: Kenix Lin | D25: KMART (AUS / NZ) | E25: THT1324 | F25: SP002A1 | G25: 冰杯带手柄 | H25: 2688 | V25: =H25-SUM(I25:S25) -> 2688 | W25: 1.189 | X25: =V25*W25 -> 3196.032 | Y25: =X25*7.75 -> 24769.248 | Z25: 45915
A26: 45905 | B26: 新西兰 | C26: Kenix Lin | D26: KMART (AUS / NZ) | E26: THT1404 | F26: SP002A1 | G26: 冰杯带手柄 | H26: 3504 | V26: =H26-SUM(I26:S26) -> 3504 | W26: 1.189 | X26: =V26*W26 -> 4166.256 | Y26: =X26*7.75 -> 32288.484 | Z26: 45937
A27: 45905 | B27: 澳大利亚 | C27: Kenix Lin | D27: KMART (AUS / NZ) | E27: THT1406 | F27: SP002A1 | G27: 冰杯带手柄 | H27: 18348 | V27: =H27-SUM(I27:S27) -> 18348 | W27: 1.189 | X27: =V27*W27 -> 21815.772 | Y27: =X27*7.75 -> 169072.23 | Z27: 45951
A28: 45905 | B28: 新西兰 | C28: Kenix Lin | D28: KMART (AUS / NZ) | E28: THT1405 | F28: SP002A1 | G28: 冰杯带手柄 | H28: 2034 | V28: =H28-SUM(I28:S28) -> 2034 | W28: 1.189 | X28: =V28*W28 -> 2418.426 | Y28: =X28*7.75 -> 18742.802 | Z28: 45951
A29: 45905 | B29: 澳大利亚 | C29: Kenix Lin | D29: TARGET (AUS / NZ) | E29: THT1407 | F29: SP002A1 | G29: 冰杯带手柄 | H29: 12000 | V29: =H29-SUM(I29:S29) -> 12000 | W29: 1.189 | X29: =V29*W29 -> 14268 | Y29: =X29*7.75 -> 110577 | Z29: 45915
A30: 45905 | B30: 澳大利亚 | C30: Kenix Lin | D30: TARGET (AUS / NZ) | E30: THT1408 | F30: SP002A1 | G30: 冰杯带手柄 | H30: 11004 | V30: =H30-SUM(I30:S30) -> 11004 | W30: 1.189 | X30: =V30*W30 -> 13083.756 | Y30: =X30*7.75 -> 101399.11 | Z30: 45944
A31: 45897 | B31: 菲律宾 | C31: Kenix Lin | D31: ANKO (Philippines) | E31: THT1401 | F31: SP002A1 | G31: 冰杯带手柄 | H31: 2478 | V31: =H31-SUM(I31:S31) -> 2478 | W31: 1.189 | X31: =V31*W31 -> 2946.342 | Y31: =X31*7.75 -> 22834.15 | Z31: 45952
A32: 45797 | B32: 澳大利亚 | C32: Kenix Lin | D32: KMART (AUS / NZ) | E32: THT1319 | F32: SP003A1 | G32: 冰杯带手柄(迪士尼) | H32: 14868 | V32: =H32-SUM(I32:S32) -> 14868 | W32: 1.449 | X32: =V32*W32 -> 21543.732 | Y32: =X32*7.75 -> 166963.92 | Z32: 45908
... A39: 45905 | B39: 澳大利亚 | C39: Kenix Lin | D39: KMART (AUS / NZ) | E39: THT1406 | F39: SP003A1 | G39: 冰杯带手柄(迪士尼) | H39: 12930 | V39: =H39-SUM(I39:S39) -> 12930 | W39: 1.449 | X39: =V39*W39 -> 18735.57 | Y39: =X39*7.75 -> 145200.67 | Z39: 45951
A43: 备注：冰杯系列取消开发 | H43: =SUM(H21:H42) -> 219852 | I43: =SUM(I21:I42) -> 0 | J43: =SUM(J21:J42) -> 0 | L43: =SUM(L21:L42) -> 0 | M43: =SUM(M21:M42) -> 0 | N43: =SUM(N21:N42) -> 0 | O43: =SUM(O21:O42) -> 0 | P43: =SUM(P21:P42) -> 0 | R43: =SUM(R21:R42) -> 0 | S43: =SUM(S21:S42) -> 0 | V43: =SUM(V21:V42) -> 219852 | X43: =SUM(X21:X42) -> 284009.99 | Y43: =SUM(Y21:Y42) -> 2201077.4

Sheet 系统货号
A1: 货号 | B1: 包装版本 | C1: 系统货号名称
A2: BS064D1 | B2: 标准包装 | C2: BS064D1
A3: BS064D1 | B3: KMART客版 | C3: BS064D1-KMART
A4: BS064D1 | B4: BRAZIL客版 | C4: BS064D1-BRAZIL
A5: BS064D1 | B5: 克罗地亚客版 | C5: BS064D1-克罗地亚客版
A6: BS064D2 | B6: 3L标准包装 | C6: BS064D2-3L标准包装
A7: BS065D6 | B7: 标准包装 | C7: BS065D6
A8: BS065D6 | B8: KMART客版 | C8: BS065D1-KMART客版
A9: BS065D6 | B9: ORBICO客版 | C9: BS065D6-ORBICO客版
A10: BS065D6 | B10: SMYTHS 多国语言客版 | C10: BS065D6-SMYTHS客版
A11: BS065D6 | B11: 以色列客版 | C11: BS065D6-以色列客版
A12: BS065D6 | B12: 克罗地亚客版 | C12: BS065D6-克罗地亚客版
... A113: CZ018E1 | B113: WALMART CANADA客版 | C113: CZ018E1-加拿大

Sheet 各货号毛绒公仔配比汇总表
A1: 各货号毛绒公仔配比汇总表
A2: 货号 | B2: 装箱数 | C2: 配比
A3: BS065 | B3: 6 | C3: JENNA | D3: LULU | E3: CHLOE | F3: SUMMER
C4: 2 | D4: 2 | E4: 1 | F4: 1
A5: BS067 | B5: 6 | C5: BELLA | D5: DREW | E5: LILLY | F5: KIKA
C6: 2 | D6: 2 | E6: 1 | F6: 1
A7: BS082 | B7: 6 | C7: MOLLY | D7: GINGER | E7: CANDACE | F7: BINNIE
C8: 2 | D8: 2 | E8: 1 | F8: 1
A9: BS083 | B9: 6 | C9: POPPY | D9: CORA | E9: CHERYL | F9: GRACE
C10: 2 | D10: 2 | E10: 1 | F10: 1
