Workbook

Sheet 名称
A1: 货号 | B1: 名称 | C1: 系列 | D1: 装箱数
A2: 10727 | B2: 工具箱 | C2: ROB
A3: 10730 | B3: 6只公仔装 | C3: ROB
A4: 10740 | B4: 工具箱 | C4: ROB
A5: 10761 | B5: 瞭望台 | C5: ROB
A6: 11588 | B6: NERF标靶 | C6: NER
A7: 19852 | C7: ROB
A8: 97759 | B8: 皮卡丘 | C8: PKW
A9: 19820 (19821) | B9: 时尚女孩 | C9: ROB
A10: BLF0007 | B10: 麦克风 | C10: CMW
A11: CIF0001 | B11: 摇铃 | C11: CMW
A12: CMI0011 | B12: 农场屋 | C12: CMW
A13: CMI0013 | B13: 西瓜音乐箱 | C13: CMW
A14: CMI0029 | B14: 西瓜音乐箱(WM货号) | C14: CMW
A15: CMW0015 | B15: 校车巴士 | C15: CMW | D15: 4
A16: CMW0023 | B16: 搪胶鱼/乌龟混装 | C16: CMW
A17: CMW0029 | B17: 搪胶鱼 | C17: CMW | D17: 9
A18: CMW0031 | B18: 校车巴士 | C18: CMW
A19: CMW0035=CMW0169 | B19: 4只公仔装 | C19: CMW
A20: CMW0038 | B20: 拖车 | C20: CMW
A21: CMW0044 | B21: 拖车 | C21: CMW
A22: CMW0048 | B22: 盲盒 (二代) | C22: CMW
A23: CMW0048 (火车公仔) | B23: 火车公仔(旧结构) | C23: CMW
A24: CMW0048 (拖车公仔) | B24: 拖车公仔(旧结构) | C24: CMW
A25: CMW0048 (校车公仔) | B25: 校车公仔(旧结构) | C25: CMW
A26: CMW0054 | B26: 拖车 | C26: CMW
A27: CMW0080 | B27: 火车 | C27: CMW
A28: CMW0086 | B28: 搪胶鱼+乌龟 | C28: CMW
A29: CMW0108 | B29: 厨房 | C29: CMW
... A36: CMW0169 | B36: 4只公仔装 | C36: CMW
A37: CMW0170 | B37: 6只公仔装 | C37: CMW | D37: 6
A38: CMW0171 | B38: 盲盒装公仔 | C38: CMW
A39: CMW0174 | B39: 盲盒公仔三代 | C39: CMW
A40: CMW0182 | B40: 跳舞公仔 | C40: CMW | D40: 4
A41: CMW0201 | B41: 纸盒装公仔 | C41: CMW
A42: CMW0208 | B42: 4只公仔装(二代) | C42: CMW
A43: CMW0209 | B43: 4只公仔装 | C43: CMW
A44: CMW0212 | B44: 8只公仔装 (亚马逊货号) | C44: CMW
A45: CMW0252 | B45: JJ+渔夫公仔 | C45: CMW
A46: CMW0282 | B46: 俄语校车 | C46: CMW
A47: CMW0283 | B47: 俄语拖车 | C47: CMW
A48: CMW0285 | B48: 俄语火车 | C48: CMW
A49: CMW0297(CMW0174) | B49: 盲盒公仔三代 | C49: CMW
A50: CMW0298 | C50: CMW | D50: 6
A51: CMW0352 | B51: 跳舞公仔(AMZ版) | C51: CMW | D51: 2
A52: CMW0373 | B52: 两只公仔(散装) | C52: CMW
A53: CMW0373B | B53: 两只公仔(散装) | C53: CMW
A54: CMW0544 | B54: 跳舞公仔(WMT版) | C54: CMW
A55: CMW0585(CMW0023) | B55: 搪胶鱼/乌龟混装 | C55: CMW
A56: CMW0654(CMW0182) | B56: 跳舞公仔 | C56: CMW
A57: CMW0731(CMW0182) | B57: 跳舞公仔 | C57: CMW
A58: DIS0273A | B58: 厨房 | C58: CMW
A59: DIS0421A(CMW0420) | B59: 拖车豪华版 | C59: CMW
A60: DIS0457A(CMW0522) | B60: 拖车豪华鸡屋版 | C60: CMW
A61: FNT0079AK | B61: FNT单只装公仔 | C61: FNT
A62: FNT0165 | B62: FNT电子版公仔 | C62: FNT
A63: FNT0166 | B63: FNT电子版公仔 | C63: FNT
... A70: FNT0838 | B70: FNT四支装公仔 | C70: FNT
A71: FNT1608 | C71: FNT | D71: 6
A72: FNT1608-A | C72: FNT | D72: 6
A73: FNT1608-B | C73: FNT | D73: 6
A74: FNT1608-C | C74: FNT | D74: 6
A75: FNT1608-G | B75: 混装配比G | C75: FNT | D75: 6
A76: FNT1608-H | B76: 混装配比H | C76: FNT | D76: 6
A77: FNT1608-I | B77: 混装配比I | C77: FNT | D77: 6
A78: FNT1608-K | B78: 混装配比K | C78: FNT | D78: 6
A79: FNT1608-L | B79: 混装配比L | C79: FNT | D79: 6
A80: FNT1608-M | B80: 混装配比M | C80: FNT | D80: 6
A81: FNT1609 | B81: 迈达斯 | C81: FNT | D81: 6
A82: FNT1610 | B82: 骨头老板 | C82: FNT | D82: 6
A83: FNT1611 | B83: 橡皮糖鱼条 | C83: FNT | D83: 6
A84: FNT1612 | B84: 访问者 | C84: FNT | D84: 6
A85: FNT1624 | C85: FNT | D85: 4
A86: FNT1653 | C86: FNT | D86: 6
A87: FNT1654 | C87: FNT | D87: 6
A88: FNT1655 | C88: FNT | D88: 6
A89: FNT1657 | C89: FNT | D89: 6
A90: FNT1658 | C90: FNT | D90: 6
A91: FNT1665 | C91: FNT | D91: 6
A92: FNT1666 | C92: FNT | D92: 6
A93: FNT1667 | C93: FNT | D93: 6
A94: FNT1675-G | B94: 混装配比G | C94: FNT | D94: 6
A95: FNT1693 | C95: FNT | D95: 4
A96: FNT1696 | C96: FNT | D96: 4
A97: FNT1702 | C97: FNT | D97: 4
A98: NER0150 | B98: NERF标靶(亚马逊版) | C98: NER
A99: NER0156 | B99: NERF标靶 | C99: NER | D99: 4
A100: NER0205 | B100: 二代标靶 | C100: NER
A101: NER0226 | B101: 二代标靶 | C101: NER
A102: NER0327 | B102: 组合版标靶 | C102: NER
A103: NER0339 | B103: 组合标靶 | C103: NER
A104: NER0340 | B104: 标靶单支装#1 | C104: NER
A105: NER0341 | B105: 标靶单支装#2 | C105: NER
A106: NER0342 | B106: 标靶单支装#3 | C106: NER
A107: NER0343 | B107: 标靶单支装#4 | C107: NER
A108: NER0344 | B108: 标靶单支装#5 | C108: NER
A109: NER0351 | B109: 射击标靶 | C109: NER
A110: PKW0030 | B110: 皮卡丘、伊贝混装 | C110: PKW
A111: PKW0030(97759) | B111: 皮卡丘 | C111: PKW
... A120: ROB0552 | B120: 6只公仔装 | C120: ROB
...

Sheet CMW+NER+PKW接单
A1: 产品名称 | AD1: FNT1608-G/FNT1675-G | AG1: FNT1608-H | AJ1: FNT1608-I/FNT1608-K
A2: 接单期 | B2: 出货期 | C2: PO版本 | D2: 原PO | E2: 现PO | F2: 货号 | G2: 数量 | H2: 包装版本 | I2: 系列 | J2: CMW0015 | K2: CMW0029 | L2: CMW0170 | M2: CMW0182 | N2: CMW0298 | O2: CMW0352 | P2: FNT1612 | Q2: FNT1624 | R2: FNT1658 | S2: FNT1665 | T2: FNT1666 | U2: FNT1667 | V2: FNT1693 | W2: FNT1702 | X2: NER0156 | Y2: SNF0145 | Z2: SNF0181 | AA2: SNF0182 | AB2: SNF0220 | AC2: SNF0355 | AD2: FNT1611 | AE2: FNT1610 | AF2: FNT1609 | AG2: FNT1618 | AH2: FNT1619 | AI2: FNT1620 | AJ2: FNT1653 | AK2: FNT1654 | AL2: FNT1655 | AM2: FNT1657 | AN2: FNT1696 | AP2: 单价(USD) | AQ2: 金额USD | AR2: 金额HKD
A3: 44487 | B3: 44641 | C3: V1 | E3: JAZ068876 | F3: NER0156 | G3: =9000-300 -> 8700 | H3: 美文包装+美文说明书 | I3: =IFERROR(VLOOKUP(F3,名称!A:C,3,0),"") -> NER | J3: =IF(AND($F3=J$2,$G3>0),$G3,"") | K3: =IF(AND($F3=K$2,$G3>0),$G3,"") | L3: =IF(AND($F3=L$2,$G3>0),$G3,"") | M3: =IF(AND($F3=M$2,$G3>0),$G3,"") | N3: =IF(AND($F3=N$2,$G3>0),$G3,"") | O3: =IF(AND($F3=O$2,$G3>0),$G3,"") | P3: =IF(AND($F3=P$2,$G3>0),$G3,"") | Q3: =IF(AND($F3=Q$2,$G3>0),$G3,"") | ... AC3: =IF(AND($F3=AC$2,$G3>0),$G3,"") | AD3: =IF(AND($G3>0,$F3<>""),IF(OR($F3="FNT1608-G",$F3="FNT1675-G"),IF(OR(AD$2="FNT1611",AD$2="FNT1610",AD$2="FNT1609"),$G3/3,""),IF($F3=AD$2,$G3,"")),"") | AE3: =IF(AND($G3>0,$F3<>""),IF(OR($F3="FNT1608-G",$F3="FNT1675-G"),IF(OR(AE$2="FNT1611",AE$2="FNT1610",AE$2="FNT1609"),$G3/3,""),IF($F3=AE$2,$G3,"")),"") | AF3: =IF(AND($G3>0,$F3<>""),IF(OR($F3="FNT1608-G",$F3="FNT1675-G"),IF(OR(AF$2="FNT1611",AF$2="FNT1610",AF$2="FNT1609"),$G3/3,""),IF($F3=AF$2,$G3,"")),"") | AG3: =IF(AND($G3>0,$F3<>""),IF($F3="FNT1608-H",IF(OR(AG$2="FNT1618",AG$2="FNT1619",AG$2="FNT1620"),$G3/3,""),IF($F3=AG$2,$G3,"")),"") | AH3: =IF(AND($G3>0,$F3<>""),IF($F3="FNT1608-H",IF(OR(AH$2="FNT1618",AH$2="FNT1619",AH$2="FNT1620"),$G3/3,""),IF($F3=AH$2,$G3,"")),"") | AI3: =IF(AND($G3>0,$F3<>""),IF($F3="FNT1608-H",IF(OR(AI$2="FNT1618",AI$2="FNT1619",AI$2="FNT1620"),$G3/3,""),IF($F3=AI$2,$G3,"")),"") | AJ3: =IF(AND($G3>0,$F3<>""),IF($F3="FNT1608-I",IF(AJ$2="FNT1653",$G3*2/6,IF(AJ$2="FNT1654",$G3*1/6,IF(AJ$2="FNT1655",$G3*1/6,IF(AJ$2="FNT1657",$G3*2/6,"")))),IF($F3="FNT1608-K",IF(AJ$2="FNT1653",$G3*1/6,IF(AJ$2="FNT1654",$G3*2/6,IF(AJ$2="FNT1655",$G3*1/6,IF(AJ$2="FNT1657",$G3*2/6,"")))),IF($F3=AJ$2,$G3,""))),"") | AK3: =IF(AND($G3>0,$F3<>""),IF($F3="FNT1608-I",IF(AK$2="FNT1653",$G3*2/6,IF(AK$2="FNT1654",$G3*1/6,IF(AK$2="FNT1655",$G3*1/6,IF(AK$2="FNT1657",$G3*2/6,"")))),IF($F3="FNT1608-K",IF(AK$2="FNT1653",$G3*1/6,IF(AK$2="FNT1654",$G3*2/6,IF(AK$2="FNT1655",$G3*1/6,IF(AK$2="FNT1657",$G3*2/6,"")))),IF($F3=AK$2,$G3,""))),"") | AL3: =IF(AND($G3>0,$F3<>""),IF($F3="FNT1608-I",IF(AL$2="FNT1653",$G3*2/6,IF(AL$2="FNT1654",$G3*1/6,IF(AL$2="FNT1655",$G3*1/6,IF(AL$2="FNT1657",$G3*2/6,"")))),IF($F3="FNT1608-K",IF(AL$2="FNT1653",$G3*1/6,IF(AL$2="FNT1654",$G3*2/6,IF(AL$2="FNT1655",$G3*1/6,IF(AL$2="FNT1657",$G3*2/6,"")))),IF($F3=AL$2,$G3,""))),"") | AM3: =IF(AND($G3>0,$F3<>""),IF($F3="FNT1608-I",IF(AM$2="FNT1653",$G3*2/6,IF(AM$2="FNT1654",$G3*1/6,IF(AM$2="FNT1655",$G3*1/6,IF(AM$2="FNT1657",$G3*2/6,"")))),IF($F3="FNT1608-K",IF(AM$2="FNT1653",$G3*1/6,IF(AM$2="FNT1654",$G3*2/6,IF(AM$2="FNT1655",$G3*1/6,IF(AM$2="FNT1657",$G3*2/6,"")))),IF($F3=AM$2,$G3,""))),"") | AN3: =IF(AND($G3>0,$F3<>""),IF(OR($F3="FNT1608-G",$F3="FNT1675-G"),IF(OR(AN$2="FNT1611",AN$2="FNT1610",AN$2="FNT1609"),$G3/3,""),IF($F3="FNT1608-H",IF(OR(AN$2="FNT1618",AN$2="FNT1619",AN$2="FNT1620"),$G3/3,""),IF($F3="FNT1608-I",IF(AN$2="FNT1653",$G3*2/6,IF(AN$2="FNT1654",$G3*1/6,IF(AN$2="FNT1655",$G3*1/6,IF(AN$2="FNT1657",$G3*2/6,"")))),IF($F3="FNT1608-K",IF(AN$2="FNT1653",$G3*1/6,IF(AN$2="FNT1654",$G3*2/6,IF(AN$2="FNT1655",$G3*1/6,IF(AN$2="FNT1657",$G3*2/6,"")))),IF($F3=AN$2,$G3,""))))),"") | AO3: =IF(AND($G3>0,$F3<>""),IF(OR($F3="FNT1608-G",$F3="FNT1675-G"),IF(OR(AO$2="FNT1611",AO$2="FNT1610",AO$2="FNT1609"),$G3/3,""),IF($F3="FNT1608-H",IF(OR(AO$2="FNT1618",AO$2="FNT1619",AO$2="FNT1620"),$G3/3,""),IF($F3="FNT1608-I",IF(AO$2="FNT1653",$G3*2/6,IF(AO$2="FNT1654",$G3*1/6,IF(AO$2="FNT1655",$G3*1/6,IF(AO$2="FNT1657",$G3*2/6,"")))),IF($F3="FNT1608-K",IF(AO$2="FNT1653",$G3*1/6,IF(AO$2="FNT1654",$G3*2/6,IF(AO$2="FNT1655",$G3*1/6,IF(AO$2="FNT1657",$G3*2/6,"")))),IF($F3=AO$2,$G3,""))))),"") | AP3: 5.38 | AQ3: =SUM(J3:AO3)*AP3 -> 46806 | AR3: =AQ3*7.75 -> 362746.5
A4: 45068 | B4: 45127 | C4: V1 | D4: 仓单转客单 | E4: JAZ136222 | F4: SNF0181 | G4: =198-54 -> 144 | H4: 7L包装+PET吸塑 | I4: =IFERROR(VLOOKUP(F4,名称!A:C,3,0),"") -> SNF | J4: =IF(AND($F4=J$2,$G4>0),$G4,"") | K4: =IF(AND($F4=K$2,$G4>0),$G4,"") | L4: =IF(AND($F4=L$2,$G4>0),$G4,"") | M4: =IF(AND($F4=M$2,$G4>0),$G4,"") | N4: =IF(AND($F4=N$2,$G4>0),$G4,"") | O4: =IF(AND($F4=O$2,$G4>0),$G4,"") | P4: =IF(AND($F4=P$2,$G4>0),$G4,"") | Q4: =IF(AND($F4=Q$2,$G4>0),$G4,"") | ... AC4: =IF(AND($F4=AC$2,$G4>0),$G4,"") | AD4: =IF(AND($G4>0,$F4<>""),IF(OR($F4="FNT1608-G",$F4="FNT1675-G"),IF(OR(AD$2="FNT1611",AD$2="FNT1610",AD$2="FNT1609"),$G4/3,""),IF($F4=AD$2,$G4,"")),"") | AE4: =IF(AND($G4>0,$F4<>""),IF(OR($F4="FNT1608-G",$F4="FNT1675-G"),IF(OR(AE$2="FNT1611",AE$2="FNT1610",AE$2="FNT1609"),$G4/3,""),IF($F4=AE$2,$G4,"")),"") | AF4: =IF(AND($G4>0,$F4<>""),IF(OR($F4="FNT1608-G",$F4="FNT1675-G"),IF(OR(AF$2="FNT1611",AF$2="FNT1610",AF$2="FNT1609"),$G4/3,""),IF($F4=AF$2,$G4,"")),"") | AG4: =IF(AND($G4>0,$F4<>""),IF($F4="FNT1608-H",IF(OR(AG$2="FNT1618",AG$2="FNT1619",AG$2="FNT1620"),$G4/3,""),IF($F4=AG$2,$G4,"")),"") | AH4: =IF(AND($G4>0,$F4<>""),IF($F4="FNT1608-H",IF(OR(AH$2="FNT1618",AH$2="FNT1619",AH$2="FNT1620"),$G4/3,""),IF($F4=AH$2,$G4,"")),"") | AI4: =IF(AND($G4>0,$F4<>""),IF($F4="FNT1608-H",IF(OR(AI$2="FNT1618",AI$2="FNT1619",AI$2="FNT1620"),$G4/3,""),IF($F4=AI$2,$G4,"")),"") | AJ4: =IF(AND($G4>0,$F4<>""),IF($F4="FNT1608-I",IF(AJ$2="FNT1653",$G4*2/6,IF(AJ$2="FNT1654",$G4*1/6,IF(AJ$2="FNT1655",$G4*1/6,IF(AJ$2="FNT1657",$G4*2/6,"")))),IF($F4="FNT1608-K",IF(AJ$2="FNT1653",$G4*1/6,IF(AJ$2="FNT1654",$G4*2/6,IF(AJ$2="FNT1655",$G4*1/6,IF(AJ$2="FNT1657",$G4*2/6,"")))),IF($F4=AJ$2,$G4,""))),"") | AK4: =IF(AND($G4>0,$F4<>""),IF($F4="FNT1608-I",IF(AK$2="FNT1653",$G4*2/6,IF(AK$2="FNT1654",$G4*1/6,IF(AK$2="FNT1655",$G4*1/6,IF(AK$2="FNT1657",$G4*2/6,"")))),IF($F4="FNT1608-K",IF(AK$2="FNT1653",$G4*1/6,IF(AK$2="FNT1654",$G4*2/6,IF(AK$2="FNT1655",$G4*1/6,IF(AK$2="FNT1657",$G4*2/6,"")))),IF($F4=AK$2,$G4,""))),"") | AL4: =IF(AND($G4>0,$F4<>""),IF($F4="FNT1608-I",IF(AL$2="FNT1653",$G4*2/6,IF(AL$2="FNT1654",$G4*1/6,IF(AL$2="FNT1655",$G4*1/6,IF(AL$2="FNT1657",$G4*2/6,"")))),IF($F4="FNT1608-K",IF(AL$2="FNT1653",$G4*1/6,IF(AL$2="FNT1654",$G4*2/6,IF(AL$2="FNT1655",$G4*1/6,IF(AL$2="FNT1657",$G4*2/6,"")))),IF($F4=AL$2,$G4,""))),"") | AM4: =IF(AND($G4>0,$F4<>""),IF($F4="FNT1608-I",IF(AM$2="FNT1653",$G4*2/6,IF(AM$2="FNT1654",$G4*1/6,IF(AM$2="FNT1655",$G4*1/6,IF(AM$2="FNT1657",$G4*2/6,"")))),IF($F4="FNT1608-K",IF(AM$2="FNT1653",$G4*1/6,IF(AM$2="FNT1654",$G4*2/6,IF(AM$2="FNT1655",$G4*1/6,IF(AM$2="FNT1657",$G4*2/6,"")))),IF($F4=AM$2,$G4,""))),"") | AN4: =IF(AND($G4>0,$F4<>""),IF(OR($F4="FNT1608-G",$F4="FNT1675-G"),IF(OR(AN$2="FNT1611",AN$2="FNT1610",AN$2="FNT1609"),$G4/3,""),IF($F4="FNT1608-H",IF(OR(AN$2="FNT1618",AN$2="FNT1619",AN$2="FNT1620"),$G4/3,""),IF($F4="FNT1608-I",IF(AN$2="FNT1653",$G4*2/6,IF(AN$2="FNT1654",$G4*1/6,IF(AN$2="FNT1655",$G4*1/6,IF(AN$2="FNT1657",$G4*2/6,"")))),IF($F4="FNT1608-K",IF(AN$2="FNT1653",$G4*1/6,IF(AN$2="FNT1654",$G4*2/6,IF(AN$2="FNT1655",$G4*1/6,IF(AN$2="FNT1657",$G4*2/6,"")))),IF($F4=AN$2,$G4,""))))),"") | AO4: =IF(AND($G4>0,$F4<>""),IF(OR($F4="FNT1608-G",$F4="FNT1675-G"),IF(OR(AO$2="FNT1611",AO$2="FNT1610",AO$2="FNT1609"),$G4/3,""),IF($F4="FNT1608-H",IF(OR(AO$2="FNT1618",AO$2="FNT1619",AO$2="FNT1620"),$G4/3,""),IF($F4="FNT1608-I",IF(AO$2="FNT1653",$G4*2/6,IF(AO$2="FNT1654",$G4*1/6,IF(AO$2="FNT1655",$G4*1/6,IF(AO$2="FNT1657",$G4*2/6,"")))),IF($F4="FNT1608-K",IF(AO$2="FNT1653",$G4*1/6,IF(AO$2="FNT1654",$G4*2/6,IF(AO$2="FNT1655",$G4*1/6,IF(AO$2="FNT1657",$G4*2/6,"")))),IF($F4=AO$2,$G4,""))))),"") | AP4: 2.22 | AQ4: =SUM(J4:AO4)*AP4 -> 319.68 | AR4: =AQ4*7.75 -> 2477.52
A5: 45128 | B5: 45184 | C5: V1 | D5: 仓单转客单 | E5: JAZ143501 | F5: CMW0182 | G5: =1820-836-56-188-60-500+100-180 -> 100 | H5: 7L(G-LOGO)包装 | I5: =IFERROR(VLOOKUP(F5,名称!A:C,3,0),"") -> CMW | J5: =IF(AND($F5=J$2,$G5>0),$G5,"") | K5: =IF(AND($F5=K$2,$G5>0),$G5,"") | L5: =IF(AND($F5=L$2,$G5>0),$G5,"") | M5: =IF(AND($F5=M$2,$G5>0),$G5,"") -> 100 | N5: =IF(AND($F5=N$2,$G5>0),$G5,"") | O5: =IF(AND($F5=O$2,$G5>0),$G5,"") | P5: =IF(AND($F5=P$2,$G5>0),$G5,"") | Q5: =IF(AND($F5=Q$2,$G5>0),$G5,"") | ... AC5: =IF(AND($F5=AC$2,$G5>0),$G5,"") | AD5: =IF(AND($G5>0,$F5<>""),IF(OR($F5="FNT1608-G",$F5="FNT1675-G"),IF(OR(AD$2="FNT1611",AD$2="FNT1610",AD$2="FNT1609"),$G5/3,""),IF($F5=AD$2,$G5,"")),"") | AE5: =IF(AND($G5>0,$F5<>""),IF(OR($F5="FNT1608-G",$F5="FNT1675-G"),IF(OR(AE$2="FNT1611",AE$2="FNT1610",AE$2="FNT1609"),$G5/3,""),IF($F5=AE$2,$G5,"")),"") | AF5: =IF(AND($G5>0,$F5<>""),IF(OR($F5="FNT1608-G",$F5="FNT1675-G"),IF(OR(AF$2="FNT1611",AF$2="FNT1610",AF$2="FNT1609"),$G5/3,""),IF($F5=AF$2,$G5,"")),"") | AG5: =IF(AND($G5>0,$F5<>""),IF($F5="FNT1608-H",IF(OR(AG$2="FNT1618",AG$2="FNT1619",AG$2="FNT1620"),$G5/3,""),IF($F5=AG$2,$G5,"")),"") | AH5: =IF(AND($G5>0,$F5<>""),IF($F5="FNT1608-H",IF(OR(AH$2="FNT1618",AH$2="FNT1619",AH$2="FNT1620"),$G5/3,""),IF($F5=AH$2,$G5,"")),"") | AI5: =IF(AND($G5>0,$F5<>""),IF($F5="FNT1608-H",IF(OR(AI$2="FNT1618",AI$2="FNT1619",AI$2="FNT1620"),$G5/3,""),IF($F5=AI$2,$G5,"")),"") | AJ5: =IF(AND($G5>0,$F5<>""),IF($F5="FNT1608-I",IF(AJ$2="FNT1653",$G5*2/6,IF(AJ$2="FNT1654",$G5*1/6,IF(AJ$2="FNT1655",$G5*1/6,IF(AJ$2="FNT1657",$G5*2/6,"")))),IF($F5="FNT1608-K",IF(AJ$2="FNT1653",$G5*1/6,IF(AJ$2="FNT1654",$G5*2/6,IF(AJ$2="FNT1655",$G5*1/6,IF(AJ$2="FNT1657",$G5*2/6,"")))),IF($F5=AJ$2,$G5,""))),"") | AK5: =IF(AND($G5>0,$F5<>""),IF($F5="FNT1608-I",IF(AK$2="FNT1653",$G5*2/6,IF(AK$2="FNT1654",$G5*1/6,IF(AK$2="FNT1655",$G5*1/6,IF(AK$2="FNT1657",$G5*2/6,"")))),IF($F5="FNT1608-K",IF(AK$2="FNT1653",$G5*1/6,IF(AK$2="FNT1654",$G5*2/6,IF(AK$2="FNT1655",$G5*1/6,IF(AK$2="FNT1657",$G5*2/6,"")))),IF($F5=AK$2,$G5,""))),"") | AL5: =IF(AND($G5>0,$F5<>""),IF($F5="FNT1608-I",IF(AL$2="FNT1653",$G5*2/6,IF(AL$2="FNT1654",$G5*1/6,IF(AL$2="FNT1655",$G5*1/6,IF(AL$2="FNT1657",$G5*2/6,"")))),IF($F5="FNT1608-K",IF(AL$2="FNT1653",$G5*1/6,IF(AL$2="FNT1654",$G5*2/6,IF(AL$2="FNT1655",$G5*1/6,IF(AL$2="FNT1657",$G5*2/6,"")))),IF($F5=AL$2,$G5,""))),"") | AM5: =IF(AND($G5>0,$F5<>""),IF($F5="FNT1608-I",IF(AM$2="FNT1653",$G5*2/6,IF(AM$2="FNT1654",$G5*1/6,IF(AM$2="FNT1655",$G5*1/6,IF(AM$2="FNT1657",$G5*2/6,"")))),IF($F5="FNT1608-K",IF(AM$2="FNT1653",$G5*1/6,IF(AM$2="FNT1654",$G5*2/6,IF(AM$2="FNT1655",$G5*1/6,IF(AM$2="FNT1657",$G5*2/6,"")))),IF($F5=AM$2,$G5,""))),"") | AN5: =IF(AND($G5>0,$F5<>""),IF(OR($F5="FNT1608-G",$F5="FNT1675-G"),IF(OR(AN$2="FNT1611",AN$2="FNT1610",AN$2="FNT1609"),$G5/3,""),IF($F5="FNT1608-H",IF(OR(AN$2="FNT1618",AN$2="FNT1619",AN$2="FNT1620"),$G5/3,""),IF($F5="FNT1608-I",IF(AN$2="FNT1653",$G5*2/6,IF(AN$2="FNT1654",$G5*1/6,IF(AN$2="FNT1655",$G5*1/6,IF(AN$2="FNT1657",$G5*2/6,"")))),IF($F5="FNT1608-K",IF(AN$2="FNT1653",$G5*1/6,IF(AN$2="FNT1654",$G5*2/6,IF(AN$2="FNT1655",$G5*1/6,IF(AN$2="FNT1657",$G5*2/6,"")))),IF($F5=AN$2,$G5,""))))),"") | AO5: =IF(AND($G5>0,$F5<>""),IF(OR($F5="FNT1608-G",$F5="FNT1675-G"),IF(OR(AO$2="FNT1611",AO$2="FNT1610",AO$2="FNT1609"),$G5/3,""),IF($F5="FNT1608-H",IF(OR(AO$2="FNT1618",AO$2="FNT1619",AO$2="FNT1620"),$G5/3,""),IF($F5="FNT1608-I",IF(AO$2="FNT1653",$G5*2/6,IF(AO$2="FNT1654",$G5*1/6,IF(AO$2="FNT1655",$G5*1/6,IF(AO$2="FNT1657",$G5*2/6,"")))),IF($F5="FNT1608-K",IF(AO$2="FNT1653",$G5*1/6,IF(AO$2="FNT1654",$G5*2/6,IF(AO$2="FNT1655",$G5*1/6,IF(AO$2="FNT1657",$G5*2/6,"")))),IF($F5=AO$2,$G5,""))))),"") | AP5: 13.42 | AQ5: =SUM(J5:AO5)*AP5 -> 1342 | AR5: =AQ5*7.75 -> 10400.5
A6: 45313 | B6: 45444 | C6: V1 | E6: JAZ174061 | F6: CMW0352 | G6: =2250-1126-224-896 -> 4 | H6: 美文包装+RPET吸塑 | I6: =IFERROR(VLOOKUP(F6,名称!A:C,3,0),"") -> CMW | J6: =IF(AND($F6=J$2,$G6>0),$G6,"") | K6: =IF(AND($F6=K$2,$G6>0),$G6,"") | L6: =IF(AND($F6=L$2,$G6>0),$G6,"") | M6: =IF(AND($F6=M$2,$G6>0),$G6,"") | N6: =IF(AND($F6=N$2,$G6>0),$G6,"") | O6: =IF(AND($F6=O$2,$G6>0),$G6,"") -> 4 | P6: =IF(AND($F6=P$2,$G6>0),$G6,"") | Q6: =IF(AND($F6=Q$2,$G6>0),$G6,"") | ... AC6: =IF(AND($F6=AC$2,$G6>0),$G6,"") | AD6: =IF(AND($G6>0,$F6<>""),IF(OR($F6="FNT1608-G",$F6="FNT1675-G"),IF(OR(AD$2="FNT1611",AD$2="FNT1610",AD$2="FNT1609"),$G6/3,""),IF($F6=AD$2,$G6,"")),"") | AE6: =IF(AND($G6>0,$F6<>""),IF(OR($F6="FNT1608-G",$F6="FNT1675-G"),IF(OR(AE$2="FNT1611",AE$2="FNT1610",AE$2="FNT1609"),$G6/3,""),IF($F6=AE$2,$G6,"")),"") | AF6: =IF(AND($G6>0,$F6<>""),IF(OR($F6="FNT1608-G",$F6="FNT1675-G"),IF(OR(AF$2="FNT1611",AF$2="FNT1610",AF$2="FNT1609"),$G6/3,""),IF($F6=AF$2,$G6,"")),"") | AG6: =IF(AND($G6>0,$F6<>""),IF($F6="FNT1608-H",IF(OR(AG$2="FNT1618",AG$2="FNT1619",AG$2="FNT1620"),$G6/3,""),IF($F6=AG$2,$G6,"")),"") | AH6: =IF(AND($G6>0,$F6<>""),IF($F6="FNT1608-H",IF(OR(AH$2="FNT1618",AH$2="FNT1619",AH$2="FNT1620"),$G6/3,""),IF($F6=AH$2,$G6,"")),"") | AI6: =IF(AND($G6>0,$F6<>""),IF($F6="FNT1608-H",IF(OR(AI$2="FNT1618",AI$2="FNT1619",AI$2="FNT1620"),$G6/3,""),IF($F6=AI$2,$G6,"")),"") | AJ6: =IF(AND($G6>0,$F6<>""),IF($F6="FNT1608-I",IF(AJ$2="FNT1653",$G6*2/6,IF(AJ$2="FNT1654",$G6*1/6,IF(AJ$2="FNT1655",$G6*1/6,IF(AJ$2="FNT1657",$G6*2/6,"")))),IF($F6="FNT1608-K",IF(AJ$2="FNT1653",$G6*1/6,IF(AJ$2="FNT1654",$G6*2/6,IF(AJ$2="FNT1655",$G6*1/6,IF(AJ$2="FNT1657",$G6*2/6,"")))),IF($F6=AJ$2,$G6,""))),"") | AK6: =IF(AND($G6>0,$F6<>""),IF($F6="FNT1608-I",IF(AK$2="FNT1653",$G6*2/6,IF(AK$2="FNT1654",$G6*1/6,IF(AK$2="FNT1655",$G6*1/6,IF(AK$2="FNT1657",$G6*2/6,"")))),IF($F6="FNT1608-K",IF(AK$2="FNT1653",$G6*1/6,IF(AK$2="FNT1654",$G6*2/6,IF(AK$2="FNT1655",$G6*1/6,IF(AK$2="FNT1657",$G6*2/6,"")))),IF($F6=AK$2,$G6,""))),"") | AL6: =IF(AND($G6>0,$F6<>""),IF($F6="FNT1608-I",IF(AL$2="FNT1653",$G6*2/6,IF(AL$2="FNT1654",$G6*1/6,IF(AL$2="FNT1655",$G6*1/6,IF(AL$2="FNT1657",$G6*2/6,"")))),IF($F6="FNT1608-K",IF(AL$2="FNT1653",$G6*1/6,IF(AL$2="FNT1654",$G6*2/6,IF(AL$2="FNT1655",$G6*1/6,IF(AL$2="FNT1657",$G6*2/6,"")))),IF($F6=AL$2,$G6,""))),"") | AM6: =IF(AND($G6>0,$F6<>""),IF($F6="FNT1608-I",IF(AM$2="FNT1653",$G6*2/6,IF(AM$2="FNT1654",$G6*1/6,IF(AM$2="FNT1655",$G6*1/6,IF(AM$2="FNT1657",$G6*2/6,"")))),IF($F6="FNT1608-K",IF(AM$2="FNT1653",$G6*1/6,IF(AM$2="FNT1654",$G6*2/6,IF(AM$2="FNT1655",$G6*1/6,IF(AM$2="FNT1657",$G6*2/6,"")))),IF($F6=AM$2,$G6,""))),"") | AN6: =IF(AND($G6>0,$F6<>""),IF(OR($F6="FNT1608-G",$F6="FNT1675-G"),IF(OR(AN$2="FNT1611",AN$2="FNT1610",AN$2="FNT1609"),$G6/3,""),IF($F6="FNT1608-H",IF(OR(AN$2="FNT1618",AN$2="FNT1619",AN$2="FNT1620"),$G6/3,""),IF($F6="FNT1608-I",IF(AN$2="FNT1653",$G6*2/6,IF(AN$2="FNT1654",$G6*1/6,IF(AN$2="FNT1655",$G6*1/6,IF(AN$2="FNT1657",$G6*2/6,"")))),IF($F6="FNT1608-K",IF(AN$2="FNT1653",$G6*1/6,IF(AN$2="FNT1654",$G6*2/6,IF(AN$2="FNT1655",$G6*1/6,IF(AN$2="FNT1657",$G6*2/6,"")))),IF($F6=AN$2,$G6,""))))),"") | AO6: =IF(AND($G6>0,$F6<>""),IF(OR($F6="FNT1608-G",$F6="FNT1675-G"),IF(OR(AO$2="FNT1611",AO$2="FNT1610",AO$2="FNT1609"),$G6/3,""),IF($F6="FNT1608-H",IF(OR(AO$2="FNT1618",AO$2="FNT1619",AO$2="FNT1620"),$G6/3,""),IF($F6="FNT1608-I",IF(AO$2="FNT1653",$G6*2/6,IF(AO$2="FNT1654",$G6*1/6,IF(AO$2="FNT1655",$G6*1/6,IF(AO$2="FNT1657",$G6*2/6,"")))),IF($F6="FNT1608-K",IF(AO$2="FNT1653",$G6*1/6,IF(AO$2="FNT1654",$G6*2/6,IF(AO$2="FNT1655",$G6*1/6,IF(AO$2="FNT1657",$G6*2/6,"")))),IF($F6=AO$2,$G6,""))))),"") | AP6: 13.53 | AQ6: =SUM(J6:AO6)*AP6 -> 54.12 | AR6: =AQ6*7.75 -> 419.43
A7: 45588 | B7: 45609 | C7: V1 | D7: JAZ175961 | E7: SAM220161 | F7: CMW0015 | G7: =60+60 -> 120 | H7: 7L包装+RPET吸塑 | I7: =IFERROR(VLOOKUP(F7,名称!A:C,3,0),"") -> CMW | J7: =IF(AND($F7=J$2,$G7>0),$G7,"") -> 120 | K7: =IF(AND($F7=K$2,$G7>0),$G7,"") | L7: =IF(AND($F7=L$2,$G7>0),$G7,"") | M7: =IF(AND($F7=M$2,$G7>0),$G7,"") | N7: =IF(AND($F7=N$2,$G7>0),$G7,"") | O7: =IF(AND($F7=O$2,$G7>0),$G7,"") | P7: =IF(AND($F7=P$2,$G7>0),$G7,"") | Q7: =IF(AND($F7=Q$2,$G7>0),$G7,"") | ... AC7: =IF(AND($F7=AC$2,$G7>0),$G7,"") | AD7: =IF(AND($G7>0,$F7<>""),IF(OR($F7="FNT1608-G",$F7="FNT1675-G"),IF(OR(AD$2="FNT1611",AD$2="FNT1610",AD$2="FNT1609"),$G7/3,""),IF($F7=AD$2,$G7,"")),"") | AE7: =IF(AND($G7>0,$F7<>""),IF(OR($F7="FNT1608-G",$F7="FNT1675-G"),IF(OR(AE$2="FNT1611",AE$2="FNT1610",AE$2="FNT1609"),$G7/3,""),IF($F7=AE$2,$G7,"")),"") | AF7: =IF(AND($G7>0,$F7<>""),IF(OR($F7="FNT1608-G",$F7="FNT1675-G"),IF(OR(AF$2="FNT1611",AF$2="FNT1610",AF$2="FNT1609"),$G7/3,""),IF($F7=AF$2,$G7,"")),"") | AG7: =IF(AND($G7>0,$F7<>""),IF($F7="FNT1608-H",IF(OR(AG$2="FNT1618",AG$2="FNT1619",AG$2="FNT1620"),$G7/3,""),IF($F7=AG$2,$G7,"")),"") | AH7: =IF(AND($G7>0,$F7<>""),IF($F7="FNT1608-H",IF(OR(AH$2="FNT1618",AH$2="FNT1619",AH$2="FNT1620"),$G7/3,""),IF($F7=AH$2,$G7,"")),"") | AI7: =IF(AND($G7>0,$F7<>""),IF($F7="FNT1608-H",IF(OR(AI$2="FNT1618",AI$2="FNT1619",AI$2="FNT1620"),$G7/3,""),IF($F7=AI$2,$G7,"")),"") | AJ7: =IF(AND($G7>0,$F7<>""),IF($F7="FNT1608-I",IF(AJ$2="FNT1653",$G7*2/6,IF(AJ$2="FNT1654",$G7*1/6,IF(AJ$2="FNT1655",$G7*1/6,IF(AJ$2="FNT1657",$G7*2/6,"")))),IF($F7="FNT1608-K",IF(AJ$2="FNT1653",$G7*1/6,IF(AJ$2="FNT1654",$G7*2/6,IF(AJ$2="FNT1655",$G7*1/6,IF(AJ$2="FNT1657",$G7*2/6,"")))),IF($F7=AJ$2,$G7,""))),"") | AK7: =IF(AND($G7>0,$F7<>""),IF($F7="FNT1608-I",IF(AK$2="FNT1653",$G7*2/6,IF(AK$2="FNT1654",$G7*1/6,IF(AK$2="FNT1655",$G7*1/6,IF(AK$2="FNT1657",$G7*2/6,"")))),IF($F7="FNT1608-K",IF(AK$2="FNT1653",$G7*1/6,IF(AK$2="FNT1654",$G7*2/6,IF(AK$2="FNT1655",$G7*1/6,IF(AK$2="FNT1657",$G7*2/6,"")))),IF($F7=AK$2,$G7,""))),"") | AL7: =IF(AND($G7>0,$F7<>""),IF($F7="FNT1608-I",IF(AL$2="FNT1653",$G7*2/6,IF(AL$2="FNT1654",$G7*1/6,IF(AL$2="FNT1655",$G7*1/6,IF(AL$2="FNT1657",$G7*2/6,"")))),IF($F7="FNT1608-K",IF(AL$2="FNT1653",$G7*1/6,IF(AL$2="FNT1654",$G7*2/6,IF(AL$2="FNT1655",$G7*1/6,IF(AL$2="FNT1657",$G7*2/6,"")))),IF($F7=AL$2,$G7,""))),"") | AM7: =IF(AND($G7>0,$F7<>""),IF($F7="FNT1608-I",IF(AM$2="FNT1653",$G7*2/6,IF(AM$2="FNT1654",$G7*1/6,IF(AM$2="FNT1655",$G7*1/6,IF(AM$2="FNT1657",$G7*2/6,"")))),IF($F7="FNT1608-K",IF(AM$2="FNT1653",$G7*1/6,IF(AM$2="FNT1654",$G7*2/6,IF(AM$2="FNT1655",$G7*1/6,IF(AM$2="FNT1657",$G7*2/6,"")))),IF($F7=AM$2,$G7,""))),"") | AN7: =IF(AND($G7>0,$F7<>""),IF(OR($F7="FNT1608-G",$F7="FNT1675-G"),IF(OR(AN$2="FNT1611",AN$2="FNT1610",AN$2="FNT1609"),$G7/3,""),IF($F7="FNT1608-H",IF(OR(AN$2="FNT1618",AN$2="FNT1619",AN$2="FNT1620"),$G7/3,""),IF($F7="FNT1608-I",IF(AN$2="FNT1653",$G7*2/6,IF(AN$2="FNT1654",$G7*1/6,IF(AN$2="FNT1655",$G7*1/6,IF(AN$2="FNT1657",$G7*2/6,"")))),IF($F7="FNT1608-K",IF(AN$2="FNT1653",$G7*1/6,IF(AN$2="FNT1654",$G7*2/6,IF(AN$2="FNT1655",$G7*1/6,IF(AN$2="FNT1657",$G7*2/6,"")))),IF($F7=AN$2,$G7,""))))),"") | AO7: =IF(AND($G7>0,$F7<>""),IF(OR($F7="FNT1608-G",$F7="FNT1675-G"),IF(OR(AO$2="FNT1611",AO$2="FNT1610",AO$2="FNT1609"),$G7/3,""),IF($F7="FNT1608-H",IF(OR(AO$2="FNT1618",AO$2="FNT1619",AO$2="FNT1620"),$G7/3,""),IF($F7="FNT1608-I",IF(AO$2="FNT1653",$G7*2/6,IF(AO$2="FNT1654",$G7*1/6,IF(AO$2="FNT1655",$G7*1/6,IF(AO$2="FNT1657",$G7*2/6,"")))),IF($F7="FNT1608-K",IF(AO$2="FNT1653",$G7*1/6,IF(AO$2="FNT1654",$G7*2/6,IF(AO$2="FNT1655",$G7*1/6,IF(AO$2="FNT1657",$G7*2/6,"")))),IF($F7=AO$2,$G7,""))))),"") | AP7: 4.26 | AQ7: =SUM(J7:AO7)*AP7 -> 511.2 | AR7: =AQ7*7.75 -> 3961.8
A8: 45722 | B8: 45806 | C8: V2 | D8: JAZ209199 | E8: 1SS3YYVR | F8: CMW0170 | G8: 300 | H8: 7L包装+RPET吸塑 | I8: =IFERROR(VLOOKUP(F8,名称!A:C,3,0),"") -> CMW | J8: =IF(AND($F8=J$2,$G8>0),$G8,"") | K8: =IF(AND($F8=K$2,$G8>0),$G8,"") | L8: =IF(AND($F8=L$2,$G8>0),$G8,"") -> 300 | M8: =IF(AND($F8=M$2,$G8>0),$G8,"") | N8: =IF(AND($F8=N$2,$G8>0),$G8,"") | O8: =IF(AND($F8=O$2,$G8>0),$G8,"") | P8: =IF(AND($F8=P$2,$G8>0),$G8,"") | Q8: =IF(AND($F8=Q$2,$G8>0),$G8,"") | ... AC8: =IF(AND($F8=AC$2,$G8>0),$G8,"") | AD8: =IF(AND($G8>0,$F8<>""),IF(OR($F8="FNT1608-G",$F8="FNT1675-G"),IF(OR(AD$2="FNT1611",AD$2="FNT1610",AD$2="FNT1609"),$G8/3,""),IF($F8=AD$2,$G8,"")),"") | AE8: =IF(AND($G8>0,$F8<>""),IF(OR($F8="FNT1608-G",$F8="FNT1675-G"),IF(OR(AE$2="FNT1611",AE$2="FNT1610",AE$2="FNT1609"),$G8/3,""),IF($F8=AE$2,$G8,"")),"") | AF8: =IF(AND($G8>0,$F8<>""),IF(OR($F8="FNT1608-G",$F8="FNT1675-G"),IF(OR(AF$2="FNT1611",AF$2="FNT1610",AF$2="FNT1609"),$G8/3,""),IF($F8=AF$2,$G8,"")),"") | AG8: =IF(AND($G8>0,$F8<>""),IF($F8="FNT1608-H",IF(OR(AG$2="FNT1618",AG$2="FNT1619",AG$2="FNT1620"),$G8/3,""),IF($F8=AG$2,$G8,"")),"") | AH8: =IF(AND($G8>0,$F8<>""),IF($F8="FNT1608-H",IF(OR(AH$2="FNT1618",AH$2="FNT1619",AH$2="FNT1620"),$G8/3,""),IF($F8=AH$2,$G8,"")),"") | AI8: =IF(AND($G8>0,$F8<>""),IF($F8="FNT1608-H",IF(OR(AI$2="FNT1618",AI$2="FNT1619",AI$2="FNT1620"),$G8/3,""),IF($F8=AI$2,$G8,"")),"") | AJ8: =IF(AND($G8>0,$F8<>""),IF($F8="FNT1608-I",IF(AJ$2="FNT1653",$G8*2/6,IF(AJ$2="FNT1654",$G8*1/6,IF(AJ$2="FNT1655",$G8*1/6,IF(AJ$2="FNT1657",$G8*2/6,"")))),IF($F8="FNT1608-K",IF(AJ$2="FNT1653",$G8*1/6,IF(AJ$2="FNT1654",$G8*2/6,IF(AJ$2="FNT1655",$G8*1/6,IF(AJ$2="FNT1657",$G8*2/6,"")))),IF($F8=AJ$2,$G8,""))),"") | AK8: =IF(AND($G8>0,$F8<>""),IF($F8="FNT1608-I",IF(AK$2="FNT1653",$G8*2/6,IF(AK$2="FNT1654",$G8*1/6,IF(AK$2="FNT1655",$G8*1/6,IF(AK$2="FNT1657",$G8*2/6,"")))),IF($F8="FNT1608-K",IF(AK$2="FNT1653",$G8*1/6,IF(AK$2="FNT1654",$G8*2/6,IF(AK$2="FNT1655",$G8*1/6,IF(AK$2="FNT1657",$G8*2/6,"")))),IF($F8=AK$2,$G8,""))),"") | AL8: =IF(AND($G8>0,$F8<>""),IF($F8="FNT1608-I",IF(AL$2="FNT1653",$G8*2/6,IF(AL$2="FNT1654",$G8*1/6,IF(AL$2="FNT1655",$G8*1/6,IF(AL$2="FNT1657",$G8*2/6,"")))),IF($F8="FNT1608-K",IF(AL$2="FNT1653",$G8*1/6,IF(AL$2="FNT1654",$G8*2/6,IF(AL$2="FNT1655",$G8*1/6,IF(AL$2="FNT1657",$G8*2/6,"")))),IF($F8=AL$2,$G8,""))),"") | AM8: =IF(AND($G8>0,$F8<>""),IF($F8="FNT1608-I",IF(AM$2="FNT1653",$G8*2/6,IF(AM$2="FNT1654",$G8*1/6,IF(AM$2="FNT1655",$G8*1/6,IF(AM$2="FNT1657",$G8*2/6,"")))),IF($F8="FNT1608-K",IF(AM$2="FNT1653",$G8*1/6,IF(AM$2="FNT1654",$G8*2/6,IF(AM$2="FNT1655",$G8*1/6,IF(AM$2="FNT1657",$G8*2/6,"")))),IF($F8=AM$2,$G8,""))),"") | AN8: =IF(AND($G8>0,$F8<>""),IF(OR($F8="FNT1608-G",$F8="FNT1675-G"),IF(OR(AN$2="FNT1611",AN$2="FNT1610",AN$2="FNT1609"),$G8/3,""),IF($F8="FNT1608-H",IF(OR(AN$2="FNT1618",AN$2="FNT1619",AN$2="FNT1620"),$G8/3,""),IF($F8="FNT1608-I",IF(AN$2="FNT1653",$G8*2/6,IF(AN$2="FNT1654",$G8*1/6,IF(AN$2="FNT1655",$G8*1/6,IF(AN$2="FNT1657",$G8*2/6,"")))),IF($F8="FNT1608-K",IF(AN$2="FNT1653",$G8*1/6,IF(AN$2="FNT1654",$G8*2/6,IF(AN$2="FNT1655",$G8*1/6,IF(AN$2="FNT1657",$G8*2/6,"")))),IF($F8=AN$2,$G8,""))))),"") | AO8: =IF(AND($G8>0,$F8<>""),IF(OR($F8="FNT1608-G",$F8="FNT1675-G"),IF(OR(AO$2="FNT1611",AO$2="FNT1610",AO$2="FNT1609"),$G8/3,""),IF($F8="FNT1608-H",IF(OR(AO$2="FNT1618",AO$2="FNT1619",AO$2="FNT1620"),$G8/3,""),IF($F8="FNT1608-I",IF(AO$2="FNT1653",$G8*2/6,IF(AO$2="FNT1654",$G8*1/6,IF(AO$2="FNT1655",$G8*1/6,IF(AO$2="FNT1657",$G8*2/6,"")))),IF($F8="FNT1608-K",IF(AO$2="FNT1653",$G8*1/6,IF(AO$2="FNT1654",$G8*2/6,IF(AO$2="FNT1655",$G8*1/6,IF(AO$2="FNT1657",$G8*2/6,"")))),IF($F8=AO$2,$G8,""))))),"") | AP8: 3.84 | AQ8: =SUM(J8:AO8)*AP8 -> 1152 | AR8: =AQ8*7.75 -> 8928
A9: 45741 | B9: 46001 | C9: V3 | D9: JAZ274484 | E9: JAZ-SUB-SP26-02改6000063660 | F9: FNT1608-G | G9: 804 | H9: 7L包装+RPET吸塑 | I9: =IFERROR(VLOOKUP(F9,名称!A:C,3,0),"") -> FNT | J9: =IF(AND($F9=J$2,$G9>0),$G9,"") | K9: =IF(AND($F9=K$2,$G9>0),$G9,"") | L9: =IF(AND($F9=L$2,$G9>0),$G9,"") | M9: =IF(AND($F9=M$2,$G9>0),$G9,"") | N9: =IF(AND($F9=N$2,$G9>0),$G9,"") | O9: =IF(AND($F9=O$2,$G9>0),$G9,"") | P9: =IF(AND($F9=P$2,$G9>0),$G9,"") | Q9: =IF(AND($F9=Q$2,$G9>0),$G9,"") | ... AC9: =IF(AND($F9=AC$2,$G9>0),$G9,"") | AD9: =IF(AND($G9>0,$F9<>""),IF(OR($F9="FNT1608-G",$F9="FNT1675-G"),IF(OR(AD$2="FNT1611",AD$2="FNT1610",AD$2="FNT1609"),$G9/3,""),IF($F9=AD$2,$G9,"")),"") -> 268 | AE9: =IF(AND($G9>0,$F9<>""),IF(OR($F9="FNT1608-G",$F9="FNT1675-G"),IF(OR(AE$2="FNT1611",AE$2="FNT1610",AE$2="FNT1609"),$G9/3,""),IF($F9=AE$2,$G9,"")),"") -> 268 | AF9: =IF(AND($G9>0,$F9<>""),IF(OR($F9="FNT1608-G",$F9="FNT1675-G"),IF(OR(AF$2="FNT1611",AF$2="FNT1610",AF$2="FNT1609"),$G9/3,""),IF($F9=AF$2,$G9,"")),"") -> 268 | AG9: =IF(AND($G9>0,$F9<>""),IF($F9="FNT1608-H",IF(OR(AG$2="FNT1618",AG$2="FNT1619",AG$2="FNT1620"),$G9/3,""),IF($F9=AG$2,$G9,"")),"") | AH9: =IF(AND($G9>0,$F9<>""),IF($F9="FNT1608-H",IF(OR(AH$2="FNT1618",AH$2="FNT1619",AH$2="FNT1620"),$G9/3,""),IF($F9=AH$2,$G9,"")),"") | AI9: =IF(AND($G9>0,$F9<>""),IF($F9="FNT1608-H",IF(OR(AI$2="FNT1618",AI$2="FNT1619",AI$2="FNT1620"),$G9/3,""),IF($F9=AI$2,$G9,"")),"") | AJ9: =IF(AND($G9>0,$F9<>""),IF($F9="FNT1608-I",IF(AJ$2="FNT1653",$G9*2/6,IF(AJ$2="FNT1654",$G9*1/6,IF(AJ$2="FNT1655",$G9*1/6,IF(AJ$2="FNT1657",$G9*2/6,"")))),IF($F9="FNT1608-K",IF(AJ$2="FNT1653",$G9*1/6,IF(AJ$2="FNT1654",$G9*2/6,IF(AJ$2="FNT1655",$G9*1/6,IF(AJ$2="FNT1657",$G9*2/6,"")))),IF($F9=AJ$2,$G9,""))),"") | AK9: =IF(AND($G9>0,$F9<>""),IF($F9="FNT1608-I",IF(AK$2="FNT1653",$G9*2/6,IF(AK$2="FNT1654",$G9*1/6,IF(AK$2="FNT1655",$G9*1/6,IF(AK$2="FNT1657",$G9*2/6,"")))),IF($F9="FNT1608-K",IF(AK$2="FNT1653",$G9*1/6,IF(AK$2="FNT1654",$G9*2/6,IF(AK$2="FNT1655",$G9*1/6,IF(AK$2="FNT1657",$G9*2/6,"")))),IF($F9=AK$2,$G9,""))),"") | AL9: =IF(AND($G9>0,$F9<>""),IF($F9="FNT1608-I",IF(AL$2="FNT1653",$G9*2/6,IF(AL$2="FNT1654",$G9*1/6,IF(AL$2="FNT1655",$G9*1/6,IF(AL$2="FNT1657",$G9*2/6,"")))),IF($F9="FNT1608-K",IF(AL$2="FNT1653",$G9*1/6,IF(AL$2="FNT1654",$G9*2/6,IF(AL$2="FNT1655",$G9*1/6,IF(AL$2="FNT1657",$G9*2/6,"")))),IF($F9=AL$2,$G9,""))),"") | AM9: =IF(AND($G9>0,$F9<>""),IF($F9="FNT1608-I",IF(AM$2="FNT1653",$G9*2/6,IF(AM$2="FNT1654",$G9*1/6,IF(AM$2="FNT1655",$G9*1/6,IF(AM$2="FNT1657",$G9*2/6,"")))),IF($F9="FNT1608-K",IF(AM$2="FNT1653",$G9*1/6,IF(AM$2="FNT1654",$G9*2/6,IF(AM$2="FNT1655",$G9*1/6,IF(AM$2="FNT1657",$G9*2/6,"")))),IF($F9=AM$2,$G9,""))),"") | AN9: =IF(AND($G9>0,$F9<>""),IF(OR($F9="FNT1608-G",$F9="FNT1675-G"),IF(OR(AN$2="FNT1611",AN$2="FNT1610",AN$2="FNT1609"),$G9/3,""),IF($F9="FNT1608-H",IF(OR(AN$2="FNT1618",AN$2="FNT1619",AN$2="FNT1620"),$G9/3,""),IF($F9="FNT1608-I",IF(AN$2="FNT1653",$G9*2/6,IF(AN$2="FNT1654",$G9*1/6,IF(AN$2="FNT1655",$G9*1/6,IF(AN$2="FNT1657",$G9*2/6,"")))),IF($F9="FNT1608-K",IF(AN$2="FNT1653",$G9*1/6,IF(AN$2="FNT1654",$G9*2/6,IF(AN$2="FNT1655",$G9*1/6,IF(AN$2="FNT1657",$G9*2/6,"")))),IF($F9=AN$2,$G9,""))))),"") | AO9: =IF(AND($G9>0,$F9<>""),IF(OR($F9="FNT1608-G",$F9="FNT1675-G"),IF(OR(AO$2="FNT1611",AO$2="FNT1610",AO$2="FNT1609"),$G9/3,""),IF($F9="FNT1608-H",IF(OR(AO$2="FNT1618",AO$2="FNT1619",AO$2="FNT1620"),$G9/3,""),IF($F9="FNT1608-I",IF(AO$2="FNT1653",$G9*2/6,IF(AO$2="FNT1654",$G9*1/6,IF(AO$2="FNT1655",$G9*1/6,IF(AO$2="FNT1657",$G9*2/6,"")))),IF($F9="FNT1608-K",IF(AO$2="FNT1653",$G9*1/6,IF(AO$2="FNT1654",$G9*2/6,IF(AO$2="FNT1655",$G9*1/6,IF(AO$2="FNT1657",$G9*2/6,"")))),IF($F9=AO$2,$G9,""))))),"") | AP9: 2.06 | AQ9: =SUM(J9:AO9)*AP9 -> 1656.24 | AR9: =AQ9*7.75 -> 12835.86
A10: 45766 | B10: 45812 | C10: V2 | E10: SAM235920 | F10: FNT1608-G | G10: 6 | H10: 7L包装+RPET吸塑 | I10: =IFERROR(VLOOKUP(F10,名称!A:C,3,0),"") -> FNT | J10: =IF(AND($F10=J$2,$G10>0),$G10,"") | K10: =IF(AND($F10=K$2,$G10>0),$G10,"") | L10: =IF(AND($F10=L$2,$G10>0),$G10,"") | M10: =IF(AND($F10=M$2,$G10>0),$G10,"") | N10: =IF(AND($F10=N$2,$G10>0),$G10,"") | O10: =IF(AND($F10=O$2,$G10>0),$G10,"") | P10: =IF(AND($F10=P$2,$G10>0),$G10,"") | Q10: =IF(AND($F10=Q$2,$G10>0),$G10,"") | ... AC10: =IF(AND($F10=AC$2,$G10>0),$G10,"") | AD10: =IF(AND($G10>0,$F10<>""),IF(OR($F10="FNT1608-G",$F10="FNT1675-G"),IF(OR(AD$2="FNT1611",AD$2="FNT1610",AD$2="FNT1609"),$G10/3,""),IF($F10=AD$2,$G10,"")),"") -> 2 | AE10: =IF(AND($G10>0,$F10<>""),IF(OR($F10="FNT1608-G",$F10="FNT1675-G"),IF(OR(AE$2="FNT1611",AE$2="FNT1610",AE$2="FNT1609"),$G10/3,""),IF($F10=AE$2,$G10,"")),"") -> 2 | AF10: =IF(AND($G10>0,$F10<>""),IF(OR($F10="FNT1608-G",$F10="FNT1675-G"),IF(OR(AF$2="FNT1611",AF$2="FNT1610",AF$2="FNT1609"),$G10/3,""),IF($F10=AF$2,$G10,"")),"") -> 2 | AG10: =IF(AND($G10>0,$F10<>""),IF($F10="FNT1608-H",IF(OR(AG$2="FNT1618",AG$2="FNT1619",AG$2="FNT1620"),$G10/3,""),IF($F10=AG$2,$G10,"")),"") | AH10: =IF(AND($G10>0,$F10<>""),IF($F10="FNT1608-H",IF(OR(AH$2="FNT1618",AH$2="FNT1619",AH$2="FNT1620"),$G10/3,""),IF($F10=AH$2,$G10,"")),"") | AI10: =IF(AND($G10>0,$F10<>""),IF($F10="FNT1608-H",IF(OR(AI$2="FNT1618",AI$2="FNT1619",AI$2="FNT1620"),$G10/3,""),IF($F10=AI$2,$G10,"")),"") | AJ10: =IF(AND($G10>0,$F10<>""),IF($F10="FNT1608-I",IF(AJ$2="FNT1653",$G10*2/6,IF(AJ$2="FNT1654",$G10*1/6,IF(AJ$2="FNT1655",$G10*1/6,IF(AJ$2="FNT1657",$G10*2/6,"")))),IF($F10="FNT1608-K",IF(AJ$2="FNT1653",$G10*1/6,IF(AJ$2="FNT1654",$G10*2/6,IF(AJ$2="FNT1655",$G10*1/6,IF(AJ$2="FNT1657",$G10*2/6,"")))),IF($F10=AJ$2,$G10,""))),"") | AK10: =IF(AND($G10>0,$F10<>""),IF($F10="FNT1608-I",IF(AK$2="FNT1653",$G10*2/6,IF(AK$2="FNT1654",$G10*1/6,IF(AK$2="FNT1655",$G10*1/6,IF(AK$2="FNT1657",$G10*2/6,"")))),IF($F10="FNT1608-K",IF(AK$2="FNT1653",$G10*1/6,IF(AK$2="FNT1654",$G10*2/6,IF(AK$2="FNT1655",$G10*1/6,IF(AK$2="FNT1657",$G10*2/6,"")))),IF($F10=AK$2,$G10,""))),"") | AL10: =IF(AND($G10>0,$F10<>""),IF($F10="FNT1608-I",IF(AL$2="FNT1653",$G10*2/6,IF(AL$2="FNT1654",$G10*1/6,IF(AL$2="FNT1655",$G10*1/6,IF(AL$2="FNT1657",$G10*2/6,"")))),IF($F10="FNT1608-K",IF(AL$2="FNT1653",$G10*1/6,IF(AL$2="FNT1654",$G10*2/6,IF(AL$2="FNT1655",$G10*1/6,IF(AL$2="FNT1657",$G10*2/6,"")))),IF($F10=AL$2,$G10,""))),"") | AM10: =IF(AND($G10>0,$F10<>""),IF($F10="FNT1608-I",IF(AM$2="FNT1653",$G10*2/6,IF(AM$2="FNT1654",$G10*1/6,IF(AM$2="FNT1655",$G10*1/6,IF(AM$2="FNT1657",$G10*2/6,"")))),IF($F10="FNT1608-K",IF(AM$2="FNT1653",$G10*1/6,IF(AM$2="FNT1654",$G10*2/6,IF(AM$2="FNT1655",$G10*1/6,IF(AM$2="FNT1657",$G10*2/6,"")))),IF($F10=AM$2,$G10,""))),"") | AN10: =IF(AND($G10>0,$F10<>""),IF(OR($F10="FNT1608-G",$F10="FNT1675-G"),IF(OR(AN$2="FNT1611",AN$2="FNT1610",AN$2="FNT1609"),$G10/3,""),IF($F10="FNT1608-H",IF(OR(AN$2="FNT1618",AN$2="FNT1619",AN$2="FNT1620"),$G10/3,""),IF($F10="FNT1608-I",IF(AN$2="FNT1653",$G10*2/6,IF(AN$2="FNT1654",$G10*1/6,IF(AN$2="FNT1655",$G10*1/6,IF(AN$2="FNT1657",$G10*2/6,"")))),IF($F10="FNT1608-K",IF(AN$2="FNT1653",$G10*1/6,IF(AN$2="FNT1654",$G10*2/6,IF(AN$2="FNT1655",$G10*1/6,IF(AN$2="FNT1657",$G10*2/6,"")))),IF($F10=AN$2,$G10,""))))),"") | AO10: =IF(AND($G10>0,$F10<>""),IF(OR($F10="FNT1608-G",$F10="FNT1675-G"),IF(OR(AO$2="FNT1611",AO$2="FNT1610",AO$2="FNT1609"),$G10/3,""),IF($F10="FNT1608-H",IF(OR(AO$2="FNT1618",AO$2="FNT1619",AO$2="FNT1620"),$G10/3,""),IF($F10="FNT1608-I",IF(AO$2="FNT1653",$G10*2/6,IF(AO$2="FNT1654",$G10*1/6,IF(AO$2="FNT1655",$G10*1/6,IF(AO$2="FNT1657",$G10*2/6,"")))),IF($F10="FNT1608-K",IF(AO$2="FNT1653",$G10*1/6,IF(AO$2="FNT1654",$G10*2/6,IF(AO$2="FNT1655",$G10*1/6,IF(AO$2="FNT1657",$G10*2/6,"")))),IF($F10=AO$2,$G10,""))))),"") | AP10: 2.143 | AQ10: =SUM(J10:AO10)*AP10 -> 12.86 | AR10: =AQ10*7.75 -> 99.67
A11: 45864 | B11: 45926 | C11: V1 | E11: EKHA-FALL25 | F11: CMW0015 | G11: 360 | H11: 7L包装+RPET吸塑 | I11: =IFERROR(VLOOKUP(F11,名称!A:C,3,0),"") -> CMW | J11: =IF(AND($F11=J$2,$G11>0),$G11,"") -> 360 | K11: =IF(AND($F11=K$2,$G11>0),$G11,"") | L11: =IF(AND($F11=L$2,$G11>0),$G11,"") | M11: =IF(AND($F11=M$2,$G11>0),$G11,"") | N11: =IF(AND($F11=N$2,$G11>0),$G11,"") | O11: =IF(AND($F11=O$2,$G11>0),$G11,"") | P11: =IF(AND($F11=P$2,$G11>0),$G11,"") | Q11: =IF(AND($F11=Q$2,$G11>0),$G11,"") | ... AC11: =IF(AND($F11=AC$2,$G11>0),$G11,"") | AD11: =IF(AND($G11>0,$F11<>""),IF(OR($F11="FNT1608-G",$F11="FNT1675-G"),IF(OR(AD$2="FNT1611",AD$2="FNT1610",AD$2="FNT1609"),$G11/3,""),IF($F11=AD$2,$G11,"")),"") | AE11: =IF(AND($G11>0,$F11<>""),IF(OR($F11="FNT1608-G",$F11="FNT1675-G"),IF(OR(AE$2="FNT1611",AE$2="FNT1610",AE$2="FNT1609"),$G11/3,""),IF($F11=AE$2,$G11,"")),"") | AF11: =IF(AND($G11>0,$F11<>""),IF(OR($F11="FNT1608-G",$F11="FNT1675-G"),IF(OR(AF$2="FNT1611",AF$2="FNT1610",AF$2="FNT1609"),$G11/3,""),IF($F11=AF$2,$G11,"")),"") | AG11: =IF(AND($G11>0,$F11<>""),IF($F11="FNT1608-H",IF(OR(AG$2="FNT1618",AG$2="FNT1619",AG$2="FNT1620"),$G11/3,""),IF($F11=AG$2,$G11,"")),"") | AH11: =IF(AND($G11>0,$F11<>""),IF($F11="FNT1608-H",IF(OR(AH$2="FNT1618",AH$2="FNT1619",AH$2="FNT1620"),$G11/3,""),IF($F11=AH$2,$G11,"")),"") | AI11: =IF(AND($G11>0,$F11<>""),IF($F11="FNT1608-H",IF(OR(AI$2="FNT1618",AI$2="FNT1619",AI$2="FNT1620"),$G11/3,""),IF($F11=AI$2,$G11,"")),"") | AJ11: =IF(AND($G11>0,$F11<>""),IF($F11="FNT1608-I",IF(AJ$2="FNT1653",$G11*2/6,IF(AJ$2="FNT1654",$G11*1/6,IF(AJ$2="FNT1655",$G11*1/6,IF(AJ$2="FNT1657",$G11*2/6,"")))),IF($F11="FNT1608-K",IF(AJ$2="FNT1653",$G11*1/6,IF(AJ$2="FNT1654",$G11*2/6,IF(AJ$2="FNT1655",$G11*1/6,IF(AJ$2="FNT1657",$G11*2/6,"")))),IF($F11=AJ$2,$G11,""))),"") | AK11: =IF(AND($G11>0,$F11<>""),IF($F11="FNT1608-I",IF(AK$2="FNT1653",$G11*2/6,IF(AK$2="FNT1654",$G11*1/6,IF(AK$2="FNT1655",$G11*1/6,IF(AK$2="FNT1657",$G11*2/6,"")))),IF($F11="FNT1608-K",IF(AK$2="FNT1653",$G11*1/6,IF(AK$2="FNT1654",$G11*2/6,IF(AK$2="FNT1655",$G11*1/6,IF(AK$2="FNT1657",$G11*2/6,"")))),IF($F11=AK$2,$G11,""))),"") | AL11: =IF(AND($G11>0,$F11<>""),IF($F11="FNT1608-I",IF(AL$2="FNT1653",$G11*2/6,IF(AL$2="FNT1654",$G11*1/6,IF(AL$2="FNT1655",$G11*1/6,IF(AL$2="FNT1657",$G11*2/6,"")))),IF($F11="FNT1608-K",IF(AL$2="FNT1653",$G11*1/6,IF(AL$2="FNT1654",$G11*2/6,IF(AL$2="FNT1655",$G11*1/6,IF(AL$2="FNT1657",$G11*2/6,"")))),IF($F11=AL$2,$G11,""))),"") | AM11: =IF(AND($G11>0,$F11<>""),IF($F11="FNT1608-I",IF(AM$2="FNT1653",$G11*2/6,IF(AM$2="FNT1654",$G11*1/6,IF(AM$2="FNT1655",$G11*1/6,IF(AM$2="FNT1657",$G11*2/6,"")))),IF($F11="FNT1608-K",IF(AM$2="FNT1653",$G11*1/6,IF(AM$2="FNT1654",$G11*2/6,IF(AM$2="FNT1655",$G11*1/6,IF(AM$2="FNT1657",$G11*2/6,"")))),IF($F11=AM$2,$G11,""))),"") | AN11: =IF(AND($G11>0,$F11<>""),IF(OR($F11="FNT1608-G",$F11="FNT1675-G"),IF(OR(AN$2="FNT1611",AN$2="FNT1610",AN$2="FNT1609"),$G11/3,""),IF($F11="FNT1608-H",IF(OR(AN$2="FNT1618",AN$2="FNT1619",AN$2="FNT1620"),$G11/3,""),IF($F11="FNT1608-I",IF(AN$2="FNT1653",$G11*2/6,IF(AN$2="FNT1654",$G11*1/6,IF(AN$2="FNT1655",$G11*1/6,IF(AN$2="FNT1657",$G11*2/6,"")))),IF($F11="FNT1608-K",IF(AN$2="FNT1653",$G11*1/6,IF(AN$2="FNT1654",$G11*2/6,IF(AN$2="FNT1655",$G11*1/6,IF(AN$2="FNT1657",$G11*2/6,"")))),IF($F11=AN$2,$G11,""))))),"") | AO11: =IF(AND($G11>0,$F11<>""),IF(OR($F11="FNT1608-G",$F11="FNT1675-G"),IF(OR(AO$2="FNT1611",AO$2="FNT1610",AO$2="FNT1609"),$G11/3,""),IF($F11="FNT1608-H",IF(OR(AO$2="FNT1618",AO$2="FNT1619",AO$2="FNT1620"),$G11/3,""),IF($F11="FNT1608-I",IF(AO$2="FNT1653",$G11*2/6,IF(AO$2="FNT1654",$G11*1/6,IF(AO$2="FNT1655",$G11*1/6,IF(AO$2="FNT1657",$G11*2/6,"")))),IF($F11="FNT1608-K",IF(AO$2="FNT1653",$G11*1/6,IF(AO$2="FNT1654",$G11*2/6,IF(AO$2="FNT1655",$G11*1/6,IF(AO$2="FNT1657",$G11*2/6,"")))),IF($F11=AO$2,$G11,""))))),"") | AP11: 4.26 | AQ11: =SUM(J11:AO11)*AP11 -> 1533.6 | AR11: =AQ11*7.75 -> 11885.4
A12: 45887 | B12: 45992 | C12: V1 | E12: POUK10310 | F12: FNT1612 | G12: 240 | H12: 7L包装+RPET吸塑 | I12: =IFERROR(VLOOKUP(F12,名称!A:C,3,0),"") -> FNT | J12: =IF(AND($F12=J$2,$G12>0),$G12,"") | K12: =IF(AND($F12=K$2,$G12>0),$G12,"") | L12: =IF(AND($F12=L$2,$G12>0),$G12,"") | M12: =IF(AND($F12=M$2,$G12>0),$G12,"") | N12: =IF(AND($F12=N$2,$G12>0),$G12,"") | O12: =IF(AND($F12=O$2,$G12>0),$G12,"") | P12: =IF(AND($F12=P$2,$G12>0),$G12,"") -> 240 | Q12: =IF(AND($F12=Q$2,$G12>0),$G12,"") | ... AC12: =IF(AND($F12=AC$2,$G12>0),$G12,"") | AD12: =IF(AND($G12>0,$F12<>""),IF(OR($F12="FNT1608-G",$F12="FNT1675-G"),IF(OR(AD$2="FNT1611",AD$2="FNT1610",AD$2="FNT1609"),$G12/3,""),IF($F12=AD$2,$G12,"")),"") | AE12: =IF(AND($G12>0,$F12<>""),IF(OR($F12="FNT1608-G",$F12="FNT1675-G"),IF(OR(AE$2="FNT1611",AE$2="FNT1610",AE$2="FNT1609"),$G12/3,""),IF($F12=AE$2,$G12,"")),"") | AF12: =IF(AND($G12>0,$F12<>""),IF(OR($F12="FNT1608-G",$F12="FNT1675-G"),IF(OR(AF$2="FNT1611",AF$2="FNT1610",AF$2="FNT1609"),$G12/3,""),IF($F12=AF$2,$G12,"")),"") | AG12: =IF(AND($G12>0,$F12<>""),IF($F12="FNT1608-H",IF(OR(AG$2="FNT1618",AG$2="FNT1619",AG$2="FNT1620"),$G12/3,""),IF($F12=AG$2,$G12,"")),"") | AH12: =IF(AND($G12>0,$F12<>""),IF($F12="FNT1608-H",IF(OR(AH$2="FNT1618",AH$2="FNT1619",AH$2="FNT1620"),$G12/3,""),IF($F12=AH$2,$G12,"")),"") | AI12: =IF(AND($G12>0,$F12<>""),IF($F12="FNT1608-H",IF(OR(AI$2="FNT1618",AI$2="FNT1619",AI$2="FNT1620"),$G12/3,""),IF($F12=AI$2,$G12,"")),"") | AJ12: =IF(AND($G12>0,$F12<>""),IF($F12="FNT1608-I",IF(AJ$2="FNT1653",$G12*2/6,IF(AJ$2="FNT1654",$G12*1/6,IF(AJ$2="FNT1655",$G12*1/6,IF(AJ$2="FNT1657",$G12*2/6,"")))),IF($F12="FNT1608-K",IF(AJ$2="FNT1653",$G12*1/6,IF(AJ$2="FNT1654",$G12*2/6,IF(AJ$2="FNT1655",$G12*1/6,IF(AJ$2="FNT1657",$G12*2/6,"")))),IF($F12=AJ$2,$G12,""))),"") | AK12: =IF(AND($G12>0,$F12<>""),IF($F12="FNT1608-I",IF(AK$2="FNT1653",$G12*2/6,IF(AK$2="FNT1654",$G12*1/6,IF(AK$2="FNT1655",$G12*1/6,IF(AK$2="FNT1657",$G12*2/6,"")))),IF($F12="FNT1608-K",IF(AK$2="FNT1653",$G12*1/6,IF(AK$2="FNT1654",$G12*2/6,IF(AK$2="FNT1655",$G12*1/6,IF(AK$2="FNT1657",$G12*2/6,"")))),IF($F12=AK$2,$G12,""))),"") | AL12: =IF(AND($G12>0,$F12<>""),IF($F12="FNT1608-I",IF(AL$2="FNT1653",$G12*2/6,IF(AL$2="FNT1654",$G12*1/6,IF(AL$2="FNT1655",$G12*1/6,IF(AL$2="FNT1657",$G12*2/6,"")))),IF($F12="FNT1608-K",IF(AL$2="FNT1653",$G12*1/6,IF(AL$2="FNT1654",$G12*2/6,IF(AL$2="FNT1655",$G12*1/6,IF(AL$2="FNT1657",$G12*2/6,"")))),IF($F12=AL$2,$G12,""))),"") | AM12: =IF(AND($G12>0,$F12<>""),IF($F12="FNT1608-I",IF(AM$2="FNT1653",$G12*2/6,IF(AM$2="FNT1654",$G12*1/6,IF(AM$2="FNT1655",$G12*1/6,IF(AM$2="FNT1657",$G12*2/6,"")))),IF($F12="FNT1608-K",IF(AM$2="FNT1653",$G12*1/6,IF(AM$2="FNT1654",$G12*2/6,IF(AM$2="FNT1655",$G12*1/6,IF(AM$2="FNT1657",$G12*2/6,"")))),IF($F12=AM$2,$G12,""))),"") | AN12: =IF(AND($G12>0,$F12<>""),IF(OR($F12="FNT1608-G",$F12="FNT1675-G"),IF(OR(AN$2="FNT1611",AN$2="FNT1610",AN$2="FNT1609"),$G12/3,""),IF($F12="FNT1608-H",IF(OR(AN$2="FNT1618",AN$2="FNT1619",AN$2="FNT1620"),$G12/3,""),IF($F12="FNT1608-I",IF(AN$2="FNT1653",$G12*2/6,IF(AN$2="FNT1654",$G12*1/6,IF(AN$2="FNT1655",$G12*1/6,IF(AN$2="FNT1657",$G12*2/6,"")))),IF($F12="FNT1608-K",IF(AN$2="FNT1653",$G12*1/6,IF(AN$2="FNT1654",$G12*2/6,IF(AN$2="FNT1655",$G12*1/6,IF(AN$2="FNT1657",$G12*2/6,"")))),IF($F12=AN$2,$G12,""))))),"") | AO12: =IF(AND($G12>0,$F12<>""),IF(OR($F12="FNT1608-G",$F12="FNT1675-G"),IF(OR(AO$2="FNT1611",AO$2="FNT1610",AO$2="FNT1609"),$G12/3,""),IF($F12="FNT1608-H",IF(OR(AO$2="FNT1618",AO$2="FNT1619",AO$2="FNT1620"),$G12/3,""),IF($F12="FNT1608-I",IF(AO$2="FNT1653",$G12*2/6,IF(AO$2="FNT1654",$G12*1/6,IF(AO$2="FNT1655",$G12*1/6,IF(AO$2="FNT1657",$G12*2/6,"")))),IF($F12="FNT1608-K",IF(AO$2="FNT1653",$G12*1/6,IF(AO$2="FNT1654",$G12*2/6,IF(AO$2="FNT1655",$G12*1/6,IF(AO$2="FNT1657",$G12*2/6,"")))),IF($F12=AO$2,$G12,""))))),"") | AP12: 2.12 | AQ12: =SUM(J12:AO12)*AP12 -> 508.8 | AR12: =AQ12*7.75 -> 3943.2
A13: 45887 | B13: 45992 | C13: V1 | E13: POUK10310 | F13: FNT1612 | G13: 480 | H13: 7L包装+RPET吸塑 | I13: =IFERROR(VLOOKUP(F13,名称!A:C,3,0),"") -> FNT | J13: =IF(AND($F13=J$2,$G13>0),$G13,"") | K13: =IF(AND($F13=K$2,$G13>0),$G13,"") | L13: =IF(AND($F13=L$2,$G13>0),$G13,"") | M13: =IF(AND($F13=M$2,$G13>0),$G13,"") | N13: =IF(AND($F13=N$2,$G13>0),$G13,"") | O13: =IF(AND($F13=O$2,$G13>0),$G13,"") | P13: =IF(AND($F13=P$2,$G13>0),$G13,"") -> 480 | Q13: =IF(AND($F13=Q$2,$G13>0),$G13,"") | ... AC13: =IF(AND($F13=AC$2,$G13>0),$G13,"") | AD13: =IF(AND($G13>0,$F13<>""),IF(OR($F13="FNT1608-G",$F13="FNT1675-G"),IF(OR(AD$2="FNT1611",AD$2="FNT1610",AD$2="FNT1609"),$G13/3,""),IF($F13=AD$2,$G13,"")),"") | AE13: =IF(AND($G13>0,$F13<>""),IF(OR($F13="FNT1608-G",$F13="FNT1675-G"),IF(OR(AE$2="FNT1611",AE$2="FNT1610",AE$2="FNT1609"),$G13/3,""),IF($F13=AE$2,$G13,"")),"") | AF13: =IF(AND($G13>0,$F13<>""),IF(OR($F13="FNT1608-G",$F13="FNT1675-G"),IF(OR(AF$2="FNT1611",AF$2="FNT1610",AF$2="FNT1609"),$G13/3,""),IF($F13=AF$2,$G13,"")),"") | AG13: =IF(AND($G13>0,$F13<>""),IF($F13="FNT1608-H",IF(OR(AG$2="FNT1618",AG$2="FNT1619",AG$2="FNT1620"),$G13/3,""),IF($F13=AG$2,$G13,"")),"") | AH13: =IF(AND($G13>0,$F13<>""),IF($F13="FNT1608-H",IF(OR(AH$2="FNT1618",AH$2="FNT1619",AH$2="FNT1620"),$G13/3,""),IF($F13=AH$2,$G13,"")),"") | AI13: =IF(AND($G13>0,$F13<>""),IF($F13="FNT1608-H",IF(OR(AI$2="FNT1618",AI$2="FNT1619",AI$2="FNT1620"),$G13/3,""),IF($F13=AI$2,$G13,"")),"") | AJ13: =IF(AND($G13>0,$F13<>""),IF($F13="FNT1608-I",IF(AJ$2="FNT1653",$G13*2/6,IF(AJ$2="FNT1654",$G13*1/6,IF(AJ$2="FNT1655",$G13*1/6,IF(AJ$2="FNT1657",$G13*2/6,"")))),IF($F13="FNT1608-K",IF(AJ$2="FNT1653",$G13*1/6,IF(AJ$2="FNT1654",$G13*2/6,IF(AJ$2="FNT1655",$G13*1/6,IF(AJ$2="FNT1657",$G13*2/6,"")))),IF($F13=AJ$2,$G13,""))),"") | AK13: =IF(AND($G13>0,$F13<>""),IF($F13="FNT1608-I",IF(AK$2="FNT1653",$G13*2/6,IF(AK$2="FNT1654",$G13*1/6,IF(AK$2="FNT1655",$G13*1/6,IF(AK$2="FNT1657",$G13*2/6,"")))),IF($F13="FNT1608-K",IF(AK$2="FNT1653",$G13*1/6,IF(AK$2="FNT1654",$G13*2/6,IF(AK$2="FNT1655",$G13*1/6,IF(AK$2="FNT1657",$G13*2/6,"")))),IF($F13=AK$2,$G13,""))),"") | AL13: =IF(AND($G13>0,$F13<>""),IF($F13="FNT1608-I",IF(AL$2="FNT1653",$G13*2/6,IF(AL$2="FNT1654",$G13*1/6,IF(AL$2="FNT1655",$G13*1/6,IF(AL$2="FNT1657",$G13*2/6,"")))),IF($F13="FNT1608-K",IF(AL$2="FNT1653",$G13*1/6,IF(AL$2="FNT1654",$G13*2/6,IF(AL$2="FNT1655",$G13*1/6,IF(AL$2="FNT1657",$G13*2/6,"")))),IF($F13=AL$2,$G13,""))),"") | AM13: =IF(AND($G13>0,$F13<>""),IF($F13="FNT1608-I",IF(AM$2="FNT1653",$G13*2/6,IF(AM$2="FNT1654",$G13*1/6,IF(AM$2="FNT1655",$G13*1/6,IF(AM$2="FNT1657",$G13*2/6,"")))),IF($F13="FNT1608-K",IF(AM$2="FNT1653",$G13*1/6,IF(AM$2="FNT1654",$G13*2/6,IF(AM$2="FNT1655",$G13*1/6,IF(AM$2="FNT1657",$G13*2/6,"")))),IF($F13=AM$2,$G13,""))),"") | AN13: =IF(AND($G13>0,$F13<>""),IF(OR($F13="FNT1608-G",$F13="FNT1675-G"),IF(OR(AN$2="FNT1611",AN$2="FNT1610",AN$2="FNT1609"),$G13/3,""),IF($F13="FNT1608-H",IF(OR(AN$2="FNT1618",AN$2="FNT1619",AN$2="FNT1620"),$G13/3,""),IF($F13="FNT1608-I",IF(AN$2="FNT1653",$G13*2/6,IF(AN$2="FNT1654",$G13*1/6,IF(AN$2="FNT1655",$G13*1/6,IF(AN$2="FNT1657",$G13*2/6,"")))),IF($F13="FNT1608-K",IF(AN$2="FNT1653",$G13*1/6,IF(AN$2="FNT1654",$G13*2/6,IF(AN$2="FNT1655",$G13*1/6,IF(AN$2="FNT1657",$G13*2/6,"")))),IF($F13=AN$2,$G13,""))))),"") | AO13: =IF(AND($G13>0,$F13<>""),IF(OR($F13="FNT1608-G",$F13="FNT1675-G"),IF(OR(AO$2="FNT1611",AO$2="FNT1610",AO$2="FNT1609"),$G13/3,""),IF($F13="FNT1608-H",IF(OR(AO$2="FNT1618",AO$2="FNT1619",AO$2="FNT1620"),$G13/3,""),IF($F13="FNT1608-I",IF(AO$2="FNT1653",$G13*2/6,IF(AO$2="FNT1654",$G13*1/6,IF(AO$2="FNT1655",$G13*1/6,IF(AO$2="FNT1657",$G13*2/6,"")))),IF($F13="FNT1608-K",IF(AO$2="FNT1653",$G13*1/6,IF(AO$2="FNT1654",$G13*2/6,IF(AO$2="FNT1655",$G13*1/6,IF(AO$2="FNT1657",$G13*2/6,"")))),IF($F13=AO$2,$G13,""))))),"") | AP13: 2.12 | AQ13: =SUM(J13:AO13)*AP13 -> 1017.6 | AR13: =AQ13*7.75 -> 7886.4
A14: 45887 | B14: 45992 | C14: V1 | E14: POUK10310 | F14: FNT1612 | G14: =804+240+480+480-804-240-480 -> 480 | H14: 7L包装+RPET吸塑 | I14: =IFERROR(VLOOKUP(F14,名称!A:C,3,0),"") -> FNT | J14: =IF(AND($F14=J$2,$G14>0),$G14,"") | K14: =IF(AND($F14=K$2,$G14>0),$G14,"") | L14: =IF(AND($F14=L$2,$G14>0),$G14,"") | M14: =IF(AND($F14=M$2,$G14>0),$G14,"") | N14: =IF(AND($F14=N$2,$G14>0),$G14,"") | O14: =IF(AND($F14=O$2,$G14>0),$G14,"") | P14: =IF(AND($F14=P$2,$G14>0),$G14,"") -> 480 | Q14: =IF(AND($F14=Q$2,$G14>0),$G14,"") | ... AC14: =IF(AND($F14=AC$2,$G14>0),$G14,"") | AD14: =IF(AND($G14>0,$F14<>""),IF(OR($F14="FNT1608-G",$F14="FNT1675-G"),IF(OR(AD$2="FNT1611",AD$2="FNT1610",AD$2="FNT1609"),$G14/3,""),IF($F14=AD$2,$G14,"")),"") | AE14: =IF(AND($G14>0,$F14<>""),IF(OR($F14="FNT1608-G",$F14="FNT1675-G"),IF(OR(AE$2="FNT1611",AE$2="FNT1610",AE$2="FNT1609"),$G14/3,""),IF($F14=AE$2,$G14,"")),"") | AF14: =IF(AND($G14>0,$F14<>""),IF(OR($F14="FNT1608-G",$F14="FNT1675-G"),IF(OR(AF$2="FNT1611",AF$2="FNT1610",AF$2="FNT1609"),$G14/3,""),IF($F14=AF$2,$G14,"")),"") | AG14: =IF(AND($G14>0,$F14<>""),IF($F14="FNT1608-H",IF(OR(AG$2="FNT1618",AG$2="FNT1619",AG$2="FNT1620"),$G14/3,""),IF($F14=AG$2,$G14,"")),"") | AH14: =IF(AND($G14>0,$F14<>""),IF($F14="FNT1608-H",IF(OR(AH$2="FNT1618",AH$2="FNT1619",AH$2="FNT1620"),$G14/3,""),IF($F14=AH$2,$G14,"")),"") | AI14: =IF(AND($G14>0,$F14<>""),IF($F14="FNT1608-H",IF(OR(AI$2="FNT1618",AI$2="FNT1619",AI$2="FNT1620"),$G14/3,""),IF($F14=AI$2,$G14,"")),"") | AJ14: =IF(AND($G14>0,$F14<>""),IF($F14="FNT1608-I",IF(AJ$2="FNT1653",$G14*2/6,IF(AJ$2="FNT1654",$G14*1/6,IF(AJ$2="FNT1655",$G14*1/6,IF(AJ$2="FNT1657",$G14*2/6,"")))),IF($F14="FNT1608-K",IF(AJ$2="FNT1653",$G14*1/6,IF(AJ$2="FNT1654",$G14*2/6,IF(AJ$2="FNT1655",$G14*1/6,IF(AJ$2="FNT1657",$G14*2/6,"")))),IF($F14=AJ$2,$G14,""))),"") | AK14: =IF(AND($G14>0,$F14<>""),IF($F14="FNT1608-I",IF(AK$2="FNT1653",$G14*2/6,IF(AK$2="FNT1654",$G14*1/6,IF(AK$2="FNT1655",$G14*1/6,IF(AK$2="FNT1657",$G14*2/6,"")))),IF($F14="FNT1608-K",IF(AK$2="FNT1653",$G14*1/6,IF(AK$2="FNT1654",$G14*2/6,IF(AK$2="FNT1655",$G14*1/6,IF(AK$2="FNT1657",$G14*2/6,"")))),IF($F14=AK$2,$G14,""))),"") | AL14: =IF(AND($G14>0,$F14<>""),IF($F14="FNT1608-I",IF(AL$2="FNT1653",$G14*2/6,IF(AL$2="FNT1654",$G14*1/6,IF(AL$2="FNT1655",$G14*1/6,IF(AL$2="FNT1657",$G14*2/6,"")))),IF($F14="FNT1608-K",IF(AL$2="FNT1653",$G14*1/6,IF(AL$2="FNT1654",$G14*2/6,IF(AL$2="FNT1655",$G14*1/6,IF(AL$2="FNT1657",$G14*2/6,"")))),IF($F14=AL$2,$G14,""))),"") | AM14: =IF(AND($G14>0,$F14<>""),IF($F14="FNT1608-I",IF(AM$2="FNT1653",$G14*2/6,IF(AM$2="FNT1654",$G14*1/6,IF(AM$2="FNT1655",$G14*1/6,IF(AM$2="FNT1657",$G14*2/6,"")))),IF($F14="FNT1608-K",IF(AM$2="FNT1653",$G14*1/6,IF(AM$2="FNT1654",$G14*2/6,IF(AM$2="FNT1655",$G14*1/6,IF(AM$2="FNT1657",$G14*2/6,"")))),IF($F14=AM$2,$G14,""))),"") | AN14: =IF(AND($G14>0,$F14<>""),IF(OR($F14="FNT1608-G",$F14="FNT1675-G"),IF(OR(AN$2="FNT1611",AN$2="FNT1610",AN$2="FNT1609"),$G14/3,""),IF($F14="FNT1608-H",IF(OR(AN$2="FNT1618",AN$2="FNT1619",AN$2="FNT1620"),$G14/3,""),IF($F14="FNT1608-I",IF(AN$2="FNT1653",$G14*2/6,IF(AN$2="FNT1654",$G14*1/6,IF(AN$2="FNT1655",$G14*1/6,IF(AN$2="FNT1657",$G14*2/6,"")))),IF($F14="FNT1608-K",IF(AN$2="FNT1653",$G14*1/6,IF(AN$2="FNT1654",$G14*2/6,IF(AN$2="FNT1655",$G14*1/6,IF(AN$2="FNT1657",$G14*2/6,"")))),IF($F14=AN$2,$G14,""))))),"") | AO14: =IF(AND($G14>0,$F14<>""),IF(OR($F14="FNT1608-G",$F14="FNT1675-G"),IF(OR(AO$2="FNT1611",AO$2="FNT1610",AO$2="FNT1609"),$G14/3,""),IF($F14="FNT1608-H",IF(OR(AO$2="FNT1618",AO$2="FNT1619",AO$2="FNT1620"),$G14/3,""),IF($F14="FNT1608-I",IF(AO$2="FNT1653",$G14*2/6,IF(AO$2="FNT1654",$G14*1/6,IF(AO$2="FNT1655",$G14*1/6,IF(AO$2="FNT1657",$G14*2/6,"")))),IF($F14="FNT1608-K",IF(AO$2="FNT1653",$G14*1/6,IF(AO$2="FNT1654",$G14*2/6,IF(AO$2="FNT1655",$G14*1/6,IF(AO$2="FNT1657",$G14*2/6,"")))),IF($F14=AO$2,$G14,""))))),"") | AP14: 2.12 | AQ14: =SUM(J14:AO14)*AP14 -> 1017.6 | AR14: =AQ14*7.75 -> 7886.4
A15: 45887 | B15: 46028 | C15: V1 | E15: POUK10311 | F15: FNT1609 | G15: 900 | H15: 7L包装+RPET吸塑 | I15: =IFERROR(VLOOKUP(F15,名称!A:C,3,0),"") -> FNT | J15: =IF(AND($F15=J$2,$G15>0),$G15,"") | K15: =IF(AND($F15=K$2,$G15>0),$G15,"") | L15: =IF(AND($F15=L$2,$G15>0),$G15,"") | M15: =IF(AND($F15=M$2,$G15>0),$G15,"") | N15: =IF(AND($F15=N$2,$G15>0),$G15,"") | O15: =IF(AND($F15=O$2,$G15>0),$G15,"") | P15: =IF(AND($F15=P$2,$G15>0),$G15,"") | Q15: =IF(AND($F15=Q$2,$G15>0),$G15,"") | ... AC15: =IF(AND($F15=AC$2,$G15>0),$G15,"") | AD15: =IF(AND($G15>0,$F15<>""),IF(OR($F15="FNT1608-G",$F15="FNT1675-G"),IF(OR(AD$2="FNT1611",AD$2="FNT1610",AD$2="FNT1609"),$G15/3,""),IF($F15=AD$2,$G15,"")),"") | AE15: =IF(AND($G15>0,$F15<>""),IF(OR($F15="FNT1608-G",$F15="FNT1675-G"),IF(OR(AE$2="FNT1611",AE$2="FNT1610",AE$2="FNT1609"),$G15/3,""),IF($F15=AE$2,$G15,"")),"") | AF15: =IF(AND($G15>0,$F15<>""),IF(OR($F15="FNT1608-G",$F15="FNT1675-G"),IF(OR(AF$2="FNT1611",AF$2="FNT1610",AF$2="FNT1609"),$G15/3,""),IF($F15=AF$2,$G15,"")),"") -> 900 | AG15: =IF(AND($G15>0,$F15<>""),IF($F15="FNT1608-H",IF(OR(AG$2="FNT1618",AG$2="FNT1619",AG$2="FNT1620"),$G15/3,""),IF($F15=AG$2,$G15,"")),"") | AH15: =IF(AND($G15>0,$F15<>""),IF($F15="FNT1608-H",IF(OR(AH$2="FNT1618",AH$2="FNT1619",AH$2="FNT1620"),$G15/3,""),IF($F15=AH$2,$G15,"")),"") | AI15: =IF(AND($G15>0,$F15<>""),IF($F15="FNT1608-H",IF(OR(AI$2="FNT1618",AI$2="FNT1619",AI$2="FNT1620"),$G15/3,""),IF($F15=AI$2,$G15,"")),"") | AJ15: =IF(AND($G15>0,$F15<>""),IF($F15="FNT1608-I",IF(AJ$2="FNT1653",$G15*2/6,IF(AJ$2="FNT1654",$G15*1/6,IF(AJ$2="FNT1655",$G15*1/6,IF(AJ$2="FNT1657",$G15*2/6,"")))),IF($F15="FNT1608-K",IF(AJ$2="FNT1653",$G15*1/6,IF(AJ$2="FNT1654",$G15*2/6,IF(AJ$2="FNT1655",$G15*1/6,IF(AJ$2="FNT1657",$G15*2/6,"")))),IF($F15=AJ$2,$G15,""))),"") | AK15: =IF(AND($G15>0,$F15<>""),IF($F15="FNT1608-I",IF(AK$2="FNT1653",$G15*2/6,IF(AK$2="FNT1654",$G15*1/6,IF(AK$2="FNT1655",$G15*1/6,IF(AK$2="FNT1657",$G15*2/6,"")))),IF($F15="FNT1608-K",IF(AK$2="FNT1653",$G15*1/6,IF(AK$2="FNT1654",$G15*2/6,IF(AK$2="FNT1655",$G15*1/6,IF(AK$2="FNT1657",$G15*2/6,"")))),IF($F15=AK$2,$G15,""))),"") | AL15: =IF(AND($G15>0,$F15<>""),IF($F15="FNT1608-I",IF(AL$2="FNT1653",$G15*2/6,IF(AL$2="FNT1654",$G15*1/6,IF(AL$2="FNT1655",$G15*1/6,IF(AL$2="FNT1657",$G15*2/6,"")))),IF($F15="FNT1608-K",IF(AL$2="FNT1653",$G15*1/6,IF(AL$2="FNT1654",$G15*2/6,IF(AL$2="FNT1655",$G15*1/6,IF(AL$2="FNT1657",$G15*2/6,"")))),IF($F15=AL$2,$G15,""))),"") | AM15: =IF(AND($G15>0,$F15<>""),IF($F15="FNT1608-I",IF(AM$2="FNT1653",$G15*2/6,IF(AM$2="FNT1654",$G15*1/6,IF(AM$2="FNT1655",$G15*1/6,IF(AM$2="FNT1657",$G15*2/6,"")))),IF($F15="FNT1608-K",IF(AM$2="FNT1653",$G15*1/6,IF(AM$2="FNT1654",$G15*2/6,IF(AM$2="FNT1655",$G15*1/6,IF(AM$2="FNT1657",$G15*2/6,"")))),IF($F15=AM$2,$G15,""))),"") | AN15: =IF(AND($G15>0,$F15<>""),IF(OR($F15="FNT1608-G",$F15="FNT1675-G"),IF(OR(AN$2="FNT1611",AN$2="FNT1610",AN$2="FNT1609"),$G15/3,""),IF($F15="FNT1608-H",IF(OR(AN$2="FNT1618",AN$2="FNT1619",AN$2="FNT1620"),$G15/3,""),IF($F15="FNT1608-I",IF(AN$2="FNT1653",$G15*2/6,IF(AN$2="FNT1654",$G15*1/6,IF(AN$2="FNT1655",$G15*1/6,IF(AN$2="FNT1657",$G15*2/6,"")))),IF($F15="FNT1608-K",IF(AN$2="FNT1653",$G15*1/6,IF(AN$2="FNT1654",$G15*2/6,IF(AN$2="FNT1655",$G15*1/6,IF(AN$2="FNT1657",$G15*2/6,"")))),IF($F15=AN$2,$G15,""))))),"") | AO15: =IF(AND($G15>0,$F15<>""),IF(OR($F15="FNT1608-G",$F15="FNT1675-G"),IF(OR(AO$2="FNT1611",AO$2="FNT1610",AO$2="FNT1609"),$G15/3,""),IF($F15="FNT1608-H",IF(OR(AO$2="FNT1618",AO$2="FNT1619",AO$2="FNT1620"),$G15/3,""),IF($F15="FNT1608-I",IF(AO$2="FNT1653",$G15*2/6,IF(AO$2="FNT1654",$G15*1/6,IF(AO$2="FNT1655",$G15*1/6,IF(AO$2="FNT1657",$G15*2/6,"")))),IF($F15="FNT1608-K",IF(AO$2="FNT1653",$G15*1/6,IF(AO$2="FNT1654",$G15*2/6,IF(AO$2="FNT1655",$G15*1/6,IF(AO$2="FNT1657",$G15*2/6,"")))),IF($F15=AO$2,$G15,""))))),"") | AP15: 2.13 | AQ15: =SUM(J15:AO15)*AP15 -> 1917 | AR15: =AQ15*7.75 -> 14856.75
A16: 45887 | B16: 46028 | C16: V1 | E16: POUK10311 | F16: FNT1611 | G16: 1002 | H16: 7L包装+RPET吸塑 | I16: =IFERROR(VLOOKUP(F16,名称!A:C,3,0),"") -> FNT | J16: =IF(AND($F16=J$2,$G16>0),$G16,"") | K16: =IF(AND($F16=K$2,$G16>0),$G16,"") | L16: =IF(AND($F16=L$2,$G16>0),$G16,"") | M16: =IF(AND($F16=M$2,$G16>0),$G16,"") | N16: =IF(AND($F16=N$2,$G16>0),$G16,"") | O16: =IF(AND($F16=O$2,$G16>0),$G16,"") | P16: =IF(AND($F16=P$2,$G16>0),$G16,"") | Q16: =IF(AND($F16=Q$2,$G16>0),$G16,"") | ... AC16: =IF(AND($F16=AC$2,$G16>0),$G16,"") | AD16: =IF(AND($G16>0,$F16<>""),IF(OR($F16="FNT1608-G",$F16="FNT1675-G"),IF(OR(AD$2="FNT1611",AD$2="FNT1610",AD$2="FNT1609"),$G16/3,""),IF($F16=AD$2,$G16,"")),"") -> 1002 | AE16: =IF(AND($G16>0,$F16<>""),IF(OR($F16="FNT1608-G",$F16="FNT1675-G"),IF(OR(AE$2="FNT1611",AE$2="FNT1610",AE$2="FNT1609"),$G16/3,""),IF($F16=AE$2,$G16,"")),"") | AF16: =IF(AND($G16>0,$F16<>""),IF(OR($F16="FNT1608-G",$F16="FNT1675-G"),IF(OR(AF$2="FNT1611",AF$2="FNT1610",AF$2="FNT1609"),$G16/3,""),IF($F16=AF$2,$G16,"")),"") | AG16: =IF(AND($G16>0,$F16<>""),IF($F16="FNT1608-H",IF(OR(AG$2="FNT1618",AG$2="FNT1619",AG$2="FNT1620"),$G16/3,""),IF($F16=AG$2,$G16,"")),"") | AH16: =IF(AND($G16>0,$F16<>""),IF($F16="FNT1608-H",IF(OR(AH$2="FNT1618",AH$2="FNT1619",AH$2="FNT1620"),$G16/3,""),IF($F16=AH$2,$G16,"")),"") | AI16: =IF(AND($G16>0,$F16<>""),IF($F16="FNT1608-H",IF(OR(AI$2="FNT1618",AI$2="FNT1619",AI$2="FNT1620"),$G16/3,""),IF($F16=AI$2,$G16,"")),"") | AJ16: =IF(AND($G16>0,$F16<>""),IF($F16="FNT1608-I",IF(AJ$2="FNT1653",$G16*2/6,IF(AJ$2="FNT1654",$G16*1/6,IF(AJ$2="FNT1655",$G16*1/6,IF(AJ$2="FNT1657",$G16*2/6,"")))),IF($F16="FNT1608-K",IF(AJ$2="FNT1653",$G16*1/6,IF(AJ$2="FNT1654",$G16*2/6,IF(AJ$2="FNT1655",$G16*1/6,IF(AJ$2="FNT1657",$G16*2/6,"")))),IF($F16=AJ$2,$G16,""))),"") | AK16: =IF(AND($G16>0,$F16<>""),IF($F16="FNT1608-I",IF(AK$2="FNT1653",$G16*2/6,IF(AK$2="FNT1654",$G16*1/6,IF(AK$2="FNT1655",$G16*1/6,IF(AK$2="FNT1657",$G16*2/6,"")))),IF($F16="FNT1608-K",IF(AK$2="FNT1653",$G16*1/6,IF(AK$2="FNT1654",$G16*2/6,IF(AK$2="FNT1655",$G16*1/6,IF(AK$2="FNT1657",$G16*2/6,"")))),IF($F16=AK$2,$G16,""))),"") | AL16: =IF(AND($G16>0,$F16<>""),IF($F16="FNT1608-I",IF(AL$2="FNT1653",$G16*2/6,IF(AL$2="FNT1654",$G16*1/6,IF(AL$2="FNT1655",$G16*1/6,IF(AL$2="FNT1657",$G16*2/6,"")))),IF($F16="FNT1608-K",IF(AL$2="FNT1653",$G16*1/6,IF(AL$2="FNT1654",$G16*2/6,IF(AL$2="FNT1655",$G16*1/6,IF(AL$2="FNT1657",$G16*2/6,"")))),IF($F16=AL$2,$G16,""))),"") | AM16: =IF(AND($G16>0,$F16<>""),IF($F16="FNT1608-I",IF(AM$2="FNT1653",$G16*2/6,IF(AM$2="FNT1654",$G16*1/6,IF(AM$2="FNT1655",$G16*1/6,IF(AM$2="FNT1657",$G16*2/6,"")))),IF($F16="FNT1608-K",IF(AM$2="FNT1653",$G16*1/6,IF(AM$2="FNT1654",$G16*2/6,IF(AM$2="FNT1655",$G16*1/6,IF(AM$2="FNT1657",$G16*2/6,"")))),IF($F16=AM$2,$G16,""))),"") | AN16: =IF(AND($G16>0,$F16<>""),IF(OR($F16="FNT1608-G",$F16="FNT1675-G"),IF(OR(AN$2="FNT1611",AN$2="FNT1610",AN$2="FNT1609"),$G16/3,""),IF($F16="FNT1608-H",IF(OR(AN$2="FNT1618",AN$2="FNT1619",AN$2="FNT1620"),$G16/3,""),IF($F16="FNT1608-I",IF(AN$2="FNT1653",$G16*2/6,IF(AN$2="FNT1654",$G16*1/6,IF(AN$2="FNT1655",$G16*1/6,IF(AN$2="FNT1657",$G16*2/6,"")))),IF($F16="FNT1608-K",IF(AN$2="FNT1653",$G16*1/6,IF(AN$2="FNT1654",$G16*2/6,IF(AN$2="FNT1655",$G16*1/6,IF(AN$2="FNT1657",$G16*2/6,"")))),IF($F16=AN$2,$G16,""))))),"") | AO16: =IF(AND($G16>0,$F16<>""),IF(OR($F16="FNT1608-G",$F16="FNT1675-G"),IF(OR(AO$2="FNT1611",AO$2="FNT1610",AO$2="FNT1609"),$G16/3,""),IF($F16="FNT1608-H",IF(OR(AO$2="FNT1618",AO$2="FNT1619",AO$2="FNT1620"),$G16/3,""),IF($F16="FNT1608-I",IF(AO$2="FNT1653",$G16*2/6,IF(AO$2="FNT1654",$G16*1/6,IF(AO$2="FNT1655",$G16*1/6,IF(AO$2="FNT1657",$G16*2/6,"")))),IF($F16="FNT1608-K",IF(AO$2="FNT1653",$G16*1/6,IF(AO$2="FNT1654",$G16*2/6,IF(AO$2="FNT1655",$G16*1/6,IF(AO$2="FNT1657",$G16*2/6,"")))),IF($F16=AO$2,$G16,""))))),"") | AP16: 1.88 | AQ16: =SUM(J16:AO16)*AP16 -> 1883.76 | AR16: =AQ16*7.75 -> 14599.14
A17: 45887 | B17: 45948 | C17: V1 | E17: POUK10066 | F17: FNT1611 | G17: 1002 | H17: 7L包装+RPET吸塑 | I17: =IFERROR(VLOOKUP(F17,名称!A:C,3,0),"") -> FNT | J17: =IF(AND($F17=J$2,$G17>0),$G17,"") | K17: =IF(AND($F17=K$2,$G17>0),$G17,"") | L17: =IF(AND($F17=L$2,$G17>0),$G17,"") | M17: =IF(AND($F17=M$2,$G17>0),$G17,"") | N17: =IF(AND($F17=N$2,$G17>0),$G17,"") | O17: =IF(AND($F17=O$2,$G17>0),$G17,"") | P17: =IF(AND($F17=P$2,$G17>0),$G17,"") | Q17: =IF(AND($F17=Q$2,$G17>0),$G17,"") | ... AC17: =IF(AND($F17=AC$2,$G17>0),$G17,"") | AD17: =IF(AND($G17>0,$F17<>""),IF(OR($F17="FNT1608-G",$F17="FNT1675-G"),IF(OR(AD$2="FNT1611",AD$2="FNT1610",AD$2="FNT1609"),$G17/3,""),IF($F17=AD$2,$G17,"")),"") -> 1002 | AE17: =IF(AND($G17>0,$F17<>""),IF(OR($F17="FNT1608-G",$F17="FNT1675-G"),IF(OR(AE$2="FNT1611",AE$2="FNT1610",AE$2="FNT1609"),$G17/3,""),IF($F17=AE$2,$G17,"")),"") | AF17: =IF(AND($G17>0,$F17<>""),IF(OR($F17="FNT1608-G",$F17="FNT1675-G"),IF(OR(AF$2="FNT1611",AF$2="FNT1610",AF$2="FNT1609"),$G17/3,""),IF($F17=AF$2,$G17,"")),"") | AG17: =IF(AND($G17>0,$F17<>""),IF($F17="FNT1608-H",IF(OR(AG$2="FNT1618",AG$2="FNT1619",AG$2="FNT1620"),$G17/3,""),IF($F17=AG$2,$G17,"")),"") | AH17: =IF(AND($G17>0,$F17<>""),IF($F17="FNT1608-H",IF(OR(AH$2="FNT1618",AH$2="FNT1619",AH$2="FNT1620"),$G17/3,""),IF($F17=AH$2,$G17,"")),"") | AI17: =IF(AND($G17>0,$F17<>""),IF($F17="FNT1608-H",IF(OR(AI$2="FNT1618",AI$2="FNT1619",AI$2="FNT1620"),$G17/3,""),IF($F17=AI$2,$G17,"")),"") | AJ17: =IF(AND($G17>0,$F17<>""),IF($F17="FNT1608-I",IF(AJ$2="FNT1653",$G17*2/6,IF(AJ$2="FNT1654",$G17*1/6,IF(AJ$2="FNT1655",$G17*1/6,IF(AJ$2="FNT1657",$G17*2/6,"")))),IF($F17="FNT1608-K",IF(AJ$2="FNT1653",$G17*1/6,IF(AJ$2="FNT1654",$G17*2/6,IF(AJ$2="FNT1655",$G17*1/6,IF(AJ$2="FNT1657",$G17*2/6,"")))),IF($F17=AJ$2,$G17,""))),"") | AK17: =IF(AND($G17>0,$F17<>""),IF($F17="FNT1608-I",IF(AK$2="FNT1653",$G17*2/6,IF(AK$2="FNT1654",$G17*1/6,IF(AK$2="FNT1655",$G17*1/6,IF(AK$2="FNT1657",$G17*2/6,"")))),IF($F17="FNT1608-K",IF(AK$2="FNT1653",$G17*1/6,IF(AK$2="FNT1654",$G17*2/6,IF(AK$2="FNT1655",$G17*1/6,IF(AK$2="FNT1657",$G17*2/6,"")))),IF($F17=AK$2,$G17,""))),"") | AL17: =IF(AND($G17>0,$F17<>""),IF($F17="FNT1608-I",IF(AL$2="FNT1653",$G17*2/6,IF(AL$2="FNT1654",$G17*1/6,IF(AL$2="FNT1655",$G17*1/6,IF(AL$2="FNT1657",$G17*2/6,"")))),IF($F17="FNT1608-K",IF(AL$2="FNT1653",$G17*1/6,IF(AL$2="FNT1654",$G17*2/6,IF(AL$2="FNT1655",$G17*1/6,IF(AL$2="FNT1657",$G17*2/6,"")))),IF($F17=AL$2,$G17,""))),"") | AM17: =IF(AND($G17>0,$F17<>""),IF($F17="FNT1608-I",IF(AM$2="FNT1653",$G17*2/6,IF(AM$2="FNT1654",$G17*1/6,IF(AM$2="FNT1655",$G17*1/6,IF(AM$2="FNT1657",$G17*2/6,"")))),IF($F17="FNT1608-K",IF(AM$2="FNT1653",$G17*1/6,IF(AM$2="FNT1654",$G17*2/6,IF(AM$2="FNT1655",$G17*1/6,IF(AM$2="FNT1657",$G17*2/6,"")))),IF($F17=AM$2,$G17,""))),"") | AN17: =IF(AND($G17>0,$F17<>""),IF(OR($F17="FNT1608-G",$F17="FNT1675-G"),IF(OR(AN$2="FNT1611",AN$2="FNT1610",AN$2="FNT1609"),$G17/3,""),IF($F17="FNT1608-H",IF(OR(AN$2="FNT1618",AN$2="FNT1619",AN$2="FNT1620"),$G17/3,""),IF($F17="FNT1608-I",IF(AN$2="FNT1653",$G17*2/6,IF(AN$2="FNT1654",$G17*1/6,IF(AN$2="FNT1655",$G17*1/6,IF(AN$2="FNT1657",$G17*2/6,"")))),IF($F17="FNT1608-K",IF(AN$2="FNT1653",$G17*1/6,IF(AN$2="FNT1654",$G17*2/6,IF(AN$2="FNT1655",$G17*1/6,IF(AN$2="FNT1657",$G17*2/6,"")))),IF($F17=AN$2,$G17,""))))),"") | AO17: =IF(AND($G17>0,$F17<>""),IF(OR($F17="FNT1608-G",$F17="FNT1675-G"),IF(OR(AO$2="FNT1611",AO$2="FNT1610",AO$2="FNT1609"),$G17/3,""),IF($F17="FNT1608-H",IF(OR(AO$2="FNT1618",AO$2="FNT1619",AO$2="FNT1620"),$G17/3,""),IF($F17="FNT1608-I",IF(AO$2="FNT1653",$G17*2/6,IF(AO$2="FNT1654",$G17*1/6,IF(AO$2="FNT1655",$G17*1/6,IF(AO$2="FNT1657",$G17*2/6,"")))),IF($F17="FNT1608-K",IF(AO$2="FNT1653",$G17*1/6,IF(AO$2="FNT1654",$G17*2/6,IF(AO$2="FNT1655",$G17*1/6,IF(AO$2="FNT1657",$G17*2/6,"")))),IF($F17=AO$2,$G17,""))))),"") | AP17: 1.88 | AQ17: =SUM(J17:AO17)*AP17 -> 1883.76 | AR17: =AQ17*7.75 -> 14599.14
A18: 45887 | B18: 45948 | C18: V1 | E18: POUK10066 | F18: FNT1610 | G18: 1002 | H18: 7L包装+RPET吸塑 | I18: =IFERROR(VLOOKUP(F18,名称!A:C,3,0),"") -> FNT | J18: =IF(AND($F18=J$2,$G18>0),$G18,"") | K18: =IF(AND($F18=K$2,$G18>0),$G18,"") | L18: =IF(AND($F18=L$2,$G18>0),$G18,"") | M18: =IF(AND($F18=M$2,$G18>0),$G18,"") | N18: =IF(AND($F18=N$2,$G18>0),$G18,"") | O18: =IF(AND($F18=O$2,$G18>0),$G18,"") | P18: =IF(AND($F18=P$2,$G18>0),$G18,"") | Q18: =IF(AND($F18=Q$2,$G18>0),$G18,"") | ... AC18: =IF(AND($F18=AC$2,$G18>0),$G18,"") | AD18: =IF(AND($G18>0,$F18<>""),IF(OR($F18="FNT1608-G",$F18="FNT1675-G"),IF(OR(AD$2="FNT1611",AD$2="FNT1610",AD$2="FNT1609"),$G18/3,""),IF($F18=AD$2,$G18,"")),"") | AE18: =IF(AND($G18>0,$F18<>""),IF(OR($F18="FNT1608-G",$F18="FNT1675-G"),IF(OR(AE$2="FNT1611",AE$2="FNT1610",AE$2="FNT1609"),$G18/3,""),IF($F18=AE$2,$G18,"")),"") -> 1002 | AF18: =IF(AND($G18>0,$F18<>""),IF(OR($F18="FNT1608-G",$F18="FNT1675-G"),IF(OR(AF$2="FNT1611",AF$2="FNT1610",AF$2="FNT1609"),$G18/3,""),IF($F18=AF$2,$G18,"")),"") | AG18: =IF(AND($G18>0,$F18<>""),IF($F18="FNT1608-H",IF(OR(AG$2="FNT1618",AG$2="FNT1619",AG$2="FNT1620"),$G18/3,""),IF($F18=AG$2,$G18,"")),"") | AH18: =IF(AND($G18>0,$F18<>""),IF($F18="FNT1608-H",IF(OR(AH$2="FNT1618",AH$2="FNT1619",AH$2="FNT1620"),$G18/3,""),IF($F18=AH$2,$G18,"")),"") | AI18: =IF(AND($G18>0,$F18<>""),IF($F18="FNT1608-H",IF(OR(AI$2="FNT1618",AI$2="FNT1619",AI$2="FNT1620"),$G18/3,""),IF($F18=AI$2,$G18,"")),"") | AJ18: =IF(AND($G18>0,$F18<>""),IF($F18="FNT1608-I",IF(AJ$2="FNT1653",$G18*2/6,IF(AJ$2="FNT1654",$G18*1/6,IF(AJ$2="FNT1655",$G18*1/6,IF(AJ$2="FNT1657",$G18*2/6,"")))),IF($F18="FNT1608-K",IF(AJ$2="FNT1653",$G18*1/6,IF(AJ$2="FNT1654",$G18*2/6,IF(AJ$2="FNT1655",$G18*1/6,IF(AJ$2="FNT1657",$G18*2/6,"")))),IF($F18=AJ$2,$G18,""))),"") | AK18: =IF(AND($G18>0,$F18<>""),IF($F18="FNT1608-I",IF(AK$2="FNT1653",$G18*2/6,IF(AK$2="FNT1654",$G18*1/6,IF(AK$2="FNT1655",$G18*1/6,IF(AK$2="FNT1657",$G18*2/6,"")))),IF($F18="FNT1608-K",IF(AK$2="FNT1653",$G18*1/6,IF(AK$2="FNT1654",$G18*2/6,IF(AK$2="FNT1655",$G18*1/6,IF(AK$2="FNT1657",$G18*2/6,"")))),IF($F18=AK$2,$G18,""))),"") | AL18: =IF(AND($G18>0,$F18<>""),IF($F18="FNT1608-I",IF(AL$2="FNT1653",$G18*2/6,IF(AL$2="FNT1654",$G18*1/6,IF(AL$2="FNT1655",$G18*1/6,IF(AL$2="FNT1657",$G18*2/6,"")))),IF($F18="FNT1608-K",IF(AL$2="FNT1653",$G18*1/6,IF(AL$2="FNT1654",$G18*2/6,IF(AL$2="FNT1655",$G18*1/6,IF(AL$2="FNT1657",$G18*2/6,"")))),IF($F18=AL$2,$G18,""))),"") | AM18: =IF(AND($G18>0,$F18<>""),IF($F18="FNT1608-I",IF(AM$2="FNT1653",$G18*2/6,IF(AM$2="FNT1654",$G18*1/6,IF(AM$2="FNT1655",$G18*1/6,IF(AM$2="FNT1657",$G18*2/6,"")))),IF($F18="FNT1608-K",IF(AM$2="FNT1653",$G18*1/6,IF(AM$2="FNT1654",$G18*2/6,IF(AM$2="FNT1655",$G18*1/6,IF(AM$2="FNT1657",$G18*2/6,"")))),IF($F18=AM$2,$G18,""))),"") | AN18: =IF(AND($G18>0,$F18<>""),IF(OR($F18="FNT1608-G",$F18="FNT1675-G"),IF(OR(AN$2="FNT1611",AN$2="FNT1610",AN$2="FNT1609"),$G18/3,""),IF($F18="FNT1608-H",IF(OR(AN$2="FNT1618",AN$2="FNT1619",AN$2="FNT1620"),$G18/3,""),IF($F18="FNT1608-I",IF(AN$2="FNT1653",$G18*2/6,IF(AN$2="FNT1654",$G18*1/6,IF(AN$2="FNT1655",$G18*1/6,IF(AN$2="FNT1657",$G18*2/6,"")))),IF($F18="FNT1608-K",IF(AN$2="FNT1653",$G18*1/6,IF(AN$2="FNT1654",$G18*2/6,IF(AN$2="FNT1655",$G18*1/6,IF(AN$2="FNT1657",$G18*2/6,"")))),IF($F18=AN$2,$G18,""))))),"") | AO18: =IF(AND($G18>0,$F18<>""),IF(OR($F18="FNT1608-G",$F18="FNT1675-G"),IF(OR(AO$2="FNT1611",AO$2="FNT1610",AO$2="FNT1609"),$G18/3,""),IF($F18="FNT1608-H",IF(OR(AO$2="FNT1618",AO$2="FNT1619",AO$2="FNT1620"),$G18/3,""),IF($F18="FNT1608-I",IF(AO$2="FNT1653",$G18*2/6,IF(AO$2="FNT1654",$G18*1/6,IF(AO$2="FNT1655",$G18*1/6,IF(AO$2="FNT1657",$G18*2/6,"")))),IF($F18="FNT1608-K",IF(AO$2="FNT1653",$G18*1/6,IF(AO$2="FNT1654",$G18*2/6,IF(AO$2="FNT1655",$G18*1/6,IF(AO$2="FNT1657",$G18*2/6,"")))),IF($F18=AO$2,$G18,""))))),"") | AP18: 2.18 | AQ18: =SUM(J18:AO18)*AP18 -> 2184.36 | AR18: =AQ18*7.75 -> 16928.79
A19: 45887 | B19: 45948 | C19: V1 | E19: POUK10066 | F19: FNT1609 | G19: 1302 | H19: 7L包装+RPET吸塑 | I19: =IFERROR(VLOOKUP(F19,名称!A:C,3,0),"") -> FNT | J19: =IF(AND($F19=J$2,$G19>0),$G19,"") | K19: =IF(AND($F19=K$2,$G19>0),$G19,"") | L19: =IF(AND($F19=L$2,$G19>0),$G19,"") | M19: =IF(AND($F19=M$2,$G19>0),$G19,"") | N19: =IF(AND($F19=N$2,$G19>0),$G19,"") | O19: =IF(AND($F19=O$2,$G19>0),$G19,"") | P19: =IF(AND($F19=P$2,$G19>0),$G19,"") | Q19: =IF(AND($F19=Q$2,$G19>0),$G19,"") | ... AC19: =IF(AND($F19=AC$2,$G19>0),$G19,"") | AD19: =IF(AND($G19>0,$F19<>""),IF(OR($F19="FNT1608-G",$F19="FNT1675-G"),IF(OR(AD$2="FNT1611",AD$2="FNT1610",AD$2="FNT1609"),$G19/3,""),IF($F19=AD$2,$G19,"")),"") | AE19: =IF(AND($G19>0,$F19<>""),IF(OR($F19="FNT1608-G",$F19="FNT1675-G"),IF(OR(AE$2="FNT1611",AE$2="FNT1610",AE$2="FNT1609"),$G19/3,""),IF($F19=AE$2,$G19,"")),"") | AF19: =IF(AND($G19>0,$F19<>""),IF(OR($F19="FNT1608-G",$F19="FNT1675-G"),IF(OR(AF$2="FNT1611",AF$2="FNT1610",AF$2="FNT1609"),$G19/3,""),IF($F19=AF$2,$G19,"")),"") -> 1302 | AG19: =IF(AND($G19>0,$F19<>""),IF($F19="FNT1608-H",IF(OR(AG$2="FNT1618",AG$2="FNT1619",AG$2="FNT1620"),$G19/3,""),IF($F19=AG$2,$G19,"")),"") | AH19: =IF(AND($G19>0,$F19<>""),IF($F19="FNT1608-H",IF(OR(AH$2="FNT1618",AH$2="FNT1619",AH$2="FNT1620"),$G19/3,""),IF($F19=AH$2,$G19,"")),"") | AI19: =IF(AND($G19>0,$F19<>""),IF($F19="FNT1608-H",IF(OR(AI$2="FNT1618",AI$2="FNT1619",AI$2="FNT1620"),$G19/3,""),IF($F19=AI$2,$G19,"")),"") | AJ19: =IF(AND($G19>0,$F19<>""),IF($F19="FNT1608-I",IF(AJ$2="FNT1653",$G19*2/6,IF(AJ$2="FNT1654",$G19*1/6,IF(AJ$2="FNT1655",$G19*1/6,IF(AJ$2="FNT1657",$G19*2/6,"")))),IF($F19="FNT1608-K",IF(AJ$2="FNT1653",$G19*1/6,IF(AJ$2="FNT1654",$G19*2/6,IF(AJ$2="FNT1655",$G19*1/6,IF(AJ$2="FNT1657",$G19*2/6,"")))),IF($F19=AJ$2,$G19,""))),"") | AK19: =IF(AND($G19>0,$F19<>""),IF($F19="FNT1608-I",IF(AK$2="FNT1653",$G19*2/6,IF(AK$2="FNT1654",$G19*1/6,IF(AK$2="FNT1655",$G19*1/6,IF(AK$2="FNT1657",$G19*2/6,"")))),IF($F19="FNT1608-K",IF(AK$2="FNT1653",$G19*1/6,IF(AK$2="FNT1654",$G19*2/6,IF(AK$2="FNT1655",$G19*1/6,IF(AK$2="FNT1657",$G19*2/6,"")))),IF($F19=AK$2,$G19,""))),"") | AL19: =IF(AND($G19>0,$F19<>""),IF($F19="FNT1608-I",IF(AL$2="FNT1653",$G19*2/6,IF(AL$2="FNT1654",$G19*1/6,IF(AL$2="FNT1655",$G19*1/6,IF(AL$2="FNT1657",$G19*2/6,"")))),IF($F19="FNT1608-K",IF(AL$2="FNT1653",$G19*1/6,IF(AL$2="FNT1654",$G19*2/6,IF(AL$2="FNT1655",$G19*1/6,IF(AL$2="FNT1657",$G19*2/6,"")))),IF($F19=AL$2,$G19,""))),"") | AM19: =IF(AND($G19>0,$F19<>""),IF($F19="FNT1608-I",IF(AM$2="FNT1653",$G19*2/6,IF(AM$2="FNT1654",$G19*1/6,IF(AM$2="FNT1655",$G19*1/6,IF(AM$2="FNT1657",$G19*2/6,"")))),IF($F19="FNT1608-K",IF(AM$2="FNT1653",$G19*1/6,IF(AM$2="FNT1654",$G19*2/6,IF(AM$2="FNT1655",$G19*1/6,IF(AM$2="FNT1657",$G19*2/6,"")))),IF($F19=AM$2,$G19,""))),"") | AN19: =IF(AND($G19>0,$F19<>""),IF(OR($F19="FNT1608-G",$F19="FNT1675-G"),IF(OR(AN$2="FNT1611",AN$2="FNT1610",AN$2="FNT1609"),$G19/3,""),IF($F19="FNT1608-H",IF(OR(AN$2="FNT1618",AN$2="FNT1619",AN$2="FNT1620"),$G19/3,""),IF($F19="FNT1608-I",IF(AN$2="FNT1653",$G19*2/6,IF(AN$2="FNT1654",$G19*1/6,IF(AN$2="FNT1655",$G19*1/6,IF(AN$2="FNT1657",$G19*2/6,"")))),IF($F19="FNT1608-K",IF(AN$2="FNT1653",$G19*1/6,IF(AN$2="FNT1654",$G19*2/6,IF(AN$2="FNT1655",$G19*1/6,IF(AN$2="FNT1657",$G19*2/6,"")))),IF($F19=AN$2,$G19,""))))),"") | AO19: =IF(AND($G19>0,$F19<>""),IF(OR($F19="FNT1608-G",$F19="FNT1675-G"),IF(OR(AO$2="FNT1611",AO$2="FNT1610",AO$2="FNT1609"),$G19/3,""),IF($F19="FNT1608-H",IF(OR(AO$2="FNT1618",AO$2="FNT1619",AO$2="FNT1620"),$G19/3,""),IF($F19="FNT1608-I",IF(AO$2="FNT1653",$G19*2/6,IF(AO$2="FNT1654",$G19*1/6,IF(AO$2="FNT1655",$G19*1/6,IF(AO$2="FNT1657",$G19*2/6,"")))),IF($F19="FNT1608-K",IF(AO$2="FNT1653",$G19*1/6,IF(AO$2="FNT1654",$G19*2/6,IF(AO$2="FNT1655",$G19*1/6,IF(AO$2="FNT1657",$G19*2/6,"")))),IF($F19=AO$2,$G19,""))))),"") | AP19: 2.13 | AQ19: =SUM(J19:AO19)*AP19 -> 2773.26 | AR19: =AQ19*7.75 -> 21492.77
A20: 45887 | B20: 45948 | C20: V1 | E20: POUK10068 | F20: FNT1609 | G20: =900-402 -> 498 | H20: 7L包装+RPET吸塑 | I20: =IFERROR(VLOOKUP(F20,名称!A:C,3,0),"") -> FNT | J20: =IF(AND($F20=J$2,$G20>0),$G20,"") | K20: =IF(AND($F20=K$2,$G20>0),$G20,"") | L20: =IF(AND($F20=L$2,$G20>0),$G20,"") | M20: =IF(AND($F20=M$2,$G20>0),$G20,"") | N20: =IF(AND($F20=N$2,$G20>0),$G20,"") | O20: =IF(AND($F20=O$2,$G20>0),$G20,"") | P20: =IF(AND($F20=P$2,$G20>0),$G20,"") | Q20: =IF(AND($F20=Q$2,$G20>0),$G20,"") | ... AC20: =IF(AND($F20=AC$2,$G20>0),$G20,"") | AD20: =IF(AND($G20>0,$F20<>""),IF(OR($F20="FNT1608-G",$F20="FNT1675-G"),IF(OR(AD$2="FNT1611",AD$2="FNT1610",AD$2="FNT1609"),$G20/3,""),IF($F20=AD$2,$G20,"")),"") | AE20: =IF(AND($G20>0,$F20<>""),IF(OR($F20="FNT1608-G",$F20="FNT1675-G"),IF(OR(AE$2="FNT1611",AE$2="FNT1610",AE$2="FNT1609"),$G20/3,""),IF($F20=AE$2,$G20,"")),"") | AF20: =IF(AND($G20>0,$F20<>""),IF(OR($F20="FNT1608-G",$F20="FNT1675-G"),IF(OR(AF$2="FNT1611",AF$2="FNT1610",AF$2="FNT1609"),$G20/3,""),IF($F20=AF$2,$G20,"")),"") -> 498 | AG20: =IF(AND($G20>0,$F20<>""),IF($F20="FNT1608-H",IF(OR(AG$2="FNT1618",AG$2="FNT1619",AG$2="FNT1620"),$G20/3,""),IF($F20=AG$2,$G20,"")),"") | AH20: =IF(AND($G20>0,$F20<>""),IF($F20="FNT1608-H",IF(OR(AH$2="FNT1618",AH$2="FNT1619",AH$2="FNT1620"),$G20/3,""),IF($F20=AH$2,$G20,"")),"") | AI20: =IF(AND($G20>0,$F20<>""),IF($F20="FNT1608-H",IF(OR(AI$2="FNT1618",AI$2="FNT1619",AI$2="FNT1620"),$G20/3,""),IF($F20=AI$2,$G20,"")),"") | AJ20: =IF(AND($G20>0,$F20<>""),IF($F20="FNT1608-I",IF(AJ$2="FNT1653",$G20*2/6,IF(AJ$2="FNT1654",$G20*1/6,IF(AJ$2="FNT1655",$G20*1/6,IF(AJ$2="FNT1657",$G20*2/6,"")))),IF($F20="FNT1608-K",IF(AJ$2="FNT1653",$G20*1/6,IF(AJ$2="FNT1654",$G20*2/6,IF(AJ$2="FNT1655",$G20*1/6,IF(AJ$2="FNT1657",$G20*2/6,"")))),IF($F20=AJ$2,$G20,""))),"") | AK20: =IF(AND($G20>0,$F20<>""),IF($F20="FNT1608-I",IF(AK$2="FNT1653",$G20*2/6,IF(AK$2="FNT1654",$G20*1/6,IF(AK$2="FNT1655",$G20*1/6,IF(AK$2="FNT1657",$G20*2/6,"")))),IF($F20="FNT1608-K",IF(AK$2="FNT1653",$G20*1/6,IF(AK$2="FNT1654",$G20*2/6,IF(AK$2="FNT1655",$G20*1/6,IF(AK$2="FNT1657",$G20*2/6,"")))),IF($F20=AK$2,$G20,""))),"") | AL20: =IF(AND($G20>0,$F20<>""),IF($F20="FNT1608-I",IF(AL$2="FNT1653",$G20*2/6,IF(AL$2="FNT1654",$G20*1/6,IF(AL$2="FNT1655",$G20*1/6,IF(AL$2="FNT1657",$G20*2/6,"")))),IF($F20="FNT1608-K",IF(AL$2="FNT1653",$G20*1/6,IF(AL$2="FNT1654",$G20*2/6,IF(AL$2="FNT1655",$G20*1/6,IF(AL$2="FNT1657",$G20*2/6,"")))),IF($F20=AL$2,$G20,""))),"") | AM20: =IF(AND($G20>0,$F20<>""),IF($F20="FNT1608-I",IF(AM$2="FNT1653",$G20*2/6,IF(AM$2="FNT1654",$G20*1/6,IF(AM$2="FNT1655",$G20*1/6,IF(AM$2="FNT1657",$G20*2/6,"")))),IF($F20="FNT1608-K",IF(AM$2="FNT1653",$G20*1/6,IF(AM$2="FNT1654",$G20*2/6,IF(AM$2="FNT1655",$G20*1/6,IF(AM$2="FNT1657",$G20*2/6,"")))),IF($F20=AM$2,$G20,""))),"") | AN20: =IF(AND($G20>0,$F20<>""),IF(OR($F20="FNT1608-G",$F20="FNT1675-G"),IF(OR(AN$2="FNT1611",AN$2="FNT1610",AN$2="FNT1609"),$G20/3,""),IF($F20="FNT1608-H",IF(OR(AN$2="FNT1618",AN$2="FNT1619",AN$2="FNT1620"),$G20/3,""),IF($F20="FNT1608-I",IF(AN$2="FNT1653",$G20*2/6,IF(AN$2="FNT1654",$G20*1/6,IF(AN$2="FNT1655",$G20*1/6,IF(AN$2="FNT1657",$G20*2/6,"")))),IF($F20="FNT1608-K",IF(AN$2="FNT1653",$G20*1/6,IF(AN$2="FNT1654",$G20*2/6,IF(AN$2="FNT1655",$G20*1/6,IF(AN$2="FNT1657",$G20*2/6,"")))),IF($F20=AN$2,$G20,""))))),"") | AO20: =IF(AND($G20>0,$F20<>""),IF(OR($F20="FNT1608-G",$F20="FNT1675-G"),IF(OR(AO$2="FNT1611",AO$2="FNT1610",AO$2="FNT1609"),$G20/3,""),IF($F20="FNT1608-H",IF(OR(AO$2="FNT1618",AO$2="FNT1619",AO$2="FNT1620"),$G20/3,""),IF($F20="FNT1608-I",IF(AO$2="FNT1653",$G20*2/6,IF(AO$2="FNT1654",$G20*1/6,IF(AO$2="FNT1655",$G20*1/6,IF(AO$2="FNT1657",$G20*2/6,"")))),IF($F20="FNT1608-K",IF(AO$2="FNT1653",$G20*1/6,IF(AO$2="FNT1654",$G20*2/6,IF(AO$2="FNT1655",$G20*1/6,IF(AO$2="FNT1657",$G20*2/6,"")))),IF($F20=AO$2,$G20,""))))),"") | AP20: 2.13 | AQ20: =SUM(J20:AO20)*AP20 -> 1060.74 | AR20: =AQ20*7.75 -> 8220.74
A21: 45898 | B21: 45959 | C21: V1 | E21: POGE00005115 | F21: FNT1608-H | G21: 2814 | H21: 7L包装+RPET吸塑 | I21: =IFERROR(VLOOKUP(F21,名称!A:C,3,0),"") -> FNT | J21: =IF(AND($F21=J$2,$G21>0),$G21,"") | K21: =IF(AND($F21=K$2,$G21>0),$G21,"") | L21: =IF(AND($F21=L$2,$G21>0),$G21,"") | M21: =IF(AND($F21=M$2,$G21>0),$G21,"") | N21: =IF(AND($F21=N$2,$G21>0),$G21,"") | O21: =IF(AND($F21=O$2,$G21>0),$G21,"") | P21: =IF(AND($F21=P$2,$G21>0),$G21,"") | Q21: =IF(AND($F21=Q$2,$G21>0),$G21,"") | ... AC21: =IF(AND($F21=AC$2,$G21>0),$G21,"") | AD21: =IF(AND($G21>0,$F21<>""),IF(OR($F21="FNT1608-G",$F21="FNT1675-G"),IF(OR(AD$2="FNT1611",AD$2="FNT1610",AD$2="FNT1609"),$G21/3,""),IF($F21=AD$2,$G21,"")),"") | AE21: =IF(AND($G21>0,$F21<>""),IF(OR($F21="FNT1608-G",$F21="FNT1675-G"),IF(OR(AE$2="FNT1611",AE$2="FNT1610",AE$2="FNT1609"),$G21/3,""),IF($F21=AE$2,$G21,"")),"") | AF21: =IF(AND($G21>0,$F21<>""),IF(OR($F21="FNT1608-G",$F21="FNT1675-G"),IF(OR(AF$2="FNT1611",AF$2="FNT1610",AF$2="FNT1609"),$G21/3,""),IF($F21=AF$2,$G21,"")),"") | AG21: =IF(AND($G21>0,$F21<>""),IF($F21="FNT1608-H",IF(OR(AG$2="FNT1618",AG$2="FNT1619",AG$2="FNT1620"),$G21/3,""),IF($F21=AG$2,$G21,"")),"") -> 938 | AH21: =IF(AND($G21>0,$F21<>""),IF($F21="FNT1608-H",IF(OR(AH$2="FNT1618",AH$2="FNT1619",AH$2="FNT1620"),$G21/3,""),IF($F21=AH$2,$G21,"")),"") -> 938 | AI21: =IF(AND($G21>0,$F21<>""),IF($F21="FNT1608-H",IF(OR(AI$2="FNT1618",AI$2="FNT1619",AI$2="FNT1620"),$G21/3,""),IF($F21=AI$2,$G21,"")),"") -> 938 | AJ21: =IF(AND($G21>0,$F21<>""),IF($F21="FNT1608-I",IF(AJ$2="FNT1653",$G21*2/6,IF(AJ$2="FNT1654",$G21*1/6,IF(AJ$2="FNT1655",$G21*1/6,IF(AJ$2="FNT1657",$G21*2/6,"")))),IF($F21="FNT1608-K",IF(AJ$2="FNT1653",$G21*1/6,IF(AJ$2="FNT1654",$G21*2/6,IF(AJ$2="FNT1655",$G21*1/6,IF(AJ$2="FNT1657",$G21*2/6,"")))),IF($F21=AJ$2,$G21,""))),"") | AK21: =IF(AND($G21>0,$F21<>""),IF($F21="FNT1608-I",IF(AK$2="FNT1653",$G21*2/6,IF(AK$2="FNT1654",$G21*1/6,IF(AK$2="FNT1655",$G21*1/6,IF(AK$2="FNT1657",$G21*2/6,"")))),IF($F21="FNT1608-K",IF(AK$2="FNT1653",$G21*1/6,IF(AK$2="FNT1654",$G21*2/6,IF(AK$2="FNT1655",$G21*1/6,IF(AK$2="FNT1657",$G21*2/6,"")))),IF($F21=AK$2,$G21,""))),"") | AL21: =IF(AND($G21>0,$F21<>""),IF($F21="FNT1608-I",IF(AL$2="FNT1653",$G21*2/6,IF(AL$2="FNT1654",$G21*1/6,IF(AL$2="FNT1655",$G21*1/6,IF(AL$2="FNT1657",$G21*2/6,"")))),IF($F21="FNT1608-K",IF(AL$2="FNT1653",$G21*1/6,IF(AL$2="FNT1654",$G21*2/6,IF(AL$2="FNT1655",$G21*1/6,IF(AL$2="FNT1657",$G21*2/6,"")))),IF($F21=AL$2,$G21,""))),"") | AM21: =IF(AND($G21>0,$F21<>""),IF($F21="FNT1608-I",IF(AM$2="FNT1653",$G21*2/6,IF(AM$2="FNT1654",$G21*1/6,IF(AM$2="FNT1655",$G21*1/6,IF(AM$2="FNT1657",$G21*2/6,"")))),IF($F21="FNT1608-K",IF(AM$2="FNT1653",$G21*1/6,IF(AM$2="FNT1654",$G21*2/6,IF(AM$2="FNT1655",$G21*1/6,IF(AM$2="FNT1657",$G21*2/6,"")))),IF($F21=AM$2,$G21,""))),"") | AN21: =IF(AND($G21>0,$F21<>""),IF(OR($F21="FNT1608-G",$F21="FNT1675-G"),IF(OR(AN$2="FNT1611",AN$2="FNT1610",AN$2="FNT1609"),$G21/3,""),IF($F21="FNT1608-H",IF(OR(AN$2="FNT1618",AN$2="FNT1619",AN$2="FNT1620"),$G21/3,""),IF($F21="FNT1608-I",IF(AN$2="FNT1653",$G21*2/6,IF(AN$2="FNT1654",$G21*1/6,IF(AN$2="FNT1655",$G21*1/6,IF(AN$2="FNT1657",$G21*2/6,"")))),IF($F21="FNT1608-K",IF(AN$2="FNT1653",$G21*1/6,IF(AN$2="FNT1654",$G21*2/6,IF(AN$2="FNT1655",$G21*1/6,IF(AN$2="FNT1657",$G21*2/6,"")))),IF($F21=AN$2,$G21,""))))),"") | AO21: =IF(AND($G21>0,$F21<>""),IF(OR($F21="FNT1608-G",$F21="FNT1675-G"),IF(OR(AO$2="FNT1611",AO$2="FNT1610",AO$2="FNT1609"),$G21/3,""),IF($F21="FNT1608-H",IF(OR(AO$2="FNT1618",AO$2="FNT1619",AO$2="FNT1620"),$G21/3,""),IF($F21="FNT1608-I",IF(AO$2="FNT1653",$G21*2/6,IF(AO$2="FNT1654",$G21*1/6,IF(AO$2="FNT1655",$G21*1/6,IF(AO$2="FNT1657",$G21*2/6,"")))),IF($F21="FNT1608-K",IF(AO$2="FNT1653",$G21*1/6,IF(AO$2="FNT1654",$G21*2/6,IF(AO$2="FNT1655",$G21*1/6,IF(AO$2="FNT1657",$G21*2/6,"")))),IF($F21=AO$2,$G21,""))))),"") | AP21: 2.1 | AQ21: =SUM(J21:AO21)*AP21 -> 5909.4 | AR21: =AQ21*7.75 -> 45797.85
A22: 45916 | B22: 45976 | C22: V1 | D22: 仓单转客单 | E22: JAZ271089 | F22: SNF0182 | G22: 252 | H22: 7L包装+RPET吸塑 | I22: =IFERROR(VLOOKUP(F22,名称!A:C,3,0),"") -> SNF | J22: =IF(AND($F22=J$2,$G22>0),$G22,"") | K22: =IF(AND($F22=K$2,$G22>0),$G22,"") | L22: =IF(AND($F22=L$2,$G22>0),$G22,"") | M22: =IF(AND($F22=M$2,$G22>0),$G22,"") | N22: =IF(AND($F22=N$2,$G22>0),$G22,"") | O22: =IF(AND($F22=O$2,$G22>0),$G22,"") | P22: =IF(AND($F22=P$2,$G22>0),$G22,"") | Q22: =IF(AND($F22=Q$2,$G22>0),$G22,"") | ... AC22: =IF(AND($F22=AC$2,$G22>0),$G22,"") | AD22: =IF(AND($G22>0,$F22<>""),IF(OR($F22="FNT1608-G",$F22="FNT1675-G"),IF(OR(AD$2="FNT1611",AD$2="FNT1610",AD$2="FNT1609"),$G22/3,""),IF($F22=AD$2,$G22,"")),"") | AE22: =IF(AND($G22>0,$F22<>""),IF(OR($F22="FNT1608-G",$F22="FNT1675-G"),IF(OR(AE$2="FNT1611",AE$2="FNT1610",AE$2="FNT1609"),$G22/3,""),IF($F22=AE$2,$G22,"")),"") | AF22: =IF(AND($G22>0,$F22<>""),IF(OR($F22="FNT1608-G",$F22="FNT1675-G"),IF(OR(AF$2="FNT1611",AF$2="FNT1610",AF$2="FNT1609"),$G22/3,""),IF($F22=AF$2,$G22,"")),"") | AG22: =IF(AND($G22>0,$F22<>""),IF($F22="FNT1608-H",IF(OR(AG$2="FNT1618",AG$2="FNT1619",AG$2="FNT1620"),$G22/3,""),IF($F22=AG$2,$G22,"")),"") | AH22: =IF(AND($G22>0,$F22<>""),IF($F22="FNT1608-H",IF(OR(AH$2="FNT1618",AH$2="FNT1619",AH$2="FNT1620"),$G22/3,""),IF($F22=AH$2,$G22,"")),"") | AI22: =IF(AND($G22>0,$F22<>""),IF($F22="FNT1608-H",IF(OR(AI$2="FNT1618",AI$2="FNT1619",AI$2="FNT1620"),$G22/3,""),IF($F22=AI$2,$G22,"")),"") | AJ22: =IF(AND($G22>0,$F22<>""),IF($F22="FNT1608-I",IF(AJ$2="FNT1653",$G22*2/6,IF(AJ$2="FNT1654",$G22*1/6,IF(AJ$2="FNT1655",$G22*1/6,IF(AJ$2="FNT1657",$G22*2/6,"")))),IF($F22="FNT1608-K",IF(AJ$2="FNT1653",$G22*1/6,IF(AJ$2="FNT1654",$G22*2/6,IF(AJ$2="FNT1655",$G22*1/6,IF(AJ$2="FNT1657",$G22*2/6,"")))),IF($F22=AJ$2,$G22,""))),"") | AK22: =IF(AND($G22>0,$F22<>""),IF($F22="FNT1608-I",IF(AK$2="FNT1653",$G22*2/6,IF(AK$2="FNT1654",$G22*1/6,IF(AK$2="FNT1655",$G22*1/6,IF(AK$2="FNT1657",$G22*2/6,"")))),IF($F22="FNT1608-K",IF(AK$2="FNT1653",$G22*1/6,IF(AK$2="FNT1654",$G22*2/6,IF(AK$2="FNT1655",$G22*1/6,IF(AK$2="FNT1657",$G22*2/6,"")))),IF($F22=AK$2,$G22,""))),"") | AL22: =IF(AND($G22>0,$F22<>""),IF($F22="FNT1608-I",IF(AL$2="FNT1653",$G22*2/6,IF(AL$2="FNT1654",$G22*1/6,IF(AL$2="FNT1655",$G22*1/6,IF(AL$2="FNT1657",$G22*2/6,"")))),IF($F22="FNT1608-K",IF(AL$2="FNT1653",$G22*1/6,IF(AL$2="FNT1654",$G22*2/6,IF(AL$2="FNT1655",$G22*1/6,IF(AL$2="FNT1657",$G22*2/6,"")))),IF($F22=AL$2,$G22,""))),"") | AM22: =IF(AND($G22>0,$F22<>""),IF($F22="FNT1608-I",IF(AM$2="FNT1653",$G22*2/6,IF(AM$2="FNT1654",$G22*1/6,IF(AM$2="FNT1655",$G22*1/6,IF(AM$2="FNT1657",$G22*2/6,"")))),IF($F22="FNT1608-K",IF(AM$2="FNT1653",$G22*1/6,IF(AM$2="FNT1654",$G22*2/6,IF(AM$2="FNT1655",$G22*1/6,IF(AM$2="FNT1657",$G22*2/6,"")))),IF($F22=AM$2,$G22,""))),"") | AN22: =IF(AND($G22>0,$F22<>""),IF(OR($F22="FNT1608-G",$F22="FNT1675-G"),IF(OR(AN$2="FNT1611",AN$2="FNT1610",AN$2="FNT1609"),$G22/3,""),IF($F22="FNT1608-H",IF(OR(AN$2="FNT1618",AN$2="FNT1619",AN$2="FNT1620"),$G22/3,""),IF($F22="FNT1608-I",IF(AN$2="FNT1653",$G22*2/6,IF(AN$2="FNT1654",$G22*1/6,IF(AN$2="FNT1655",$G22*1/6,IF(AN$2="FNT1657",$G22*2/6,"")))),IF($F22="FNT1608-K",IF(AN$2="FNT1653",$G22*1/6,IF(AN$2="FNT1654",$G22*2/6,IF(AN$2="FNT1655",$G22*1/6,IF(AN$2="FNT1657",$G22*2/6,"")))),IF($F22=AN$2,$G22,""))))),"") | AO22: =IF(AND($G22>0,$F22<>""),IF(OR($F22="FNT1608-G",$F22="FNT1675-G"),IF(OR(AO$2="FNT1611",AO$2="FNT1610",AO$2="FNT1609"),$G22/3,""),IF($F22="FNT1608-H",IF(OR(AO$2="FNT1618",AO$2="FNT1619",AO$2="FNT1620"),$G22/3,""),IF($F22="FNT1608-I",IF(AO$2="FNT1653",$G22*2/6,IF(AO$2="FNT1654",$G22*1/6,IF(AO$2="FNT1655",$G22*1/6,IF(AO$2="FNT1657",$G22*2/6,"")))),IF($F22="FNT1608-K",IF(AO$2="FNT1653",$G22*1/6,IF(AO$2="FNT1654",$G22*2/6,IF(AO$2="FNT1655",$G22*1/6,IF(AO$2="FNT1657",$G22*2/6,"")))),IF($F22=AO$2,$G22,""))))),"") | AP22: 3.64 | AQ22: =SUM(J22:AO22)*AP22 -> 917.28 | AR22: =AQ22*7.75 -> 7108.92
A23: 45917 | B23: 45930 | C23: V2 | E23: CNR267189 | F23: FNT1608-H | G23: 12 | H23: 美文包装+RPET吸塑 | I23: =IFERROR(VLOOKUP(F23,名称!A:C,3,0),"") -> FNT | J23: =IF(AND($F23=J$2,$G23>0),$G23,"") | K23: =IF(AND($F23=K$2,$G23>0),$G23,"") | L23: =IF(AND($F23=L$2,$G23>0),$G23,"") | M23: =IF(AND($F23=M$2,$G23>0),$G23,"") | N23: =IF(AND($F23=N$2,$G23>0),$G23,"") | O23: =IF(AND($F23=O$2,$G23>0),$G23,"") | P23: =IF(AND($F23=P$2,$G23>0),$G23,"") | Q23: =IF(AND($F23=Q$2,$G23>0),$G23,"") | ... AC23: =IF(AND($F23=AC$2,$G23>0),$G23,"") | AD23: =IF(AND($G23>0,$F23<>""),IF(OR($F23="FNT1608-G",$F23="FNT1675-G"),IF(OR(AD$2="FNT1611",AD$2="FNT1610",AD$2="FNT1609"),$G23/3,""),IF($F23=AD$2,$G23,"")),"") | AE23: =IF(AND($G23>0,$F23<>""),IF(OR($F23="FNT1608-G",$F23="FNT1675-G"),IF(OR(AE$2="FNT1611",AE$2="FNT1610",AE$2="FNT1609"),$G23/3,""),IF($F23=AE$2,$G23,"")),"") | AF23: =IF(AND($G23>0,$F23<>""),IF(OR($F23="FNT1608-G",$F23="FNT1675-G"),IF(OR(AF$2="FNT1611",AF$2="FNT1610",AF$2="FNT1609"),$G23/3,""),IF($F23=AF$2,$G23,"")),"") | AG23: =IF(AND($G23>0,$F23<>""),IF($F23="FNT1608-H",IF(OR(AG$2="FNT1618",AG$2="FNT1619",AG$2="FNT1620"),$G23/3,""),IF($F23=AG$2,$G23,"")),"") -> 4 | AH23: =IF(AND($G23>0,$F23<>""),IF($F23="FNT1608-H",IF(OR(AH$2="FNT1618",AH$2="FNT1619",AH$2="FNT1620"),$G23/3,""),IF($F23=AH$2,$G23,"")),"") -> 4 | AI23: =IF(AND($G23>0,$F23<>""),IF($F23="FNT1608-H",IF(OR(AI$2="FNT1618",AI$2="FNT1619",AI$2="FNT1620"),$G23/3,""),IF($F23=AI$2,$G23,"")),"") -> 4 | AJ23: =IF(AND($G23>0,$F23<>""),IF($F23="FNT1608-I",IF(AJ$2="FNT1653",$G23*2/6,IF(AJ$2="FNT1654",$G23*1/6,IF(AJ$2="FNT1655",$G23*1/6,IF(AJ$2="FNT1657",$G23*2/6,"")))),IF($F23="FNT1608-K",IF(AJ$2="FNT1653",$G23*1/6,IF(AJ$2="FNT1654",$G23*2/6,IF(AJ$2="FNT1655",$G23*1/6,IF(AJ$2="FNT1657",$G23*2/6,"")))),IF($F23=AJ$2,$G23,""))),"") | AK23: =IF(AND($G23>0,$F23<>""),IF($F23="FNT1608-I",IF(AK$2="FNT1653",$G23*2/6,IF(AK$2="FNT1654",$G23*1/6,IF(AK$2="FNT1655",$G23*1/6,IF(AK$2="FNT1657",$G23*2/6,"")))),IF($F23="FNT1608-K",IF(AK$2="FNT1653",$G23*1/6,IF(AK$2="FNT1654",$G23*2/6,IF(AK$2="FNT1655",$G23*1/6,IF(AK$2="FNT1657",$G23*2/6,"")))),IF($F23=AK$2,$G23,""))),"") | AL23: =IF(AND($G23>0,$F23<>""),IF($F23="FNT1608-I",IF(AL$2="FNT1653",$G23*2/6,IF(AL$2="FNT1654",$G23*1/6,IF(AL$2="FNT1655",$G23*1/6,IF(AL$2="FNT1657",$G23*2/6,"")))),IF($F23="FNT1608-K",IF(AL$2="FNT1653",$G23*1/6,IF(AL$2="FNT1654",$G23*2/6,IF(AL$2="FNT1655",$G23*1/6,IF(AL$2="FNT1657",$G23*2/6,"")))),IF($F23=AL$2,$G23,""))),"") | AM23: =IF(AND($G23>0,$F23<>""),IF($F23="FNT1608-I",IF(AM$2="FNT1653",$G23*2/6,IF(AM$2="FNT1654",$G23*1/6,IF(AM$2="FNT1655",$G23*1/6,IF(AM$2="FNT1657",$G23*2/6,"")))),IF($F23="FNT1608-K",IF(AM$2="FNT1653",$G23*1/6,IF(AM$2="FNT1654",$G23*2/6,IF(AM$2="FNT1655",$G23*1/6,IF(AM$2="FNT1657",$G23*2/6,"")))),IF($F23=AM$2,$G23,""))),"") | AN23: =IF(AND($G23>0,$F23<>""),IF(OR($F23="FNT1608-G",$F23="FNT1675-G"),IF(OR(AN$2="FNT1611",AN$2="FNT1610",AN$2="FNT1609"),$G23/3,""),IF($F23="FNT1608-H",IF(OR(AN$2="FNT1618",AN$2="FNT1619",AN$2="FNT1620"),$G23/3,""),IF($F23="FNT1608-I",IF(AN$2="FNT1653",$G23*2/6,IF(AN$2="FNT1654",$G23*1/6,IF(AN$2="FNT1655",$G23*1/6,IF(AN$2="FNT1657",$G23*2/6,"")))),IF($F23="FNT1608-K",IF(AN$2="FNT1653",$G23*1/6,IF(AN$2="FNT1654",$G23*2/6,IF(AN$2="FNT1655",$G23*1/6,IF(AN$2="FNT1657",$G23*2/6,"")))),IF($F23=AN$2,$G23,""))))),"") | AO23: =IF(AND($G23>0,$F23<>""),IF(OR($F23="FNT1608-G",$F23="FNT1675-G"),IF(OR(AO$2="FNT1611",AO$2="FNT1610",AO$2="FNT1609"),$G23/3,""),IF($F23="FNT1608-H",IF(OR(AO$2="FNT1618",AO$2="FNT1619",AO$2="FNT1620"),$G23/3,""),IF($F23="FNT1608-I",IF(AO$2="FNT1653",$G23*2/6,IF(AO$2="FNT1654",$G23*1/6,IF(AO$2="FNT1655",$G23*1/6,IF(AO$2="FNT1657",$G23*2/6,"")))),IF($F23="FNT1608-K",IF(AO$2="FNT1653",$G23*1/6,IF(AO$2="FNT1654",$G23*2/6,IF(AO$2="FNT1655",$G23*1/6,IF(AO$2="FNT1657",$G23*2/6,"")))),IF($F23=AO$2,$G23,""))))),"") | AP23: 1.98 | AQ23: =SUM(J23:AO23)*AP23 -> 23.76 | AR23: =AQ23*7.75 -> 184.14
A24: 45917 | B24: 45930 | C24: V2 | E24: CNR267189 | F24: FNT1608-H | G24: 12 | H24: 美文包装+RPET吸塑 | I24: =IFERROR(VLOOKUP(F24,名称!A:C,3,0),"") -> FNT | J24: =IF(AND($F24=J$2,$G24>0),$G24,"") | K24: =IF(AND($F24=K$2,$G24>0),$G24,"") | L24: =IF(AND($F24=L$2,$G24>0),$G24,"") | M24: =IF(AND($F24=M$2,$G24>0),$G24,"") | N24: =IF(AND($F24=N$2,$G24>0),$G24,"") | O24: =IF(AND($F24=O$2,$G24>0),$G24,"") | P24: =IF(AND($F24=P$2,$G24>0),$G24,"") | Q24: =IF(AND($F24=Q$2,$G24>0),$G24,"") | ... AC24: =IF(AND($F24=AC$2,$G24>0),$G24,"") | AD24: =IF(AND($G24>0,$F24<>""),IF(OR($F24="FNT1608-G",$F24="FNT1675-G"),IF(OR(AD$2="FNT1611",AD$2="FNT1610",AD$2="FNT1609"),$G24/3,""),IF($F24=AD$2,$G24,"")),"") | AE24: =IF(AND($G24>0,$F24<>""),IF(OR($F24="FNT1608-G",$F24="FNT1675-G"),IF(OR(AE$2="FNT1611",AE$2="FNT1610",AE$2="FNT1609"),$G24/3,""),IF($F24=AE$2,$G24,"")),"") | AF24: =IF(AND($G24>0,$F24<>""),IF(OR($F24="FNT1608-G",$F24="FNT1675-G"),IF(OR(AF$2="FNT1611",AF$2="FNT1610",AF$2="FNT1609"),$G24/3,""),IF($F24=AF$2,$G24,"")),"") | AG24: =IF(AND($G24>0,$F24<>""),IF($F24="FNT1608-H",IF(OR(AG$2="FNT1618",AG$2="FNT1619",AG$2="FNT1620"),$G24/3,""),IF($F24=AG$2,$G24,"")),"") -> 4 | AH24: =IF(AND($G24>0,$F24<>""),IF($F24="FNT1608-H",IF(OR(AH$2="FNT1618",AH$2="FNT1619",AH$2="FNT1620"),$G24/3,""),IF($F24=AH$2,$G24,"")),"") -> 4 | AI24: =IF(AND($G24>0,$F24<>""),IF($F24="FNT1608-H",IF(OR(AI$2="FNT1618",AI$2="FNT1619",AI$2="FNT1620"),$G24/3,""),IF($F24=AI$2,$G24,"")),"") -> 4 | AJ24: =IF(AND($G24>0,$F24<>""),IF($F24="FNT1608-I",IF(AJ$2="FNT1653",$G24*2/6,IF(AJ$2="FNT1654",$G24*1/6,IF(AJ$2="FNT1655",$G24*1/6,IF(AJ$2="FNT1657",$G24*2/6,"")))),IF($F24="FNT1608-K",IF(AJ$2="FNT1653",$G24*1/6,IF(AJ$2="FNT1654",$G24*2/6,IF(AJ$2="FNT1655",$G24*1/6,IF(AJ$2="FNT1657",$G24*2/6,"")))),IF($F24=AJ$2,$G24,""))),"") | AK24: =IF(AND($G24>0,$F24<>""),IF($F24="FNT1608-I",IF(AK$2="FNT1653",$G24*2/6,IF(AK$2="FNT1654",$G24*1/6,IF(AK$2="FNT1655",$G24*1/6,IF(AK$2="FNT1657",$G24*2/6,"")))),IF($F24="FNT1608-K",IF(AK$2="FNT1653",$G24*1/6,IF(AK$2="FNT1654",$G24*2/6,IF(AK$2="FNT1655",$G24*1/6,IF(AK$2="FNT1657",$G24*2/6,"")))),IF($F24=AK$2,$G24,""))),"") | AL24: =IF(AND($G24>0,$F24<>""),IF($F24="FNT1608-I",IF(AL$2="FNT1653",$G24*2/6,IF(AL$2="FNT1654",$G24*1/6,IF(AL$2="FNT1655",$G24*1/6,IF(AL$2="FNT1657",$G24*2/6,"")))),IF($F24="FNT1608-K",IF(AL$2="FNT1653",$G24*1/6,IF(AL$2="FNT1654",$G24*2/6,IF(AL$2="FNT1655",$G24*1/6,IF(AL$2="FNT1657",$G24*2/6,"")))),IF($F24=AL$2,$G24,""))),"") | AM24: =IF(AND($G24>0,$F24<>""),IF($F24="FNT1608-I",IF(AM$2="FNT1653",$G24*2/6,IF(AM$2="FNT1654",$G24*1/6,IF(AM$2="FNT1655",$G24*1/6,IF(AM$2="FNT1657",$G24*2/6,"")))),IF($F24="FNT1608-K",IF(AM$2="FNT1653",$G24*1/6,IF(AM$2="FNT1654",$G24*2/6,IF(AM$2="FNT1655",$G24*1/6,IF(AM$2="FNT1657",$G24*2/6,"")))),IF($F24=AM$2,$G24,""))),"") | AN24: =IF(AND($G24>0,$F24<>""),IF(OR($F24="FNT1608-G",$F24="FNT1675-G"),IF(OR(AN$2="FNT1611",AN$2="FNT1610",AN$2="FNT1609"),$G24/3,""),IF($F24="FNT1608-H",IF(OR(AN$2="FNT1618",AN$2="FNT1619",AN$2="FNT1620"),$G24/3,""),IF($F24="FNT1608-I",IF(AN$2="FNT1653",$G24*2/6,IF(AN$2="FNT1654",$G24*1/6,IF(AN$2="FNT1655",$G24*1/6,IF(AN$2="FNT1657",$G24*2/6,"")))),IF($F24="FNT1608-K",IF(AN$2="FNT1653",$G24*1/6,IF(AN$2="FNT1654",$G24*2/6,IF(AN$2="FNT1655",$G24*1/6,IF(AN$2="FNT1657",$G24*2/6,"")))),IF($F24=AN$2,$G24,""))))),"") | AO24: =IF(AND($G24>0,$F24<>""),IF(OR($F24="FNT1608-G",$F24="FNT1675-G"),IF(OR(AO$2="FNT1611",AO$2="FNT1610",AO$2="FNT1609"),$G24/3,""),IF($F24="FNT1608-H",IF(OR(AO$2="FNT1618",AO$2="FNT1619",AO$2="FNT1620"),$G24/3,""),IF($F24="FNT1608-I",IF(AO$2="FNT1653",$G24*2/6,IF(AO$2="FNT1654",$G24*1/6,IF(AO$2="FNT1655",$G24*1/6,IF(AO$2="FNT1657",$G24*2/6,"")))),IF($F24="FNT1608-K",IF(AO$2="FNT1653",$G24*1/6,IF(AO$2="FNT1654",$G24*2/6,IF(AO$2="FNT1655",$G24*1/6,IF(AO$2="FNT1657",$G24*2/6,"")))),IF($F24=AO$2,$G24,""))))),"") | AP24: 1.98 | AQ24: =SUM(J24:AO24)*AP24 -> 23.76 | AR24: =AQ24*7.75 -> 184.14
A25: 45917 | B25: 45930 | C25: V2 | E25: CNR267189 | F25: FNT1608-H | G25: 12 | H25: 美文包装+RPET吸塑 | I25: =IFERROR(VLOOKUP(F25,名称!A:C,3,0),"") -> FNT | J25: =IF(AND($F25=J$2,$G25>0),$G25,"") | K25: =IF(AND($F25=K$2,$G25>0),$G25,"") | L25: =IF(AND($F25=L$2,$G25>0),$G25,"") | M25: =IF(AND($F25=M$2,$G25>0),$G25,"") | N25: =IF(AND($F25=N$2,$G25>0),$G25,"") | O25: =IF(AND($F25=O$2,$G25>0),$G25,"") | P25: =IF(AND($F25=P$2,$G25>0),$G25,"") | Q25: =IF(AND($F25=Q$2,$G25>0),$G25,"") | ... AC25: =IF(AND($F25=AC$2,$G25>0),$G25,"") | AD25: =IF(AND($G25>0,$F25<>""),IF(OR($F25="FNT1608-G",$F25="FNT1675-G"),IF(OR(AD$2="FNT1611",AD$2="FNT1610",AD$2="FNT1609"),$G25/3,""),IF($F25=AD$2,$G25,"")),"") | AE25: =IF(AND($G25>0,$F25<>""),IF(OR($F25="FNT1608-G",$F25="FNT1675-G"),IF(OR(AE$2="FNT1611",AE$2="FNT1610",AE$2="FNT1609"),$G25/3,""),IF($F25=AE$2,$G25,"")),"") | AF25: =IF(AND($G25>0,$F25<>""),IF(OR($F25="FNT1608-G",$F25="FNT1675-G"),IF(OR(AF$2="FNT1611",AF$2="FNT1610",AF$2="FNT1609"),$G25/3,""),IF($F25=AF$2,$G25,"")),"") | AG25: =IF(AND($G25>0,$F25<>""),IF($F25="FNT1608-H",IF(OR(AG$2="FNT1618",AG$2="FNT1619",AG$2="FNT1620"),$G25/3,""),IF($F25=AG$2,$G25,"")),"") -> 4 | AH25: =IF(AND($G25>0,$F25<>""),IF($F25="FNT1608-H",IF(OR(AH$2="FNT1618",AH$2="FNT1619",AH$2="FNT1620"),$G25/3,""),IF($F25=AH$2,$G25,"")),"") -> 4 | AI25: =IF(AND($G25>0,$F25<>""),IF($F25="FNT1608-H",IF(OR(AI$2="FNT1618",AI$2="FNT1619",AI$2="FNT1620"),$G25/3,""),IF($F25=AI$2,$G25,"")),"") -> 4 | AJ25: =IF(AND($G25>0,$F25<>""),IF($F25="FNT1608-I",IF(AJ$2="FNT1653",$G25*2/6,IF(AJ$2="FNT1654",$G25*1/6,IF(AJ$2="FNT1655",$G25*1/6,IF(AJ$2="FNT1657",$G25*2/6,"")))),IF($F25="FNT1608-K",IF(AJ$2="FNT1653",$G25*1/6,IF(AJ$2="FNT1654",$G25*2/6,IF(AJ$2="FNT1655",$G25*1/6,IF(AJ$2="FNT1657",$G25*2/6,"")))),IF($F25=AJ$2,$G25,""))),"") | AK25: =IF(AND($G25>0,$F25<>""),IF($F25="FNT1608-I",IF(AK$2="FNT1653",$G25*2/6,IF(AK$2="FNT1654",$G25*1/6,IF(AK$2="FNT1655",$G25*1/6,IF(AK$2="FNT1657",$G25*2/6,"")))),IF($F25="FNT1608-K",IF(AK$2="FNT1653",$G25*1/6,IF(AK$2="FNT1654",$G25*2/6,IF(AK$2="FNT1655",$G25*1/6,IF(AK$2="FNT1657",$G25*2/6,"")))),IF($F25=AK$2,$G25,""))),"") | AL25: =IF(AND($G25>0,$F25<>""),IF($F25="FNT1608-I",IF(AL$2="FNT1653",$G25*2/6,IF(AL$2="FNT1654",$G25*1/6,IF(AL$2="FNT1655",$G25*1/6,IF(AL$2="FNT1657",$G25*2/6,"")))),IF($F25="FNT1608-K",IF(AL$2="FNT1653",$G25*1/6,IF(AL$2="FNT1654",$G25*2/6,IF(AL$2="FNT1655",$G25*1/6,IF(AL$2="FNT1657",$G25*2/6,"")))),IF($F25=AL$2,$G25,""))),"") | AM25: =IF(AND($G25>0,$F25<>""),IF($F25="FNT1608-I",IF(AM$2="FNT1653",$G25*2/6,IF(AM$2="FNT1654",$G25*1/6,IF(AM$2="FNT1655",$G25*1/6,IF(AM$2="FNT1657",$G25*2/6,"")))),IF($F25="FNT1608-K",IF(AM$2="FNT1653",$G25*1/6,IF(AM$2="FNT1654",$G25*2/6,IF(AM$2="FNT1655",$G25*1/6,IF(AM$2="FNT1657",$G25*2/6,"")))),IF($F25=AM$2,$G25,""))),"") | AN25: =IF(AND($G25>0,$F25<>""),IF(OR($F25="FNT1608-G",$F25="FNT1675-G"),IF(OR(AN$2="FNT1611",AN$2="FNT1610",AN$2="FNT1609"),$G25/3,""),IF($F25="FNT1608-H",IF(OR(AN$2="FNT1618",AN$2="FNT1619",AN$2="FNT1620"),$G25/3,""),IF($F25="FNT1608-I",IF(AN$2="FNT1653",$G25*2/6,IF(AN$2="FNT1654",$G25*1/6,IF(AN$2="FNT1655",$G25*1/6,IF(AN$2="FNT1657",$G25*2/6,"")))),IF($F25="FNT1608-K",IF(AN$2="FNT1653",$G25*1/6,IF(AN$2="FNT1654",$G25*2/6,IF(AN$2="FNT1655",$G25*1/6,IF(AN$2="FNT1657",$G25*2/6,"")))),IF($F25=AN$2,$G25,""))))),"") | AO25: =IF(AND($G25>0,$F25<>""),IF(OR($F25="FNT1608-G",$F25="FNT1675-G"),IF(OR(AO$2="FNT1611",AO$2="FNT1610",AO$2="FNT1609"),$G25/3,""),IF($F25="FNT1608-H",IF(OR(AO$2="FNT1618",AO$2="FNT1619",AO$2="FNT1620"),$G25/3,""),IF($F25="FNT1608-I",IF(AO$2="FNT1653",$G25*2/6,IF(AO$2="FNT1654",$G25*1/6,IF(AO$2="FNT1655",$G25*1/6,IF(AO$2="FNT1657",$G25*2/6,"")))),IF($F25="FNT1608-K",IF(AO$2="FNT1653",$G25*1/6,IF(AO$2="FNT1654",$G25*2/6,IF(AO$2="FNT1655",$G25*1/6,IF(AO$2="FNT1657",$G25*2/6,"")))),IF($F25=AO$2,$G25,""))))),"") | AP25: 1.98 | AQ25: =SUM(J25:AO25)*AP25 -> 23.76 | AR25: =AQ25*7.75 -> 184.14
A26: 45917 | B26: 45930 | C26: V2 | E26: CNR267189 | F26: FNT1609 | G26: 14 | H26: 美文包装+RPET吸塑 | I26: =IFERROR(VLOOKUP(F26,名称!A:C,3,0),"") -> FNT | J26: =IF(AND($F26=J$2,$G26>0),$G26,"") | K26: =IF(AND($F26=K$2,$G26>0),$G26,"") | L26: =IF(AND($F26=L$2,$G26>0),$G26,"") | M26: =IF(AND($F26=M$2,$G26>0),$G26,"") | N26: =IF(AND($F26=N$2,$G26>0),$G26,"") | O26: =IF(AND($F26=O$2,$G26>0),$G26,"") | P26: =IF(AND($F26=P$2,$G26>0),$G26,"") | Q26: =IF(AND($F26=Q$2,$G26>0),$G26,"") | ... AC26: =IF(AND($F26=AC$2,$G26>0),$G26,"") | AD26: =IF(AND($G26>0,$F26<>""),IF(OR($F26="FNT1608-G",$F26="FNT1675-G"),IF(OR(AD$2="FNT1611",AD$2="FNT1610",AD$2="FNT1609"),$G26/3,""),IF($F26=AD$2,$G26,"")),"") | AE26: =IF(AND($G26>0,$F26<>""),IF(OR($F26="FNT1608-G",$F26="FNT1675-G"),IF(OR(AE$2="FNT1611",AE$2="FNT1610",AE$2="FNT1609"),$G26/3,""),IF($F26=AE$2,$G26,"")),"") | AF26: =IF(AND($G26>0,$F26<>""),IF(OR($F26="FNT1608-G",$F26="FNT1675-G"),IF(OR(AF$2="FNT1611",AF$2="FNT1610",AF$2="FNT1609"),$G26/3,""),IF($F26=AF$2,$G26,"")),"") -> 14 | AG26: =IF(AND($G26>0,$F26<>""),IF($F26="FNT1608-H",IF(OR(AG$2="FNT1618",AG$2="FNT1619",AG$2="FNT1620"),$G26/3,""),IF($F26=AG$2,$G26,"")),"") | AH26: =IF(AND($G26>0,$F26<>""),IF($F26="FNT1608-H",IF(OR(AH$2="FNT1618",AH$2="FNT1619",AH$2="FNT1620"),$G26/3,""),IF($F26=AH$2,$G26,"")),"") | AI26: =IF(AND($G26>0,$F26<>""),IF($F26="FNT1608-H",IF(OR(AI$2="FNT1618",AI$2="FNT1619",AI$2="FNT1620"),$G26/3,""),IF($F26=AI$2,$G26,"")),"") | AJ26: =IF(AND($G26>0,$F26<>""),IF($F26="FNT1608-I",IF(AJ$2="FNT1653",$G26*2/6,IF(AJ$2="FNT1654",$G26*1/6,IF(AJ$2="FNT1655",$G26*1/6,IF(AJ$2="FNT1657",$G26*2/6,"")))),IF($F26="FNT1608-K",IF(AJ$2="FNT1653",$G26*1/6,IF(AJ$2="FNT1654",$G26*2/6,IF(AJ$2="FNT1655",$G26*1/6,IF(AJ$2="FNT1657",$G26*2/6,"")))),IF($F26=AJ$2,$G26,""))),"") | AK26: =IF(AND($G26>0,$F26<>""),IF($F26="FNT1608-I",IF(AK$2="FNT1653",$G26*2/6,IF(AK$2="FNT1654",$G26*1/6,IF(AK$2="FNT1655",$G26*1/6,IF(AK$2="FNT1657",$G26*2/6,"")))),IF($F26="FNT1608-K",IF(AK$2="FNT1653",$G26*1/6,IF(AK$2="FNT1654",$G26*2/6,IF(AK$2="FNT1655",$G26*1/6,IF(AK$2="FNT1657",$G26*2/6,"")))),IF($F26=AK$2,$G26,""))),"") | AL26: =IF(AND($G26>0,$F26<>""),IF($F26="FNT1608-I",IF(AL$2="FNT1653",$G26*2/6,IF(AL$2="FNT1654",$G26*1/6,IF(AL$2="FNT1655",$G26*1/6,IF(AL$2="FNT1657",$G26*2/6,"")))),IF($F26="FNT1608-K",IF(AL$2="FNT1653",$G26*1/6,IF(AL$2="FNT1654",$G26*2/6,IF(AL$2="FNT1655",$G26*1/6,IF(AL$2="FNT1657",$G26*2/6,"")))),IF($F26=AL$2,$G26,""))),"") | AM26: =IF(AND($G26>0,$F26<>""),IF($F26="FNT1608-I",IF(AM$2="FNT1653",$G26*2/6,IF(AM$2="FNT1654",$G26*1/6,IF(AM$2="FNT1655",$G26*1/6,IF(AM$2="FNT1657",$G26*2/6,"")))),IF($F26="FNT1608-K",IF(AM$2="FNT1653",$G26*1/6,IF(AM$2="FNT1654",$G26*2/6,IF(AM$2="FNT1655",$G26*1/6,IF(AM$2="FNT1657",$G26*2/6,"")))),IF($F26=AM$2,$G26,""))),"") | AN26: =IF(AND($G26>0,$F26<>""),IF(OR($F26="FNT1608-G",$F26="FNT1675-G"),IF(OR(AN$2="FNT1611",AN$2="FNT1610",AN$2="FNT1609"),$G26/3,""),IF($F26="FNT1608-H",IF(OR(AN$2="FNT1618",AN$2="FNT1619",AN$2="FNT1620"),$G26/3,""),IF($F26="FNT1608-I",IF(AN$2="FNT1653",$G26*2/6,IF(AN$2="FNT1654",$G26*1/6,IF(AN$2="FNT1655",$G26*1/6,IF(AN$2="FNT1657",$G26*2/6,"")))),IF($F26="FNT1608-K",IF(AN$2="FNT1653",$G26*1/6,IF(AN$2="FNT1654",$G26*2/6,IF(AN$2="FNT1655",$G26*1/6,IF(AN$2="FNT1657",$G26*2/6,"")))),IF($F26=AN$2,$G26,""))))),"") | AO26: =IF(AND($G26>0,$F26<>""),IF(OR($F26="FNT1608-G",$F26="FNT1675-G"),IF(OR(AO$2="FNT1611",AO$2="FNT1610",AO$2="FNT1609"),$G26/3,""),IF($F26="FNT1608-H",IF(OR(AO$2="FNT1618",AO$2="FNT1619",AO$2="FNT1620"),$G26/3,""),IF($F26="FNT1608-I",IF(AO$2="FNT1653",$G26*2/6,IF(AO$2="FNT1654",$G26*1/6,IF(AO$2="FNT1655",$G26*1/6,IF(AO$2="FNT1657",$G26*2/6,"")))),IF($F26="FNT1608-K",IF(AO$2="FNT1653",$G26*1/6,IF(AO$2="FNT1654",$G26*2/6,IF(AO$2="FNT1655",$G26*1/6,IF(AO$2="FNT1657",$G26*2/6,"")))),IF($F26=AO$2,$G26,""))))),"") | AP26: 2.13 | AQ26: =SUM(J26:AO26)*AP26 -> 29.82 | AR26: =AQ26*7.75 -> 231.11
A27: 45917 | B27: 45930 | C27: V2 | E27: CNR267189 | F27: FNT1610 | G27: 14 | H27: 美文包装+RPET吸塑 | I27: =IFERROR(VLOOKUP(F27,名称!A:C,3,0),"") -> FNT | J27: =IF(AND($F27=J$2,$G27>0),$G27,"") | K27: =IF(AND($F27=K$2,$G27>0),$G27,"") | L27: =IF(AND($F27=L$2,$G27>0),$G27,"") | M27: =IF(AND($F27=M$2,$G27>0),$G27,"") | N27: =IF(AND($F27=N$2,$G27>0),$G27,"") | O27: =IF(AND($F27=O$2,$G27>0),$G27,"") | P27: =IF(AND($F27=P$2,$G27>0),$G27,"") | Q27: =IF(AND($F27=Q$2,$G27>0),$G27,"") | ... AC27: =IF(AND($F27=AC$2,$G27>0),$G27,"") | AD27: =IF(AND($G27>0,$F27<>""),IF(OR($F27="FNT1608-G",$F27="FNT1675-G"),IF(OR(AD$2="FNT1611",AD$2="FNT1610",AD$2="FNT1609"),$G27/3,""),IF($F27=AD$2,$G27,"")),"") | AE27: =IF(AND($G27>0,$F27<>""),IF(OR($F27="FNT1608-G",$F27="FNT1675-G"),IF(OR(AE$2="FNT1611",AE$2="FNT1610",AE$2="FNT1609"),$G27/3,""),IF($F27=AE$2,$G27,"")),"") -> 14 | AF27: =IF(AND($G27>0,$F27<>""),IF(OR($F27="FNT1608-G",$F27="FNT1675-G"),IF(OR(AF$2="FNT1611",AF$2="FNT1610",AF$2="FNT1609"),$G27/3,""),IF($F27=AF$2,$G27,"")),"") | AG27: =IF(AND($G27>0,$F27<>""),IF($F27="FNT1608-H",IF(OR(AG$2="FNT1618",AG$2="FNT1619",AG$2="FNT1620"),$G27/3,""),IF($F27=AG$2,$G27,"")),"") | AH27: =IF(AND($G27>0,$F27<>""),IF($F27="FNT1608-H",IF(OR(AH$2="FNT1618",AH$2="FNT1619",AH$2="FNT1620"),$G27/3,""),IF($F27=AH$2,$G27,"")),"") | AI27: =IF(AND($G27>0,$F27<>""),IF($F27="FNT1608-H",IF(OR(AI$2="FNT1618",AI$2="FNT1619",AI$2="FNT1620"),$G27/3,""),IF($F27=AI$2,$G27,"")),"") | AJ27: =IF(AND($G27>0,$F27<>""),IF($F27="FNT1608-I",IF(AJ$2="FNT1653",$G27*2/6,IF(AJ$2="FNT1654",$G27*1/6,IF(AJ$2="FNT1655",$G27*1/6,IF(AJ$2="FNT1657",$G27*2/6,"")))),IF($F27="FNT1608-K",IF(AJ$2="FNT1653",$G27*1/6,IF(AJ$2="FNT1654",$G27*2/6,IF(AJ$2="FNT1655",$G27*1/6,IF(AJ$2="FNT1657",$G27*2/6,"")))),IF($F27=AJ$2,$G27,""))),"") | AK27: =IF(AND($G27>0,$F27<>""),IF($F27="FNT1608-I",IF(AK$2="FNT1653",$G27*2/6,IF(AK$2="FNT1654",$G27*1/6,IF(AK$2="FNT1655",$G27*1/6,IF(AK$2="FNT1657",$G27*2/6,"")))),IF($F27="FNT1608-K",IF(AK$2="FNT1653",$G27*1/6,IF(AK$2="FNT1654",$G27*2/6,IF(AK$2="FNT1655",$G27*1/6,IF(AK$2="FNT1657",$G27*2/6,"")))),IF($F27=AK$2,$G27,""))),"") | AL27: =IF(AND($G27>0,$F27<>""),IF($F27="FNT1608-I",IF(AL$2="FNT1653",$G27*2/6,IF(AL$2="FNT1654",$G27*1/6,IF(AL$2="FNT1655",$G27*1/6,IF(AL$2="FNT1657",$G27*2/6,"")))),IF($F27="FNT1608-K",IF(AL$2="FNT1653",$G27*1/6,IF(AL$2="FNT1654",$G27*2/6,IF(AL$2="FNT1655",$G27*1/6,IF(AL$2="FNT1657",$G27*2/6,"")))),IF($F27=AL$2,$G27,""))),"") | AM27: =IF(AND($G27>0,$F27<>""),IF($F27="FNT1608-I",IF(AM$2="FNT1653",$G27*2/6,IF(AM$2="FNT1654",$G27*1/6,IF(AM$2="FNT1655",$G27*1/6,IF(AM$2="FNT1657",$G27*2/6,"")))),IF($F27="FNT1608-K",IF(AM$2="FNT1653",$G27*1/6,IF(AM$2="FNT1654",$G27*2/6,IF(AM$2="FNT1655",$G27*1/6,IF(AM$2="FNT1657",$G27*2/6,"")))),IF($F27=AM$2,$G27,""))),"") | AN27: =IF(AND($G27>0,$F27<>""),IF(OR($F27="FNT1608-G",$F27="FNT1675-G"),IF(OR(AN$2="FNT1611",AN$2="FNT1610",AN$2="FNT1609"),$G27/3,""),IF($F27="FNT1608-H",IF(OR(AN$2="FNT1618",AN$2="FNT1619",AN$2="FNT1620"),$G27/3,""),IF($F27="FNT1608-I",IF(AN$2="FNT1653",$G27*2/6,IF(AN$2="FNT1654",$G27*1/6,IF(AN$2="FNT1655",$G27*1/6,IF(AN$2="FNT1657",$G27*2/6,"")))),IF($F27="FNT1608-K",IF(AN$2="FNT1653",$G27*1/6,IF(AN$2="FNT1654",$G27*2/6,IF(AN$2="FNT1655",$G27*1/6,IF(AN$2="FNT1657",$G27*2/6,"")))),IF($F27=AN$2,$G27,""))))),"") | AO27: =IF(AND($G27>0,$F27<>""),IF(OR($F27="FNT1608-G",$F27="FNT1675-G"),IF(OR(AO$2="FNT1611",AO$2="FNT1610",AO$2="FNT1609"),$G27/3,""),IF($F27="FNT1608-H",IF(OR(AO$2="FNT1618",AO$2="FNT1619",AO$2="FNT1620"),$G27/3,""),IF($F27="FNT1608-I",IF(AO$2="FNT1653",$G27*2/6,IF(AO$2="FNT1654",$G27*1/6,IF(AO$2="FNT1655",$G27*1/6,IF(AO$2="FNT1657",$G27*2/6,"")))),IF($F27="FNT1608-K",IF(AO$2="FNT1653",$G27*1/6,IF(AO$2="FNT1654",$G27*2/6,IF(AO$2="FNT1655",$G27*1/6,IF(AO$2="FNT1657",$G27*2/6,"")))),IF($F27=AO$2,$G27,""))))),"") | AP27: 2.18 | AQ27: =SUM(J27:AO27)*AP27 -> 30.52 | AR27: =AQ27*7.75 -> 236.53
A28: 45917 | B28: 45930 | C28: V2 | E28: CNR267189 | F28: FNT1611 | G28: 14 | H28: 美文包装+RPET吸塑 | I28: =IFERROR(VLOOKUP(F28,名称!A:C,3,0),"") -> FNT | J28: =IF(AND($F28=J$2,$G28>0),$G28,"") | K28: =IF(AND($F28=K$2,$G28>0),$G28,"") | L28: =IF(AND($F28=L$2,$G28>0),$G28,"") | M28: =IF(AND($F28=M$2,$G28>0),$G28,"") | N28: =IF(AND($F28=N$2,$G28>0),$G28,"") | O28: =IF(AND($F28=O$2,$G28>0),$G28,"") | P28: =IF(AND($F28=P$2,$G28>0),$G28,"") | Q28: =IF(AND($F28=Q$2,$G28>0),$G28,"") | ... AC28: =IF(AND($F28=AC$2,$G28>0),$G28,"") | AD28: =IF(AND($G28>0,$F28<>""),IF(OR($F28="FNT1608-G",$F28="FNT1675-G"),IF(OR(AD$2="FNT1611",AD$2="FNT1610",AD$2="FNT1609"),$G28/3,""),IF($F28=AD$2,$G28,"")),"") -> 14 | AE28: =IF(AND($G28>0,$F28<>""),IF(OR($F28="FNT1608-G",$F28="FNT1675-G"),IF(OR(AE$2="FNT1611",AE$2="FNT1610",AE$2="FNT1609"),$G28/3,""),IF($F28=AE$2,$G28,"")),"") | AF28: =IF(AND($G28>0,$F28<>""),IF(OR($F28="FNT1608-G",$F28="FNT1675-G"),IF(OR(AF$2="FNT1611",AF$2="FNT1610",AF$2="FNT1609"),$G28/3,""),IF($F28=AF$2,$G28,"")),"") | AG28: =IF(AND($G28>0,$F28<>""),IF($F28="FNT1608-H",IF(OR(AG$2="FNT1618",AG$2="FNT1619",AG$2="FNT1620"),$G28/3,""),IF($F28=AG$2,$G28,"")),"") | AH28: =IF(AND($G28>0,$F28<>""),IF($F28="FNT1608-H",IF(OR(AH$2="FNT1618",AH$2="FNT1619",AH$2="FNT1620"),$G28/3,""),IF($F28=AH$2,$G28,"")),"") | AI28: =IF(AND($G28>0,$F28<>""),IF($F28="FNT1608-H",IF(OR(AI$2="FNT1618",AI$2="FNT1619",AI$2="FNT1620"),$G28/3,""),IF($F28=AI$2,$G28,"")),"") | AJ28: =IF(AND($G28>0,$F28<>""),IF($F28="FNT1608-I",IF(AJ$2="FNT1653",$G28*2/6,IF(AJ$2="FNT1654",$G28*1/6,IF(AJ$2="FNT1655",$G28*1/6,IF(AJ$2="FNT1657",$G28*2/6,"")))),IF($F28="FNT1608-K",IF(AJ$2="FNT1653",$G28*1/6,IF(AJ$2="FNT1654",$G28*2/6,IF(AJ$2="FNT1655",$G28*1/6,IF(AJ$2="FNT1657",$G28*2/6,"")))),IF($F28=AJ$2,$G28,""))),"") | AK28: =IF(AND($G28>0,$F28<>""),IF($F28="FNT1608-I",IF(AK$2="FNT1653",$G28*2/6,IF(AK$2="FNT1654",$G28*1/6,IF(AK$2="FNT1655",$G28*1/6,IF(AK$2="FNT1657",$G28*2/6,"")))),IF($F28="FNT1608-K",IF(AK$2="FNT1653",$G28*1/6,IF(AK$2="FNT1654",$G28*2/6,IF(AK$2="FNT1655",$G28*1/6,IF(AK$2="FNT1657",$G28*2/6,"")))),IF($F28=AK$2,$G28,""))),"") | AL28: =IF(AND($G28>0,$F28<>""),IF($F28="FNT1608-I",IF(AL$2="FNT1653",$G28*2/6,IF(AL$2="FNT1654",$G28*1/6,IF(AL$2="FNT1655",$G28*1/6,IF(AL$2="FNT1657",$G28*2/6,"")))),IF($F28="FNT1608-K",IF(AL$2="FNT1653",$G28*1/6,IF(AL$2="FNT1654",$G28*2/6,IF(AL$2="FNT1655",$G28*1/6,IF(AL$2="FNT1657",$G28*2/6,"")))),IF($F28=AL$2,$G28,""))),"") | AM28: =IF(AND($G28>0,$F28<>""),IF($F28="FNT1608-I",IF(AM$2="FNT1653",$G28*2/6,IF(AM$2="FNT1654",$G28*1/6,IF(AM$2="FNT1655",$G28*1/6,IF(AM$2="FNT1657",$G28*2/6,"")))),IF($F28="FNT1608-K",IF(AM$2="FNT1653",$G28*1/6,IF(AM$2="FNT1654",$G28*2/6,IF(AM$2="FNT1655",$G28*1/6,IF(AM$2="FNT1657",$G28*2/6,"")))),IF($F28=AM$2,$G28,""))),"") | AN28: =IF(AND($G28>0,$F28<>""),IF(OR($F28="FNT1608-G",$F28="FNT1675-G"),IF(OR(AN$2="FNT1611",AN$2="FNT1610",AN$2="FNT1609"),$G28/3,""),IF($F28="FNT1608-H",IF(OR(AN$2="FNT1618",AN$2="FNT1619",AN$2="FNT1620"),$G28/3,""),IF($F28="FNT1608-I",IF(AN$2="FNT1653",$G28*2/6,IF(AN$2="FNT1654",$G28*1/6,IF(AN$2="FNT1655",$G28*1/6,IF(AN$2="FNT1657",$G28*2/6,"")))),IF($F28="FNT1608-K",IF(AN$2="FNT1653",$G28*1/6,IF(AN$2="FNT1654",$G28*2/6,IF(AN$2="FNT1655",$G28*1/6,IF(AN$2="FNT1657",$G28*2/6,"")))),IF($F28=AN$2,$G28,""))))),"") | AO28: =IF(AND($G28>0,$F28<>""),IF(OR($F28="FNT1608-G",$F28="FNT1675-G"),IF(OR(AO$2="FNT1611",AO$2="FNT1610",AO$2="FNT1609"),$G28/3,""),IF($F28="FNT1608-H",IF(OR(AO$2="FNT1618",AO$2="FNT1619",AO$2="FNT1620"),$G28/3,""),IF($F28="FNT1608-I",IF(AO$2="FNT1653",$G28*2/6,IF(AO$2="FNT1654",$G28*1/6,IF(AO$2="FNT1655",$G28*1/6,IF(AO$2="FNT1657",$G28*2/6,"")))),IF($F28="FNT1608-K",IF(AO$2="FNT1653",$G28*1/6,IF(AO$2="FNT1654",$G28*2/6,IF(AO$2="FNT1655",$G28*1/6,IF(AO$2="FNT1657",$G28*2/6,"")))),IF($F28=AO$2,$G28,""))))),"") | AP28: 1.88 | AQ28: =SUM(J28:AO28)*AP28 -> 26.32 | AR28: =AQ28*7.75 -> 203.98
A29: 45917 | B29: 45930 | C29: V2 | E29: CNR267189 | F29: FNT1624 | G29: 14 | H29: 美文包装+RPET吸塑 | I29: =IFERROR(VLOOKUP(F29,名称!A:C,3,0),"") -> FNT | J29: =IF(AND($F29=J$2,$G29>0),$G29,"") | K29: =IF(AND($F29=K$2,$G29>0),$G29,"") | L29: =IF(AND($F29=L$2,$G29>0),$G29,"") | M29: =IF(AND($F29=M$2,$G29>0),$G29,"") | N29: =IF(AND($F29=N$2,$G29>0),$G29,"") | O29: =IF(AND($F29=O$2,$G29>0),$G29,"") | P29: =IF(AND($F29=P$2,$G29>0),$G29,"") | Q29: =IF(AND($F29=Q$2,$G29>0),$G29,"") -> 14 | ... AC29: =IF(AND($F29=AC$2,$G29>0),$G29,"") | AD29: =IF(AND($G29>0,$F29<>""),IF(OR($F29="FNT1608-G",$F29="FNT1675-G"),IF(OR(AD$2="FNT1611",AD$2="FNT1610",AD$2="FNT1609"),$G29/3,""),IF($F29=AD$2,$G29,"")),"") | AE29: =IF(AND($G29>0,$F29<>""),IF(OR($F29="FNT1608-G",$F29="FNT1675-G"),IF(OR(AE$2="FNT1611",AE$2="FNT1610",AE$2="FNT1609"),$G29/3,""),IF($F29=AE$2,$G29,"")),"") | AF29: =IF(AND($G29>0,$F29<>""),IF(OR($F29="FNT1608-G",$F29="FNT1675-G"),IF(OR(AF$2="FNT1611",AF$2="FNT1610",AF$2="FNT1609"),$G29/3,""),IF($F29=AF$2,$G29,"")),"") | AG29: =IF(AND($G29>0,$F29<>""),IF($F29="FNT1608-H",IF(OR(AG$2="FNT1618",AG$2="FNT1619",AG$2="FNT1620"),$G29/3,""),IF($F29=AG$2,$G29,"")),"") | AH29: =IF(AND($G29>0,$F29<>""),IF($F29="FNT1608-H",IF(OR(AH$2="FNT1618",AH$2="FNT1619",AH$2="FNT1620"),$G29/3,""),IF($F29=AH$2,$G29,"")),"") | AI29: =IF(AND($G29>0,$F29<>""),IF($F29="FNT1608-H",IF(OR(AI$2="FNT1618",AI$2="FNT1619",AI$2="FNT1620"),$G29/3,""),IF($F29=AI$2,$G29,"")),"") | AJ29: =IF(AND($G29>0,$F29<>""),IF($F29="FNT1608-I",IF(AJ$2="FNT1653",$G29*2/6,IF(AJ$2="FNT1654",$G29*1/6,IF(AJ$2="FNT1655",$G29*1/6,IF(AJ$2="FNT1657",$G29*2/6,"")))),IF($F29="FNT1608-K",IF(AJ$2="FNT1653",$G29*1/6,IF(AJ$2="FNT1654",$G29*2/6,IF(AJ$2="FNT1655",$G29*1/6,IF(AJ$2="FNT1657",$G29*2/6,"")))),IF($F29=AJ$2,$G29,""))),"") | AK29: =IF(AND($G29>0,$F29<>""),IF($F29="FNT1608-I",IF(AK$2="FNT1653",$G29*2/6,IF(AK$2="FNT1654",$G29*1/6,IF(AK$2="FNT1655",$G29*1/6,IF(AK$2="FNT1657",$G29*2/6,"")))),IF($F29="FNT1608-K",IF(AK$2="FNT1653",$G29*1/6,IF(AK$2="FNT1654",$G29*2/6,IF(AK$2="FNT1655",$G29*1/6,IF(AK$2="FNT1657",$G29*2/6,"")))),IF($F29=AK$2,$G29,""))),"") | AL29: =IF(AND($G29>0,$F29<>""),IF($F29="FNT1608-I",IF(AL$2="FNT1653",$G29*2/6,IF(AL$2="FNT1654",$G29*1/6,IF(AL$2="FNT1655",$G29*1/6,IF(AL$2="FNT1657",$G29*2/6,"")))),IF($F29="FNT1608-K",IF(AL$2="FNT1653",$G29*1/6,IF(AL$2="FNT1654",$G29*2/6,IF(AL$2="FNT1655",$G29*1/6,IF(AL$2="FNT1657",$G29*2/6,"")))),IF($F29=AL$2,$G29,""))),"") | AM29: =IF(AND($G29>0,$F29<>""),IF($F29="FNT1608-I",IF(AM$2="FNT1653",$G29*2/6,IF(AM$2="FNT1654",$G29*1/6,IF(AM$2="FNT1655",$G29*1/6,IF(AM$2="FNT1657",$G29*2/6,"")))),IF($F29="FNT1608-K",IF(AM$2="FNT1653",$G29*1/6,IF(AM$2="FNT1654",$G29*2/6,IF(AM$2="FNT1655",$G29*1/6,IF(AM$2="FNT1657",$G29*2/6,"")))),IF($F29=AM$2,$G29,""))),"") | AN29: =IF(AND($G29>0,$F29<>""),IF(OR($F29="FNT1608-G",$F29="FNT1675-G"),IF(OR(AN$2="FNT1611",AN$2="FNT1610",AN$2="FNT1609"),$G29/3,""),IF($F29="FNT1608-H",IF(OR(AN$2="FNT1618",AN$2="FNT1619",AN$2="FNT1620"),$G29/3,""),IF($F29="FNT1608-I",IF(AN$2="FNT1653",$G29*2/6,IF(AN$2="FNT1654",$G29*1/6,IF(AN$2="FNT1655",$G29*1/6,IF(AN$2="FNT1657",$G29*2/6,"")))),IF($F29="FNT1608-K",IF(AN$2="FNT1653",$G29*1/6,IF(AN$2="FNT1654",$G29*2/6,IF(AN$2="FNT1655",$G29*1/6,IF(AN$2="FNT1657",$G29*2/6,"")))),IF($F29=AN$2,$G29,""))))),"") | AO29: =IF(AND($G29>0,$F29<>""),IF(OR($F29="FNT1608-G",$F29="FNT1675-G"),IF(OR(AO$2="FNT1611",AO$2="FNT1610",AO$2="FNT1609"),$G29/3,""),IF($F29="FNT1608-H",IF(OR(AO$2="FNT1618",AO$2="FNT1619",AO$2="FNT1620"),$G29/3,""),IF($F29="FNT1608-I",IF(AO$2="FNT1653",$G29*2/6,IF(AO$2="FNT1654",$G29*1/6,IF(AO$2="FNT1655",$G29*1/6,IF(AO$2="FNT1657",$G29*2/6,"")))),IF($F29="FNT1608-K",IF(AO$2="FNT1653",$G29*1/6,IF(AO$2="FNT1654",$G29*2/6,IF(AO$2="FNT1655",$G29*1/6,IF(AO$2="FNT1657",$G29*2/6,"")))),IF($F29=AO$2,$G29,""))))),"") | AP29: 7.86 | AQ29: =SUM(J29:AO29)*AP29 -> 110.04 | AR29: =AQ29*7.75 -> 852.81
A30: 45917 | B30: 45964 | C30: V1 | D30: 10001441544 | E30: JAZ264309 | F30: SNF0182 | G30: =4101-1200+399-501 -> 2799 | H30: 7L包装+RPET吸塑 | I30: =IFERROR(VLOOKUP(F30,名称!A:C,3,0),"") -> SNF | J30: =IF(AND($F30=J$2,$G30>0),$G30,"") | K30: =IF(AND($F30=K$2,$G30>0),$G30,"") | L30: =IF(AND($F30=L$2,$G30>0),$G30,"") | M30: =IF(AND($F30=M$2,$G30>0),$G30,"") | N30: =IF(AND($F30=N$2,$G30>0),$G30,"") | O30: =IF(AND($F30=O$2,$G30>0),$G30,"") | P30: =IF(AND($F30=P$2,$G30>0),$G30,"") | Q30: =IF(AND($F30=Q$2,$G30>0),$G30,"") | ... AC30: =IF(AND($F30=AC$2,$G30>0),$G30,"") | AD30: =IF(AND($G30>0,$F30<>""),IF(OR($F30="FNT1608-G",$F30="FNT1675-G"),IF(OR(AD$2="FNT1611",AD$2="FNT1610",AD$2="FNT1609"),$G30/3,""),IF($F30=AD$2,$G30,"")),"") | AE30: =IF(AND($G30>0,$F30<>""),IF(OR($F30="FNT1608-G",$F30="FNT1675-G"),IF(OR(AE$2="FNT1611",AE$2="FNT1610",AE$2="FNT1609"),$G30/3,""),IF($F30=AE$2,$G30,"")),"") | AF30: =IF(AND($G30>0,$F30<>""),IF(OR($F30="FNT1608-G",$F30="FNT1675-G"),IF(OR(AF$2="FNT1611",AF$2="FNT1610",AF$2="FNT1609"),$G30/3,""),IF($F30=AF$2,$G30,"")),"") | AG30: =IF(AND($G30>0,$F30<>""),IF($F30="FNT1608-H",IF(OR(AG$2="FNT1618",AG$2="FNT1619",AG$2="FNT1620"),$G30/3,""),IF($F30=AG$2,$G30,"")),"") | AH30: =IF(AND($G30>0,$F30<>""),IF($F30="FNT1608-H",IF(OR(AH$2="FNT1618",AH$2="FNT1619",AH$2="FNT1620"),$G30/3,""),IF($F30=AH$2,$G30,"")),"") | AI30: =IF(AND($G30>0,$F30<>""),IF($F30="FNT1608-H",IF(OR(AI$2="FNT1618",AI$2="FNT1619",AI$2="FNT1620"),$G30/3,""),IF($F30=AI$2,$G30,"")),"") | AJ30: =IF(AND($G30>0,$F30<>""),IF($F30="FNT1608-I",IF(AJ$2="FNT1653",$G30*2/6,IF(AJ$2="FNT1654",$G30*1/6,IF(AJ$2="FNT1655",$G30*1/6,IF(AJ$2="FNT1657",$G30*2/6,"")))),IF($F30="FNT1608-K",IF(AJ$2="FNT1653",$G30*1/6,IF(AJ$2="FNT1654",$G30*2/6,IF(AJ$2="FNT1655",$G30*1/6,IF(AJ$2="FNT1657",$G30*2/6,"")))),IF($F30=AJ$2,$G30,""))),"") | AK30: =IF(AND($G30>0,$F30<>""),IF($F30="FNT1608-I",IF(AK$2="FNT1653",$G30*2/6,IF(AK$2="FNT1654",$G30*1/6,IF(AK$2="FNT1655",$G30*1/6,IF(AK$2="FNT1657",$G30*2/6,"")))),IF($F30="FNT1608-K",IF(AK$2="FNT1653",$G30*1/6,IF(AK$2="FNT1654",$G30*2/6,IF(AK$2="FNT1655",$G30*1/6,IF(AK$2="FNT1657",$G30*2/6,"")))),IF($F30=AK$2,$G30,""))),"") | AL30: =IF(AND($G30>0,$F30<>""),IF($F30="FNT1608-I",IF(AL$2="FNT1653",$G30*2/6,IF(AL$2="FNT1654",$G30*1/6,IF(AL$2="FNT1655",$G30*1/6,IF(AL$2="FNT1657",$G30*2/6,"")))),IF($F30="FNT1608-K",IF(AL$2="FNT1653",$G30*1/6,IF(AL$2="FNT1654",$G30*2/6,IF(AL$2="FNT1655",$G30*1/6,IF(AL$2="FNT1657",$G30*2/6,"")))),IF($F30=AL$2,$G30,""))),"") | AM30: =IF(AND($G30>0,$F30<>""),IF($F30="FNT1608-I",IF(AM$2="FNT1653",$G30*2/6,IF(AM$2="FNT1654",$G30*1/6,IF(AM$2="FNT1655",$G30*1/6,IF(AM$2="FNT1657",$G30*2/6,"")))),IF($F30="FNT1608-K",IF(AM$2="FNT1653",$G30*1/6,IF(AM$2="FNT1654",$G30*2/6,IF(AM$2="FNT1655",$G30*1/6,IF(AM$2="FNT1657",$G30*2/6,"")))),IF($F30=AM$2,$G30,""))),"") | AN30: =IF(AND($G30>0,$F30<>""),IF(OR($F30="FNT1608-G",$F30="FNT1675-G"),IF(OR(AN$2="FNT1611",AN$2="FNT1610",AN$2="FNT1609"),$G30/3,""),IF($F30="FNT1608-H",IF(OR(AN$2="FNT1618",AN$2="FNT1619",AN$2="FNT1620"),$G30/3,""),IF($F30="FNT1608-I",IF(AN$2="FNT1653",$G30*2/6,IF(AN$2="FNT1654",$G30*1/6,IF(AN$2="FNT1655",$G30*1/6,IF(AN$2="FNT1657",$G30*2/6,"")))),IF($F30="FNT1608-K",IF(AN$2="FNT1653",$G30*1/6,IF(AN$2="FNT1654",$G30*2/6,IF(AN$2="FNT1655",$G30*1/6,IF(AN$2="FNT1657",$G30*2/6,"")))),IF($F30=AN$2,$G30,""))))),"") | AO30: =IF(AND($G30>0,$F30<>""),IF(OR($F30="FNT1608-G",$F30="FNT1675-G"),IF(OR(AO$2="FNT1611",AO$2="FNT1610",AO$2="FNT1609"),$G30/3,""),IF($F30="FNT1608-H",IF(OR(AO$2="FNT1618",AO$2="FNT1619",AO$2="FNT1620"),$G30/3,""),IF($F30="FNT1608-I",IF(AO$2="FNT1653",$G30*2/6,IF(AO$2="FNT1654",$G30*1/6,IF(AO$2="FNT1655",$G30*1/6,IF(AO$2="FNT1657",$G30*2/6,"")))),IF($F30="FNT1608-K",IF(AO$2="FNT1653",$G30*1/6,IF(AO$2="FNT1654",$G30*2/6,IF(AO$2="FNT1655",$G30*1/6,IF(AO$2="FNT1657",$G30*2/6,"")))),IF($F30=AO$2,$G30,""))))),"") | AP30: 3.64 | AQ30: =SUM(J30:AO30)*AP30 -> 10188.36 | AR30: =AQ30*7.75 -> 78959.79
A31: 45940 | B31: 45962 | C31: V2 | E31: JAZ273857 | F31: SNF0355 | G31: =204-156 -> 48 | H31: 3L包装+RPET吸塑 | I31: =IFERROR(VLOOKUP(F31,名称!A:C,3,0),"") -> SNF | J31: =IF(AND($F31=J$2,$G31>0),$G31,"") | K31: =IF(AND($F31=K$2,$G31>0),$G31,"") | L31: =IF(AND($F31=L$2,$G31>0),$G31,"") | M31: =IF(AND($F31=M$2,$G31>0),$G31,"") | N31: =IF(AND($F31=N$2,$G31>0),$G31,"") | O31: =IF(AND($F31=O$2,$G31>0),$G31,"") | P31: =IF(AND($F31=P$2,$G31>0),$G31,"") | Q31: =IF(AND($F31=Q$2,$G31>0),$G31,"") | ... AC31: =IF(AND($F31=AC$2,$G31>0),$G31,"") -> 48 | AD31: =IF(AND($G31>0,$F31<>""),IF(OR($F31="FNT1608-G",$F31="FNT1675-G"),IF(OR(AD$2="FNT1611",AD$2="FNT1610",AD$2="FNT1609"),$G31/3,""),IF($F31=AD$2,$G31,"")),"") | AE31: =IF(AND($G31>0,$F31<>""),IF(OR($F31="FNT1608-G",$F31="FNT1675-G"),IF(OR(AE$2="FNT1611",AE$2="FNT1610",AE$2="FNT1609"),$G31/3,""),IF($F31=AE$2,$G31,"")),"") | AF31: =IF(AND($G31>0,$F31<>""),IF(OR($F31="FNT1608-G",$F31="FNT1675-G"),IF(OR(AF$2="FNT1611",AF$2="FNT1610",AF$2="FNT1609"),$G31/3,""),IF($F31=AF$2,$G31,"")),"") | AG31: =IF(AND($G31>0,$F31<>""),IF($F31="FNT1608-H",IF(OR(AG$2="FNT1618",AG$2="FNT1619",AG$2="FNT1620"),$G31/3,""),IF($F31=AG$2,$G31,"")),"") | AH31: =IF(AND($G31>0,$F31<>""),IF($F31="FNT1608-H",IF(OR(AH$2="FNT1618",AH$2="FNT1619",AH$2="FNT1620"),$G31/3,""),IF($F31=AH$2,$G31,"")),"") | AI31: =IF(AND($G31>0,$F31<>""),IF($F31="FNT1608-H",IF(OR(AI$2="FNT1618",AI$2="FNT1619",AI$2="FNT1620"),$G31/3,""),IF($F31=AI$2,$G31,"")),"") | AJ31: =IF(AND($G31>0,$F31<>""),IF($F31="FNT1608-I",IF(AJ$2="FNT1653",$G31*2/6,IF(AJ$2="FNT1654",$G31*1/6,IF(AJ$2="FNT1655",$G31*1/6,IF(AJ$2="FNT1657",$G31*2/6,"")))),IF($F31="FNT1608-K",IF(AJ$2="FNT1653",$G31*1/6,IF(AJ$2="FNT1654",$G31*2/6,IF(AJ$2="FNT1655",$G31*1/6,IF(AJ$2="FNT1657",$G31*2/6,"")))),IF($F31=AJ$2,$G31,""))),"") | AK31: =IF(AND($G31>0,$F31<>""),IF($F31="FNT1608-I",IF(AK$2="FNT1653",$G31*2/6,IF(AK$2="FNT1654",$G31*1/6,IF(AK$2="FNT1655",$G31*1/6,IF(AK$2="FNT1657",$G31*2/6,"")))),IF($F31="FNT1608-K",IF(AK$2="FNT1653",$G31*1/6,IF(AK$2="FNT1654",$G31*2/6,IF(AK$2="FNT1655",$G31*1/6,IF(AK$2="FNT1657",$G31*2/6,"")))),IF($F31=AK$2,$G31,""))),"") | AL31: =IF(AND($G31>0,$F31<>""),IF($F31="FNT1608-I",IF(AL$2="FNT1653",$G31*2/6,IF(AL$2="FNT1654",$G31*1/6,IF(AL$2="FNT1655",$G31*1/6,IF(AL$2="FNT1657",$G31*2/6,"")))),IF($F31="FNT1608-K",IF(AL$2="FNT1653",$G31*1/6,IF(AL$2="FNT1654",$G31*2/6,IF(AL$2="FNT1655",$G31*1/6,IF(AL$2="FNT1657",$G31*2/6,"")))),IF($F31=AL$2,$G31,""))),"") | AM31: =IF(AND($G31>0,$F31<>""),IF($F31="FNT1608-I",IF(AM$2="FNT1653",$G31*2/6,IF(AM$2="FNT1654",$G31*1/6,IF(AM$2="FNT1655",$G31*1/6,IF(AM$2="FNT1657",$G31*2/6,"")))),IF($F31="FNT1608-K",IF(AM$2="FNT1653",$G31*1/6,IF(AM$2="FNT1654",$G31*2/6,IF(AM$2="FNT1655",$G31*1/6,IF(AM$2="FNT1657",$G31*2/6,"")))),IF($F31=AM$2,$G31,""))),"") | AN31: =IF(AND($G31>0,$F31<>""),IF(OR($F31="FNT1608-G",$F31="FNT1675-G"),IF(OR(AN$2="FNT1611",AN$2="FNT1610",AN$2="FNT1609"),$G31/3,""),IF($F31="FNT1608-H",IF(OR(AN$2="FNT1618",AN$2="FNT1619",AN$2="FNT1620"),$G31/3,""),IF($F31="FNT1608-I",IF(AN$2="FNT1653",$G31*2/6,IF(AN$2="FNT1654",$G31*1/6,IF(AN$2="FNT1655",$G31*1/6,IF(AN$2="FNT1657",$G31*2/6,"")))),IF($F31="FNT1608-K",IF(AN$2="FNT1653",$G31*1/6,IF(AN$2="FNT1654",$G31*2/6,IF(AN$2="FNT1655",$G31*1/6,IF(AN$2="FNT1657",$G31*2/6,"")))),IF($F31=AN$2,$G31,""))))),"") | AO31: =IF(AND($G31>0,$F31<>""),IF(OR($F31="FNT1608-G",$F31="FNT1675-G"),IF(OR(AO$2="FNT1611",AO$2="FNT1610",AO$2="FNT1609"),$G31/3,""),IF($F31="FNT1608-H",IF(OR(AO$2="FNT1618",AO$2="FNT1619",AO$2="FNT1620"),$G31/3,""),IF($F31="FNT1608-I",IF(AO$2="FNT1653",$G31*2/6,IF(AO$2="FNT1654",$G31*1/6,IF(AO$2="FNT1655",$G31*1/6,IF(AO$2="FNT1657",$G31*2/6,"")))),IF($F31="FNT1608-K",IF(AO$2="FNT1653",$G31*1/6,IF(AO$2="FNT1654",$G31*2/6,IF(AO$2="FNT1655",$G31*1/6,IF(AO$2="FNT1657",$G31*2/6,"")))),IF($F31=AO$2,$G31,""))))),"") | AP31: 4.28 | AQ31: =SUM(J31:AO31)*AP31 -> 205.44 | AR31: =AQ31*7.75 -> 1592.16
A32: 45940 | B32: 45960 | C32: V4 | E32: NECO-INV | F32: FNT1608-G | G32: 1800 | H32: 美文包装+RPET吸塑 | I32: =IFERROR(VLOOKUP(F32,名称!A:C,3,0),"") -> FNT | J32: =IF(AND($F32=J$2,$G32>0),$G32,"") | K32: =IF(AND($F32=K$2,$G32>0),$G32,"") | L32: =IF(AND($F32=L$2,$G32>0),$G32,"") | M32: =IF(AND($F32=M$2,$G32>0),$G32,"") | N32: =IF(AND($F32=N$2,$G32>0),$G32,"") | O32: =IF(AND($F32=O$2,$G32>0),$G32,"") | P32: =IF(AND($F32=P$2,$G32>0),$G32,"") | Q32: =IF(AND($F32=Q$2,$G32>0),$G32,"") | ... AC32: =IF(AND($F32=AC$2,$G32>0),$G32,"") | AD32: =IF(AND($G32>0,$F32<>""),IF(OR($F32="FNT1608-G",$F32="FNT1675-G"),IF(OR(AD$2="FNT1611",AD$2="FNT1610",AD$2="FNT1609"),$G32/3,""),IF($F32=AD$2,$G32,"")),"") -> 600 | AE32: =IF(AND($G32>0,$F32<>""),IF(OR($F32="FNT1608-G",$F32="FNT1675-G"),IF(OR(AE$2="FNT1611",AE$2="FNT1610",AE$2="FNT1609"),$G32/3,""),IF($F32=AE$2,$G32,"")),"") -> 600 | AF32: =IF(AND($G32>0,$F32<>""),IF(OR($F32="FNT1608-G",$F32="FNT1675-G"),IF(OR(AF$2="FNT1611",AF$2="FNT1610",AF$2="FNT1609"),$G32/3,""),IF($F32=AF$2,$G32,"")),"") -> 600 | AG32: =IF(AND($G32>0,$F32<>""),IF($F32="FNT1608-H",IF(OR(AG$2="FNT1618",AG$2="FNT1619",AG$2="FNT1620"),$G32/3,""),IF($F32=AG$2,$G32,"")),"") | AH32: =IF(AND($G32>0,$F32<>""),IF($F32="FNT1608-H",IF(OR(AH$2="FNT1618",AH$2="FNT1619",AH$2="FNT1620"),$G32/3,""),IF($F32=AH$2,$G32,"")),"") | AI32: =IF(AND($G32>0,$F32<>""),IF($F32="FNT1608-H",IF(OR(AI$2="FNT1618",AI$2="FNT1619",AI$2="FNT1620"),$G32/3,""),IF($F32=AI$2,$G32,"")),"") | AJ32: =IF(AND($G32>0,$F32<>""),IF($F32="FNT1608-I",IF(AJ$2="FNT1653",$G32*2/6,IF(AJ$2="FNT1654",$G32*1/6,IF(AJ$2="FNT1655",$G32*1/6,IF(AJ$2="FNT1657",$G32*2/6,"")))),IF($F32="FNT1608-K",IF(AJ$2="FNT1653",$G32*1/6,IF(AJ$2="FNT1654",$G32*2/6,IF(AJ$2="FNT1655",$G32*1/6,IF(AJ$2="FNT1657",$G32*2/6,"")))),IF($F32=AJ$2,$G32,""))),"") | AK32: =IF(AND($G32>0,$F32<>""),IF($F32="FNT1608-I",IF(AK$2="FNT1653",$G32*2/6,IF(AK$2="FNT1654",$G32*1/6,IF(AK$2="FNT1655",$G32*1/6,IF(AK$2="FNT1657",$G32*2/6,"")))),IF($F32="FNT1608-K",IF(AK$2="FNT1653",$G32*1/6,IF(AK$2="FNT1654",$G32*2/6,IF(AK$2="FNT1655",$G32*1/6,IF(AK$2="FNT1657",$G32*2/6,"")))),IF($F32=AK$2,$G32,""))),"") | AL32: =IF(AND($G32>0,$F32<>""),IF($F32="FNT1608-I",IF(AL$2="FNT1653",$G32*2/6,IF(AL$2="FNT1654",$G32*1/6,IF(AL$2="FNT1655",$G32*1/6,IF(AL$2="FNT1657",$G32*2/6,"")))),IF($F32="FNT1608-K",IF(AL$2="FNT1653",$G32*1/6,IF(AL$2="FNT1654",$G32*2/6,IF(AL$2="FNT1655",$G32*1/6,IF(AL$2="FNT1657",$G32*2/6,"")))),IF($F32=AL$2,$G32,""))),"") | AM32: =IF(AND($G32>0,$F32<>""),IF($F32="FNT1608-I",IF(AM$2="FNT1653",$G32*2/6,IF(AM$2="FNT1654",$G32*1/6,IF(AM$2="FNT1655",$G32*1/6,IF(AM$2="FNT1657",$G32*2/6,"")))),IF($F32="FNT1608-K",IF(AM$2="FNT1653",$G32*1/6,IF(AM$2="FNT1654",$G32*2/6,IF(AM$2="FNT1655",$G32*1/6,IF(AM$2="FNT1657",$G32*2/6,"")))),IF($F32=AM$2,$G32,""))),"") | AN32: =IF(AND($G32>0,$F32<>""),IF(OR($F32="FNT1608-G",$F32="FNT1675-G"),IF(OR(AN$2="FNT1611",AN$2="FNT1610",AN$2="FNT1609"),$G32/3,""),IF($F32="FNT1608-H",IF(OR(AN$2="FNT1618",AN$2="FNT1619",AN$2="FNT1620"),$G32/3,""),IF($F32="FNT1608-I",IF(AN$2="FNT1653",$G32*2/6,IF(AN$2="FNT1654",$G32*1/6,IF(AN$2="FNT1655",$G32*1/6,IF(AN$2="FNT1657",$G32*2/6,"")))),IF($F32="FNT1608-K",IF(AN$2="FNT1653",$G32*1/6,IF(AN$2="FNT1654",$G32*2/6,IF(AN$2="FNT1655",$G32*1/6,IF(AN$2="FNT1657",$G32*2/6,"")))),IF($F32=AN$2,$G32,""))))),"") | AO32: =IF(AND($G32>0,$F32<>""),IF(OR($F32="FNT1608-G",$F32="FNT1675-G"),IF(OR(AO$2="FNT1611",AO$2="FNT1610",AO$2="FNT1609"),$G32/3,""),IF($F32="FNT1608-H",IF(OR(AO$2="FNT1618",AO$2="FNT1619",AO$2="FNT1620"),$G32/3,""),IF($F32="FNT1608-I",IF(AO$2="FNT1653",$G32*2/6,IF(AO$2="FNT1654",$G32*1/6,IF(AO$2="FNT1655",$G32*1/6,IF(AO$2="FNT1657",$G32*2/6,"")))),IF($F32="FNT1608-K",IF(AO$2="FNT1653",$G32*1/6,IF(AO$2="FNT1654",$G32*2/6,IF(AO$2="FNT1655",$G32*1/6,IF(AO$2="FNT1657",$G32*2/6,"")))),IF($F32=AO$2,$G32,""))))),"") | AP32: 2.06 | AQ32: =SUM(J32:AO32)*AP32 -> 3708 | AR32: =AQ32*7.75 -> 28737
A33: 45947 | B33: 46020 | C33: V3 | D33: JAZ208957 | E33: 60255937 | F33: CMW0029 | G33: 2394 | H33: 美文包装+RPET吸塑 | I33: =IFERROR(VLOOKUP(F33,名称!A:C,3,0),"") -> CMW | J33: =IF(AND($F33=J$2,$G33>0),$G33,"") | K33: =IF(AND($F33=K$2,$G33>0),$G33,"") -> 2394 | L33: =IF(AND($F33=L$2,$G33>0),$G33,"") | M33: =IF(AND($F33=M$2,$G33>0),$G33,"") | N33: =IF(AND($F33=N$2,$G33>0),$G33,"") | O33: =IF(AND($F33=O$2,$G33>0),$G33,"") | P33: =IF(AND($F33=P$2,$G33>0),$G33,"") | Q33: =IF(AND($F33=Q$2,$G33>0),$G33,"") | ... AC33: =IF(AND($F33=AC$2,$G33>0),$G33,"") | AD33: =IF(AND($G33>0,$F33<>""),IF(OR($F33="FNT1608-G",$F33="FNT1675-G"),IF(OR(AD$2="FNT1611",AD$2="FNT1610",AD$2="FNT1609"),$G33/3,""),IF($F33=AD$2,$G33,"")),"") | AE33: =IF(AND($G33>0,$F33<>""),IF(OR($F33="FNT1608-G",$F33="FNT1675-G"),IF(OR(AE$2="FNT1611",AE$2="FNT1610",AE$2="FNT1609"),$G33/3,""),IF($F33=AE$2,$G33,"")),"") | AF33: =IF(AND($G33>0,$F33<>""),IF(OR($F33="FNT1608-G",$F33="FNT1675-G"),IF(OR(AF$2="FNT1611",AF$2="FNT1610",AF$2="FNT1609"),$G33/3,""),IF($F33=AF$2,$G33,"")),"") | AG33: =IF(AND($G33>0,$F33<>""),IF($F33="FNT1608-H",IF(OR(AG$2="FNT1618",AG$2="FNT1619",AG$2="FNT1620"),$G33/3,""),IF($F33=AG$2,$G33,"")),"") | AH33: =IF(AND($G33>0,$F33<>""),IF($F33="FNT1608-H",IF(OR(AH$2="FNT1618",AH$2="FNT1619",AH$2="FNT1620"),$G33/3,""),IF($F33=AH$2,$G33,"")),"") | AI33: =IF(AND($G33>0,$F33<>""),IF($F33="FNT1608-H",IF(OR(AI$2="FNT1618",AI$2="FNT1619",AI$2="FNT1620"),$G33/3,""),IF($F33=AI$2,$G33,"")),"") | AJ33: =IF(AND($G33>0,$F33<>""),IF($F33="FNT1608-I",IF(AJ$2="FNT1653",$G33*2/6,IF(AJ$2="FNT1654",$G33*1/6,IF(AJ$2="FNT1655",$G33*1/6,IF(AJ$2="FNT1657",$G33*2/6,"")))),IF($F33="FNT1608-K",IF(AJ$2="FNT1653",$G33*1/6,IF(AJ$2="FNT1654",$G33*2/6,IF(AJ$2="FNT1655",$G33*1/6,IF(AJ$2="FNT1657",$G33*2/6,"")))),IF($F33=AJ$2,$G33,""))),"") | AK33: =IF(AND($G33>0,$F33<>""),IF($F33="FNT1608-I",IF(AK$2="FNT1653",$G33*2/6,IF(AK$2="FNT1654",$G33*1/6,IF(AK$2="FNT1655",$G33*1/6,IF(AK$2="FNT1657",$G33*2/6,"")))),IF($F33="FNT1608-K",IF(AK$2="FNT1653",$G33*1/6,IF(AK$2="FNT1654",$G33*2/6,IF(AK$2="FNT1655",$G33*1/6,IF(AK$2="FNT1657",$G33*2/6,"")))),IF($F33=AK$2,$G33,""))),"") | AL33: =IF(AND($G33>0,$F33<>""),IF($F33="FNT1608-I",IF(AL$2="FNT1653",$G33*2/6,IF(AL$2="FNT1654",$G33*1/6,IF(AL$2="FNT1655",$G33*1/6,IF(AL$2="FNT1657",$G33*2/6,"")))),IF($F33="FNT1608-K",IF(AL$2="FNT1653",$G33*1/6,IF(AL$2="FNT1654",$G33*2/6,IF(AL$2="FNT1655",$G33*1/6,IF(AL$2="FNT1657",$G33*2/6,"")))),IF($F33=AL$2,$G33,""))),"") | AM33: =IF(AND($G33>0,$F33<>""),IF($F33="FNT1608-I",IF(AM$2="FNT1653",$G33*2/6,IF(AM$2="FNT1654",$G33*1/6,IF(AM$2="FNT1655",$G33*1/6,IF(AM$2="FNT1657",$G33*2/6,"")))),IF($F33="FNT1608-K",IF(AM$2="FNT1653",$G33*1/6,IF(AM$2="FNT1654",$G33*2/6,IF(AM$2="FNT1655",$G33*1/6,IF(AM$2="FNT1657",$G33*2/6,"")))),IF($F33=AM$2,$G33,""))),"") | AN33: =IF(AND($G33>0,$F33<>""),IF(OR($F33="FNT1608-G",$F33="FNT1675-G"),IF(OR(AN$2="FNT1611",AN$2="FNT1610",AN$2="FNT1609"),$G33/3,""),IF($F33="FNT1608-H",IF(OR(AN$2="FNT1618",AN$2="FNT1619",AN$2="FNT1620"),$G33/3,""),IF($F33="FNT1608-I",IF(AN$2="FNT1653",$G33*2/6,IF(AN$2="FNT1654",$G33*1/6,IF(AN$2="FNT1655",$G33*1/6,IF(AN$2="FNT1657",$G33*2/6,"")))),IF($F33="FNT1608-K",IF(AN$2="FNT1653",$G33*1/6,IF(AN$2="FNT1654",$G33*2/6,IF(AN$2="FNT1655",$G33*1/6,IF(AN$2="FNT1657",$G33*2/6,"")))),IF($F33=AN$2,$G33,""))))),"") | AO33: =IF(AND($G33>0,$F33<>""),IF(OR($F33="FNT1608-G",$F33="FNT1675-G"),IF(OR(AO$2="FNT1611",AO$2="FNT1610",AO$2="FNT1609"),$G33/3,""),IF($F33="FNT1608-H",IF(OR(AO$2="FNT1618",AO$2="FNT1619",AO$2="FNT1620"),$G33/3,""),IF($F33="FNT1608-I",IF(AO$2="FNT1653",$G33*2/6,IF(AO$2="FNT1654",$G33*1/6,IF(AO$2="FNT1655",$G33*1/6,IF(AO$2="FNT1657",$G33*2/6,"")))),IF($F33="FNT1608-K",IF(AO$2="FNT1653",$G33*1/6,IF(AO$2="FNT1654",$G33*2/6,IF(AO$2="FNT1655",$G33*1/6,IF(AO$2="FNT1657",$G33*2/6,"")))),IF($F33=AO$2,$G33,""))))),"") | AP33: 1.408 | AQ33: =SUM(J33:AO33)*AP33 -> 3370.75 | AR33: =AQ33*7.75 -> 26123.31
A34: 45950 | B34: 46024 | C34: V1 | D34: JAZ273716 | E34: 4Q5K3FON | F34: SNF0355 | G34: 336 | H34: 3L包装+RPET吸塑 | I34: =IFERROR(VLOOKUP(F34,名称!A:C,3,0),"") -> SNF | J34: =IF(AND($F34=J$2,$G34>0),$G34,"") | K34: =IF(AND($F34=K$2,$G34>0),$G34,"") | L34: =IF(AND($F34=L$2,$G34>0),$G34,"") | M34: =IF(AND($F34=M$2,$G34>0),$G34,"") | N34: =IF(AND($F34=N$2,$G34>0),$G34,"") | O34: =IF(AND($F34=O$2,$G34>0),$G34,"") | P34: =IF(AND($F34=P$2,$G34>0),$G34,"") | Q34: =IF(AND($F34=Q$2,$G34>0),$G34,"") | ... AC34: =IF(AND($F34=AC$2,$G34>0),$G34,"") -> 336 | AD34: =IF(AND($G34>0,$F34<>""),IF(OR($F34="FNT1608-G",$F34="FNT1675-G"),IF(OR(AD$2="FNT1611",AD$2="FNT1610",AD$2="FNT1609"),$G34/3,""),IF($F34=AD$2,$G34,"")),"") | AE34: =IF(AND($G34>0,$F34<>""),IF(OR($F34="FNT1608-G",$F34="FNT1675-G"),IF(OR(AE$2="FNT1611",AE$2="FNT1610",AE$2="FNT1609"),$G34/3,""),IF($F34=AE$2,$G34,"")),"") | AF34: =IF(AND($G34>0,$F34<>""),IF(OR($F34="FNT1608-G",$F34="FNT1675-G"),IF(OR(AF$2="FNT1611",AF$2="FNT1610",AF$2="FNT1609"),$G34/3,""),IF($F34=AF$2,$G34,"")),"") | AG34: =IF(AND($G34>0,$F34<>""),IF($F34="FNT1608-H",IF(OR(AG$2="FNT1618",AG$2="FNT1619",AG$2="FNT1620"),$G34/3,""),IF($F34=AG$2,$G34,"")),"") | AH34: =IF(AND($G34>0,$F34<>""),IF($F34="FNT1608-H",IF(OR(AH$2="FNT1618",AH$2="FNT1619",AH$2="FNT1620"),$G34/3,""),IF($F34=AH$2,$G34,"")),"") | AI34: =IF(AND($G34>0,$F34<>""),IF($F34="FNT1608-H",IF(OR(AI$2="FNT1618",AI$2="FNT1619",AI$2="FNT1620"),$G34/3,""),IF($F34=AI$2,$G34,"")),"") | AJ34: =IF(AND($G34>0,$F34<>""),IF($F34="FNT1608-I",IF(AJ$2="FNT1653",$G34*2/6,IF(AJ$2="FNT1654",$G34*1/6,IF(AJ$2="FNT1655",$G34*1/6,IF(AJ$2="FNT1657",$G34*2/6,"")))),IF($F34="FNT1608-K",IF(AJ$2="FNT1653",$G34*1/6,IF(AJ$2="FNT1654",$G34*2/6,IF(AJ$2="FNT1655",$G34*1/6,IF(AJ$2="FNT1657",$G34*2/6,"")))),IF($F34=AJ$2,$G34,""))),"") | AK34: =IF(AND($G34>0,$F34<>""),IF($F34="FNT1608-I",IF(AK$2="FNT1653",$G34*2/6,IF(AK$2="FNT1654",$G34*1/6,IF(AK$2="FNT1655",$G34*1/6,IF(AK$2="FNT1657",$G34*2/6,"")))),IF($F34="FNT1608-K",IF(AK$2="FNT1653",$G34*1/6,IF(AK$2="FNT1654",$G34*2/6,IF(AK$2="FNT1655",$G34*1/6,IF(AK$2="FNT1657",$G34*2/6,"")))),IF($F34=AK$2,$G34,""))),"") | AL34: =IF(AND($G34>0,$F34<>""),IF($F34="FNT1608-I",IF(AL$2="FNT1653",$G34*2/6,IF(AL$2="FNT1654",$G34*1/6,IF(AL$2="FNT1655",$G34*1/6,IF(AL$2="FNT1657",$G34*2/6,"")))),IF($F34="FNT1608-K",IF(AL$2="FNT1653",$G34*1/6,IF(AL$2="FNT1654",$G34*2/6,IF(AL$2="FNT1655",$G34*1/6,IF(AL$2="FNT1657",$G34*2/6,"")))),IF($F34=AL$2,$G34,""))),"") | AM34: =IF(AND($G34>0,$F34<>""),IF($F34="FNT1608-I",IF(AM$2="FNT1653",$G34*2/6,IF(AM$2="FNT1654",$G34*1/6,IF(AM$2="FNT1655",$G34*1/6,IF(AM$2="FNT1657",$G34*2/6,"")))),IF($F34="FNT1608-K",IF(AM$2="FNT1653",$G34*1/6,IF(AM$2="FNT1654",$G34*2/6,IF(AM$2="FNT1655",$G34*1/6,IF(AM$2="FNT1657",$G34*2/6,"")))),IF($F34=AM$2,$G34,""))),"") | AN34: =IF(AND($G34>0,$F34<>""),IF(OR($F34="FNT1608-G",$F34="FNT1675-G"),IF(OR(AN$2="FNT1611",AN$2="FNT1610",AN$2="FNT1609"),$G34/3,""),IF($F34="FNT1608-H",IF(OR(AN$2="FNT1618",AN$2="FNT1619",AN$2="FNT1620"),$G34/3,""),IF($F34="FNT1608-I",IF(AN$2="FNT1653",$G34*2/6,IF(AN$2="FNT1654",$G34*1/6,IF(AN$2="FNT1655",$G34*1/6,IF(AN$2="FNT1657",$G34*2/6,"")))),IF($F34="FNT1608-K",IF(AN$2="FNT1653",$G34*1/6,IF(AN$2="FNT1654",$G34*2/6,IF(AN$2="FNT1655",$G34*1/6,IF(AN$2="FNT1657",$G34*2/6,"")))),IF($F34=AN$2,$G34,""))))),"") | AO34: =IF(AND($G34>0,$F34<>""),IF(OR($F34="FNT1608-G",$F34="FNT1675-G"),IF(OR(AO$2="FNT1611",AO$2="FNT1610",AO$2="FNT1609"),$G34/3,""),IF($F34="FNT1608-H",IF(OR(AO$2="FNT1618",AO$2="FNT1619",AO$2="FNT1620"),$G34/3,""),IF($F34="FNT1608-I",IF(AO$2="FNT1653",$G34*2/6,IF(AO$2="FNT1654",$G34*1/6,IF(AO$2="FNT1655",$G34*1/6,IF(AO$2="FNT1657",$G34*2/6,"")))),IF($F34="FNT1608-K",IF(AO$2="FNT1653",$G34*1/6,IF(AO$2="FNT1654",$G34*2/6,IF(AO$2="FNT1655",$G34*1/6,IF(AO$2="FNT1657",$G34*2/6,"")))),IF($F34=AO$2,$G34,""))))),"") | AP34: 4.28 | AQ34: =SUM(J34:AO34)*AP34 -> 1438.08 | AR34: =AQ34*7.75 -> 11145.12
A35: 45950 | B35: 46024 | C35: V1 | D35: JAZ273716 | E35: 5ZU59H2D | F35: SNF0355 | G35: 348 | H35: 3L包装+RPET吸塑 | I35: =IFERROR(VLOOKUP(F35,名称!A:C,3,0),"") -> SNF | J35: =IF(AND($F35=J$2,$G35>0),$G35,"") | K35: =IF(AND($F35=K$2,$G35>0),$G35,"") | L35: =IF(AND($F35=L$2,$G35>0),$G35,"") | M35: =IF(AND($F35=M$2,$G35>0),$G35,"") | N35: =IF(AND($F35=N$2,$G35>0),$G35,"") | O35: =IF(AND($F35=O$2,$G35>0),$G35,"") | P35: =IF(AND($F35=P$2,$G35>0),$G35,"") | Q35: =IF(AND($F35=Q$2,$G35>0),$G35,"") | ... AC35: =IF(AND($F35=AC$2,$G35>0),$G35,"") -> 348 | AD35: =IF(AND($G35>0,$F35<>""),IF(OR($F35="FNT1608-G",$F35="FNT1675-G"),IF(OR(AD$2="FNT1611",AD$2="FNT1610",AD$2="FNT1609"),$G35/3,""),IF($F35=AD$2,$G35,"")),"") | AE35: =IF(AND($G35>0,$F35<>""),IF(OR($F35="FNT1608-G",$F35="FNT1675-G"),IF(OR(AE$2="FNT1611",AE$2="FNT1610",AE$2="FNT1609"),$G35/3,""),IF($F35=AE$2,$G35,"")),"") | AF35: =IF(AND($G35>0,$F35<>""),IF(OR($F35="FNT1608-G",$F35="FNT1675-G"),IF(OR(AF$2="FNT1611",AF$2="FNT1610",AF$2="FNT1609"),$G35/3,""),IF($F35=AF$2,$G35,"")),"") | AG35: =IF(AND($G35>0,$F35<>""),IF($F35="FNT1608-H",IF(OR(AG$2="FNT1618",AG$2="FNT1619",AG$2="FNT1620"),$G35/3,""),IF($F35=AG$2,$G35,"")),"") | AH35: =IF(AND($G35>0,$F35<>""),IF($F35="FNT1608-H",IF(OR(AH$2="FNT1618",AH$2="FNT1619",AH$2="FNT1620"),$G35/3,""),IF($F35=AH$2,$G35,"")),"") | AI35: =IF(AND($G35>0,$F35<>""),IF($F35="FNT1608-H",IF(OR(AI$2="FNT1618",AI$2="FNT1619",AI$2="FNT1620"),$G35/3,""),IF($F35=AI$2,$G35,"")),"") | AJ35: =IF(AND($G35>0,$F35<>""),IF($F35="FNT1608-I",IF(AJ$2="FNT1653",$G35*2/6,IF(AJ$2="FNT1654",$G35*1/6,IF(AJ$2="FNT1655",$G35*1/6,IF(AJ$2="FNT1657",$G35*2/6,"")))),IF($F35="FNT1608-K",IF(AJ$2="FNT1653",$G35*1/6,IF(AJ$2="FNT1654",$G35*2/6,IF(AJ$2="FNT1655",$G35*1/6,IF(AJ$2="FNT1657",$G35*2/6,"")))),IF($F35=AJ$2,$G35,""))),"") | AK35: =IF(AND($G35>0,$F35<>""),IF($F35="FNT1608-I",IF(AK$2="FNT1653",$G35*2/6,IF(AK$2="FNT1654",$G35*1/6,IF(AK$2="FNT1655",$G35*1/6,IF(AK$2="FNT1657",$G35*2/6,"")))),IF($F35="FNT1608-K",IF(AK$2="FNT1653",$G35*1/6,IF(AK$2="FNT1654",$G35*2/6,IF(AK$2="FNT1655",$G35*1/6,IF(AK$2="FNT1657",$G35*2/6,"")))),IF($F35=AK$2,$G35,""))),"") | AL35: =IF(AND($G35>0,$F35<>""),IF($F35="FNT1608-I",IF(AL$2="FNT1653",$G35*2/6,IF(AL$2="FNT1654",$G35*1/6,IF(AL$2="FNT1655",$G35*1/6,IF(AL$2="FNT1657",$G35*2/6,"")))),IF($F35="FNT1608-K",IF(AL$2="FNT1653",$G35*1/6,IF(AL$2="FNT1654",$G35*2/6,IF(AL$2="FNT1655",$G35*1/6,IF(AL$2="FNT1657",$G35*2/6,"")))),IF($F35=AL$2,$G35,""))),"") | AM35: =IF(AND($G35>0,$F35<>""),IF($F35="FNT1608-I",IF(AM$2="FNT1653",$G35*2/6,IF(AM$2="FNT1654",$G35*1/6,IF(AM$2="FNT1655",$G35*1/6,IF(AM$2="FNT1657",$G35*2/6,"")))),IF($F35="FNT1608-K",IF(AM$2="FNT1653",$G35*1/6,IF(AM$2="FNT1654",$G35*2/6,IF(AM$2="FNT1655",$G35*1/6,IF(AM$2="FNT1657",$G35*2/6,"")))),IF($F35=AM$2,$G35,""))),"") | AN35: =IF(AND($G35>0,$F35<>""),IF(OR($F35="FNT1608-G",$F35="FNT1675-G"),IF(OR(AN$2="FNT1611",AN$2="FNT1610",AN$2="FNT1609"),$G35/3,""),IF($F35="FNT1608-H",IF(OR(AN$2="FNT1618",AN$2="FNT1619",AN$2="FNT1620"),$G35/3,""),IF($F35="FNT1608-I",IF(AN$2="FNT1653",$G35*2/6,IF(AN$2="FNT1654",$G35*1/6,IF(AN$2="FNT1655",$G35*1/6,IF(AN$2="FNT1657",$G35*2/6,"")))),IF($F35="FNT1608-K",IF(AN$2="FNT1653",$G35*1/6,IF(AN$2="FNT1654",$G35*2/6,IF(AN$2="FNT1655",$G35*1/6,IF(AN$2="FNT1657",$G35*2/6,"")))),IF($F35=AN$2,$G35,""))))),"") | AO35: =IF(AND($G35>0,$F35<>""),IF(OR($F35="FNT1608-G",$F35="FNT1675-G"),IF(OR(AO$2="FNT1611",AO$2="FNT1610",AO$2="FNT1609"),$G35/3,""),IF($F35="FNT1608-H",IF(OR(AO$2="FNT1618",AO$2="FNT1619",AO$2="FNT1620"),$G35/3,""),IF($F35="FNT1608-I",IF(AO$2="FNT1653",$G35*2/6,IF(AO$2="FNT1654",$G35*1/6,IF(AO$2="FNT1655",$G35*1/6,IF(AO$2="FNT1657",$G35*2/6,"")))),IF($F35="FNT1608-K",IF(AO$2="FNT1653",$G35*1/6,IF(AO$2="FNT1654",$G35*2/6,IF(AO$2="FNT1655",$G35*1/6,IF(AO$2="FNT1657",$G35*2/6,"")))),IF($F35=AO$2,$G35,""))))),"") | AP35: 4.28 | AQ35: =SUM(J35:AO35)*AP35 -> 1489.44 | AR35: =AQ35*7.75 -> 11543.16
A36: 45950 | B36: 46024 | C36: V1 | D36: JAZ273716 | E36: 8J66TW8T | F36: SNF0355 | G36: 480 | H36: 3L包装+RPET吸塑 | I36: =IFERROR(VLOOKUP(F36,名称!A:C,3,0),"") -> SNF | J36: =IF(AND($F36=J$2,$G36>0),$G36,"") | K36: =IF(AND($F36=K$2,$G36>0),$G36,"") | L36: =IF(AND($F36=L$2,$G36>0),$G36,"") | M36: =IF(AND($F36=M$2,$G36>0),$G36,"") | N36: =IF(AND($F36=N$2,$G36>0),$G36,"") | O36: =IF(AND($F36=O$2,$G36>0),$G36,"") | P36: =IF(AND($F36=P$2,$G36>0),$G36,"") | Q36: =IF(AND($F36=Q$2,$G36>0),$G36,"") | ... AC36: =IF(AND($F36=AC$2,$G36>0),$G36,"") -> 480 | AD36: =IF(AND($G36>0,$F36<>""),IF(OR($F36="FNT1608-G",$F36="FNT1675-G"),IF(OR(AD$2="FNT1611",AD$2="FNT1610",AD$2="FNT1609"),$G36/3,""),IF($F36=AD$2,$G36,"")),"") | AE36: =IF(AND($G36>0,$F36<>""),IF(OR($F36="FNT1608-G",$F36="FNT1675-G"),IF(OR(AE$2="FNT1611",AE$2="FNT1610",AE$2="FNT1609"),$G36/3,""),IF($F36=AE$2,$G36,"")),"") | AF36: =IF(AND($G36>0,$F36<>""),IF(OR($F36="FNT1608-G",$F36="FNT1675-G"),IF(OR(AF$2="FNT1611",AF$2="FNT1610",AF$2="FNT1609"),$G36/3,""),IF($F36=AF$2,$G36,"")),"") | AG36: =IF(AND($G36>0,$F36<>""),IF($F36="FNT1608-H",IF(OR(AG$2="FNT1618",AG$2="FNT1619",AG$2="FNT1620"),$G36/3,""),IF($F36=AG$2,$G36,"")),"") | AH36: =IF(AND($G36>0,$F36<>""),IF($F36="FNT1608-H",IF(OR(AH$2="FNT1618",AH$2="FNT1619",AH$2="FNT1620"),$G36/3,""),IF($F36=AH$2,$G36,"")),"") | AI36: =IF(AND($G36>0,$F36<>""),IF($F36="FNT1608-H",IF(OR(AI$2="FNT1618",AI$2="FNT1619",AI$2="FNT1620"),$G36/3,""),IF($F36=AI$2,$G36,"")),"") | AJ36: =IF(AND($G36>0,$F36<>""),IF($F36="FNT1608-I",IF(AJ$2="FNT1653",$G36*2/6,IF(AJ$2="FNT1654",$G36*1/6,IF(AJ$2="FNT1655",$G36*1/6,IF(AJ$2="FNT1657",$G36*2/6,"")))),IF($F36="FNT1608-K",IF(AJ$2="FNT1653",$G36*1/6,IF(AJ$2="FNT1654",$G36*2/6,IF(AJ$2="FNT1655",$G36*1/6,IF(AJ$2="FNT1657",$G36*2/6,"")))),IF($F36=AJ$2,$G36,""))),"") | AK36: =IF(AND($G36>0,$F36<>""),IF($F36="FNT1608-I",IF(AK$2="FNT1653",$G36*2/6,IF(AK$2="FNT1654",$G36*1/6,IF(AK$2="FNT1655",$G36*1/6,IF(AK$2="FNT1657",$G36*2/6,"")))),IF($F36="FNT1608-K",IF(AK$2="FNT1653",$G36*1/6,IF(AK$2="FNT1654",$G36*2/6,IF(AK$2="FNT1655",$G36*1/6,IF(AK$2="FNT1657",$G36*2/6,"")))),IF($F36=AK$2,$G36,""))),"") | AL36: =IF(AND($G36>0,$F36<>""),IF($F36="FNT1608-I",IF(AL$2="FNT1653",$G36*2/6,IF(AL$2="FNT1654",$G36*1/6,IF(AL$2="FNT1655",$G36*1/6,IF(AL$2="FNT1657",$G36*2/6,"")))),IF($F36="FNT1608-K",IF(AL$2="FNT1653",$G36*1/6,IF(AL$2="FNT1654",$G36*2/6,IF(AL$2="FNT1655",$G36*1/6,IF(AL$2="FNT1657",$G36*2/6,"")))),IF($F36=AL$2,$G36,""))),"") | AM36: =IF(AND($G36>0,$F36<>""),IF($F36="FNT1608-I",IF(AM$2="FNT1653",$G36*2/6,IF(AM$2="FNT1654",$G36*1/6,IF(AM$2="FNT1655",$G36*1/6,IF(AM$2="FNT1657",$G36*2/6,"")))),IF($F36="FNT1608-K",IF(AM$2="FNT1653",$G36*1/6,IF(AM$2="FNT1654",$G36*2/6,IF(AM$2="FNT1655",$G36*1/6,IF(AM$2="FNT1657",$G36*2/6,"")))),IF($F36=AM$2,$G36,""))),"") | AN36: =IF(AND($G36>0,$F36<>""),IF(OR($F36="FNT1608-G",$F36="FNT1675-G"),IF(OR(AN$2="FNT1611",AN$2="FNT1610",AN$2="FNT1609"),$G36/3,""),IF($F36="FNT1608-H",IF(OR(AN$2="FNT1618",AN$2="FNT1619",AN$2="FNT1620"),$G36/3,""),IF($F36="FNT1608-I",IF(AN$2="FNT1653",$G36*2/6,IF(AN$2="FNT1654",$G36*1/6,IF(AN$2="FNT1655",$G36*1/6,IF(AN$2="FNT1657",$G36*2/6,"")))),IF($F36="FNT1608-K",IF(AN$2="FNT1653",$G36*1/6,IF(AN$2="FNT1654",$G36*2/6,IF(AN$2="FNT1655",$G36*1/6,IF(AN$2="FNT1657",$G36*2/6,"")))),IF($F36=AN$2,$G36,""))))),"") | AO36: =IF(AND($G36>0,$F36<>""),IF(OR($F36="FNT1608-G",$F36="FNT1675-G"),IF(OR(AO$2="FNT1611",AO$2="FNT1610",AO$2="FNT1609"),$G36/3,""),IF($F36="FNT1608-H",IF(OR(AO$2="FNT1618",AO$2="FNT1619",AO$2="FNT1620"),$G36/3,""),IF($F36="FNT1608-I",IF(AO$2="FNT1653",$G36*2/6,IF(AO$2="FNT1654",$G36*1/6,IF(AO$2="FNT1655",$G36*1/6,IF(AO$2="FNT1657",$G36*2/6,"")))),IF($F36="FNT1608-K",IF(AO$2="FNT1653",$G36*1/6,IF(AO$2="FNT1654",$G36*2/6,IF(AO$2="FNT1655",$G36*1/6,IF(AO$2="FNT1657",$G36*2/6,"")))),IF($F36=AO$2,$G36,""))))),"") | AP36: 4.28 | AQ36: =SUM(J36:AO36)*AP36 -> 2054.4 | AR36: =AQ36*7.75 -> 15921.6
A37: 45950 | B37: 46017 | C37: V1 | D37: JAZ273716 | E37: 1KHQB2ZU | F37: SNF0355 | G37: 330 | H37: 3L包装+RPET吸塑 | I37: =IFERROR(VLOOKUP(F37,名称!A:C,3,0),"") -> SNF | J37: =IF(AND($F37=J$2,$G37>0),$G37,"") | K37: =IF(AND($F37=K$2,$G37>0),$G37,"") | L37: =IF(AND($F37=L$2,$G37>0),$G37,"") | M37: =IF(AND($F37=M$2,$G37>0),$G37,"") | N37: =IF(AND($F37=N$2,$G37>0),$G37,"") | O37: =IF(AND($F37=O$2,$G37>0),$G37,"") | P37: =IF(AND($F37=P$2,$G37>0),$G37,"") | Q37: =IF(AND($F37=Q$2,$G37>0),$G37,"") | ... AC37: =IF(AND($F37=AC$2,$G37>0),$G37,"") -> 330 | AD37: =IF(AND($G37>0,$F37<>""),IF(OR($F37="FNT1608-G",$F37="FNT1675-G"),IF(OR(AD$2="FNT1611",AD$2="FNT1610",AD$2="FNT1609"),$G37/3,""),IF($F37=AD$2,$G37,"")),"") | AE37: =IF(AND($G37>0,$F37<>""),IF(OR($F37="FNT1608-G",$F37="FNT1675-G"),IF(OR(AE$2="FNT1611",AE$2="FNT1610",AE$2="FNT1609"),$G37/3,""),IF($F37=AE$2,$G37,"")),"") | AF37: =IF(AND($G37>0,$F37<>""),IF(OR($F37="FNT1608-G",$F37="FNT1675-G"),IF(OR(AF$2="FNT1611",AF$2="FNT1610",AF$2="FNT1609"),$G37/3,""),IF($F37=AF$2,$G37,"")),"") | AG37: =IF(AND($G37>0,$F37<>""),IF($F37="FNT1608-H",IF(OR(AG$2="FNT1618",AG$2="FNT1619",AG$2="FNT1620"),$G37/3,""),IF($F37=AG$2,$G37,"")),"") | AH37: =IF(AND($G37>0,$F37<>""),IF($F37="FNT1608-H",IF(OR(AH$2="FNT1618",AH$2="FNT1619",AH$2="FNT1620"),$G37/3,""),IF($F37=AH$2,$G37,"")),"") | AI37: =IF(AND($G37>0,$F37<>""),IF($F37="FNT1608-H",IF(OR(AI$2="FNT1618",AI$2="FNT1619",AI$2="FNT1620"),$G37/3,""),IF($F37=AI$2,$G37,"")),"") | AJ37: =IF(AND($G37>0,$F37<>""),IF($F37="FNT1608-I",IF(AJ$2="FNT1653",$G37*2/6,IF(AJ$2="FNT1654",$G37*1/6,IF(AJ$2="FNT1655",$G37*1/6,IF(AJ$2="FNT1657",$G37*2/6,"")))),IF($F37="FNT1608-K",IF(AJ$2="FNT1653",$G37*1/6,IF(AJ$2="FNT1654",$G37*2/6,IF(AJ$2="FNT1655",$G37*1/6,IF(AJ$2="FNT1657",$G37*2/6,"")))),IF($F37=AJ$2,$G37,""))),"") | AK37: =IF(AND($G37>0,$F37<>""),IF($F37="FNT1608-I",IF(AK$2="FNT1653",$G37*2/6,IF(AK$2="FNT1654",$G37*1/6,IF(AK$2="FNT1655",$G37*1/6,IF(AK$2="FNT1657",$G37*2/6,"")))),IF($F37="FNT1608-K",IF(AK$2="FNT1653",$G37*1/6,IF(AK$2="FNT1654",$G37*2/6,IF(AK$2="FNT1655",$G37*1/6,IF(AK$2="FNT1657",$G37*2/6,"")))),IF($F37=AK$2,$G37,""))),"") | AL37: =IF(AND($G37>0,$F37<>""),IF($F37="FNT1608-I",IF(AL$2="FNT1653",$G37*2/6,IF(AL$2="FNT1654",$G37*1/6,IF(AL$2="FNT1655",$G37*1/6,IF(AL$2="FNT1657",$G37*2/6,"")))),IF($F37="FNT1608-K",IF(AL$2="FNT1653",$G37*1/6,IF(AL$2="FNT1654",$G37*2/6,IF(AL$2="FNT1655",$G37*1/6,IF(AL$2="FNT1657",$G37*2/6,"")))),IF($F37=AL$2,$G37,""))),"") | AM37: =IF(AND($G37>0,$F37<>""),IF($F37="FNT1608-I",IF(AM$2="FNT1653",$G37*2/6,IF(AM$2="FNT1654",$G37*1/6,IF(AM$2="FNT1655",$G37*1/6,IF(AM$2="FNT1657",$G37*2/6,"")))),IF($F37="FNT1608-K",IF(AM$2="FNT1653",$G37*1/6,IF(AM$2="FNT1654",$G37*2/6,IF(AM$2="FNT1655",$G37*1/6,IF(AM$2="FNT1657",$G37*2/6,"")))),IF($F37=AM$2,$G37,""))),"") | AN37: =IF(AND($G37>0,$F37<>""),IF(OR($F37="FNT1608-G",$F37="FNT1675-G"),IF(OR(AN$2="FNT1611",AN$2="FNT1610",AN$2="FNT1609"),$G37/3,""),IF($F37="FNT1608-H",IF(OR(AN$2="FNT1618",AN$2="FNT1619",AN$2="FNT1620"),$G37/3,""),IF($F37="FNT1608-I",IF(AN$2="FNT1653",$G37*2/6,IF(AN$2="FNT1654",$G37*1/6,IF(AN$2="FNT1655",$G37*1/6,IF(AN$2="FNT1657",$G37*2/6,"")))),IF($F37="FNT1608-K",IF(AN$2="FNT1653",$G37*1/6,IF(AN$2="FNT1654",$G37*2/6,IF(AN$2="FNT1655",$G37*1/6,IF(AN$2="FNT1657",$G37*2/6,"")))),IF($F37=AN$2,$G37,""))))),"") | AO37: =IF(AND($G37>0,$F37<>""),IF(OR($F37="FNT1608-G",$F37="FNT1675-G"),IF(OR(AO$2="FNT1611",AO$2="FNT1610",AO$2="FNT1609"),$G37/3,""),IF($F37="FNT1608-H",IF(OR(AO$2="FNT1618",AO$2="FNT1619",AO$2="FNT1620"),$G37/3,""),IF($F37="FNT1608-I",IF(AO$2="FNT1653",$G37*2/6,IF(AO$2="FNT1654",$G37*1/6,IF(AO$2="FNT1655",$G37*1/6,IF(AO$2="FNT1657",$G37*2/6,"")))),IF($F37="FNT1608-K",IF(AO$2="FNT1653",$G37*1/6,IF(AO$2="FNT1654",$G37*2/6,IF(AO$2="FNT1655",$G37*1/6,IF(AO$2="FNT1657",$G37*2/6,"")))),IF($F37=AO$2,$G37,""))))),"") | AP37: 4.28 | AQ37: =SUM(J37:AO37)*AP37 -> 1412.4 | AR37: =AQ37*7.75 -> 10946.1
A38: 45950 | B38: 46017 | C38: V1 | D38: JAZ273716 | E38: 3KOJBOZR | F38: SNF0355 | G38: 504 | H38: 3L包装+RPET吸塑 | I38: =IFERROR(VLOOKUP(F38,名称!A:C,3,0),"") -> SNF | J38: =IF(AND($F38=J$2,$G38>0),$G38,"") | K38: =IF(AND($F38=K$2,$G38>0),$G38,"") | L38: =IF(AND($F38=L$2,$G38>0),$G38,"") | M38: =IF(AND($F38=M$2,$G38>0),$G38,"") | N38: =IF(AND($F38=N$2,$G38>0),$G38,"") | O38: =IF(AND($F38=O$2,$G38>0),$G38,"") | P38: =IF(AND($F38=P$2,$G38>0),$G38,"") | Q38: =IF(AND($F38=Q$2,$G38>0),$G38,"") | ... AC38: =IF(AND($F38=AC$2,$G38>0),$G38,"") -> 504 | AD38: =IF(AND($G38>0,$F38<>""),IF(OR($F38="FNT1608-G",$F38="FNT1675-G"),IF(OR(AD$2="FNT1611",AD$2="FNT1610",AD$2="FNT1609"),$G38/3,""),IF($F38=AD$2,$G38,"")),"") | AE38: =IF(AND($G38>0,$F38<>""),IF(OR($F38="FNT1608-G",$F38="FNT1675-G"),IF(OR(AE$2="FNT1611",AE$2="FNT1610",AE$2="FNT1609"),$G38/3,""),IF($F38=AE$2,$G38,"")),"") | AF38: =IF(AND($G38>0,$F38<>""),IF(OR($F38="FNT1608-G",$F38="FNT1675-G"),IF(OR(AF$2="FNT1611",AF$2="FNT1610",AF$2="FNT1609"),$G38/3,""),IF($F38=AF$2,$G38,"")),"") | AG38: =IF(AND($G38>0,$F38<>""),IF($F38="FNT1608-H",IF(OR(AG$2="FNT1618",AG$2="FNT1619",AG$2="FNT1620"),$G38/3,""),IF($F38=AG$2,$G38,"")),"") | AH38: =IF(AND($G38>0,$F38<>""),IF($F38="FNT1608-H",IF(OR(AH$2="FNT1618",AH$2="FNT1619",AH$2="FNT1620"),$G38/3,""),IF($F38=AH$2,$G38,"")),"") | AI38: =IF(AND($G38>0,$F38<>""),IF($F38="FNT1608-H",IF(OR(AI$2="FNT1618",AI$2="FNT1619",AI$2="FNT1620"),$G38/3,""),IF($F38=AI$2,$G38,"")),"") | AJ38: =IF(AND($G38>0,$F38<>""),IF($F38="FNT1608-I",IF(AJ$2="FNT1653",$G38*2/6,IF(AJ$2="FNT1654",$G38*1/6,IF(AJ$2="FNT1655",$G38*1/6,IF(AJ$2="FNT1657",$G38*2/6,"")))),IF($F38="FNT1608-K",IF(AJ$2="FNT1653",$G38*1/6,IF(AJ$2="FNT1654",$G38*2/6,IF(AJ$2="FNT1655",$G38*1/6,IF(AJ$2="FNT1657",$G38*2/6,"")))),IF($F38=AJ$2,$G38,""))),"") | AK38: =IF(AND($G38>0,$F38<>""),IF($F38="FNT1608-I",IF(AK$2="FNT1653",$G38*2/6,IF(AK$2="FNT1654",$G38*1/6,IF(AK$2="FNT1655",$G38*1/6,IF(AK$2="FNT1657",$G38*2/6,"")))),IF($F38="FNT1608-K",IF(AK$2="FNT1653",$G38*1/6,IF(AK$2="FNT1654",$G38*2/6,IF(AK$2="FNT1655",$G38*1/6,IF(AK$2="FNT1657",$G38*2/6,"")))),IF($F38=AK$2,$G38,""))),"") | AL38: =IF(AND($G38>0,$F38<>""),IF($F38="FNT1608-I",IF(AL$2="FNT1653",$G38*2/6,IF(AL$2="FNT1654",$G38*1/6,IF(AL$2="FNT1655",$G38*1/6,IF(AL$2="FNT1657",$G38*2/6,"")))),IF($F38="FNT1608-K",IF(AL$2="FNT1653",$G38*1/6,IF(AL$2="FNT1654",$G38*2/6,IF(AL$2="FNT1655",$G38*1/6,IF(AL$2="FNT1657",$G38*2/6,"")))),IF($F38=AL$2,$G38,""))),"") | AM38: =IF(AND($G38>0,$F38<>""),IF($F38="FNT1608-I",IF(AM$2="FNT1653",$G38*2/6,IF(AM$2="FNT1654",$G38*1/6,IF(AM$2="FNT1655",$G38*1/6,IF(AM$2="FNT1657",$G38*2/6,"")))),IF($F38="FNT1608-K",IF(AM$2="FNT1653",$G38*1/6,IF(AM$2="FNT1654",$G38*2/6,IF(AM$2="FNT1655",$G38*1/6,IF(AM$2="FNT1657",$G38*2/6,"")))),IF($F38=AM$2,$G38,""))),"") | AN38: =IF(AND($G38>0,$F38<>""),IF(OR($F38="FNT1608-G",$F38="FNT1675-G"),IF(OR(AN$2="FNT1611",AN$2="FNT1610",AN$2="FNT1609"),$G38/3,""),IF($F38="FNT1608-H",IF(OR(AN$2="FNT1618",AN$2="FNT1619",AN$2="FNT1620"),$G38/3,""),IF($F38="FNT1608-I",IF(AN$2="FNT1653",$G38*2/6,IF(AN$2="FNT1654",$G38*1/6,IF(AN$2="FNT1655",$G38*1/6,IF(AN$2="FNT1657",$G38*2/6,"")))),IF($F38="FNT1608-K",IF(AN$2="FNT1653",$G38*1/6,IF(AN$2="FNT1654",$G38*2/6,IF(AN$2="FNT1655",$G38*1/6,IF(AN$2="FNT1657",$G38*2/6,"")))),IF($F38=AN$2,$G38,""))))),"") | AO38: =IF(AND($G38>0,$F38<>""),IF(OR($F38="FNT1608-G",$F38="FNT1675-G"),IF(OR(AO$2="FNT1611",AO$2="FNT1610",AO$2="FNT1609"),$G38/3,""),IF($F38="FNT1608-H",IF(OR(AO$2="FNT1618",AO$2="FNT1619",AO$2="FNT1620"),$G38/3,""),IF($F38="FNT1608-I",IF(AO$2="FNT1653",$G38*2/6,IF(AO$2="FNT1654",$G38*1/6,IF(AO$2="FNT1655",$G38*1/6,IF(AO$2="FNT1657",$G38*2/6,"")))),IF($F38="FNT1608-K",IF(AO$2="FNT1653",$G38*1/6,IF(AO$2="FNT1654",$G38*2/6,IF(AO$2="FNT1655",$G38*1/6,IF(AO$2="FNT1657",$G38*2/6,"")))),IF($F38=AO$2,$G38,""))))),"") | AP38: 4.28 | AQ38: =SUM(J38:AO38)*AP38 -> 2157.12 | AR38: =AQ38*7.75 -> 16717.68
A39: 45960 | B39: 46028 | C39: V1 | E39: POUK10877 | F39: FNT1665 | G39: 7998 | H39: 美文包装+RPET吸塑 | I39: =IFERROR(VLOOKUP(F39,名称!A:C,3,0),"") -> FNT | J39: =IF(AND($F39=J$2,$G39>0),$G39,"") | K39: =IF(AND($F39=K$2,$G39>0),$G39,"") | L39: =IF(AND($F39=L$2,$G39>0),$G39,"") | M39: =IF(AND($F39=M$2,$G39>0),$G39,"") | N39: =IF(AND($F39=N$2,$G39>0),$G39,"") | O39: =IF(AND($F39=O$2,$G39>0),$G39,"") | P39: =IF(AND($F39=P$2,$G39>0),$G39,"") | Q39: =IF(AND($F39=Q$2,$G39>0),$G39,"") | ... AC39: =IF(AND($F39=AC$2,$G39>0),$G39,"") | AD39: =IF(AND($G39>0,$F39<>""),IF(OR($F39="FNT1608-G",$F39="FNT1675-G"),IF(OR(AD$2="FNT1611",AD$2="FNT1610",AD$2="FNT1609"),$G39/3,""),IF($F39=AD$2,$G39,"")),"") | AE39: =IF(AND($G39>0,$F39<>""),IF(OR($F39="FNT1608-G",$F39="FNT1675-G"),IF(OR(AE$2="FNT1611",AE$2="FNT1610",AE$2="FNT1609"),$G39/3,""),IF($F39=AE$2,$G39,"")),"") | AF39: =IF(AND($G39>0,$F39<>""),IF(OR($F39="FNT1608-G",$F39="FNT1675-G"),IF(OR(AF$2="FNT1611",AF$2="FNT1610",AF$2="FNT1609"),$G39/3,""),IF($F39=AF$2,$G39,"")),"") | AG39: =IF(AND($G39>0,$F39<>""),IF($F39="FNT1608-H",IF(OR(AG$2="FNT1618",AG$2="FNT1619",AG$2="FNT1620"),$G39/3,""),IF($F39=AG$2,$G39,"")),"") | AH39: =IF(AND($G39>0,$F39<>""),IF($F39="FNT1608-H",IF(OR(AH$2="FNT1618",AH$2="FNT1619",AH$2="FNT1620"),$G39/3,""),IF($F39=AH$2,$G39,"")),"") | AI39: =IF(AND($G39>0,$F39<>""),IF($F39="FNT1608-H",IF(OR(AI$2="FNT1618",AI$2="FNT1619",AI$2="FNT1620"),$G39/3,""),IF($F39=AI$2,$G39,"")),"") | AJ39: =IF(AND($G39>0,$F39<>""),IF($F39="FNT1608-I",IF(AJ$2="FNT1653",$G39*2/6,IF(AJ$2="FNT1654",$G39*1/6,IF(AJ$2="FNT1655",$G39*1/6,IF(AJ$2="FNT1657",$G39*2/6,"")))),IF($F39="FNT1608-K",IF(AJ$2="FNT1653",$G39*1/6,IF(AJ$2="FNT1654",$G39*2/6,IF(AJ$2="FNT1655",$G39*1/6,IF(AJ$2="FNT1657",$G39*2/6,"")))),IF($F39=AJ$2,$G39,""))),"") | AK39: =IF(AND($G39>0,$F39<>""),IF($F39="FNT1608-I",IF(AK$2="FNT1653",$G39*2/6,IF(AK$2="FNT1654",$G39*1/6,IF(AK$2="FNT1655",$G39*1/6,IF(AK$2="FNT1657",$G39*2/6,"")))),IF($F39="FNT1608-K",IF(AK$2="FNT1653",$G39*1/6,IF(AK$2="FNT1654",$G39*2/6,IF(AK$2="FNT1655",$G39*1/6,IF(AK$2="FNT1657",$G39*2/6,"")))),IF($F39=AK$2,$G39,""))),"") | AL39: =IF(AND($G39>0,$F39<>""),IF($F39="FNT1608-I",IF(AL$2="FNT1653",$G39*2/6,IF(AL$2="FNT1654",$G39*1/6,IF(AL$2="FNT1655",$G39*1/6,IF(AL$2="FNT1657",$G39*2/6,"")))),IF($F39="FNT1608-K",IF(AL$2="FNT1653",$G39*1/6,IF(AL$2="FNT1654",$G39*2/6,IF(AL$2="FNT1655",$G39*1/6,IF(AL$2="FNT1657",$G39*2/6,"")))),IF($F39=AL$2,$G39,""))),"") | AM39: =IF(AND($G39>0,$F39<>""),IF($F39="FNT1608-I",IF(AM$2="FNT1653",$G39*2/6,IF(AM$2="FNT1654",$G39*1/6,IF(AM$2="FNT1655",$G39*1/6,IF(AM$2="FNT1657",$G39*2/6,"")))),IF($F39="FNT1608-K",IF(AM$2="FNT1653",$G39*1/6,IF(AM$2="FNT1654",$G39*2/6,IF(AM$2="FNT1655",$G39*1/6,IF(AM$2="FNT1657",$G39*2/6,"")))),IF($F39=AM$2,$G39,""))),"") | AN39: =IF(AND($G39>0,$F39<>""),IF(OR($F39="FNT1608-G",$F39="FNT1675-G"),IF(OR(AN$2="FNT1611",AN$2="FNT1610",AN$2="FNT1609"),$G39/3,""),IF($F39="FNT1608-H",IF(OR(AN$2="FNT1618",AN$2="FNT1619",AN$2="FNT1620"),$G39/3,""),IF($F39="FNT1608-I",IF(AN$2="FNT1653",$G39*2/6,IF(AN$2="FNT1654",$G39*1/6,IF(AN$2="FNT1655",$G39*1/6,IF(AN$2="FNT1657",$G39*2/6,"")))),IF($F39="FNT1608-K",IF(AN$2="FNT1653",$G39*1/6,IF(AN$2="FNT1654",$G39*2/6,IF(AN$2="FNT1655",$G39*1/6,IF(AN$2="FNT1657",$G39*2/6,"")))),IF($F39=AN$2,$G39,""))))),"") | AO39: =IF(AND($G39>0,$F39<>""),IF(OR($F39="FNT1608-G",$F39="FNT1675-G"),IF(OR(AO$2="FNT1611",AO$2="FNT1610",AO$2="FNT1609"),$G39/3,""),IF($F39="FNT1608-H",IF(OR(AO$2="FNT1618",AO$2="FNT1619",AO$2="FNT1620"),$G39/3,""),IF($F39="FNT1608-I",IF(AO$2="FNT1653",$G39*2/6,IF(AO$2="FNT1654",$G39*1/6,IF(AO$2="FNT1655",$G39*1/6,IF(AO$2="FNT1657",$G39*2/6,"")))),IF($F39="FNT1608-K",IF(AO$2="FNT1653",$G39*1/6,IF(AO$2="FNT1654",$G39*2/6,IF(AO$2="FNT1655",$G39*1/6,IF(AO$2="FNT1657",$G39*2/6,"")))),IF($F39=AO$2,$G39,""))))),"") | AP39: 3.87 | AQ39: =SUM(J39:AO39)*AP39 -> 30952.26 | AR39: =AQ39*7.75 -> 239880.02
A40: 45960 | B40: 46027 | C40: V1 | E40: SAM276208 | F40: FNT1666 | G40: 54 | H40: 美文包装+RPET吸塑 | I40: =IFERROR(VLOOKUP(F40,名称!A:C,3,0),"") -> FNT | J40: =IF(AND($F40=J$2,$G40>0),$G40,"") | K40: =IF(AND($F40=K$2,$G40>0),$G40,"") | L40: =IF(AND($F40=L$2,$G40>0),$G40,"") | M40: =IF(AND($F40=M$2,$G40>0),$G40,"") | N40: =IF(AND($F40=N$2,$G40>0),$G40,"") | O40: =IF(AND($F40=O$2,$G40>0),$G40,"") | P40: =IF(AND($F40=P$2,$G40>0),$G40,"") | Q40: =IF(AND($F40=Q$2,$G40>0),$G40,"") | ... AC40: =IF(AND($F40=AC$2,$G40>0),$G40,"") | AD40: =IF(AND($G40>0,$F40<>""),IF(OR($F40="FNT1608-G",$F40="FNT1675-G"),IF(OR(AD$2="FNT1611",AD$2="FNT1610",AD$2="FNT1609"),$G40/3,""),IF($F40=AD$2,$G40,"")),"") | AE40: =IF(AND($G40>0,$F40<>""),IF(OR($F40="FNT1608-G",$F40="FNT1675-G"),IF(OR(AE$2="FNT1611",AE$2="FNT1610",AE$2="FNT1609"),$G40/3,""),IF($F40=AE$2,$G40,"")),"") | AF40: =IF(AND($G40>0,$F40<>""),IF(OR($F40="FNT1608-G",$F40="FNT1675-G"),IF(OR(AF$2="FNT1611",AF$2="FNT1610",AF$2="FNT1609"),$G40/3,""),IF($F40=AF$2,$G40,"")),"") | AG40: =IF(AND($G40>0,$F40<>""),IF($F40="FNT1608-H",IF(OR(AG$2="FNT1618",AG$2="FNT1619",AG$2="FNT1620"),$G40/3,""),IF($F40=AG$2,$G40,"")),"") | AH40: =IF(AND($G40>0,$F40<>""),IF($F40="FNT1608-H",IF(OR(AH$2="FNT1618",AH$2="FNT1619",AH$2="FNT1620"),$G40/3,""),IF($F40=AH$2,$G40,"")),"") | AI40: =IF(AND($G40>0,$F40<>""),IF($F40="FNT1608-H",IF(OR(AI$2="FNT1618",AI$2="FNT1619",AI$2="FNT1620"),$G40/3,""),IF($F40=AI$2,$G40,"")),"") | AJ40: =IF(AND($G40>0,$F40<>""),IF($F40="FNT1608-I",IF(AJ$2="FNT1653",$G40*2/6,IF(AJ$2="FNT1654",$G40*1/6,IF(AJ$2="FNT1655",$G40*1/6,IF(AJ$2="FNT1657",$G40*2/6,"")))),IF($F40="FNT1608-K",IF(AJ$2="FNT1653",$G40*1/6,IF(AJ$2="FNT1654",$G40*2/6,IF(AJ$2="FNT1655",$G40*1/6,IF(AJ$2="FNT1657",$G40*2/6,"")))),IF($F40=AJ$2,$G40,""))),"") | AK40: =IF(AND($G40>0,$F40<>""),IF($F40="FNT1608-I",IF(AK$2="FNT1653",$G40*2/6,IF(AK$2="FNT1654",$G40*1/6,IF(AK$2="FNT1655",$G40*1/6,IF(AK$2="FNT1657",$G40*2/6,"")))),IF($F40="FNT1608-K",IF(AK$2="FNT1653",$G40*1/6,IF(AK$2="FNT1654",$G40*2/6,IF(AK$2="FNT1655",$G40*1/6,IF(AK$2="FNT1657",$G40*2/6,"")))),IF($F40=AK$2,$G40,""))),"") | AL40: =IF(AND($G40>0,$F40<>""),IF($F40="FNT1608-I",IF(AL$2="FNT1653",$G40*2/6,IF(AL$2="FNT1654",$G40*1/6,IF(AL$2="FNT1655",$G40*1/6,IF(AL$2="FNT1657",$G40*2/6,"")))),IF($F40="FNT1608-K",IF(AL$2="FNT1653",$G40*1/6,IF(AL$2="FNT1654",$G40*2/6,IF(AL$2="FNT1655",$G40*1/6,IF(AL$2="FNT1657",$G40*2/6,"")))),IF($F40=AL$2,$G40,""))),"") | AM40: =IF(AND($G40>0,$F40<>""),IF($F40="FNT1608-I",IF(AM$2="FNT1653",$G40*2/6,IF(AM$2="FNT1654",$G40*1/6,IF(AM$2="FNT1655",$G40*1/6,IF(AM$2="FNT1657",$G40*2/6,"")))),IF($F40="FNT1608-K",IF(AM$2="FNT1653",$G40*1/6,IF(AM$2="FNT1654",$G40*2/6,IF(AM$2="FNT1655",$G40*1/6,IF(AM$2="FNT1657",$G40*2/6,"")))),IF($F40=AM$2,$G40,""))),"") | AN40: =IF(AND($G40>0,$F40<>""),IF(OR($F40="FNT1608-G",$F40="FNT1675-G"),IF(OR(AN$2="FNT1611",AN$2="FNT1610",AN$2="FNT1609"),$G40/3,""),IF($F40="FNT1608-H",IF(OR(AN$2="FNT1618",AN$2="FNT1619",AN$2="FNT1620"),$G40/3,""),IF($F40="FNT1608-I",IF(AN$2="FNT1653",$G40*2/6,IF(AN$2="FNT1654",$G40*1/6,IF(AN$2="FNT1655",$G40*1/6,IF(AN$2="FNT1657",$G40*2/6,"")))),IF($F40="FNT1608-K",IF(AN$2="FNT1653",$G40*1/6,IF(AN$2="FNT1654",$G40*2/6,IF(AN$2="FNT1655",$G40*1/6,IF(AN$2="FNT1657",$G40*2/6,"")))),IF($F40=AN$2,$G40,""))))),"") | AO40: =IF(AND($G40>0,$F40<>""),IF(OR($F40="FNT1608-G",$F40="FNT1675-G"),IF(OR(AO$2="FNT1611",AO$2="FNT1610",AO$2="FNT1609"),$G40/3,""),IF($F40="FNT1608-H",IF(OR(AO$2="FNT1618",AO$2="FNT1619",AO$2="FNT1620"),$G40/3,""),IF($F40="FNT1608-I",IF(AO$2="FNT1653",$G40*2/6,IF(AO$2="FNT1654",$G40*1/6,IF(AO$2="FNT1655",$G40*1/6,IF(AO$2="FNT1657",$G40*2/6,"")))),IF($F40="FNT1608-K",IF(AO$2="FNT1653",$G40*1/6,IF(AO$2="FNT1654",$G40*2/6,IF(AO$2="FNT1655",$G40*1/6,IF(AO$2="FNT1657",$G40*2/6,"")))),IF($F40=AO$2,$G40,""))))),"") | AP40: 3.87 | AQ40: =SUM(J40:AO40)*AP40 -> 208.98 | AR40: =AQ40*7.75 -> 1619.6
A41: 45960 | B41: 46027 | C41: V1 | E41: SAM276208 | F41: FNT1667 | G41: 54 | H41: 美文包装+RPET吸塑 | I41: =IFERROR(VLOOKUP(F41,名称!A:C,3,0),"") -> FNT | J41: =IF(AND($F41=J$2,$G41>0),$G41,"") | K41: =IF(AND($F41=K$2,$G41>0),$G41,"") | L41: =IF(AND($F41=L$2,$G41>0),$G41,"") | M41: =IF(AND($F41=M$2,$G41>0),$G41,"") | N41: =IF(AND($F41=N$2,$G41>0),$G41,"") | O41: =IF(AND($F41=O$2,$G41>0),$G41,"") | P41: =IF(AND($F41=P$2,$G41>0),$G41,"") | Q41: =IF(AND($F41=Q$2,$G41>0),$G41,"") | ... AC41: =IF(AND($F41=AC$2,$G41>0),$G41,"") | AD41: =IF(AND($G41>0,$F41<>""),IF(OR($F41="FNT1608-G",$F41="FNT1675-G"),IF(OR(AD$2="FNT1611",AD$2="FNT1610",AD$2="FNT1609"),$G41/3,""),IF($F41=AD$2,$G41,"")),"") | AE41: =IF(AND($G41>0,$F41<>""),IF(OR($F41="FNT1608-G",$F41="FNT1675-G"),IF(OR(AE$2="FNT1611",AE$2="FNT1610",AE$2="FNT1609"),$G41/3,""),IF($F41=AE$2,$G41,"")),"") | AF41: =IF(AND($G41>0,$F41<>""),IF(OR($F41="FNT1608-G",$F41="FNT1675-G"),IF(OR(AF$2="FNT1611",AF$2="FNT1610",AF$2="FNT1609"),$G41/3,""),IF($F41=AF$2,$G41,"")),"") | AG41: =IF(AND($G41>0,$F41<>""),IF($F41="FNT1608-H",IF(OR(AG$2="FNT1618",AG$2="FNT1619",AG$2="FNT1620"),$G41/3,""),IF($F41=AG$2,$G41,"")),"") | AH41: =IF(AND($G41>0,$F41<>""),IF($F41="FNT1608-H",IF(OR(AH$2="FNT1618",AH$2="FNT1619",AH$2="FNT1620"),$G41/3,""),IF($F41=AH$2,$G41,"")),"") | AI41: =IF(AND($G41>0,$F41<>""),IF($F41="FNT1608-H",IF(OR(AI$2="FNT1618",AI$2="FNT1619",AI$2="FNT1620"),$G41/3,""),IF($F41=AI$2,$G41,"")),"") | AJ41: =IF(AND($G41>0,$F41<>""),IF($F41="FNT1608-I",IF(AJ$2="FNT1653",$G41*2/6,IF(AJ$2="FNT1654",$G41*1/6,IF(AJ$2="FNT1655",$G41*1/6,IF(AJ$2="FNT1657",$G41*2/6,"")))),IF($F41="FNT1608-K",IF(AJ$2="FNT1653",$G41*1/6,IF(AJ$2="FNT1654",$G41*2/6,IF(AJ$2="FNT1655",$G41*1/6,IF(AJ$2="FNT1657",$G41*2/6,"")))),IF($F41=AJ$2,$G41,""))),"") | AK41: =IF(AND($G41>0,$F41<>""),IF($F41="FNT1608-I",IF(AK$2="FNT1653",$G41*2/6,IF(AK$2="FNT1654",$G41*1/6,IF(AK$2="FNT1655",$G41*1/6,IF(AK$2="FNT1657",$G41*2/6,"")))),IF($F41="FNT1608-K",IF(AK$2="FNT1653",$G41*1/6,IF(AK$2="FNT1654",$G41*2/6,IF(AK$2="FNT1655",$G41*1/6,IF(AK$2="FNT1657",$G41*2/6,"")))),IF($F41=AK$2,$G41,""))),"") | AL41: =IF(AND($G41>0,$F41<>""),IF($F41="FNT1608-I",IF(AL$2="FNT1653",$G41*2/6,IF(AL$2="FNT1654",$G41*1/6,IF(AL$2="FNT1655",$G41*1/6,IF(AL$2="FNT1657",$G41*2/6,"")))),IF($F41="FNT1608-K",IF(AL$2="FNT1653",$G41*1/6,IF(AL$2="FNT1654",$G41*2/6,IF(AL$2="FNT1655",$G41*1/6,IF(AL$2="FNT1657",$G41*2/6,"")))),IF($F41=AL$2,$G41,""))),"") | AM41: =IF(AND($G41>0,$F41<>""),IF($F41="FNT1608-I",IF(AM$2="FNT1653",$G41*2/6,IF(AM$2="FNT1654",$G41*1/6,IF(AM$2="FNT1655",$G41*1/6,IF(AM$2="FNT1657",$G41*2/6,"")))),IF($F41="FNT1608-K",IF(AM$2="FNT1653",$G41*1/6,IF(AM$2="FNT1654",$G41*2/6,IF(AM$2="FNT1655",$G41*1/6,IF(AM$2="FNT1657",$G41*2/6,"")))),IF($F41=AM$2,$G41,""))),"") | AN41: =IF(AND($G41>0,$F41<>""),IF(OR($F41="FNT1608-G",$F41="FNT1675-G"),IF(OR(AN$2="FNT1611",AN$2="FNT1610",AN$2="FNT1609"),$G41/3,""),IF($F41="FNT1608-H",IF(OR(AN$2="FNT1618",AN$2="FNT1619",AN$2="FNT1620"),$G41/3,""),IF($F41="FNT1608-I",IF(AN$2="FNT1653",$G41*2/6,IF(AN$2="FNT1654",$G41*1/6,IF(AN$2="FNT1655",$G41*1/6,IF(AN$2="FNT1657",$G41*2/6,"")))),IF($F41="FNT1608-K",IF(AN$2="FNT1653",$G41*1/6,IF(AN$2="FNT1654",$G41*2/6,IF(AN$2="FNT1655",$G41*1/6,IF(AN$2="FNT1657",$G41*2/6,"")))),IF($F41=AN$2,$G41,""))))),"") | AO41: =IF(AND($G41>0,$F41<>""),IF(OR($F41="FNT1608-G",$F41="FNT1675-G"),IF(OR(AO$2="FNT1611",AO$2="FNT1610",AO$2="FNT1609"),$G41/3,""),IF($F41="FNT1608-H",IF(OR(AO$2="FNT1618",AO$2="FNT1619",AO$2="FNT1620"),$G41/3,""),IF($F41="FNT1608-I",IF(AO$2="FNT1653",$G41*2/6,IF(AO$2="FNT1654",$G41*1/6,IF(AO$2="FNT1655",$G41*1/6,IF(AO$2="FNT1657",$G41*2/6,"")))),IF($F41="FNT1608-K",IF(AO$2="FNT1653",$G41*1/6,IF(AO$2="FNT1654",$G41*2/6,IF(AO$2="FNT1655",$G41*1/6,IF(AO$2="FNT1657",$G41*2/6,"")))),IF($F41=AO$2,$G41,""))))),"") | AP41: 3.87 | AQ41: =SUM(J41:AO41)*AP41 -> 208.98 | AR41: =AQ41*7.75 -> 1619.6
A42: 45961 | B42: 46027 | C42: V1 | E42: PO012968 | F42: FNT1665 | G42: 1200 | H42: 美文包装+RPET吸塑 | I42: =IFERROR(VLOOKUP(F42,名称!A:C,3,0),"") -> FNT | J42: =IF(AND($F42=J$2,$G42>0),$G42,"") | K42: =IF(AND($F42=K$2,$G42>0),$G42,"") | L42: =IF(AND($F42=L$2,$G42>0),$G42,"") | M42: =IF(AND($F42=M$2,$G42>0),$G42,"") | N42: =IF(AND($F42=N$2,$G42>0),$G42,"") | O42: =IF(AND($F42=O$2,$G42>0),$G42,"") | P42: =IF(AND($F42=P$2,$G42>0),$G42,"") | Q42: =IF(AND($F42=Q$2,$G42>0),$G42,"") | ... AC42: =IF(AND($F42=AC$2,$G42>0),$G42,"") | AD42: =IF(AND($G42>0,$F42<>""),IF(OR($F42="FNT1608-G",$F42="FNT1675-G"),IF(OR(AD$2="FNT1611",AD$2="FNT1610",AD$2="FNT1609"),$G42/3,""),IF($F42=AD$2,$G42,"")),"") | AE42: =IF(AND($G42>0,$F42<>""),IF(OR($F42="FNT1608-G",$F42="FNT1675-G"),IF(OR(AE$2="FNT1611",AE$2="FNT1610",AE$2="FNT1609"),$G42/3,""),IF($F42=AE$2,$G42,"")),"") | AF42: =IF(AND($G42>0,$F42<>""),IF(OR($F42="FNT1608-G",$F42="FNT1675-G"),IF(OR(AF$2="FNT1611",AF$2="FNT1610",AF$2="FNT1609"),$G42/3,""),IF($F42=AF$2,$G42,"")),"") | AG42: =IF(AND($G42>0,$F42<>""),IF($F42="FNT1608-H",IF(OR(AG$2="FNT1618",AG$2="FNT1619",AG$2="FNT1620"),$G42/3,""),IF($F42=AG$2,$G42,"")),"") | AH42: =IF(AND($G42>0,$F42<>""),IF($F42="FNT1608-H",IF(OR(AH$2="FNT1618",AH$2="FNT1619",AH$2="FNT1620"),$G42/3,""),IF($F42=AH$2,$G42,"")),"") | AI42: =IF(AND($G42>0,$F42<>""),IF($F42="FNT1608-H",IF(OR(AI$2="FNT1618",AI$2="FNT1619",AI$2="FNT1620"),$G42/3,""),IF($F42=AI$2,$G42,"")),"") | AJ42: =IF(AND($G42>0,$F42<>""),IF($F42="FNT1608-I",IF(AJ$2="FNT1653",$G42*2/6,IF(AJ$2="FNT1654",$G42*1/6,IF(AJ$2="FNT1655",$G42*1/6,IF(AJ$2="FNT1657",$G42*2/6,"")))),IF($F42="FNT1608-K",IF(AJ$2="FNT1653",$G42*1/6,IF(AJ$2="FNT1654",$G42*2/6,IF(AJ$2="FNT1655",$G42*1/6,IF(AJ$2="FNT1657",$G42*2/6,"")))),IF($F42=AJ$2,$G42,""))),"") | AK42: =IF(AND($G42>0,$F42<>""),IF($F42="FNT1608-I",IF(AK$2="FNT1653",$G42*2/6,IF(AK$2="FNT1654",$G42*1/6,IF(AK$2="FNT1655",$G42*1/6,IF(AK$2="FNT1657",$G42*2/6,"")))),IF($F42="FNT1608-K",IF(AK$2="FNT1653",$G42*1/6,IF(AK$2="FNT1654",$G42*2/6,IF(AK$2="FNT1655",$G42*1/6,IF(AK$2="FNT1657",$G42*2/6,"")))),IF($F42=AK$2,$G42,""))),"") | AL42: =IF(AND($G42>0,$F42<>""),IF($F42="FNT1608-I",IF(AL$2="FNT1653",$G42*2/6,IF(AL$2="FNT1654",$G42*1/6,IF(AL$2="FNT1655",$G42*1/6,IF(AL$2="FNT1657",$G42*2/6,"")))),IF($F42="FNT1608-K",IF(AL$2="FNT1653",$G42*1/6,IF(AL$2="FNT1654",$G42*2/6,IF(AL$2="FNT1655",$G42*1/6,IF(AL$2="FNT1657",$G42*2/6,"")))),IF($F42=AL$2,$G42,""))),"") | AM42: =IF(AND($G42>0,$F42<>""),IF($F42="FNT1608-I",IF(AM$2="FNT1653",$G42*2/6,IF(AM$2="FNT1654",$G42*1/6,IF(AM$2="FNT1655",$G42*1/6,IF(AM$2="FNT1657",$G42*2/6,"")))),IF($F42="FNT1608-K",IF(AM$2="FNT1653",$G42*1/6,IF(AM$2="FNT1654",$G42*2/6,IF(AM$2="FNT1655",$G42*1/6,IF(AM$2="FNT1657",$G42*2/6,"")))),IF($F42=AM$2,$G42,""))),"") | AN42: =IF(AND($G42>0,$F42<>""),IF(OR($F42="FNT1608-G",$F42="FNT1675-G"),IF(OR(AN$2="FNT1611",AN$2="FNT1610",AN$2="FNT1609"),$G42/3,""),IF($F42="FNT1608-H",IF(OR(AN$2="FNT1618",AN$2="FNT1619",AN$2="FNT1620"),$G42/3,""),IF($F42="FNT1608-I",IF(AN$2="FNT1653",$G42*2/6,IF(AN$2="FNT1654",$G42*1/6,IF(AN$2="FNT1655",$G42*1/6,IF(AN$2="FNT1657",$G42*2/6,"")))),IF($F42="FNT1608-K",IF(AN$2="FNT1653",$G42*1/6,IF(AN$2="FNT1654",$G42*2/6,IF(AN$2="FNT1655",$G42*1/6,IF(AN$2="FNT1657",$G42*2/6,"")))),IF($F42=AN$2,$G42,""))))),"") | AO42: =IF(AND($G42>0,$F42<>""),IF(OR($F42="FNT1608-G",$F42="FNT1675-G"),IF(OR(AO$2="FNT1611",AO$2="FNT1610",AO$2="FNT1609"),$G42/3,""),IF($F42="FNT1608-H",IF(OR(AO$2="FNT1618",AO$2="FNT1619",AO$2="FNT1620"),$G42/3,""),IF($F42="FNT1608-I",IF(AO$2="FNT1653",$G42*2/6,IF(AO$2="FNT1654",$G42*1/6,IF(AO$2="FNT1655",$G42*1/6,IF(AO$2="FNT1657",$G42*2/6,"")))),IF($F42="FNT1608-K",IF(AO$2="FNT1653",$G42*1/6,IF(AO$2="FNT1654",$G42*2/6,IF(AO$2="FNT1655",$G42*1/6,IF(AO$2="FNT1657",$G42*2/6,"")))),IF($F42=AO$2,$G42,""))))),"") | AP42: 3.87 | AQ42: =SUM(J42:AO42)*AP42 -> 4644 | AR42: =AQ42*7.75 -> 35991
A43: 45964 | B43: 46111 | C43: V1 | E43: 10001431518 | F43: SNF0182 | G43: 1500 | H43: 美文包装+RPET吸塑 | I43: =IFERROR(VLOOKUP(F43,名称!A:C,3,0),"") -> SNF | J43: =IF(AND($F43=J$2,$G43>0),$G43,"") | K43: =IF(AND($F43=K$2,$G43>0),$G43,"") | L43: =IF(AND($F43=L$2,$G43>0),$G43,"") | M43: =IF(AND($F43=M$2,$G43>0),$G43,"") | N43: =IF(AND($F43=N$2,$G43>0),$G43,"") | O43: =IF(AND($F43=O$2,$G43>0),$G43,"") | P43: =IF(AND($F43=P$2,$G43>0),$G43,"") | Q43: =IF(AND($F43=Q$2,$G43>0),$G43,"") | ... AC43: =IF(AND($F43=AC$2,$G43>0),$G43,"") | AD43: =IF(AND($G43>0,$F43<>""),IF(OR($F43="FNT1608-G",$F43="FNT1675-G"),IF(OR(AD$2="FNT1611",AD$2="FNT1610",AD$2="FNT1609"),$G43/3,""),IF($F43=AD$2,$G43,"")),"") | AE43: =IF(AND($G43>0,$F43<>""),IF(OR($F43="FNT1608-G",$F43="FNT1675-G"),IF(OR(AE$2="FNT1611",AE$2="FNT1610",AE$2="FNT1609"),$G43/3,""),IF($F43=AE$2,$G43,"")),"") | AF43: =IF(AND($G43>0,$F43<>""),IF(OR($F43="FNT1608-G",$F43="FNT1675-G"),IF(OR(AF$2="FNT1611",AF$2="FNT1610",AF$2="FNT1609"),$G43/3,""),IF($F43=AF$2,$G43,"")),"") | AG43: =IF(AND($G43>0,$F43<>""),IF($F43="FNT1608-H",IF(OR(AG$2="FNT1618",AG$2="FNT1619",AG$2="FNT1620"),$G43/3,""),IF($F43=AG$2,$G43,"")),"") | AH43: =IF(AND($G43>0,$F43<>""),IF($F43="FNT1608-H",IF(OR(AH$2="FNT1618",AH$2="FNT1619",AH$2="FNT1620"),$G43/3,""),IF($F43=AH$2,$G43,"")),"") | AI43: =IF(AND($G43>0,$F43<>""),IF($F43="FNT1608-H",IF(OR(AI$2="FNT1618",AI$2="FNT1619",AI$2="FNT1620"),$G43/3,""),IF($F43=AI$2,$G43,"")),"") | AJ43: =IF(AND($G43>0,$F43<>""),IF($F43="FNT1608-I",IF(AJ$2="FNT1653",$G43*2/6,IF(AJ$2="FNT1654",$G43*1/6,IF(AJ$2="FNT1655",$G43*1/6,IF(AJ$2="FNT1657",$G43*2/6,"")))),IF($F43="FNT1608-K",IF(AJ$2="FNT1653",$G43*1/6,IF(AJ$2="FNT1654",$G43*2/6,IF(AJ$2="FNT1655",$G43*1/6,IF(AJ$2="FNT1657",$G43*2/6,"")))),IF($F43=AJ$2,$G43,""))),"") | AK43: =IF(AND($G43>0,$F43<>""),IF($F43="FNT1608-I",IF(AK$2="FNT1653",$G43*2/6,IF(AK$2="FNT1654",$G43*1/6,IF(AK$2="FNT1655",$G43*1/6,IF(AK$2="FNT1657",$G43*2/6,"")))),IF($F43="FNT1608-K",IF(AK$2="FNT1653",$G43*1/6,IF(AK$2="FNT1654",$G43*2/6,IF(AK$2="FNT1655",$G43*1/6,IF(AK$2="FNT1657",$G43*2/6,"")))),IF($F43=AK$2,$G43,""))),"") | AL43: =IF(AND($G43>0,$F43<>""),IF($F43="FNT1608-I",IF(AL$2="FNT1653",$G43*2/6,IF(AL$2="FNT1654",$G43*1/6,IF(AL$2="FNT1655",$G43*1/6,IF(AL$2="FNT1657",$G43*2/6,"")))),IF($F43="FNT1608-K",IF(AL$2="FNT1653",$G43*1/6,IF(AL$2="FNT1654",$G43*2/6,IF(AL$2="FNT1655",$G43*1/6,IF(AL$2="FNT1657",$G43*2/6,"")))),IF($F43=AL$2,$G43,""))),"") | AM43: =IF(AND($G43>0,$F43<>""),IF($F43="FNT1608-I",IF(AM$2="FNT1653",$G43*2/6,IF(AM$2="FNT1654",$G43*1/6,IF(AM$2="FNT1655",$G43*1/6,IF(AM$2="FNT1657",$G43*2/6,"")))),IF($F43="FNT1608-K",IF(AM$2="FNT1653",$G43*1/6,IF(AM$2="FNT1654",$G43*2/6,IF(AM$2="FNT1655",$G43*1/6,IF(AM$2="FNT1657",$G43*2/6,"")))),IF($F43=AM$2,$G43,""))),"") | AN43: =IF(AND($G43>0,$F43<>""),IF(OR($F43="FNT1608-G",$F43="FNT1675-G"),IF(OR(AN$2="FNT1611",AN$2="FNT1610",AN$2="FNT1609"),$G43/3,""),IF($F43="FNT1608-H",IF(OR(AN$2="FNT1618",AN$2="FNT1619",AN$2="FNT1620"),$G43/3,""),IF($F43="FNT1608-I",IF(AN$2="FNT1653",$G43*2/6,IF(AN$2="FNT1654",$G43*1/6,IF(AN$2="FNT1655",$G43*1/6,IF(AN$2="FNT1657",$G43*2/6,"")))),IF($F43="FNT1608-K",IF(AN$2="FNT1653",$G43*1/6,IF(AN$2="FNT1654",$G43*2/6,IF(AN$2="FNT1655",$G43*1/6,IF(AN$2="FNT1657",$G43*2/6,"")))),IF($F43=AN$2,$G43,""))))),"") | AO43: =IF(AND($G43>0,$F43<>""),IF(OR($F43="FNT1608-G",$F43="FNT1675-G"),IF(OR(AO$2="FNT1611",AO$2="FNT1610",AO$2="FNT1609"),$G43/3,""),IF($F43="FNT1608-H",IF(OR(AO$2="FNT1618",AO$2="FNT1619",AO$2="FNT1620"),$G43/3,""),IF($F43="FNT1608-I",IF(AO$2="FNT1653",$G43*2/6,IF(AO$2="FNT1654",$G43*1/6,IF(AO$2="FNT1655",$G43*1/6,IF(AO$2="FNT1657",$G43*2/6,"")))),IF($F43="FNT1608-K",IF(AO$2="FNT1653",$G43*1/6,IF(AO$2="FNT1654",$G43*2/6,IF(AO$2="FNT1655",$G43*1/6,IF(AO$2="FNT1657",$G43*2/6,"")))),IF($F43=AO$2,$G43,""))))),"") | AP43: 3.64 | AQ43: =SUM(J43:AO43)*AP43 -> 5460 | AR43: =AQ43*7.75 -> 42315
A44: 45964 | B44: 46097 | C44: V1 | E44: 10001431519 | F44: SNF0182 | G44: 1800 | H44: 美文包装+RPET吸塑 | I44: =IFERROR(VLOOKUP(F44,名称!A:C,3,0),"") -> SNF | J44: =IF(AND($F44=J$2,$G44>0),$G44,"") | K44: =IF(AND($F44=K$2,$G44>0),$G44,"") | L44: =IF(AND($F44=L$2,$G44>0),$G44,"") | M44: =IF(AND($F44=M$2,$G44>0),$G44,"") | N44: =IF(AND($F44=N$2,$G44>0),$G44,"") | O44: =IF(AND($F44=O$2,$G44>0),$G44,"") | P44: =IF(AND($F44=P$2,$G44>0),$G44,"") | Q44: =IF(AND($F44=Q$2,$G44>0),$G44,"") | ... AC44: =IF(AND($F44=AC$2,$G44>0),$G44,"") | AD44: =IF(AND($G44>0,$F44<>""),IF(OR($F44="FNT1608-G",$F44="FNT1675-G"),IF(OR(AD$2="FNT1611",AD$2="FNT1610",AD$2="FNT1609"),$G44/3,""),IF($F44=AD$2,$G44,"")),"") | AE44: =IF(AND($G44>0,$F44<>""),IF(OR($F44="FNT1608-G",$F44="FNT1675-G"),IF(OR(AE$2="FNT1611",AE$2="FNT1610",AE$2="FNT1609"),$G44/3,""),IF($F44=AE$2,$G44,"")),"") | AF44: =IF(AND($G44>0,$F44<>""),IF(OR($F44="FNT1608-G",$F44="FNT1675-G"),IF(OR(AF$2="FNT1611",AF$2="FNT1610",AF$2="FNT1609"),$G44/3,""),IF($F44=AF$2,$G44,"")),"") | AG44: =IF(AND($G44>0,$F44<>""),IF($F44="FNT1608-H",IF(OR(AG$2="FNT1618",AG$2="FNT1619",AG$2="FNT1620"),$G44/3,""),IF($F44=AG$2,$G44,"")),"") | AH44: =IF(AND($G44>0,$F44<>""),IF($F44="FNT1608-H",IF(OR(AH$2="FNT1618",AH$2="FNT1619",AH$2="FNT1620"),$G44/3,""),IF($F44=AH$2,$G44,"")),"") | AI44: =IF(AND($G44>0,$F44<>""),IF($F44="FNT1608-H",IF(OR(AI$2="FNT1618",AI$2="FNT1619",AI$2="FNT1620"),$G44/3,""),IF($F44=AI$2,$G44,"")),"") | AJ44: =IF(AND($G44>0,$F44<>""),IF($F44="FNT1608-I",IF(AJ$2="FNT1653",$G44*2/6,IF(AJ$2="FNT1654",$G44*1/6,IF(AJ$2="FNT1655",$G44*1/6,IF(AJ$2="FNT1657",$G44*2/6,"")))),IF($F44="FNT1608-K",IF(AJ$2="FNT1653",$G44*1/6,IF(AJ$2="FNT1654",$G44*2/6,IF(AJ$2="FNT1655",$G44*1/6,IF(AJ$2="FNT1657",$G44*2/6,"")))),IF($F44=AJ$2,$G44,""))),"") | AK44: =IF(AND($G44>0,$F44<>""),IF($F44="FNT1608-I",IF(AK$2="FNT1653",$G44*2/6,IF(AK$2="FNT1654",$G44*1/6,IF(AK$2="FNT1655",$G44*1/6,IF(AK$2="FNT1657",$G44*2/6,"")))),IF($F44="FNT1608-K",IF(AK$2="FNT1653",$G44*1/6,IF(AK$2="FNT1654",$G44*2/6,IF(AK$2="FNT1655",$G44*1/6,IF(AK$2="FNT1657",$G44*2/6,"")))),IF($F44=AK$2,$G44,""))),"") | AL44: =IF(AND($G44>0,$F44<>""),IF($F44="FNT1608-I",IF(AL$2="FNT1653",$G44*2/6,IF(AL$2="FNT1654",$G44*1/6,IF(AL$2="FNT1655",$G44*1/6,IF(AL$2="FNT1657",$G44*2/6,"")))),IF($F44="FNT1608-K",IF(AL$2="FNT1653",$G44*1/6,IF(AL$2="FNT1654",$G44*2/6,IF(AL$2="FNT1655",$G44*1/6,IF(AL$2="FNT1657",$G44*2/6,"")))),IF($F44=AL$2,$G44,""))),"") | AM44: =IF(AND($G44>0,$F44<>""),IF($F44="FNT1608-I",IF(AM$2="FNT1653",$G44*2/6,IF(AM$2="FNT1654",$G44*1/6,IF(AM$2="FNT1655",$G44*1/6,IF(AM$2="FNT1657",$G44*2/6,"")))),IF($F44="FNT1608-K",IF(AM$2="FNT1653",$G44*1/6,IF(AM$2="FNT1654",$G44*2/6,IF(AM$2="FNT1655",$G44*1/6,IF(AM$2="FNT1657",$G44*2/6,"")))),IF($F44=AM$2,$G44,""))),"") | AN44: =IF(AND($G44>0,$F44<>""),IF(OR($F44="FNT1608-G",$F44="FNT1675-G"),IF(OR(AN$2="FNT1611",AN$2="FNT1610",AN$2="FNT1609"),$G44/3,""),IF($F44="FNT1608-H",IF(OR(AN$2="FNT1618",AN$2="FNT1619",AN$2="FNT1620"),$G44/3,""),IF($F44="FNT1608-I",IF(AN$2="FNT1653",$G44*2/6,IF(AN$2="FNT1654",$G44*1/6,IF(AN$2="FNT1655",$G44*1/6,IF(AN$2="FNT1657",$G44*2/6,"")))),IF($F44="FNT1608-K",IF(AN$2="FNT1653",$G44*1/6,IF(AN$2="FNT1654",$G44*2/6,IF(AN$2="FNT1655",$G44*1/6,IF(AN$2="FNT1657",$G44*2/6,"")))),IF($F44=AN$2,$G44,""))))),"") | AO44: =IF(AND($G44>0,$F44<>""),IF(OR($F44="FNT1608-G",$F44="FNT1675-G"),IF(OR(AO$2="FNT1611",AO$2="FNT1610",AO$2="FNT1609"),$G44/3,""),IF($F44="FNT1608-H",IF(OR(AO$2="FNT1618",AO$2="FNT1619",AO$2="FNT1620"),$G44/3,""),IF($F44="FNT1608-I",IF(AO$2="FNT1653",$G44*2/6,IF(AO$2="FNT1654",$G44*1/6,IF(AO$2="FNT1655",$G44*1/6,IF(AO$2="FNT1657",$G44*2/6,"")))),IF($F44="FNT1608-K",IF(AO$2="FNT1653",$G44*1/6,IF(AO$2="FNT1654",$G44*2/6,IF(AO$2="FNT1655",$G44*1/6,IF(AO$2="FNT1657",$G44*2/6,"")))),IF($F44=AO$2,$G44,""))))),"") | AP44: 3.64 | AQ44: =SUM(J44:AO44)*AP44 -> 6552 | AR44: =AQ44*7.75 -> 50778
A45: 45964 | B45: 46041 | C45: V1 | E45: 10001431523 | F45: SNF0182 | G45: 2796 | H45: 美文包装+RPET吸塑 | I45: =IFERROR(VLOOKUP(F45,名称!A:C,3,0),"") -> SNF | J45: =IF(AND($F45=J$2,$G45>0),$G45,"") | K45: =IF(AND($F45=K$2,$G45>0),$G45,"") | L45: =IF(AND($F45=L$2,$G45>0),$G45,"") | M45: =IF(AND($F45=M$2,$G45>0),$G45,"") | N45: =IF(AND($F45=N$2,$G45>0),$G45,"") | O45: =IF(AND($F45=O$2,$G45>0),$G45,"") | P45: =IF(AND($F45=P$2,$G45>0),$G45,"") | Q45: =IF(AND($F45=Q$2,$G45>0),$G45,"") | ... AC45: =IF(AND($F45=AC$2,$G45>0),$G45,"") | AD45: =IF(AND($G45>0,$F45<>""),IF(OR($F45="FNT1608-G",$F45="FNT1675-G"),IF(OR(AD$2="FNT1611",AD$2="FNT1610",AD$2="FNT1609"),$G45/3,""),IF($F45=AD$2,$G45,"")),"") | AE45: =IF(AND($G45>0,$F45<>""),IF(OR($F45="FNT1608-G",$F45="FNT1675-G"),IF(OR(AE$2="FNT1611",AE$2="FNT1610",AE$2="FNT1609"),$G45/3,""),IF($F45=AE$2,$G45,"")),"") | AF45: =IF(AND($G45>0,$F45<>""),IF(OR($F45="FNT1608-G",$F45="FNT1675-G"),IF(OR(AF$2="FNT1611",AF$2="FNT1610",AF$2="FNT1609"),$G45/3,""),IF($F45=AF$2,$G45,"")),"") | AG45: =IF(AND($G45>0,$F45<>""),IF($F45="FNT1608-H",IF(OR(AG$2="FNT1618",AG$2="FNT1619",AG$2="FNT1620"),$G45/3,""),IF($F45=AG$2,$G45,"")),"") | AH45: =IF(AND($G45>0,$F45<>""),IF($F45="FNT1608-H",IF(OR(AH$2="FNT1618",AH$2="FNT1619",AH$2="FNT1620"),$G45/3,""),IF($F45=AH$2,$G45,"")),"") | AI45: =IF(AND($G45>0,$F45<>""),IF($F45="FNT1608-H",IF(OR(AI$2="FNT1618",AI$2="FNT1619",AI$2="FNT1620"),$G45/3,""),IF($F45=AI$2,$G45,"")),"") | AJ45: =IF(AND($G45>0,$F45<>""),IF($F45="FNT1608-I",IF(AJ$2="FNT1653",$G45*2/6,IF(AJ$2="FNT1654",$G45*1/6,IF(AJ$2="FNT1655",$G45*1/6,IF(AJ$2="FNT1657",$G45*2/6,"")))),IF($F45="FNT1608-K",IF(AJ$2="FNT1653",$G45*1/6,IF(AJ$2="FNT1654",$G45*2/6,IF(AJ$2="FNT1655",$G45*1/6,IF(AJ$2="FNT1657",$G45*2/6,"")))),IF($F45=AJ$2,$G45,""))),"") | AK45: =IF(AND($G45>0,$F45<>""),IF($F45="FNT1608-I",IF(AK$2="FNT1653",$G45*2/6,IF(AK$2="FNT1654",$G45*1/6,IF(AK$2="FNT1655",$G45*1/6,IF(AK$2="FNT1657",$G45*2/6,"")))),IF($F45="FNT1608-K",IF(AK$2="FNT1653",$G45*1/6,IF(AK$2="FNT1654",$G45*2/6,IF(AK$2="FNT1655",$G45*1/6,IF(AK$2="FNT1657",$G45*2/6,"")))),IF($F45=AK$2,$G45,""))),"") | AL45: =IF(AND($G45>0,$F45<>""),IF($F45="FNT1608-I",IF(AL$2="FNT1653",$G45*2/6,IF(AL$2="FNT1654",$G45*1/6,IF(AL$2="FNT1655",$G45*1/6,IF(AL$2="FNT1657",$G45*2/6,"")))),IF($F45="FNT1608-K",IF(AL$2="FNT1653",$G45*1/6,IF(AL$2="FNT1654",$G45*2/6,IF(AL$2="FNT1655",$G45*1/6,IF(AL$2="FNT1657",$G45*2/6,"")))),IF($F45=AL$2,$G45,""))),"") | AM45: =IF(AND($G45>0,$F45<>""),IF($F45="FNT1608-I",IF(AM$2="FNT1653",$G45*2/6,IF(AM$2="FNT1654",$G45*1/6,IF(AM$2="FNT1655",$G45*1/6,IF(AM$2="FNT1657",$G45*2/6,"")))),IF($F45="FNT1608-K",IF(AM$2="FNT1653",$G45*1/6,IF(AM$2="FNT1654",$G45*2/6,IF(AM$2="FNT1655",$G45*1/6,IF(AM$2="FNT1657",$G45*2/6,"")))),IF($F45=AM$2,$G45,""))),"") | AN45: =IF(AND($G45>0,$F45<>""),IF(OR($F45="FNT1608-G",$F45="FNT1675-G"),IF(OR(AN$2="FNT1611",AN$2="FNT1610",AN$2="FNT1609"),$G45/3,""),IF($F45="FNT1608-H",IF(OR(AN$2="FNT1618",AN$2="FNT1619",AN$2="FNT1620"),$G45/3,""),IF($F45="FNT1608-I",IF(AN$2="FNT1653",$G45*2/6,IF(AN$2="FNT1654",$G45*1/6,IF(AN$2="FNT1655",$G45*1/6,IF(AN$2="FNT1657",$G45*2/6,"")))),IF($F45="FNT1608-K",IF(AN$2="FNT1653",$G45*1/6,IF(AN$2="FNT1654",$G45*2/6,IF(AN$2="FNT1655",$G45*1/6,IF(AN$2="FNT1657",$G45*2/6,"")))),IF($F45=AN$2,$G45,""))))),"") | AO45: =IF(AND($G45>0,$F45<>""),IF(OR($F45="FNT1608-G",$F45="FNT1675-G"),IF(OR(AO$2="FNT1611",AO$2="FNT1610",AO$2="FNT1609"),$G45/3,""),IF($F45="FNT1608-H",IF(OR(AO$2="FNT1618",AO$2="FNT1619",AO$2="FNT1620"),$G45/3,""),IF($F45="FNT1608-I",IF(AO$2="FNT1653",$G45*2/6,IF(AO$2="FNT1654",$G45*1/6,IF(AO$2="FNT1655",$G45*1/6,IF(AO$2="FNT1657",$G45*2/6,"")))),IF($F45="FNT1608-K",IF(AO$2="FNT1653",$G45*1/6,IF(AO$2="FNT1654",$G45*2/6,IF(AO$2="FNT1655",$G45*1/6,IF(AO$2="FNT1657",$G45*2/6,"")))),IF($F45=AO$2,$G45,""))))),"") | AP45: 3.64 | AQ45: =SUM(J45:AO45)*AP45 -> 10177.44 | AR45: =AQ45*7.75 -> 78875.16
A46: 45964 | B46: 46055 | C46: V1 | E46: 10001431524 | F46: SNF0182 | G46: 1002 | H46: 美文包装+RPET吸塑 | I46: =IFERROR(VLOOKUP(F46,名称!A:C,3,0),"") -> SNF | J46: =IF(AND($F46=J$2,$G46>0),$G46,"") | K46: =IF(AND($F46=K$2,$G46>0),$G46,"") | L46: =IF(AND($F46=L$2,$G46>0),$G46,"") | M46: =IF(AND($F46=M$2,$G46>0),$G46,"") | N46: =IF(AND($F46=N$2,$G46>0),$G46,"") | O46: =IF(AND($F46=O$2,$G46>0),$G46,"") | P46: =IF(AND($F46=P$2,$G46>0),$G46,"") | Q46: =IF(AND($F46=Q$2,$G46>0),$G46,"") | ... AC46: =IF(AND($F46=AC$2,$G46>0),$G46,"") | AD46: =IF(AND($G46>0,$F46<>""),IF(OR($F46="FNT1608-G",$F46="FNT1675-G"),IF(OR(AD$2="FNT1611",AD$2="FNT1610",AD$2="FNT1609"),$G46/3,""),IF($F46=AD$2,$G46,"")),"") | AE46: =IF(AND($G46>0,$F46<>""),IF(OR($F46="FNT1608-G",$F46="FNT1675-G"),IF(OR(AE$2="FNT1611",AE$2="FNT1610",AE$2="FNT1609"),$G46/3,""),IF($F46=AE$2,$G46,"")),"") | AF46: =IF(AND($G46>0,$F46<>""),IF(OR($F46="FNT1608-G",$F46="FNT1675-G"),IF(OR(AF$2="FNT1611",AF$2="FNT1610",AF$2="FNT1609"),$G46/3,""),IF($F46=AF$2,$G46,"")),"") | AG46: =IF(AND($G46>0,$F46<>""),IF($F46="FNT1608-H",IF(OR(AG$2="FNT1618",AG$2="FNT1619",AG$2="FNT1620"),$G46/3,""),IF($F46=AG$2,$G46,"")),"") | AH46: =IF(AND($G46>0,$F46<>""),IF($F46="FNT1608-H",IF(OR(AH$2="FNT1618",AH$2="FNT1619",AH$2="FNT1620"),$G46/3,""),IF($F46=AH$2,$G46,"")),"") | AI46: =IF(AND($G46>0,$F46<>""),IF($F46="FNT1608-H",IF(OR(AI$2="FNT1618",AI$2="FNT1619",AI$2="FNT1620"),$G46/3,""),IF($F46=AI$2,$G46,"")),"") | AJ46: =IF(AND($G46>0,$F46<>""),IF($F46="FNT1608-I",IF(AJ$2="FNT1653",$G46*2/6,IF(AJ$2="FNT1654",$G46*1/6,IF(AJ$2="FNT1655",$G46*1/6,IF(AJ$2="FNT1657",$G46*2/6,"")))),IF($F46="FNT1608-K",IF(AJ$2="FNT1653",$G46*1/6,IF(AJ$2="FNT1654",$G46*2/6,IF(AJ$2="FNT1655",$G46*1/6,IF(AJ$2="FNT1657",$G46*2/6,"")))),IF($F46=AJ$2,$G46,""))),"") | AK46: =IF(AND($G46>0,$F46<>""),IF($F46="FNT1608-I",IF(AK$2="FNT1653",$G46*2/6,IF(AK$2="FNT1654",$G46*1/6,IF(AK$2="FNT1655",$G46*1/6,IF(AK$2="FNT1657",$G46*2/6,"")))),IF($F46="FNT1608-K",IF(AK$2="FNT1653",$G46*1/6,IF(AK$2="FNT1654",$G46*2/6,IF(AK$2="FNT1655",$G46*1/6,IF(AK$2="FNT1657",$G46*2/6,"")))),IF($F46=AK$2,$G46,""))),"") | AL46: =IF(AND($G46>0,$F46<>""),IF($F46="FNT1608-I",IF(AL$2="FNT1653",$G46*2/6,IF(AL$2="FNT1654",$G46*1/6,IF(AL$2="FNT1655",$G46*1/6,IF(AL$2="FNT1657",$G46*2/6,"")))),IF($F46="FNT1608-K",IF(AL$2="FNT1653",$G46*1/6,IF(AL$2="FNT1654",$G46*2/6,IF(AL$2="FNT1655",$G46*1/6,IF(AL$2="FNT1657",$G46*2/6,"")))),IF($F46=AL$2,$G46,""))),"") | AM46: =IF(AND($G46>0,$F46<>""),IF($F46="FNT1608-I",IF(AM$2="FNT1653",$G46*2/6,IF(AM$2="FNT1654",$G46*1/6,IF(AM$2="FNT1655",$G46*1/6,IF(AM$2="FNT1657",$G46*2/6,"")))),IF($F46="FNT1608-K",IF(AM$2="FNT1653",$G46*1/6,IF(AM$2="FNT1654",$G46*2/6,IF(AM$2="FNT1655",$G46*1/6,IF(AM$2="FNT1657",$G46*2/6,"")))),IF($F46=AM$2,$G46,""))),"") | AN46: =IF(AND($G46>0,$F46<>""),IF(OR($F46="FNT1608-G",$F46="FNT1675-G"),IF(OR(AN$2="FNT1611",AN$2="FNT1610",AN$2="FNT1609"),$G46/3,""),IF($F46="FNT1608-H",IF(OR(AN$2="FNT1618",AN$2="FNT1619",AN$2="FNT1620"),$G46/3,""),IF($F46="FNT1608-I",IF(AN$2="FNT1653",$G46*2/6,IF(AN$2="FNT1654",$G46*1/6,IF(AN$2="FNT1655",$G46*1/6,IF(AN$2="FNT1657",$G46*2/6,"")))),IF($F46="FNT1608-K",IF(AN$2="FNT1653",$G46*1/6,IF(AN$2="FNT1654",$G46*2/6,IF(AN$2="FNT1655",$G46*1/6,IF(AN$2="FNT1657",$G46*2/6,"")))),IF($F46=AN$2,$G46,""))))),"") | AO46: =IF(AND($G46>0,$F46<>""),IF(OR($F46="FNT1608-G",$F46="FNT1675-G"),IF(OR(AO$2="FNT1611",AO$2="FNT1610",AO$2="FNT1609"),$G46/3,""),IF($F46="FNT1608-H",IF(OR(AO$2="FNT1618",AO$2="FNT1619",AO$2="FNT1620"),$G46/3,""),IF($F46="FNT1608-I",IF(AO$2="FNT1653",$G46*2/6,IF(AO$2="FNT1654",$G46*1/6,IF(AO$2="FNT1655",$G46*1/6,IF(AO$2="FNT1657",$G46*2/6,"")))),IF($F46="FNT1608-K",IF(AO$2="FNT1653",$G46*1/6,IF(AO$2="FNT1654",$G46*2/6,IF(AO$2="FNT1655",$G46*1/6,IF(AO$2="FNT1657",$G46*2/6,"")))),IF($F46=AO$2,$G46,""))))),"") | AP46: 3.64 | AQ46: =SUM(J46:AO46)*AP46 -> 3647.28 | AR46: =AQ46*7.75 -> 28266.42
A47: 45964 | B47: 46055 | C47: V1 | E47: 10001431527 | F47: SNF0182 | G47: 1398 | H47: 美文包装+RPET吸塑 | I47: =IFERROR(VLOOKUP(F47,名称!A:C,3,0),"") -> SNF | J47: =IF(AND($F47=J$2,$G47>0),$G47,"") | K47: =IF(AND($F47=K$2,$G47>0),$G47,"") | L47: =IF(AND($F47=L$2,$G47>0),$G47,"") | M47: =IF(AND($F47=M$2,$G47>0),$G47,"") | N47: =IF(AND($F47=N$2,$G47>0),$G47,"") | O47: =IF(AND($F47=O$2,$G47>0),$G47,"") | P47: =IF(AND($F47=P$2,$G47>0),$G47,"") | Q47: =IF(AND($F47=Q$2,$G47>0),$G47,"") | ... AC47: =IF(AND($F47=AC$2,$G47>0),$G47,"") | AD47: =IF(AND($G47>0,$F47<>""),IF(OR($F47="FNT1608-G",$F47="FNT1675-G"),IF(OR(AD$2="FNT1611",AD$2="FNT1610",AD$2="FNT1609"),$G47/3,""),IF($F47=AD$2,$G47,"")),"") | AE47: =IF(AND($G47>0,$F47<>""),IF(OR($F47="FNT1608-G",$F47="FNT1675-G"),IF(OR(AE$2="FNT1611",AE$2="FNT1610",AE$2="FNT1609"),$G47/3,""),IF($F47=AE$2,$G47,"")),"") | AF47: =IF(AND($G47>0,$F47<>""),IF(OR($F47="FNT1608-G",$F47="FNT1675-G"),IF(OR(AF$2="FNT1611",AF$2="FNT1610",AF$2="FNT1609"),$G47/3,""),IF($F47=AF$2,$G47,"")),"") | AG47: =IF(AND($G47>0,$F47<>""),IF($F47="FNT1608-H",IF(OR(AG$2="FNT1618",AG$2="FNT1619",AG$2="FNT1620"),$G47/3,""),IF($F47=AG$2,$G47,"")),"") | AH47: =IF(AND($G47>0,$F47<>""),IF($F47="FNT1608-H",IF(OR(AH$2="FNT1618",AH$2="FNT1619",AH$2="FNT1620"),$G47/3,""),IF($F47=AH$2,$G47,"")),"") | AI47: =IF(AND($G47>0,$F47<>""),IF($F47="FNT1608-H",IF(OR(AI$2="FNT1618",AI$2="FNT1619",AI$2="FNT1620"),$G47/3,""),IF($F47=AI$2,$G47,"")),"") | AJ47: =IF(AND($G47>0,$F47<>""),IF($F47="FNT1608-I",IF(AJ$2="FNT1653",$G47*2/6,IF(AJ$2="FNT1654",$G47*1/6,IF(AJ$2="FNT1655",$G47*1/6,IF(AJ$2="FNT1657",$G47*2/6,"")))),IF($F47="FNT1608-K",IF(AJ$2="FNT1653",$G47*1/6,IF(AJ$2="FNT1654",$G47*2/6,IF(AJ$2="FNT1655",$G47*1/6,IF(AJ$2="FNT1657",$G47*2/6,"")))),IF($F47=AJ$2,$G47,""))),"") | AK47: =IF(AND($G47>0,$F47<>""),IF($F47="FNT1608-I",IF(AK$2="FNT1653",$G47*2/6,IF(AK$2="FNT1654",$G47*1/6,IF(AK$2="FNT1655",$G47*1/6,IF(AK$2="FNT1657",$G47*2/6,"")))),IF($F47="FNT1608-K",IF(AK$2="FNT1653",$G47*1/6,IF(AK$2="FNT1654",$G47*2/6,IF(AK$2="FNT1655",$G47*1/6,IF(AK$2="FNT1657",$G47*2/6,"")))),IF($F47=AK$2,$G47,""))),"") | AL47: =IF(AND($G47>0,$F47<>""),IF($F47="FNT1608-I",IF(AL$2="FNT1653",$G47*2/6,IF(AL$2="FNT1654",$G47*1/6,IF(AL$2="FNT1655",$G47*1/6,IF(AL$2="FNT1657",$G47*2/6,"")))),IF($F47="FNT1608-K",IF(AL$2="FNT1653",$G47*1/6,IF(AL$2="FNT1654",$G47*2/6,IF(AL$2="FNT1655",$G47*1/6,IF(AL$2="FNT1657",$G47*2/6,"")))),IF($F47=AL$2,$G47,""))),"") | AM47: =IF(AND($G47>0,$F47<>""),IF($F47="FNT1608-I",IF(AM$2="FNT1653",$G47*2/6,IF(AM$2="FNT1654",$G47*1/6,IF(AM$2="FNT1655",$G47*1/6,IF(AM$2="FNT1657",$G47*2/6,"")))),IF($F47="FNT1608-K",IF(AM$2="FNT1653",$G47*1/6,IF(AM$2="FNT1654",$G47*2/6,IF(AM$2="FNT1655",$G47*1/6,IF(AM$2="FNT1657",$G47*2/6,"")))),IF($F47=AM$2,$G47,""))),"") | AN47: =IF(AND($G47>0,$F47<>""),IF(OR($F47="FNT1608-G",$F47="FNT1675-G"),IF(OR(AN$2="FNT1611",AN$2="FNT1610",AN$2="FNT1609"),$G47/3,""),IF($F47="FNT1608-H",IF(OR(AN$2="FNT1618",AN$2="FNT1619",AN$2="FNT1620"),$G47/3,""),IF($F47="FNT1608-I",IF(AN$2="FNT1653",$G47*2/6,IF(AN$2="FNT1654",$G47*1/6,IF(AN$2="FNT1655",$G47*1/6,IF(AN$2="FNT1657",$G47*2/6,"")))),IF($F47="FNT1608-K",IF(AN$2="FNT1653",$G47*1/6,IF(AN$2="FNT1654",$G47*2/6,IF(AN$2="FNT1655",$G47*1/6,IF(AN$2="FNT1657",$G47*2/6,"")))),IF($F47=AN$2,$G47,""))))),"") | AO47: =IF(AND($G47>0,$F47<>""),IF(OR($F47="FNT1608-G",$F47="FNT1675-G"),IF(OR(AO$2="FNT1611",AO$2="FNT1610",AO$2="FNT1609"),$G47/3,""),IF($F47="FNT1608-H",IF(OR(AO$2="FNT1618",AO$2="FNT1619",AO$2="FNT1620"),$G47/3,""),IF($F47="FNT1608-I",IF(AO$2="FNT1653",$G47*2/6,IF(AO$2="FNT1654",$G47*1/6,IF(AO$2="FNT1655",$G47*1/6,IF(AO$2="FNT1657",$G47*2/6,"")))),IF($F47="FNT1608-K",IF(AO$2="FNT1653",$G47*1/6,IF(AO$2="FNT1654",$G47*2/6,IF(AO$2="FNT1655",$G47*1/6,IF(AO$2="FNT1657",$G47*2/6,"")))),IF($F47=AO$2,$G47,""))))),"") | AP47: 3.64 | AQ47: =SUM(J47:AO47)*AP47 -> 5088.72 | AR47: =AQ47*7.75 -> 39437.58
A48: 45967 | B48: 46028 | C48: V2 | E48: POMX000429 | F48: FNT1675-G | G48: 4968 | H48: 美文包装+RPET吸塑 | I48: =IFERROR(VLOOKUP(F48,名称!A:C,3,0),"") -> FNT | J48: =IF(AND($F48=J$2,$G48>0),$G48,"") | K48: =IF(AND($F48=K$2,$G48>0),$G48,"") | L48: =IF(AND($F48=L$2,$G48>0),$G48,"") | M48: =IF(AND($F48=M$2,$G48>0),$G48,"") | N48: =IF(AND($F48=N$2,$G48>0),$G48,"") | O48: =IF(AND($F48=O$2,$G48>0),$G48,"") | P48: =IF(AND($F48=P$2,$G48>0),$G48,"") | Q48: =IF(AND($F48=Q$2,$G48>0),$G48,"") | ... AC48: =IF(AND($F48=AC$2,$G48>0),$G48,"") | AD48: =IF(AND($G48>0,$F48<>""),IF(OR($F48="FNT1608-G",$F48="FNT1675-G"),IF(OR(AD$2="FNT1611",AD$2="FNT1610",AD$2="FNT1609"),$G48/3,""),IF($F48=AD$2,$G48,"")),"") -> 1656 | AE48: =IF(AND($G48>0,$F48<>""),IF(OR($F48="FNT1608-G",$F48="FNT1675-G"),IF(OR(AE$2="FNT1611",AE$2="FNT1610",AE$2="FNT1609"),$G48/3,""),IF($F48=AE$2,$G48,"")),"") -> 1656 | AF48: =IF(AND($G48>0,$F48<>""),IF(OR($F48="FNT1608-G",$F48="FNT1675-G"),IF(OR(AF$2="FNT1611",AF$2="FNT1610",AF$2="FNT1609"),$G48/3,""),IF($F48=AF$2,$G48,"")),"") -> 1656 | AG48: =IF(AND($G48>0,$F48<>""),IF($F48="FNT1608-H",IF(OR(AG$2="FNT1618",AG$2="FNT1619",AG$2="FNT1620"),$G48/3,""),IF($F48=AG$2,$G48,"")),"") | AH48: =IF(AND($G48>0,$F48<>""),IF($F48="FNT1608-H",IF(OR(AH$2="FNT1618",AH$2="FNT1619",AH$2="FNT1620"),$G48/3,""),IF($F48=AH$2,$G48,"")),"") | AI48: =IF(AND($G48>0,$F48<>""),IF($F48="FNT1608-H",IF(OR(AI$2="FNT1618",AI$2="FNT1619",AI$2="FNT1620"),$G48/3,""),IF($F48=AI$2,$G48,"")),"") | AJ48: =IF(AND($G48>0,$F48<>""),IF($F48="FNT1608-I",IF(AJ$2="FNT1653",$G48*2/6,IF(AJ$2="FNT1654",$G48*1/6,IF(AJ$2="FNT1655",$G48*1/6,IF(AJ$2="FNT1657",$G48*2/6,"")))),IF($F48="FNT1608-K",IF(AJ$2="FNT1653",$G48*1/6,IF(AJ$2="FNT1654",$G48*2/6,IF(AJ$2="FNT1655",$G48*1/6,IF(AJ$2="FNT1657",$G48*2/6,"")))),IF($F48=AJ$2,$G48,""))),"") | AK48: =IF(AND($G48>0,$F48<>""),IF($F48="FNT1608-I",IF(AK$2="FNT1653",$G48*2/6,IF(AK$2="FNT1654",$G48*1/6,IF(AK$2="FNT1655",$G48*1/6,IF(AK$2="FNT1657",$G48*2/6,"")))),IF($F48="FNT1608-K",IF(AK$2="FNT1653",$G48*1/6,IF(AK$2="FNT1654",$G48*2/6,IF(AK$2="FNT1655",$G48*1/6,IF(AK$2="FNT1657",$G48*2/6,"")))),IF($F48=AK$2,$G48,""))),"") | AL48: =IF(AND($G48>0,$F48<>""),IF($F48="FNT1608-I",IF(AL$2="FNT1653",$G48*2/6,IF(AL$2="FNT1654",$G48*1/6,IF(AL$2="FNT1655",$G48*1/6,IF(AL$2="FNT1657",$G48*2/6,"")))),IF($F48="FNT1608-K",IF(AL$2="FNT1653",$G48*1/6,IF(AL$2="FNT1654",$G48*2/6,IF(AL$2="FNT1655",$G48*1/6,IF(AL$2="FNT1657",$G48*2/6,"")))),IF($F48=AL$2,$G48,""))),"") | AM48: =IF(AND($G48>0,$F48<>""),IF($F48="FNT1608-I",IF(AM$2="FNT1653",$G48*2/6,IF(AM$2="FNT1654",$G48*1/6,IF(AM$2="FNT1655",$G48*1/6,IF(AM$2="FNT1657",$G48*2/6,"")))),IF($F48="FNT1608-K",IF(AM$2="FNT1653",$G48*1/6,IF(AM$2="FNT1654",$G48*2/6,IF(AM$2="FNT1655",$G48*1/6,IF(AM$2="FNT1657",$G48*2/6,"")))),IF($F48=AM$2,$G48,""))),"") | AN48: =IF(AND($G48>0,$F48<>""),IF(OR($F48="FNT1608-G",$F48="FNT1675-G"),IF(OR(AN$2="FNT1611",AN$2="FNT1610",AN$2="FNT1609"),$G48/3,""),IF($F48="FNT1608-H",IF(OR(AN$2="FNT1618",AN$2="FNT1619",AN$2="FNT1620"),$G48/3,""),IF($F48="FNT1608-I",IF(AN$2="FNT1653",$G48*2/6,IF(AN$2="FNT1654",$G48*1/6,IF(AN$2="FNT1655",$G48*1/6,IF(AN$2="FNT1657",$G48*2/6,"")))),IF($F48="FNT1608-K",IF(AN$2="FNT1653",$G48*1/6,IF(AN$2="FNT1654",$G48*2/6,IF(AN$2="FNT1655",$G48*1/6,IF(AN$2="FNT1657",$G48*2/6,"")))),IF($F48=AN$2,$G48,""))))),"") | AO48: =IF(AND($G48>0,$F48<>""),IF(OR($F48="FNT1608-G",$F48="FNT1675-G"),IF(OR(AO$2="FNT1611",AO$2="FNT1610",AO$2="FNT1609"),$G48/3,""),IF($F48="FNT1608-H",IF(OR(AO$2="FNT1618",AO$2="FNT1619",AO$2="FNT1620"),$G48/3,""),IF($F48="FNT1608-I",IF(AO$2="FNT1653",$G48*2/6,IF(AO$2="FNT1654",$G48*1/6,IF(AO$2="FNT1655",$G48*1/6,IF(AO$2="FNT1657",$G48*2/6,"")))),IF($F48="FNT1608-K",IF(AO$2="FNT1653",$G48*1/6,IF(AO$2="FNT1654",$G48*2/6,IF(AO$2="FNT1655",$G48*1/6,IF(AO$2="FNT1657",$G48*2/6,"")))),IF($F48=AO$2,$G48,""))))),"") | AP48: 2.06 | AQ48: =SUM(J48:AO48)*AP48 -> 10234.08 | AR48: =AQ48*7.75 -> 79314.12
A49: 45967 | B49: 46027 | C49: V1 | E49: PO012968 | F49: FNT1608-G | G49: 3000 | H49: 7L包装+RPET吸塑 | I49: =IFERROR(VLOOKUP(F49,名称!A:C,3,0),"") -> FNT | J49: =IF(AND($F49=J$2,$G49>0),$G49,"") | K49: =IF(AND($F49=K$2,$G49>0),$G49,"") | L49: =IF(AND($F49=L$2,$G49>0),$G49,"") | M49: =IF(AND($F49=M$2,$G49>0),$G49,"") | N49: =IF(AND($F49=N$2,$G49>0),$G49,"") | O49: =IF(AND($F49=O$2,$G49>0),$G49,"") | P49: =IF(AND($F49=P$2,$G49>0),$G49,"") | Q49: =IF(AND($F49=Q$2,$G49>0),$G49,"") | ... AC49: =IF(AND($F49=AC$2,$G49>0),$G49,"") | AD49: =IF(AND($G49>0,$F49<>""),IF(OR($F49="FNT1608-G",$F49="FNT1675-G"),IF(OR(AD$2="FNT1611",AD$2="FNT1610",AD$2="FNT1609"),$G49/3,""),IF($F49=AD$2,$G49,"")),"") -> 1000 | AE49: =IF(AND($G49>0,$F49<>""),IF(OR($F49="FNT1608-G",$F49="FNT1675-G"),IF(OR(AE$2="FNT1611",AE$2="FNT1610",AE$2="FNT1609"),$G49/3,""),IF($F49=AE$2,$G49,"")),"") -> 1000 | AF49: =IF(AND($G49>0,$F49<>""),IF(OR($F49="FNT1608-G",$F49="FNT1675-G"),IF(OR(AF$2="FNT1611",AF$2="FNT1610",AF$2="FNT1609"),$G49/3,""),IF($F49=AF$2,$G49,"")),"") -> 1000 | AG49: =IF(AND($G49>0,$F49<>""),IF($F49="FNT1608-H",IF(OR(AG$2="FNT1618",AG$2="FNT1619",AG$2="FNT1620"),$G49/3,""),IF($F49=AG$2,$G49,"")),"") | AH49: =IF(AND($G49>0,$F49<>""),IF($F49="FNT1608-H",IF(OR(AH$2="FNT1618",AH$2="FNT1619",AH$2="FNT1620"),$G49/3,""),IF($F49=AH$2,$G49,"")),"") | AI49: =IF(AND($G49>0,$F49<>""),IF($F49="FNT1608-H",IF(OR(AI$2="FNT1618",AI$2="FNT1619",AI$2="FNT1620"),$G49/3,""),IF($F49=AI$2,$G49,"")),"") | AJ49: =IF(AND($G49>0,$F49<>""),IF($F49="FNT1608-I",IF(AJ$2="FNT1653",$G49*2/6,IF(AJ$2="FNT1654",$G49*1/6,IF(AJ$2="FNT1655",$G49*1/6,IF(AJ$2="FNT1657",$G49*2/6,"")))),IF($F49="FNT1608-K",IF(AJ$2="FNT1653",$G49*1/6,IF(AJ$2="FNT1654",$G49*2/6,IF(AJ$2="FNT1655",$G49*1/6,IF(AJ$2="FNT1657",$G49*2/6,"")))),IF($F49=AJ$2,$G49,""))),"") | AK49: =IF(AND($G49>0,$F49<>""),IF($F49="FNT1608-I",IF(AK$2="FNT1653",$G49*2/6,IF(AK$2="FNT1654",$G49*1/6,IF(AK$2="FNT1655",$G49*1/6,IF(AK$2="FNT1657",$G49*2/6,"")))),IF($F49="FNT1608-K",IF(AK$2="FNT1653",$G49*1/6,IF(AK$2="FNT1654",$G49*2/6,IF(AK$2="FNT1655",$G49*1/6,IF(AK$2="FNT1657",$G49*2/6,"")))),IF($F49=AK$2,$G49,""))),"") | AL49: =IF(AND($G49>0,$F49<>""),IF($F49="FNT1608-I",IF(AL$2="FNT1653",$G49*2/6,IF(AL$2="FNT1654",$G49*1/6,IF(AL$2="FNT1655",$G49*1/6,IF(AL$2="FNT1657",$G49*2/6,"")))),IF($F49="FNT1608-K",IF(AL$2="FNT1653",$G49*1/6,IF(AL$2="FNT1654",$G49*2/6,IF(AL$2="FNT1655",$G49*1/6,IF(AL$2="FNT1657",$G49*2/6,"")))),IF($F49=AL$2,$G49,""))),"") | AM49: =IF(AND($G49>0,$F49<>""),IF($F49="FNT1608-I",IF(AM$2="FNT1653",$G49*2/6,IF(AM$2="FNT1654",$G49*1/6,IF(AM$2="FNT1655",$G49*1/6,IF(AM$2="FNT1657",$G49*2/6,"")))),IF($F49="FNT1608-K",IF(AM$2="FNT1653",$G49*1/6,IF(AM$2="FNT1654",$G49*2/6,IF(AM$2="FNT1655",$G49*1/6,IF(AM$2="FNT1657",$G49*2/6,"")))),IF($F49=AM$2,$G49,""))),"") | AN49: =IF(AND($G49>0,$F49<>""),IF(OR($F49="FNT1608-G",$F49="FNT1675-G"),IF(OR(AN$2="FNT1611",AN$2="FNT1610",AN$2="FNT1609"),$G49/3,""),IF($F49="FNT1608-H",IF(OR(AN$2="FNT1618",AN$2="FNT1619",AN$2="FNT1620"),$G49/3,""),IF($F49="FNT1608-I",IF(AN$2="FNT1653",$G49*2/6,IF(AN$2="FNT1654",$G49*1/6,IF(AN$2="FNT1655",$G49*1/6,IF(AN$2="FNT1657",$G49*2/6,"")))),IF($F49="FNT1608-K",IF(AN$2="FNT1653",$G49*1/6,IF(AN$2="FNT1654",$G49*2/6,IF(AN$2="FNT1655",$G49*1/6,IF(AN$2="FNT1657",$G49*2/6,"")))),IF($F49=AN$2,$G49,""))))),"") | AO49: =IF(AND($G49>0,$F49<>""),IF(OR($F49="FNT1608-G",$F49="FNT1675-G"),IF(OR(AO$2="FNT1611",AO$2="FNT1610",AO$2="FNT1609"),$G49/3,""),IF($F49="FNT1608-H",IF(OR(AO$2="FNT1618",AO$2="FNT1619",AO$2="FNT1620"),$G49/3,""),IF($F49="FNT1608-I",IF(AO$2="FNT1653",$G49*2/6,IF(AO$2="FNT1654",$G49*1/6,IF(AO$2="FNT1655",$G49*1/6,IF(AO$2="FNT1657",$G49*2/6,"")))),IF($F49="FNT1608-K",IF(AO$2="FNT1653",$G49*1/6,IF(AO$2="FNT1654",$G49*2/6,IF(AO$2="FNT1655",$G49*1/6,IF(AO$2="FNT1657",$G49*2/6,"")))),IF($F49=AO$2,$G49,""))))),"") | AP49: 2.06 | AQ49: =SUM(J49:AO49)*AP49 -> 6180 | AR49: =AQ49*7.75 -> 47895
A50: 45967 | B50: 46028 | C50: V1 | E50: POGE00005748 | F50: FNT1611 | G50: 1200 | H50: 7L包装+RPET吸塑 | I50: =IFERROR(VLOOKUP(F50,名称!A:C,3,0),"") -> FNT | J50: =IF(AND($F50=J$2,$G50>0),$G50,"") | K50: =IF(AND($F50=K$2,$G50>0),$G50,"") | L50: =IF(AND($F50=L$2,$G50>0),$G50,"") | M50: =IF(AND($F50=M$2,$G50>0),$G50,"") | N50: =IF(AND($F50=N$2,$G50>0),$G50,"") | O50: =IF(AND($F50=O$2,$G50>0),$G50,"") | P50: =IF(AND($F50=P$2,$G50>0),$G50,"") | Q50: =IF(AND($F50=Q$2,$G50>0),$G50,"") | ... AC50: =IF(AND($F50=AC$2,$G50>0),$G50,"") | AD50: =IF(AND($G50>0,$F50<>""),IF(OR($F50="FNT1608-G",$F50="FNT1675-G"),IF(OR(AD$2="FNT1611",AD$2="FNT1610",AD$2="FNT1609"),$G50/3,""),IF($F50=AD$2,$G50,"")),"") -> 1200 | AE50: =IF(AND($G50>0,$F50<>""),IF(OR($F50="FNT1608-G",$F50="FNT1675-G"),IF(OR(AE$2="FNT1611",AE$2="FNT1610",AE$2="FNT1609"),$G50/3,""),IF($F50=AE$2,$G50,"")),"") | AF50: =IF(AND($G50>0,$F50<>""),IF(OR($F50="FNT1608-G",$F50="FNT1675-G"),IF(OR(AF$2="FNT1611",AF$2="FNT1610",AF$2="FNT1609"),$G50/3,""),IF($F50=AF$2,$G50,"")),"") | AG50: =IF(AND($G50>0,$F50<>""),IF($F50="FNT1608-H",IF(OR(AG$2="FNT1618",AG$2="FNT1619",AG$2="FNT1620"),$G50/3,""),IF($F50=AG$2,$G50,"")),"") | AH50: =IF(AND($G50>0,$F50<>""),IF($F50="FNT1608-H",IF(OR(AH$2="FNT1618",AH$2="FNT1619",AH$2="FNT1620"),$G50/3,""),IF($F50=AH$2,$G50,"")),"") | AI50: =IF(AND($G50>0,$F50<>""),IF($F50="FNT1608-H",IF(OR(AI$2="FNT1618",AI$2="FNT1619",AI$2="FNT1620"),$G50/3,""),IF($F50=AI$2,$G50,"")),"") | AJ50: =IF(AND($G50>0,$F50<>""),IF($F50="FNT1608-I",IF(AJ$2="FNT1653",$G50*2/6,IF(AJ$2="FNT1654",$G50*1/6,IF(AJ$2="FNT1655",$G50*1/6,IF(AJ$2="FNT1657",$G50*2/6,"")))),IF($F50="FNT1608-K",IF(AJ$2="FNT1653",$G50*1/6,IF(AJ$2="FNT1654",$G50*2/6,IF(AJ$2="FNT1655",$G50*1/6,IF(AJ$2="FNT1657",$G50*2/6,"")))),IF($F50=AJ$2,$G50,""))),"") | AK50: =IF(AND($G50>0,$F50<>""),IF($F50="FNT1608-I",IF(AK$2="FNT1653",$G50*2/6,IF(AK$2="FNT1654",$G50*1/6,IF(AK$2="FNT1655",$G50*1/6,IF(AK$2="FNT1657",$G50*2/6,"")))),IF($F50="FNT1608-K",IF(AK$2="FNT1653",$G50*1/6,IF(AK$2="FNT1654",$G50*2/6,IF(AK$2="FNT1655",$G50*1/6,IF(AK$2="FNT1657",$G50*2/6,"")))),IF($F50=AK$2,$G50,""))),"") | AL50: =IF(AND($G50>0,$F50<>""),IF($F50="FNT1608-I",IF(AL$2="FNT1653",$G50*2/6,IF(AL$2="FNT1654",$G50*1/6,IF(AL$2="FNT1655",$G50*1/6,IF(AL$2="FNT1657",$G50*2/6,"")))),IF($F50="FNT1608-K",IF(AL$2="FNT1653",$G50*1/6,IF(AL$2="FNT1654",$G50*2/6,IF(AL$2="FNT1655",$G50*1/6,IF(AL$2="FNT1657",$G50*2/6,"")))),IF($F50=AL$2,$G50,""))),"") | AM50: =IF(AND($G50>0,$F50<>""),IF($F50="FNT1608-I",IF(AM$2="FNT1653",$G50*2/6,IF(AM$2="FNT1654",$G50*1/6,IF(AM$2="FNT1655",$G50*1/6,IF(AM$2="FNT1657",$G50*2/6,"")))),IF($F50="FNT1608-K",IF(AM$2="FNT1653",$G50*1/6,IF(AM$2="FNT1654",$G50*2/6,IF(AM$2="FNT1655",$G50*1/6,IF(AM$2="FNT1657",$G50*2/6,"")))),IF($F50=AM$2,$G50,""))),"") | AN50: =IF(AND($G50>0,$F50<>""),IF(OR($F50="FNT1608-G",$F50="FNT1675-G"),IF(OR(AN$2="FNT1611",AN$2="FNT1610",AN$2="FNT1609"),$G50/3,""),IF($F50="FNT1608-H",IF(OR(AN$2="FNT1618",AN$2="FNT1619",AN$2="FNT1620"),$G50/3,""),IF($F50="FNT1608-I",IF(AN$2="FNT1653",$G50*2/6,IF(AN$2="FNT1654",$G50*1/6,IF(AN$2="FNT1655",$G50*1/6,IF(AN$2="FNT1657",$G50*2/6,"")))),IF($F50="FNT1608-K",IF(AN$2="FNT1653",$G50*1/6,IF(AN$2="FNT1654",$G50*2/6,IF(AN$2="FNT1655",$G50*1/6,IF(AN$2="FNT1657",$G50*2/6,"")))),IF($F50=AN$2,$G50,""))))),"") | AO50: =IF(AND($G50>0,$F50<>""),IF(OR($F50="FNT1608-G",$F50="FNT1675-G"),IF(OR(AO$2="FNT1611",AO$2="FNT1610",AO$2="FNT1609"),$G50/3,""),IF($F50="FNT1608-H",IF(OR(AO$2="FNT1618",AO$2="FNT1619",AO$2="FNT1620"),$G50/3,""),IF($F50="FNT1608-I",IF(AO$2="FNT1653",$G50*2/6,IF(AO$2="FNT1654",$G50*1/6,IF(AO$2="FNT1655",$G50*1/6,IF(AO$2="FNT1657",$G50*2/6,"")))),IF($F50="FNT1608-K",IF(AO$2="FNT1653",$G50*1/6,IF(AO$2="FNT1654",$G50*2/6,IF(AO$2="FNT1655",$G50*1/6,IF(AO$2="FNT1657",$G50*2/6,"")))),IF($F50=AO$2,$G50,""))))),"") | AP50: 1.68 | AQ50: =SUM(J50:AO50)*AP50 -> 2016 | AR50: =AQ50*7.75 -> 15624
A51: 45967 | B51: 46028 | C51: V1 | E51: POGE00005801 | F51: FNT1608-G | G51: 3204 | H51: 7L包装+RPET吸塑 | I51: =IFERROR(VLOOKUP(F51,名称!A:C,3,0),"") -> FNT | J51: =IF(AND($F51=J$2,$G51>0),$G51,"") | K51: =IF(AND($F51=K$2,$G51>0),$G51,"") | L51: =IF(AND($F51=L$2,$G51>0),$G51,"") | M51: =IF(AND($F51=M$2,$G51>0),$G51,"") | N51: =IF(AND($F51=N$2,$G51>0),$G51,"") | O51: =IF(AND($F51=O$2,$G51>0),$G51,"") | P51: =IF(AND($F51=P$2,$G51>0),$G51,"") | Q51: =IF(AND($F51=Q$2,$G51>0),$G51,"") | ... AC51: =IF(AND($F51=AC$2,$G51>0),$G51,"") | AD51: =IF(AND($G51>0,$F51<>""),IF(OR($F51="FNT1608-G",$F51="FNT1675-G"),IF(OR(AD$2="FNT1611",AD$2="FNT1610",AD$2="FNT1609"),$G51/3,""),IF($F51=AD$2,$G51,"")),"") -> 1068 | AE51: =IF(AND($G51>0,$F51<>""),IF(OR($F51="FNT1608-G",$F51="FNT1675-G"),IF(OR(AE$2="FNT1611",AE$2="FNT1610",AE$2="FNT1609"),$G51/3,""),IF($F51=AE$2,$G51,"")),"") -> 1068 | AF51: =IF(AND($G51>0,$F51<>""),IF(OR($F51="FNT1608-G",$F51="FNT1675-G"),IF(OR(AF$2="FNT1611",AF$2="FNT1610",AF$2="FNT1609"),$G51/3,""),IF($F51=AF$2,$G51,"")),"") -> 1068 | AG51: =IF(AND($G51>0,$F51<>""),IF($F51="FNT1608-H",IF(OR(AG$2="FNT1618",AG$2="FNT1619",AG$2="FNT1620"),$G51/3,""),IF($F51=AG$2,$G51,"")),"") | AH51: =IF(AND($G51>0,$F51<>""),IF($F51="FNT1608-H",IF(OR(AH$2="FNT1618",AH$2="FNT1619",AH$2="FNT1620"),$G51/3,""),IF($F51=AH$2,$G51,"")),"") | AI51: =IF(AND($G51>0,$F51<>""),IF($F51="FNT1608-H",IF(OR(AI$2="FNT1618",AI$2="FNT1619",AI$2="FNT1620"),$G51/3,""),IF($F51=AI$2,$G51,"")),"") | AJ51: =IF(AND($G51>0,$F51<>""),IF($F51="FNT1608-I",IF(AJ$2="FNT1653",$G51*2/6,IF(AJ$2="FNT1654",$G51*1/6,IF(AJ$2="FNT1655",$G51*1/6,IF(AJ$2="FNT1657",$G51*2/6,"")))),IF($F51="FNT1608-K",IF(AJ$2="FNT1653",$G51*1/6,IF(AJ$2="FNT1654",$G51*2/6,IF(AJ$2="FNT1655",$G51*1/6,IF(AJ$2="FNT1657",$G51*2/6,"")))),IF($F51=AJ$2,$G51,""))),"") | AK51: =IF(AND($G51>0,$F51<>""),IF($F51="FNT1608-I",IF(AK$2="FNT1653",$G51*2/6,IF(AK$2="FNT1654",$G51*1/6,IF(AK$2="FNT1655",$G51*1/6,IF(AK$2="FNT1657",$G51*2/6,"")))),IF($F51="FNT1608-K",IF(AK$2="FNT1653",$G51*1/6,IF(AK$2="FNT1654",$G51*2/6,IF(AK$2="FNT1655",$G51*1/6,IF(AK$2="FNT1657",$G51*2/6,"")))),IF($F51=AK$2,$G51,""))),"") | AL51: =IF(AND($G51>0,$F51<>""),IF($F51="FNT1608-I",IF(AL$2="FNT1653",$G51*2/6,IF(AL$2="FNT1654",$G51*1/6,IF(AL$2="FNT1655",$G51*1/6,IF(AL$2="FNT1657",$G51*2/6,"")))),IF($F51="FNT1608-K",IF(AL$2="FNT1653",$G51*1/6,IF(AL$2="FNT1654",$G51*2/6,IF(AL$2="FNT1655",$G51*1/6,IF(AL$2="FNT1657",$G51*2/6,"")))),IF($F51=AL$2,$G51,""))),"") | AM51: =IF(AND($G51>0,$F51<>""),IF($F51="FNT1608-I",IF(AM$2="FNT1653",$G51*2/6,IF(AM$2="FNT1654",$G51*1/6,IF(AM$2="FNT1655",$G51*1/6,IF(AM$2="FNT1657",$G51*2/6,"")))),IF($F51="FNT1608-K",IF(AM$2="FNT1653",$G51*1/6,IF(AM$2="FNT1654",$G51*2/6,IF(AM$2="FNT1655",$G51*1/6,IF(AM$2="FNT1657",$G51*2/6,"")))),IF($F51=AM$2,$G51,""))),"") | AN51: =IF(AND($G51>0,$F51<>""),IF(OR($F51="FNT1608-G",$F51="FNT1675-G"),IF(OR(AN$2="FNT1611",AN$2="FNT1610",AN$2="FNT1609"),$G51/3,""),IF($F51="FNT1608-H",IF(OR(AN$2="FNT1618",AN$2="FNT1619",AN$2="FNT1620"),$G51/3,""),IF($F51="FNT1608-I",IF(AN$2="FNT1653",$G51*2/6,IF(AN$2="FNT1654",$G51*1/6,IF(AN$2="FNT1655",$G51*1/6,IF(AN$2="FNT1657",$G51*2/6,"")))),IF($F51="FNT1608-K",IF(AN$2="FNT1653",$G51*1/6,IF(AN$2="FNT1654",$G51*2/6,IF(AN$2="FNT1655",$G51*1/6,IF(AN$2="FNT1657",$G51*2/6,"")))),IF($F51=AN$2,$G51,""))))),"") | AO51: =IF(AND($G51>0,$F51<>""),IF(OR($F51="FNT1608-G",$F51="FNT1675-G"),IF(OR(AO$2="FNT1611",AO$2="FNT1610",AO$2="FNT1609"),$G51/3,""),IF($F51="FNT1608-H",IF(OR(AO$2="FNT1618",AO$2="FNT1619",AO$2="FNT1620"),$G51/3,""),IF($F51="FNT1608-I",IF(AO$2="FNT1653",$G51*2/6,IF(AO$2="FNT1654",$G51*1/6,IF(AO$2="FNT1655",$G51*1/6,IF(AO$2="FNT1657",$G51*2/6,"")))),IF($F51="FNT1608-K",IF(AO$2="FNT1653",$G51*1/6,IF(AO$2="FNT1654",$G51*2/6,IF(AO$2="FNT1655",$G51*1/6,IF(AO$2="FNT1657",$G51*2/6,"")))),IF($F51=AO$2,$G51,""))))),"") | AP51: 2.06 | AQ51: =SUM(J51:AO51)*AP51 -> 6600.24 | AR51: =AQ51*7.75 -> 51151.86
A52: 45967 | B52: 46028 | C52: V1 | E52: POGE00005802 | F52: FNT1608-G | G52: 1500 | H52: 7L包装+RPET吸塑 | I52: =IFERROR(VLOOKUP(F52,名称!A:C,3,0),"") -> FNT | J52: =IF(AND($F52=J$2,$G52>0),$G52,"") | K52: =IF(AND($F52=K$2,$G52>0),$G52,"") | L52: =IF(AND($F52=L$2,$G52>0),$G52,"") | M52: =IF(AND($F52=M$2,$G52>0),$G52,"") | N52: =IF(AND($F52=N$2,$G52>0),$G52,"") | O52: =IF(AND($F52=O$2,$G52>0),$G52,"") | P52: =IF(AND($F52=P$2,$G52>0),$G52,"") | Q52: =IF(AND($F52=Q$2,$G52>0),$G52,"") | ... AC52: =IF(AND($F52=AC$2,$G52>0),$G52,"") | AD52: =IF(AND($G52>0,$F52<>""),IF(OR($F52="FNT1608-G",$F52="FNT1675-G"),IF(OR(AD$2="FNT1611",AD$2="FNT1610",AD$2="FNT1609"),$G52/3,""),IF($F52=AD$2,$G52,"")),"") -> 500 | AE52: =IF(AND($G52>0,$F52<>""),IF(OR($F52="FNT1608-G",$F52="FNT1675-G"),IF(OR(AE$2="FNT1611",AE$2="FNT1610",AE$2="FNT1609"),$G52/3,""),IF($F52=AE$2,$G52,"")),"") -> 500 | AF52: =IF(AND($G52>0,$F52<>""),IF(OR($F52="FNT1608-G",$F52="FNT1675-G"),IF(OR(AF$2="FNT1611",AF$2="FNT1610",AF$2="FNT1609"),$G52/3,""),IF($F52=AF$2,$G52,"")),"") -> 500 | AG52: =IF(AND($G52>0,$F52<>""),IF($F52="FNT1608-H",IF(OR(AG$2="FNT1618",AG$2="FNT1619",AG$2="FNT1620"),$G52/3,""),IF($F52=AG$2,$G52,"")),"") | AH52: =IF(AND($G52>0,$F52<>""),IF($F52="FNT1608-H",IF(OR(AH$2="FNT1618",AH$2="FNT1619",AH$2="FNT1620"),$G52/3,""),IF($F52=AH$2,$G52,"")),"") | AI52: =IF(AND($G52>0,$F52<>""),IF($F52="FNT1608-H",IF(OR(AI$2="FNT1618",AI$2="FNT1619",AI$2="FNT1620"),$G52/3,""),IF($F52=AI$2,$G52,"")),"") | AJ52: =IF(AND($G52>0,$F52<>""),IF($F52="FNT1608-I",IF(AJ$2="FNT1653",$G52*2/6,IF(AJ$2="FNT1654",$G52*1/6,IF(AJ$2="FNT1655",$G52*1/6,IF(AJ$2="FNT1657",$G52*2/6,"")))),IF($F52="FNT1608-K",IF(AJ$2="FNT1653",$G52*1/6,IF(AJ$2="FNT1654",$G52*2/6,IF(AJ$2="FNT1655",$G52*1/6,IF(AJ$2="FNT1657",$G52*2/6,"")))),IF($F52=AJ$2,$G52,""))),"") | AK52: =IF(AND($G52>0,$F52<>""),IF($F52="FNT1608-I",IF(AK$2="FNT1653",$G52*2/6,IF(AK$2="FNT1654",$G52*1/6,IF(AK$2="FNT1655",$G52*1/6,IF(AK$2="FNT1657",$G52*2/6,"")))),IF($F52="FNT1608-K",IF(AK$2="FNT1653",$G52*1/6,IF(AK$2="FNT1654",$G52*2/6,IF(AK$2="FNT1655",$G52*1/6,IF(AK$2="FNT1657",$G52*2/6,"")))),IF($F52=AK$2,$G52,""))),"") | AL52: =IF(AND($G52>0,$F52<>""),IF($F52="FNT1608-I",IF(AL$2="FNT1653",$G52*2/6,IF(AL$2="FNT1654",$G52*1/6,IF(AL$2="FNT1655",$G52*1/6,IF(AL$2="FNT1657",$G52*2/6,"")))),IF($F52="FNT1608-K",IF(AL$2="FNT1653",$G52*1/6,IF(AL$2="FNT1654",$G52*2/6,IF(AL$2="FNT1655",$G52*1/6,IF(AL$2="FNT1657",$G52*2/6,"")))),IF($F52=AL$2,$G52,""))),"") | AM52: =IF(AND($G52>0,$F52<>""),IF($F52="FNT1608-I",IF(AM$2="FNT1653",$G52*2/6,IF(AM$2="FNT1654",$G52*1/6,IF(AM$2="FNT1655",$G52*1/6,IF(AM$2="FNT1657",$G52*2/6,"")))),IF($F52="FNT1608-K",IF(AM$2="FNT1653",$G52*1/6,IF(AM$2="FNT1654",$G52*2/6,IF(AM$2="FNT1655",$G52*1/6,IF(AM$2="FNT1657",$G52*2/6,"")))),IF($F52=AM$2,$G52,""))),"") | AN52: =IF(AND($G52>0,$F52<>""),IF(OR($F52="FNT1608-G",$F52="FNT1675-G"),IF(OR(AN$2="FNT1611",AN$2="FNT1610",AN$2="FNT1609"),$G52/3,""),IF($F52="FNT1608-H",IF(OR(AN$2="FNT1618",AN$2="FNT1619",AN$2="FNT1620"),$G52/3,""),IF($F52="FNT1608-I",IF(AN$2="FNT1653",$G52*2/6,IF(AN$2="FNT1654",$G52*1/6,IF(AN$2="FNT1655",$G52*1/6,IF(AN$2="FNT1657",$G52*2/6,"")))),IF($F52="FNT1608-K",IF(AN$2="FNT1653",$G52*1/6,IF(AN$2="FNT1654",$G52*2/6,IF(AN$2="FNT1655",$G52*1/6,IF(AN$2="FNT1657",$G52*2/6,"")))),IF($F52=AN$2,$G52,""))))),"") | AO52: =IF(AND($G52>0,$F52<>""),IF(OR($F52="FNT1608-G",$F52="FNT1675-G"),IF(OR(AO$2="FNT1611",AO$2="FNT1610",AO$2="FNT1609"),$G52/3,""),IF($F52="FNT1608-H",IF(OR(AO$2="FNT1618",AO$2="FNT1619",AO$2="FNT1620"),$G52/3,""),IF($F52="FNT1608-I",IF(AO$2="FNT1653",$G52*2/6,IF(AO$2="FNT1654",$G52*1/6,IF(AO$2="FNT1655",$G52*1/6,IF(AO$2="FNT1657",$G52*2/6,"")))),IF($F52="FNT1608-K",IF(AO$2="FNT1653",$G52*1/6,IF(AO$2="FNT1654",$G52*2/6,IF(AO$2="FNT1655",$G52*1/6,IF(AO$2="FNT1657",$G52*2/6,"")))),IF($F52=AO$2,$G52,""))))),"") | AP52: 2.06 | AQ52: =SUM(J52:AO52)*AP52 -> 3090 | AR52: =AQ52*7.75 -> 23947.5
