Workbook

Sheet 名称
A1: 货号 | B1: PWP系统货号 | C1: 名称 | D1: 描述 | E1: 内箱 | F1: 外箱
A2: LM986 | B2: V553D/80-LS | C2: 桶装野生动物 | D2: WILD ANIMAL COUNTERS | E2: 6 | F2: 24
A3: 142BT | B3: 1083DN | C3: 蝙蝠 | D3: 5.5" BLACK BAT | E3: 144 | F3: 864
A4: 411CR | B4: 913DCR-LA | C4: 饼干 | D4: CRACKER | E4: 120 | F4: 360
A5: 682TC | B5: 98DTZ/2-N | C5: 2只2寸小老虎 | D5: 2 ASSTD. 2" TIGER CUB | E5: 50 | F5: 400
A6: HH994 | B6: AE-D2113D-LS | C6: 西班牙家庭 | D6: HISPANIC SOFT& SAFE FAMILY SET | E6: 0 | F6: 6
A7: HH993 | B7: AE-D2114D-LS | C7: 亚洲家庭 | D7: ASIAN SOFT & SAFE FAMILY SET | E7: 0 | F7: 6
A8: HH991 | B8: AE-D2115D-LS | C8: 非洲家庭 | D8: BLACK SOFT & SAFE FAMILY SET | E8: 0 | F8: 6
A9: HH992 | B9: AE-D2116D-LS | C9: 欧洲家庭 | D9: WHITE SOFT & SAFE FAMILY SET | E9: 0 | F9: 6
A10: GS673 | B10: AE-PT8573D-LS | C10: 巨型恐龙组1 | D10: GIANT SOFT & SAFE DINOSAURS-1 | E10: 2 | F10: 4
A11: GS675 | B11: AE-PT8574D-LS | C11: 巨型恐龙组2 | D11: GIANT SOFT & SAFE DINOSAURS-2 | E11: 0 | F11: 4
A12: RA369 | B12: AE-ZT4059D-LS | C12: 8款恐龙玩具 | D12: 8 ASSTD. DINOSAUR PLAYSET | E12: 9 | F12: 18
A13: RA362 | B13: AE-ZT4060D-LS | C13: 8款野生动物套装 | D13: 8 ASSTD. WILDLIFE PLAYSET | E13: 6 | F13: 12
... A27: P111D | B27: 154DS | C27: 5"恐龙 | D27: 8 ASSTD.5"DINOSAURS | E27: 50 | F27: 100

Sheet 总接单
A1: 产品名称
A2: 接单期 | B2: 出货期 | C2: Customer | D2: PO号 | E2: 货号 | F2: 数量 | G2: 包装版本 | H2: HH393 | I2: RA367 | J2: RA362 | K2: HH994 | L2: HH993 | M2: HH991 | N2: HH992 | O2: DC346 | P2: GS675 | Q2: RA369 | R2: LC630 | S2: 142BT | T2: 682TC | U2: 856T1 | V2: GS673 | W2: LM986 | X2: RA368 | Y2: HH429 | Z2: 376MM | AA2: 300OK | AB2: 154DS | AE2: 单价(USD) | AF2: 金额USD | AG2: 金额HKD
A3: 45840 | B3: 45915 | C3: AE-D2115D-LS | D3: 1000000721 | E3: HH991 | F3: =1602-564 -> 1038 | H3: =IF(OR($E3="",H$2=""),"",IF(TRIM(LEFT($E3,MIN(IFERROR(FIND("CDU",UPPER($E3)),999),IFERROR(FIND("BULK",UPPER($E3)),999),IFERROR(FIND("-",$E3),999),IFERROR(FIND("（",$E3),999))-1))=H$2,$F3,"")) | I3: =IF(OR($E3="",I$2=""),"",IF(TRIM(LEFT($E3,MIN(IFERROR(FIND("CDU",UPPER($E3)),999),IFERROR(FIND("BULK",UPPER($E3)),999),IFERROR(FIND("-",$E3),999),IFERROR(FIND("（",$E3),999))-1))=I$2,$F3,"")) | J3: =IF(OR($E3="",J$2=""),"",IF(TRIM(LEFT($E3,MIN(IFERROR(FIND("CDU",UPPER($E3)),999),IFERROR(FIND("BULK",UPPER($E3)),999),IFERROR(FIND("-",$E3),999),IFERROR(FIND("（",$E3),999))-1))=J$2,$F3,"")) | K3: =IF(OR($E3="",K$2=""),"",IF(TRIM(LEFT($E3,MIN(IFERROR(FIND("CDU",UPPER($E3)),999),IFERROR(FIND("BULK",UPPER($E3)),999),IFERROR(FIND("-",$E3),999),IFERROR(FIND("（",$E3),999))-1))=K$2,$F3,"")) | L3: =IF(OR($E3="",L$2=""),"",IF(TRIM(LEFT($E3,MIN(IFERROR(FIND("CDU",UPPER($E3)),999),IFERROR(FIND("BULK",UPPER($E3)),999),IFERROR(FIND("-",$E3),999),IFERROR(FIND("（",$E3),999))-1))=L$2,$F3,"")) | M3: =IF(OR($E3="",M$2=""),"",IF(TRIM(LEFT($E3,MIN(IFERROR(FIND("CDU",UPPER($E3)),999),IFERROR(FIND("BULK",UPPER($E3)),999),IFERROR(FIND("-",$E3),999),IFERROR(FIND("（",$E3),999))-1))=M$2,$F3,"")) -> 1038 | N3: =IF(OR($E3="",N$2=""),"",IF(TRIM(LEFT($E3,MIN(IFERROR(FIND("CDU",UPPER($E3)),999),IFERROR(FIND("BULK",UPPER($E3)),999),IFERROR(FIND("-",$E3),999),IFERROR(FIND("（",$E3),999))-1))=N$2,$F3,"")) | O3: =IF(OR($E3="",O$2=""),"",IF(TRIM(LEFT($E3,MIN(IFERROR(FIND("CDU",UPPER($E3)),999),IFERROR(FIND("BULK",UPPER($E3)),999),IFERROR(FIND("-",$E3),999),IFERROR(FIND("（",$E3),999))-1))=O$2,$F3,"")) | ... AD3: =IF(OR($E3="",AD$2=""),"",IF(TRIM(LEFT($E3,MIN(IFERROR(FIND("CDU",UPPER($E3)),999),IFERROR(FIND("BULK",UPPER($E3)),999),IFERROR(FIND("-",$E3),999),IFERROR(FIND("（",$E3),999))-1))=AD$2,$F3,"")) | AE3: 4.72 | AF3: =SUM(H3:AD3)*AE3 -> 4899.36 | AG3: =AF3*7.75 -> 37970.04
A4: 45840 | B4: 45915 | C4: AE-D2116D-LS | D4: 1000000721 | E4: HH992 | F4: =1602-612 -> 990 | H4: =IF(OR($E4="",H$2=""),"",IF(TRIM(LEFT($E4,MIN(IFERROR(FIND("CDU",UPPER($E4)),999),IFERROR(FIND("BULK",UPPER($E4)),999),IFERROR(FIND("-",$E4),999),IFERROR(FIND("（",$E4),999))-1))=H$2,$F4,"")) | I4: =IF(OR($E4="",I$2=""),"",IF(TRIM(LEFT($E4,MIN(IFERROR(FIND("CDU",UPPER($E4)),999),IFERROR(FIND("BULK",UPPER($E4)),999),IFERROR(FIND("-",$E4),999),IFERROR(FIND("（",$E4),999))-1))=I$2,$F4,"")) | J4: =IF(OR($E4="",J$2=""),"",IF(TRIM(LEFT($E4,MIN(IFERROR(FIND("CDU",UPPER($E4)),999),IFERROR(FIND("BULK",UPPER($E4)),999),IFERROR(FIND("-",$E4),999),IFERROR(FIND("（",$E4),999))-1))=J$2,$F4,"")) | K4: =IF(OR($E4="",K$2=""),"",IF(TRIM(LEFT($E4,MIN(IFERROR(FIND("CDU",UPPER($E4)),999),IFERROR(FIND("BULK",UPPER($E4)),999),IFERROR(FIND("-",$E4),999),IFERROR(FIND("（",$E4),999))-1))=K$2,$F4,"")) | L4: =IF(OR($E4="",L$2=""),"",IF(TRIM(LEFT($E4,MIN(IFERROR(FIND("CDU",UPPER($E4)),999),IFERROR(FIND("BULK",UPPER($E4)),999),IFERROR(FIND("-",$E4),999),IFERROR(FIND("（",$E4),999))-1))=L$2,$F4,"")) | M4: =IF(OR($E4="",M$2=""),"",IF(TRIM(LEFT($E4,MIN(IFERROR(FIND("CDU",UPPER($E4)),999),IFERROR(FIND("BULK",UPPER($E4)),999),IFERROR(FIND("-",$E4),999),IFERROR(FIND("（",$E4),999))-1))=M$2,$F4,"")) | N4: =IF(OR($E4="",N$2=""),"",IF(TRIM(LEFT($E4,MIN(IFERROR(FIND("CDU",UPPER($E4)),999),IFERROR(FIND("BULK",UPPER($E4)),999),IFERROR(FIND("-",$E4),999),IFERROR(FIND("（",$E4),999))-1))=N$2,$F4,"")) -> 990 | O4: =IF(OR($E4="",O$2=""),"",IF(TRIM(LEFT($E4,MIN(IFERROR(FIND("CDU",UPPER($E4)),999),IFERROR(FIND("BULK",UPPER($E4)),999),IFERROR(FIND("-",$E4),999),IFERROR(FIND("（",$E4),999))-1))=O$2,$F4,"")) | ... AD4: =IF(OR($E4="",AD$2=""),"",IF(TRIM(LEFT($E4,MIN(IFERROR(FIND("CDU",UPPER($E4)),999),IFERROR(FIND("BULK",UPPER($E4)),999),IFERROR(FIND("-",$E4),999),IFERROR(FIND("（",$E4),999))-1))=AD$2,$F4,"")) | AE4: 4.92 | AF4: =SUM(H4:AD4)*AE4 -> 4870.8 | AG4: =AF4*7.75 -> 37748.7
A5: 45840 | B5: 45915 | C5: AE-D2113D-LS | D5: 1000000721 | E5: HH994 | F5: =1602-1026 -> 576 | H5: =IF(OR($E5="",H$2=""),"",IF(TRIM(LEFT($E5,MIN(IFERROR(FIND("CDU",UPPER($E5)),999),IFERROR(FIND("BULK",UPPER($E5)),999),IFERROR(FIND("-",$E5),999),IFERROR(FIND("（",$E5),999))-1))=H$2,$F5,"")) | I5: =IF(OR($E5="",I$2=""),"",IF(TRIM(LEFT($E5,MIN(IFERROR(FIND("CDU",UPPER($E5)),999),IFERROR(FIND("BULK",UPPER($E5)),999),IFERROR(FIND("-",$E5),999),IFERROR(FIND("（",$E5),999))-1))=I$2,$F5,"")) | J5: =IF(OR($E5="",J$2=""),"",IF(TRIM(LEFT($E5,MIN(IFERROR(FIND("CDU",UPPER($E5)),999),IFERROR(FIND("BULK",UPPER($E5)),999),IFERROR(FIND("-",$E5),999),IFERROR(FIND("（",$E5),999))-1))=J$2,$F5,"")) | K5: =IF(OR($E5="",K$2=""),"",IF(TRIM(LEFT($E5,MIN(IFERROR(FIND("CDU",UPPER($E5)),999),IFERROR(FIND("BULK",UPPER($E5)),999),IFERROR(FIND("-",$E5),999),IFERROR(FIND("（",$E5),999))-1))=K$2,$F5,"")) -> 576 | L5: =IF(OR($E5="",L$2=""),"",IF(TRIM(LEFT($E5,MIN(IFERROR(FIND("CDU",UPPER($E5)),999),IFERROR(FIND("BULK",UPPER($E5)),999),IFERROR(FIND("-",$E5),999),IFERROR(FIND("（",$E5),999))-1))=L$2,$F5,"")) | M5: =IF(OR($E5="",M$2=""),"",IF(TRIM(LEFT($E5,MIN(IFERROR(FIND("CDU",UPPER($E5)),999),IFERROR(FIND("BULK",UPPER($E5)),999),IFERROR(FIND("-",$E5),999),IFERROR(FIND("（",$E5),999))-1))=M$2,$F5,"")) | N5: =IF(OR($E5="",N$2=""),"",IF(TRIM(LEFT($E5,MIN(IFERROR(FIND("CDU",UPPER($E5)),999),IFERROR(FIND("BULK",UPPER($E5)),999),IFERROR(FIND("-",$E5),999),IFERROR(FIND("（",$E5),999))-1))=N$2,$F5,"")) | O5: =IF(OR($E5="",O$2=""),"",IF(TRIM(LEFT($E5,MIN(IFERROR(FIND("CDU",UPPER($E5)),999),IFERROR(FIND("BULK",UPPER($E5)),999),IFERROR(FIND("-",$E5),999),IFERROR(FIND("（",$E5),999))-1))=O$2,$F5,"")) | ... AD5: =IF(OR($E5="",AD$2=""),"",IF(TRIM(LEFT($E5,MIN(IFERROR(FIND("CDU",UPPER($E5)),999),IFERROR(FIND("BULK",UPPER($E5)),999),IFERROR(FIND("-",$E5),999),IFERROR(FIND("（",$E5),999))-1))=AD$2,$F5,"")) | AE5: 4.92 | AF5: =SUM(H5:AD5)*AE5 -> 2833.92 | AG5: =AF5*7.75 -> 21962.88
A6: 45910 | B6: 45995 | C6: AE-PT8573D-LS | D6: 1000001352 | E6: GS673 | F6: =1532-340 -> 1192 | H6: =IF(OR($E6="",H$2=""),"",IF(TRIM(LEFT($E6,MIN(IFERROR(FIND("CDU",UPPER($E6)),999),IFERROR(FIND("BULK",UPPER($E6)),999),IFERROR(FIND("-",$E6),999),IFERROR(FIND("（",$E6),999))-1))=H$2,$F6,"")) | I6: =IF(OR($E6="",I$2=""),"",IF(TRIM(LEFT($E6,MIN(IFERROR(FIND("CDU",UPPER($E6)),999),IFERROR(FIND("BULK",UPPER($E6)),999),IFERROR(FIND("-",$E6),999),IFERROR(FIND("（",$E6),999))-1))=I$2,$F6,"")) | J6: =IF(OR($E6="",J$2=""),"",IF(TRIM(LEFT($E6,MIN(IFERROR(FIND("CDU",UPPER($E6)),999),IFERROR(FIND("BULK",UPPER($E6)),999),IFERROR(FIND("-",$E6),999),IFERROR(FIND("（",$E6),999))-1))=J$2,$F6,"")) | K6: =IF(OR($E6="",K$2=""),"",IF(TRIM(LEFT($E6,MIN(IFERROR(FIND("CDU",UPPER($E6)),999),IFERROR(FIND("BULK",UPPER($E6)),999),IFERROR(FIND("-",$E6),999),IFERROR(FIND("（",$E6),999))-1))=K$2,$F6,"")) | L6: =IF(OR($E6="",L$2=""),"",IF(TRIM(LEFT($E6,MIN(IFERROR(FIND("CDU",UPPER($E6)),999),IFERROR(FIND("BULK",UPPER($E6)),999),IFERROR(FIND("-",$E6),999),IFERROR(FIND("（",$E6),999))-1))=L$2,$F6,"")) | M6: =IF(OR($E6="",M$2=""),"",IF(TRIM(LEFT($E6,MIN(IFERROR(FIND("CDU",UPPER($E6)),999),IFERROR(FIND("BULK",UPPER($E6)),999),IFERROR(FIND("-",$E6),999),IFERROR(FIND("（",$E6),999))-1))=M$2,$F6,"")) | N6: =IF(OR($E6="",N$2=""),"",IF(TRIM(LEFT($E6,MIN(IFERROR(FIND("CDU",UPPER($E6)),999),IFERROR(FIND("BULK",UPPER($E6)),999),IFERROR(FIND("-",$E6),999),IFERROR(FIND("（",$E6),999))-1))=N$2,$F6,"")) | O6: =IF(OR($E6="",O$2=""),"",IF(TRIM(LEFT($E6,MIN(IFERROR(FIND("CDU",UPPER($E6)),999),IFERROR(FIND("BULK",UPPER($E6)),999),IFERROR(FIND("-",$E6),999),IFERROR(FIND("（",$E6),999))-1))=O$2,$F6,"")) | ... AD6: =IF(OR($E6="",AD$2=""),"",IF(TRIM(LEFT($E6,MIN(IFERROR(FIND("CDU",UPPER($E6)),999),IFERROR(FIND("BULK",UPPER($E6)),999),IFERROR(FIND("-",$E6),999),IFERROR(FIND("（",$E6),999))-1))=AD$2,$F6,"")) | AE6: 11.5 | AF6: =SUM(H6:AD6)*AE6 -> 13708 | AG6: =AF6*7.75 -> 106237
A7: 45910 | B7: 45995 | C7: AE-D2116D-LS | D7: 1000001352 | E7: HH992 | F7: 1602 | H7: =IF(OR($E7="",H$2=""),"",IF(TRIM(LEFT($E7,MIN(IFERROR(FIND("CDU",UPPER($E7)),999),IFERROR(FIND("BULK",UPPER($E7)),999),IFERROR(FIND("-",$E7),999),IFERROR(FIND("（",$E7),999))-1))=H$2,$F7,"")) | I7: =IF(OR($E7="",I$2=""),"",IF(TRIM(LEFT($E7,MIN(IFERROR(FIND("CDU",UPPER($E7)),999),IFERROR(FIND("BULK",UPPER($E7)),999),IFERROR(FIND("-",$E7),999),IFERROR(FIND("（",$E7),999))-1))=I$2,$F7,"")) | J7: =IF(OR($E7="",J$2=""),"",IF(TRIM(LEFT($E7,MIN(IFERROR(FIND("CDU",UPPER($E7)),999),IFERROR(FIND("BULK",UPPER($E7)),999),IFERROR(FIND("-",$E7),999),IFERROR(FIND("（",$E7),999))-1))=J$2,$F7,"")) | K7: =IF(OR($E7="",K$2=""),"",IF(TRIM(LEFT($E7,MIN(IFERROR(FIND("CDU",UPPER($E7)),999),IFERROR(FIND("BULK",UPPER($E7)),999),IFERROR(FIND("-",$E7),999),IFERROR(FIND("（",$E7),999))-1))=K$2,$F7,"")) | L7: =IF(OR($E7="",L$2=""),"",IF(TRIM(LEFT($E7,MIN(IFERROR(FIND("CDU",UPPER($E7)),999),IFERROR(FIND("BULK",UPPER($E7)),999),IFERROR(FIND("-",$E7),999),IFERROR(FIND("（",$E7),999))-1))=L$2,$F7,"")) | M7: =IF(OR($E7="",M$2=""),"",IF(TRIM(LEFT($E7,MIN(IFERROR(FIND("CDU",UPPER($E7)),999),IFERROR(FIND("BULK",UPPER($E7)),999),IFERROR(FIND("-",$E7),999),IFERROR(FIND("（",$E7),999))-1))=M$2,$F7,"")) | N7: =IF(OR($E7="",N$2=""),"",IF(TRIM(LEFT($E7,MIN(IFERROR(FIND("CDU",UPPER($E7)),999),IFERROR(FIND("BULK",UPPER($E7)),999),IFERROR(FIND("-",$E7),999),IFERROR(FIND("（",$E7),999))-1))=N$2,$F7,"")) -> 1602 | O7: =IF(OR($E7="",O$2=""),"",IF(TRIM(LEFT($E7,MIN(IFERROR(FIND("CDU",UPPER($E7)),999),IFERROR(FIND("BULK",UPPER($E7)),999),IFERROR(FIND("-",$E7),999),IFERROR(FIND("（",$E7),999))-1))=O$2,$F7,"")) | ... AD7: =IF(OR($E7="",AD$2=""),"",IF(TRIM(LEFT($E7,MIN(IFERROR(FIND("CDU",UPPER($E7)),999),IFERROR(FIND("BULK",UPPER($E7)),999),IFERROR(FIND("-",$E7),999),IFERROR(FIND("（",$E7),999))-1))=AD$2,$F7,"")) | AE7: 4.92 | AF7: =SUM(H7:AD7)*AE7 -> 7881.84 | AG7: =AF7*7.75 -> 61084.26
A8: 45910 | B8: 45995 | C8: AE-D2113D-LS | D8: 1000001352 | E8: HH994 | F8: 1602 | H8: =IF(OR($E8="",H$2=""),"",IF(TRIM(LEFT($E8,MIN(IFERROR(FIND("CDU",UPPER($E8)),999),IFERROR(FIND("BULK",UPPER($E8)),999),IFERROR(FIND("-",$E8),999),IFERROR(FIND("（",$E8),999))-1))=H$2,$F8,"")) | I8: =IF(OR($E8="",I$2=""),"",IF(TRIM(LEFT($E8,MIN(IFERROR(FIND("CDU",UPPER($E8)),999),IFERROR(FIND("BULK",UPPER($E8)),999),IFERROR(FIND("-",$E8),999),IFERROR(FIND("（",$E8),999))-1))=I$2,$F8,"")) | J8: =IF(OR($E8="",J$2=""),"",IF(TRIM(LEFT($E8,MIN(IFERROR(FIND("CDU",UPPER($E8)),999),IFERROR(FIND("BULK",UPPER($E8)),999),IFERROR(FIND("-",$E8),999),IFERROR(FIND("（",$E8),999))-1))=J$2,$F8,"")) | K8: =IF(OR($E8="",K$2=""),"",IF(TRIM(LEFT($E8,MIN(IFERROR(FIND("CDU",UPPER($E8)),999),IFERROR(FIND("BULK",UPPER($E8)),999),IFERROR(FIND("-",$E8),999),IFERROR(FIND("（",$E8),999))-1))=K$2,$F8,"")) -> 1602 | L8: =IF(OR($E8="",L$2=""),"",IF(TRIM(LEFT($E8,MIN(IFERROR(FIND("CDU",UPPER($E8)),999),IFERROR(FIND("BULK",UPPER($E8)),999),IFERROR(FIND("-",$E8),999),IFERROR(FIND("（",$E8),999))-1))=L$2,$F8,"")) | M8: =IF(OR($E8="",M$2=""),"",IF(TRIM(LEFT($E8,MIN(IFERROR(FIND("CDU",UPPER($E8)),999),IFERROR(FIND("BULK",UPPER($E8)),999),IFERROR(FIND("-",$E8),999),IFERROR(FIND("（",$E8),999))-1))=M$2,$F8,"")) | N8: =IF(OR($E8="",N$2=""),"",IF(TRIM(LEFT($E8,MIN(IFERROR(FIND("CDU",UPPER($E8)),999),IFERROR(FIND("BULK",UPPER($E8)),999),IFERROR(FIND("-",$E8),999),IFERROR(FIND("（",$E8),999))-1))=N$2,$F8,"")) | O8: =IF(OR($E8="",O$2=""),"",IF(TRIM(LEFT($E8,MIN(IFERROR(FIND("CDU",UPPER($E8)),999),IFERROR(FIND("BULK",UPPER($E8)),999),IFERROR(FIND("-",$E8),999),IFERROR(FIND("（",$E8),999))-1))=O$2,$F8,"")) | ... AD8: =IF(OR($E8="",AD$2=""),"",IF(TRIM(LEFT($E8,MIN(IFERROR(FIND("CDU",UPPER($E8)),999),IFERROR(FIND("BULK",UPPER($E8)),999),IFERROR(FIND("-",$E8),999),IFERROR(FIND("（",$E8),999))-1))=AD$2,$F8,"")) | AE8: 4.92 | AF8: =SUM(H8:AD8)*AE8 -> 7881.84 | AG8: =AF8*7.75 -> 61084.26
A9: 45930 | B9: 45989 | C9: P318D/5 | D9: 1000001583 | E9: 376MM | F9: 1440 | H9: =IF(OR($E9="",H$2=""),"",IF(TRIM(LEFT($E9,MIN(IFERROR(FIND("CDU",UPPER($E9)),999),IFERROR(FIND("BULK",UPPER($E9)),999),IFERROR(FIND("-",$E9),999),IFERROR(FIND("（",$E9),999))-1))=H$2,$F9,"")) | I9: =IF(OR($E9="",I$2=""),"",IF(TRIM(LEFT($E9,MIN(IFERROR(FIND("CDU",UPPER($E9)),999),IFERROR(FIND("BULK",UPPER($E9)),999),IFERROR(FIND("-",$E9),999),IFERROR(FIND("（",$E9),999))-1))=I$2,$F9,"")) | J9: =IF(OR($E9="",J$2=""),"",IF(TRIM(LEFT($E9,MIN(IFERROR(FIND("CDU",UPPER($E9)),999),IFERROR(FIND("BULK",UPPER($E9)),999),IFERROR(FIND("-",$E9),999),IFERROR(FIND("（",$E9),999))-1))=J$2,$F9,"")) | K9: =IF(OR($E9="",K$2=""),"",IF(TRIM(LEFT($E9,MIN(IFERROR(FIND("CDU",UPPER($E9)),999),IFERROR(FIND("BULK",UPPER($E9)),999),IFERROR(FIND("-",$E9),999),IFERROR(FIND("（",$E9),999))-1))=K$2,$F9,"")) | L9: =IF(OR($E9="",L$2=""),"",IF(TRIM(LEFT($E9,MIN(IFERROR(FIND("CDU",UPPER($E9)),999),IFERROR(FIND("BULK",UPPER($E9)),999),IFERROR(FIND("-",$E9),999),IFERROR(FIND("（",$E9),999))-1))=L$2,$F9,"")) | M9: =IF(OR($E9="",M$2=""),"",IF(TRIM(LEFT($E9,MIN(IFERROR(FIND("CDU",UPPER($E9)),999),IFERROR(FIND("BULK",UPPER($E9)),999),IFERROR(FIND("-",$E9),999),IFERROR(FIND("（",$E9),999))-1))=M$2,$F9,"")) | N9: =IF(OR($E9="",N$2=""),"",IF(TRIM(LEFT($E9,MIN(IFERROR(FIND("CDU",UPPER($E9)),999),IFERROR(FIND("BULK",UPPER($E9)),999),IFERROR(FIND("-",$E9),999),IFERROR(FIND("（",$E9),999))-1))=N$2,$F9,"")) | O9: =IF(OR($E9="",O$2=""),"",IF(TRIM(LEFT($E9,MIN(IFERROR(FIND("CDU",UPPER($E9)),999),IFERROR(FIND("BULK",UPPER($E9)),999),IFERROR(FIND("-",$E9),999),IFERROR(FIND("（",$E9),999))-1))=O$2,$F9,"")) | ... AD9: =IF(OR($E9="",AD$2=""),"",IF(TRIM(LEFT($E9,MIN(IFERROR(FIND("CDU",UPPER($E9)),999),IFERROR(FIND("BULK",UPPER($E9)),999),IFERROR(FIND("-",$E9),999),IFERROR(FIND("（",$E9),999))-1))=AD$2,$F9,"")) | AE9: 1.01 | AF9: =SUM(H9:AD9)*AE9 -> 1454.4 | AG9: =AF9*7.75 -> 11271.6
A10: 45966 | B10: 46036 | C10: D4802D-LS | D10: 1000001879 | E10: DC346 | F10: 752 | H10: =IF(OR($E10="",H$2=""),"",IF(TRIM(LEFT($E10,MIN(IFERROR(FIND("CDU",UPPER($E10)),999),IFERROR(FIND("BULK",UPPER($E10)),999),IFERROR(FIND("-",$E10),999),IFERROR(FIND("（",$E10),999))-1))=H$2,$F10,"")) | I10: =IF(OR($E10="",I$2=""),"",IF(TRIM(LEFT($E10,MIN(IFERROR(FIND("CDU",UPPER($E10)),999),IFERROR(FIND("BULK",UPPER($E10)),999),IFERROR(FIND("-",$E10),999),IFERROR(FIND("（",$E10),999))-1))=I$2,$F10,"")) | J10: =IF(OR($E10="",J$2=""),"",IF(TRIM(LEFT($E10,MIN(IFERROR(FIND("CDU",UPPER($E10)),999),IFERROR(FIND("BULK",UPPER($E10)),999),IFERROR(FIND("-",$E10),999),IFERROR(FIND("（",$E10),999))-1))=J$2,$F10,"")) | K10: =IF(OR($E10="",K$2=""),"",IF(TRIM(LEFT($E10,MIN(IFERROR(FIND("CDU",UPPER($E10)),999),IFERROR(FIND("BULK",UPPER($E10)),999),IFERROR(FIND("-",$E10),999),IFERROR(FIND("（",$E10),999))-1))=K$2,$F10,"")) | L10: =IF(OR($E10="",L$2=""),"",IF(TRIM(LEFT($E10,MIN(IFERROR(FIND("CDU",UPPER($E10)),999),IFERROR(FIND("BULK",UPPER($E10)),999),IFERROR(FIND("-",$E10),999),IFERROR(FIND("（",$E10),999))-1))=L$2,$F10,"")) | M10: =IF(OR($E10="",M$2=""),"",IF(TRIM(LEFT($E10,MIN(IFERROR(FIND("CDU",UPPER($E10)),999),IFERROR(FIND("BULK",UPPER($E10)),999),IFERROR(FIND("-",$E10),999),IFERROR(FIND("（",$E10),999))-1))=M$2,$F10,"")) | N10: =IF(OR($E10="",N$2=""),"",IF(TRIM(LEFT($E10,MIN(IFERROR(FIND("CDU",UPPER($E10)),999),IFERROR(FIND("BULK",UPPER($E10)),999),IFERROR(FIND("-",$E10),999),IFERROR(FIND("（",$E10),999))-1))=N$2,$F10,"")) | O10: =IF(OR($E10="",O$2=""),"",IF(TRIM(LEFT($E10,MIN(IFERROR(FIND("CDU",UPPER($E10)),999),IFERROR(FIND("BULK",UPPER($E10)),999),IFERROR(FIND("-",$E10),999),IFERROR(FIND("（",$E10),999))-1))=O$2,$F10,"")) -> 752 | ... AD10: =IF(OR($E10="",AD$2=""),"",IF(TRIM(LEFT($E10,MIN(IFERROR(FIND("CDU",UPPER($E10)),999),IFERROR(FIND("BULK",UPPER($E10)),999),IFERROR(FIND("-",$E10),999),IFERROR(FIND("（",$E10),999))-1))=AD$2,$F10,"")) | AE10: 9.71 | AF10: =SUM(H10:AD10)*AE10 -> 7301.92 | AG10: =AF10*7.75 -> 56589.88
A11: 45966 | B11: 46036 | C11: D4802D-LS | D11: 1000001879 | E11: DC346 | F11: =1500-752 -> 748 | H11: =IF(OR($E11="",H$2=""),"",IF(TRIM(LEFT($E11,MIN(IFERROR(FIND("CDU",UPPER($E11)),999),IFERROR(FIND("BULK",UPPER($E11)),999),IFERROR(FIND("-",$E11),999),IFERROR(FIND("（",$E11),999))-1))=H$2,$F11,"")) | I11: =IF(OR($E11="",I$2=""),"",IF(TRIM(LEFT($E11,MIN(IFERROR(FIND("CDU",UPPER($E11)),999),IFERROR(FIND("BULK",UPPER($E11)),999),IFERROR(FIND("-",$E11),999),IFERROR(FIND("（",$E11),999))-1))=I$2,$F11,"")) | J11: =IF(OR($E11="",J$2=""),"",IF(TRIM(LEFT($E11,MIN(IFERROR(FIND("CDU",UPPER($E11)),999),IFERROR(FIND("BULK",UPPER($E11)),999),IFERROR(FIND("-",$E11),999),IFERROR(FIND("（",$E11),999))-1))=J$2,$F11,"")) | K11: =IF(OR($E11="",K$2=""),"",IF(TRIM(LEFT($E11,MIN(IFERROR(FIND("CDU",UPPER($E11)),999),IFERROR(FIND("BULK",UPPER($E11)),999),IFERROR(FIND("-",$E11),999),IFERROR(FIND("（",$E11),999))-1))=K$2,$F11,"")) | L11: =IF(OR($E11="",L$2=""),"",IF(TRIM(LEFT($E11,MIN(IFERROR(FIND("CDU",UPPER($E11)),999),IFERROR(FIND("BULK",UPPER($E11)),999),IFERROR(FIND("-",$E11),999),IFERROR(FIND("（",$E11),999))-1))=L$2,$F11,"")) | M11: =IF(OR($E11="",M$2=""),"",IF(TRIM(LEFT($E11,MIN(IFERROR(FIND("CDU",UPPER($E11)),999),IFERROR(FIND("BULK",UPPER($E11)),999),IFERROR(FIND("-",$E11),999),IFERROR(FIND("（",$E11),999))-1))=M$2,$F11,"")) | N11: =IF(OR($E11="",N$2=""),"",IF(TRIM(LEFT($E11,MIN(IFERROR(FIND("CDU",UPPER($E11)),999),IFERROR(FIND("BULK",UPPER($E11)),999),IFERROR(FIND("-",$E11),999),IFERROR(FIND("（",$E11),999))-1))=N$2,$F11,"")) | O11: =IF(OR($E11="",O$2=""),"",IF(TRIM(LEFT($E11,MIN(IFERROR(FIND("CDU",UPPER($E11)),999),IFERROR(FIND("BULK",UPPER($E11)),999),IFERROR(FIND("-",$E11),999),IFERROR(FIND("（",$E11),999))-1))=O$2,$F11,"")) -> 748 | ... AD11: =IF(OR($E11="",AD$2=""),"",IF(TRIM(LEFT($E11,MIN(IFERROR(FIND("CDU",UPPER($E11)),999),IFERROR(FIND("BULK",UPPER($E11)),999),IFERROR(FIND("-",$E11),999),IFERROR(FIND("（",$E11),999))-1))=AD$2,$F11,"")) | AE11: 9.71 | AF11: =SUM(H11:AD11)*AE11 -> 7263.08 | AG11: =AF11*7.75 -> 56288.87
A12: 45966 | B12: 46036 | C12: AE-PT8574D-LS | D12: 1000001879 | E12: GS675 | F12: 1500 | H12: =IF(OR($E12="",H$2=""),"",IF(TRIM(LEFT($E12,MIN(IFERROR(FIND("CDU",UPPER($E12)),999),IFERROR(FIND("BULK",UPPER($E12)),999),IFERROR(FIND("-",$E12),999),IFERROR(FIND("（",$E12),999))-1))=H$2,$F12,"")) | I12: =IF(OR($E12="",I$2=""),"",IF(TRIM(LEFT($E12,MIN(IFERROR(FIND("CDU",UPPER($E12)),999),IFERROR(FIND("BULK",UPPER($E12)),999),IFERROR(FIND("-",$E12),999),IFERROR(FIND("（",$E12),999))-1))=I$2,$F12,"")) | J12: =IF(OR($E12="",J$2=""),"",IF(TRIM(LEFT($E12,MIN(IFERROR(FIND("CDU",UPPER($E12)),999),IFERROR(FIND("BULK",UPPER($E12)),999),IFERROR(FIND("-",$E12),999),IFERROR(FIND("（",$E12),999))-1))=J$2,$F12,"")) | K12: =IF(OR($E12="",K$2=""),"",IF(TRIM(LEFT($E12,MIN(IFERROR(FIND("CDU",UPPER($E12)),999),IFERROR(FIND("BULK",UPPER($E12)),999),IFERROR(FIND("-",$E12),999),IFERROR(FIND("（",$E12),999))-1))=K$2,$F12,"")) | L12: =IF(OR($E12="",L$2=""),"",IF(TRIM(LEFT($E12,MIN(IFERROR(FIND("CDU",UPPER($E12)),999),IFERROR(FIND("BULK",UPPER($E12)),999),IFERROR(FIND("-",$E12),999),IFERROR(FIND("（",$E12),999))-1))=L$2,$F12,"")) | M12: =IF(OR($E12="",M$2=""),"",IF(TRIM(LEFT($E12,MIN(IFERROR(FIND("CDU",UPPER($E12)),999),IFERROR(FIND("BULK",UPPER($E12)),999),IFERROR(FIND("-",$E12),999),IFERROR(FIND("（",$E12),999))-1))=M$2,$F12,"")) | N12: =IF(OR($E12="",N$2=""),"",IF(TRIM(LEFT($E12,MIN(IFERROR(FIND("CDU",UPPER($E12)),999),IFERROR(FIND("BULK",UPPER($E12)),999),IFERROR(FIND("-",$E12),999),IFERROR(FIND("（",$E12),999))-1))=N$2,$F12,"")) | O12: =IF(OR($E12="",O$2=""),"",IF(TRIM(LEFT($E12,MIN(IFERROR(FIND("CDU",UPPER($E12)),999),IFERROR(FIND("BULK",UPPER($E12)),999),IFERROR(FIND("-",$E12),999),IFERROR(FIND("（",$E12),999))-1))=O$2,$F12,"")) | ... AD12: =IF(OR($E12="",AD$2=""),"",IF(TRIM(LEFT($E12,MIN(IFERROR(FIND("CDU",UPPER($E12)),999),IFERROR(FIND("BULK",UPPER($E12)),999),IFERROR(FIND("-",$E12),999),IFERROR(FIND("（",$E12),999))-1))=AD$2,$F12,"")) | AE12: 12 | AF12: =SUM(H12:AD12)*AE12 -> 18000 | AG12: =AF12*7.75 -> 139500
A13: 45966 | B13: 46036 | C13: AE-D2115D-LS | D13: 1000001879 | E13: HH991 | F13: 1602 | H13: =IF(OR($E13="",H$2=""),"",IF(TRIM(LEFT($E13,MIN(IFERROR(FIND("CDU",UPPER($E13)),999),IFERROR(FIND("BULK",UPPER($E13)),999),IFERROR(FIND("-",$E13),999),IFERROR(FIND("（",$E13),999))-1))=H$2,$F13,"")) | I13: =IF(OR($E13="",I$2=""),"",IF(TRIM(LEFT($E13,MIN(IFERROR(FIND("CDU",UPPER($E13)),999),IFERROR(FIND("BULK",UPPER($E13)),999),IFERROR(FIND("-",$E13),999),IFERROR(FIND("（",$E13),999))-1))=I$2,$F13,"")) | J13: =IF(OR($E13="",J$2=""),"",IF(TRIM(LEFT($E13,MIN(IFERROR(FIND("CDU",UPPER($E13)),999),IFERROR(FIND("BULK",UPPER($E13)),999),IFERROR(FIND("-",$E13),999),IFERROR(FIND("（",$E13),999))-1))=J$2,$F13,"")) | K13: =IF(OR($E13="",K$2=""),"",IF(TRIM(LEFT($E13,MIN(IFERROR(FIND("CDU",UPPER($E13)),999),IFERROR(FIND("BULK",UPPER($E13)),999),IFERROR(FIND("-",$E13),999),IFERROR(FIND("（",$E13),999))-1))=K$2,$F13,"")) | L13: =IF(OR($E13="",L$2=""),"",IF(TRIM(LEFT($E13,MIN(IFERROR(FIND("CDU",UPPER($E13)),999),IFERROR(FIND("BULK",UPPER($E13)),999),IFERROR(FIND("-",$E13),999),IFERROR(FIND("（",$E13),999))-1))=L$2,$F13,"")) | M13: =IF(OR($E13="",M$2=""),"",IF(TRIM(LEFT($E13,MIN(IFERROR(FIND("CDU",UPPER($E13)),999),IFERROR(FIND("BULK",UPPER($E13)),999),IFERROR(FIND("-",$E13),999),IFERROR(FIND("（",$E13),999))-1))=M$2,$F13,"")) -> 1602 | N13: =IF(OR($E13="",N$2=""),"",IF(TRIM(LEFT($E13,MIN(IFERROR(FIND("CDU",UPPER($E13)),999),IFERROR(FIND("BULK",UPPER($E13)),999),IFERROR(FIND("-",$E13),999),IFERROR(FIND("（",$E13),999))-1))=N$2,$F13,"")) | O13: =IF(OR($E13="",O$2=""),"",IF(TRIM(LEFT($E13,MIN(IFERROR(FIND("CDU",UPPER($E13)),999),IFERROR(FIND("BULK",UPPER($E13)),999),IFERROR(FIND("-",$E13),999),IFERROR(FIND("（",$E13),999))-1))=O$2,$F13,"")) | ... AD13: =IF(OR($E13="",AD$2=""),"",IF(TRIM(LEFT($E13,MIN(IFERROR(FIND("CDU",UPPER($E13)),999),IFERROR(FIND("BULK",UPPER($E13)),999),IFERROR(FIND("-",$E13),999),IFERROR(FIND("（",$E13),999))-1))=AD$2,$F13,"")) | AE13: 4.72 | AF13: =SUM(H13:AD13)*AE13 -> 7561.44 | AG13: =AF13*7.75 -> 58601.16
A14: 45966 | B14: 46021 | C14: AE-ZT4060D-LS | D14: 1000001880 | E14: RA362 | F14: =2508+720 -> 3228 | H14: =IF(OR($E14="",H$2=""),"",IF(TRIM(LEFT($E14,MIN(IFERROR(FIND("CDU",UPPER($E14)),999),IFERROR(FIND("BULK",UPPER($E14)),999),IFERROR(FIND("-",$E14),999),IFERROR(FIND("（",$E14),999))-1))=H$2,$F14,"")) | I14: =IF(OR($E14="",I$2=""),"",IF(TRIM(LEFT($E14,MIN(IFERROR(FIND("CDU",UPPER($E14)),999),IFERROR(FIND("BULK",UPPER($E14)),999),IFERROR(FIND("-",$E14),999),IFERROR(FIND("（",$E14),999))-1))=I$2,$F14,"")) | J14: =IF(OR($E14="",J$2=""),"",IF(TRIM(LEFT($E14,MIN(IFERROR(FIND("CDU",UPPER($E14)),999),IFERROR(FIND("BULK",UPPER($E14)),999),IFERROR(FIND("-",$E14),999),IFERROR(FIND("（",$E14),999))-1))=J$2,$F14,"")) -> 3228 | K14: =IF(OR($E14="",K$2=""),"",IF(TRIM(LEFT($E14,MIN(IFERROR(FIND("CDU",UPPER($E14)),999),IFERROR(FIND("BULK",UPPER($E14)),999),IFERROR(FIND("-",$E14),999),IFERROR(FIND("（",$E14),999))-1))=K$2,$F14,"")) | L14: =IF(OR($E14="",L$2=""),"",IF(TRIM(LEFT($E14,MIN(IFERROR(FIND("CDU",UPPER($E14)),999),IFERROR(FIND("BULK",UPPER($E14)),999),IFERROR(FIND("-",$E14),999),IFERROR(FIND("（",$E14),999))-1))=L$2,$F14,"")) | M14: =IF(OR($E14="",M$2=""),"",IF(TRIM(LEFT($E14,MIN(IFERROR(FIND("CDU",UPPER($E14)),999),IFERROR(FIND("BULK",UPPER($E14)),999),IFERROR(FIND("-",$E14),999),IFERROR(FIND("（",$E14),999))-1))=M$2,$F14,"")) | N14: =IF(OR($E14="",N$2=""),"",IF(TRIM(LEFT($E14,MIN(IFERROR(FIND("CDU",UPPER($E14)),999),IFERROR(FIND("BULK",UPPER($E14)),999),IFERROR(FIND("-",$E14),999),IFERROR(FIND("（",$E14),999))-1))=N$2,$F14,"")) | O14: =IF(OR($E14="",O$2=""),"",IF(TRIM(LEFT($E14,MIN(IFERROR(FIND("CDU",UPPER($E14)),999),IFERROR(FIND("BULK",UPPER($E14)),999),IFERROR(FIND("-",$E14),999),IFERROR(FIND("（",$E14),999))-1))=O$2,$F14,"")) | ... AD14: =IF(OR($E14="",AD$2=""),"",IF(TRIM(LEFT($E14,MIN(IFERROR(FIND("CDU",UPPER($E14)),999),IFERROR(FIND("BULK",UPPER($E14)),999),IFERROR(FIND("-",$E14),999),IFERROR(FIND("（",$E14),999))-1))=AD$2,$F14,"")) | AE14: 7.34 | AF14: =SUM(H14:AD14)*AE14 -> 23693.52 | AG14: =AF14*7.75 -> 183624.78
A15: 45966 | B15: 46021 | C15: AE-ZT8351D-LS | D15: 1000001880 | E15: RA367 | F15: 2832 | H15: =IF(OR($E15="",H$2=""),"",IF(TRIM(LEFT($E15,MIN(IFERROR(FIND("CDU",UPPER($E15)),999),IFERROR(FIND("BULK",UPPER($E15)),999),IFERROR(FIND("-",$E15),999),IFERROR(FIND("（",$E15),999))-1))=H$2,$F15,"")) | I15: =IF(OR($E15="",I$2=""),"",IF(TRIM(LEFT($E15,MIN(IFERROR(FIND("CDU",UPPER($E15)),999),IFERROR(FIND("BULK",UPPER($E15)),999),IFERROR(FIND("-",$E15),999),IFERROR(FIND("（",$E15),999))-1))=I$2,$F15,"")) -> 2832 | J15: =IF(OR($E15="",J$2=""),"",IF(TRIM(LEFT($E15,MIN(IFERROR(FIND("CDU",UPPER($E15)),999),IFERROR(FIND("BULK",UPPER($E15)),999),IFERROR(FIND("-",$E15),999),IFERROR(FIND("（",$E15),999))-1))=J$2,$F15,"")) | K15: =IF(OR($E15="",K$2=""),"",IF(TRIM(LEFT($E15,MIN(IFERROR(FIND("CDU",UPPER($E15)),999),IFERROR(FIND("BULK",UPPER($E15)),999),IFERROR(FIND("-",$E15),999),IFERROR(FIND("（",$E15),999))-1))=K$2,$F15,"")) | L15: =IF(OR($E15="",L$2=""),"",IF(TRIM(LEFT($E15,MIN(IFERROR(FIND("CDU",UPPER($E15)),999),IFERROR(FIND("BULK",UPPER($E15)),999),IFERROR(FIND("-",$E15),999),IFERROR(FIND("（",$E15),999))-1))=L$2,$F15,"")) | M15: =IF(OR($E15="",M$2=""),"",IF(TRIM(LEFT($E15,MIN(IFERROR(FIND("CDU",UPPER($E15)),999),IFERROR(FIND("BULK",UPPER($E15)),999),IFERROR(FIND("-",$E15),999),IFERROR(FIND("（",$E15),999))-1))=M$2,$F15,"")) | N15: =IF(OR($E15="",N$2=""),"",IF(TRIM(LEFT($E15,MIN(IFERROR(FIND("CDU",UPPER($E15)),999),IFERROR(FIND("BULK",UPPER($E15)),999),IFERROR(FIND("-",$E15),999),IFERROR(FIND("（",$E15),999))-1))=N$2,$F15,"")) | O15: =IF(OR($E15="",O$2=""),"",IF(TRIM(LEFT($E15,MIN(IFERROR(FIND("CDU",UPPER($E15)),999),IFERROR(FIND("BULK",UPPER($E15)),999),IFERROR(FIND("-",$E15),999),IFERROR(FIND("（",$E15),999))-1))=O$2,$F15,"")) | ... AD15: =IF(OR($E15="",AD$2=""),"",IF(TRIM(LEFT($E15,MIN(IFERROR(FIND("CDU",UPPER($E15)),999),IFERROR(FIND("BULK",UPPER($E15)),999),IFERROR(FIND("-",$E15),999),IFERROR(FIND("（",$E15),999))-1))=AD$2,$F15,"")) | AE15: 7.38 | AF15: =SUM(H15:AD15)*AE15 -> 20900.16 | AG15: =AF15*7.75 -> 161976.24
A16: 45966 | B16: 46021 | C16: AE-ZT8351D-LS | D16: 1000001880 | E16: RA367 | F16: =2520+720-2832 -> 408 | H16: =IF(OR($E16="",H$2=""),"",IF(TRIM(LEFT($E16,MIN(IFERROR(FIND("CDU",UPPER($E16)),999),IFERROR(FIND("BULK",UPPER($E16)),999),IFERROR(FIND("-",$E16),999),IFERROR(FIND("（",$E16),999))-1))=H$2,$F16,"")) | I16: =IF(OR($E16="",I$2=""),"",IF(TRIM(LEFT($E16,MIN(IFERROR(FIND("CDU",UPPER($E16)),999),IFERROR(FIND("BULK",UPPER($E16)),999),IFERROR(FIND("-",$E16),999),IFERROR(FIND("（",$E16),999))-1))=I$2,$F16,"")) -> 408 | J16: =IF(OR($E16="",J$2=""),"",IF(TRIM(LEFT($E16,MIN(IFERROR(FIND("CDU",UPPER($E16)),999),IFERROR(FIND("BULK",UPPER($E16)),999),IFERROR(FIND("-",$E16),999),IFERROR(FIND("（",$E16),999))-1))=J$2,$F16,"")) | K16: =IF(OR($E16="",K$2=""),"",IF(TRIM(LEFT($E16,MIN(IFERROR(FIND("CDU",UPPER($E16)),999),IFERROR(FIND("BULK",UPPER($E16)),999),IFERROR(FIND("-",$E16),999),IFERROR(FIND("（",$E16),999))-1))=K$2,$F16,"")) | L16: =IF(OR($E16="",L$2=""),"",IF(TRIM(LEFT($E16,MIN(IFERROR(FIND("CDU",UPPER($E16)),999),IFERROR(FIND("BULK",UPPER($E16)),999),IFERROR(FIND("-",$E16),999),IFERROR(FIND("（",$E16),999))-1))=L$2,$F16,"")) | M16: =IF(OR($E16="",M$2=""),"",IF(TRIM(LEFT($E16,MIN(IFERROR(FIND("CDU",UPPER($E16)),999),IFERROR(FIND("BULK",UPPER($E16)),999),IFERROR(FIND("-",$E16),999),IFERROR(FIND("（",$E16),999))-1))=M$2,$F16,"")) | N16: =IF(OR($E16="",N$2=""),"",IF(TRIM(LEFT($E16,MIN(IFERROR(FIND("CDU",UPPER($E16)),999),IFERROR(FIND("BULK",UPPER($E16)),999),IFERROR(FIND("-",$E16),999),IFERROR(FIND("（",$E16),999))-1))=N$2,$F16,"")) | O16: =IF(OR($E16="",O$2=""),"",IF(TRIM(LEFT($E16,MIN(IFERROR(FIND("CDU",UPPER($E16)),999),IFERROR(FIND("BULK",UPPER($E16)),999),IFERROR(FIND("-",$E16),999),IFERROR(FIND("（",$E16),999))-1))=O$2,$F16,"")) | ... AD16: =IF(OR($E16="",AD$2=""),"",IF(TRIM(LEFT($E16,MIN(IFERROR(FIND("CDU",UPPER($E16)),999),IFERROR(FIND("BULK",UPPER($E16)),999),IFERROR(FIND("-",$E16),999),IFERROR(FIND("（",$E16),999))-1))=AD$2,$F16,"")) | AE16: 7.38 | AF16: =SUM(H16:AD16)*AE16 -> 3011.04 | AG16: =AF16*7.75 -> 23335.56
A17: 45966 | B17: 46021 | C17: AE-ZT4059D-LS | D17: 1000001880 | E17: RA369 | F17: =2520+1080 -> 3600 | H17: =IF(OR($E17="",H$2=""),"",IF(TRIM(LEFT($E17,MIN(IFERROR(FIND("CDU",UPPER($E17)),999),IFERROR(FIND("BULK",UPPER($E17)),999),IFERROR(FIND("-",$E17),999),IFERROR(FIND("（",$E17),999))-1))=H$2,$F17,"")) | I17: =IF(OR($E17="",I$2=""),"",IF(TRIM(LEFT($E17,MIN(IFERROR(FIND("CDU",UPPER($E17)),999),IFERROR(FIND("BULK",UPPER($E17)),999),IFERROR(FIND("-",$E17),999),IFERROR(FIND("（",$E17),999))-1))=I$2,$F17,"")) | J17: =IF(OR($E17="",J$2=""),"",IF(TRIM(LEFT($E17,MIN(IFERROR(FIND("CDU",UPPER($E17)),999),IFERROR(FIND("BULK",UPPER($E17)),999),IFERROR(FIND("-",$E17),999),IFERROR(FIND("（",$E17),999))-1))=J$2,$F17,"")) | K17: =IF(OR($E17="",K$2=""),"",IF(TRIM(LEFT($E17,MIN(IFERROR(FIND("CDU",UPPER($E17)),999),IFERROR(FIND("BULK",UPPER($E17)),999),IFERROR(FIND("-",$E17),999),IFERROR(FIND("（",$E17),999))-1))=K$2,$F17,"")) | L17: =IF(OR($E17="",L$2=""),"",IF(TRIM(LEFT($E17,MIN(IFERROR(FIND("CDU",UPPER($E17)),999),IFERROR(FIND("BULK",UPPER($E17)),999),IFERROR(FIND("-",$E17),999),IFERROR(FIND("（",$E17),999))-1))=L$2,$F17,"")) | M17: =IF(OR($E17="",M$2=""),"",IF(TRIM(LEFT($E17,MIN(IFERROR(FIND("CDU",UPPER($E17)),999),IFERROR(FIND("BULK",UPPER($E17)),999),IFERROR(FIND("-",$E17),999),IFERROR(FIND("（",$E17),999))-1))=M$2,$F17,"")) | N17: =IF(OR($E17="",N$2=""),"",IF(TRIM(LEFT($E17,MIN(IFERROR(FIND("CDU",UPPER($E17)),999),IFERROR(FIND("BULK",UPPER($E17)),999),IFERROR(FIND("-",$E17),999),IFERROR(FIND("（",$E17),999))-1))=N$2,$F17,"")) | O17: =IF(OR($E17="",O$2=""),"",IF(TRIM(LEFT($E17,MIN(IFERROR(FIND("CDU",UPPER($E17)),999),IFERROR(FIND("BULK",UPPER($E17)),999),IFERROR(FIND("-",$E17),999),IFERROR(FIND("（",$E17),999))-1))=O$2,$F17,"")) | ... AD17: =IF(OR($E17="",AD$2=""),"",IF(TRIM(LEFT($E17,MIN(IFERROR(FIND("CDU",UPPER($E17)),999),IFERROR(FIND("BULK",UPPER($E17)),999),IFERROR(FIND("-",$E17),999),IFERROR(FIND("（",$E17),999))-1))=AD$2,$F17,"")) | AE17: 7.31 | AF17: =SUM(H17:AD17)*AE17 -> 26316 | AG17: =AF17*7.75 -> 203949
A18: 45972 | B18: 46043 | C18: AE-D2116D-LS | D18: 1000002006 | E18: HH992 | F18: 1002 | H18: =IF(OR($E18="",H$2=""),"",IF(TRIM(LEFT($E18,MIN(IFERROR(FIND("CDU",UPPER($E18)),999),IFERROR(FIND("BULK",UPPER($E18)),999),IFERROR(FIND("-",$E18),999),IFERROR(FIND("（",$E18),999))-1))=H$2,$F18,"")) | I18: =IF(OR($E18="",I$2=""),"",IF(TRIM(LEFT($E18,MIN(IFERROR(FIND("CDU",UPPER($E18)),999),IFERROR(FIND("BULK",UPPER($E18)),999),IFERROR(FIND("-",$E18),999),IFERROR(FIND("（",$E18),999))-1))=I$2,$F18,"")) | J18: =IF(OR($E18="",J$2=""),"",IF(TRIM(LEFT($E18,MIN(IFERROR(FIND("CDU",UPPER($E18)),999),IFERROR(FIND("BULK",UPPER($E18)),999),IFERROR(FIND("-",$E18),999),IFERROR(FIND("（",$E18),999))-1))=J$2,$F18,"")) | K18: =IF(OR($E18="",K$2=""),"",IF(TRIM(LEFT($E18,MIN(IFERROR(FIND("CDU",UPPER($E18)),999),IFERROR(FIND("BULK",UPPER($E18)),999),IFERROR(FIND("-",$E18),999),IFERROR(FIND("（",$E18),999))-1))=K$2,$F18,"")) | L18: =IF(OR($E18="",L$2=""),"",IF(TRIM(LEFT($E18,MIN(IFERROR(FIND("CDU",UPPER($E18)),999),IFERROR(FIND("BULK",UPPER($E18)),999),IFERROR(FIND("-",$E18),999),IFERROR(FIND("（",$E18),999))-1))=L$2,$F18,"")) | M18: =IF(OR($E18="",M$2=""),"",IF(TRIM(LEFT($E18,MIN(IFERROR(FIND("CDU",UPPER($E18)),999),IFERROR(FIND("BULK",UPPER($E18)),999),IFERROR(FIND("-",$E18),999),IFERROR(FIND("（",$E18),999))-1))=M$2,$F18,"")) | N18: =IF(OR($E18="",N$2=""),"",IF(TRIM(LEFT($E18,MIN(IFERROR(FIND("CDU",UPPER($E18)),999),IFERROR(FIND("BULK",UPPER($E18)),999),IFERROR(FIND("-",$E18),999),IFERROR(FIND("（",$E18),999))-1))=N$2,$F18,"")) -> 1002 | O18: =IF(OR($E18="",O$2=""),"",IF(TRIM(LEFT($E18,MIN(IFERROR(FIND("CDU",UPPER($E18)),999),IFERROR(FIND("BULK",UPPER($E18)),999),IFERROR(FIND("-",$E18),999),IFERROR(FIND("（",$E18),999))-1))=O$2,$F18,"")) | ... AD18: =IF(OR($E18="",AD$2=""),"",IF(TRIM(LEFT($E18,MIN(IFERROR(FIND("CDU",UPPER($E18)),999),IFERROR(FIND("BULK",UPPER($E18)),999),IFERROR(FIND("-",$E18),999),IFERROR(FIND("（",$E18),999))-1))=AD$2,$F18,"")) | AE18: 4.92 | AF18: =SUM(H18:AD18)*AE18 -> 4929.84 | AG18: =AF18*7.75 -> 38206.26
A19: 45972 | B19: 46043 | C19: AE-D2116D-LS | D19: 1000002006 | E19: HH992 | F19: =1608-1002 -> 606 | H19: =IF(OR($E19="",H$2=""),"",IF(TRIM(LEFT($E19,MIN(IFERROR(FIND("CDU",UPPER($E19)),999),IFERROR(FIND("BULK",UPPER($E19)),999),IFERROR(FIND("-",$E19),999),IFERROR(FIND("（",$E19),999))-1))=H$2,$F19,"")) | I19: =IF(OR($E19="",I$2=""),"",IF(TRIM(LEFT($E19,MIN(IFERROR(FIND("CDU",UPPER($E19)),999),IFERROR(FIND("BULK",UPPER($E19)),999),IFERROR(FIND("-",$E19),999),IFERROR(FIND("（",$E19),999))-1))=I$2,$F19,"")) | J19: =IF(OR($E19="",J$2=""),"",IF(TRIM(LEFT($E19,MIN(IFERROR(FIND("CDU",UPPER($E19)),999),IFERROR(FIND("BULK",UPPER($E19)),999),IFERROR(FIND("-",$E19),999),IFERROR(FIND("（",$E19),999))-1))=J$2,$F19,"")) | K19: =IF(OR($E19="",K$2=""),"",IF(TRIM(LEFT($E19,MIN(IFERROR(FIND("CDU",UPPER($E19)),999),IFERROR(FIND("BULK",UPPER($E19)),999),IFERROR(FIND("-",$E19),999),IFERROR(FIND("（",$E19),999))-1))=K$2,$F19,"")) | L19: =IF(OR($E19="",L$2=""),"",IF(TRIM(LEFT($E19,MIN(IFERROR(FIND("CDU",UPPER($E19)),999),IFERROR(FIND("BULK",UPPER($E19)),999),IFERROR(FIND("-",$E19),999),IFERROR(FIND("（",$E19),999))-1))=L$2,$F19,"")) | M19: =IF(OR($E19="",M$2=""),"",IF(TRIM(LEFT($E19,MIN(IFERROR(FIND("CDU",UPPER($E19)),999),IFERROR(FIND("BULK",UPPER($E19)),999),IFERROR(FIND("-",$E19),999),IFERROR(FIND("（",$E19),999))-1))=M$2,$F19,"")) | N19: =IF(OR($E19="",N$2=""),"",IF(TRIM(LEFT($E19,MIN(IFERROR(FIND("CDU",UPPER($E19)),999),IFERROR(FIND("BULK",UPPER($E19)),999),IFERROR(FIND("-",$E19),999),IFERROR(FIND("（",$E19),999))-1))=N$2,$F19,"")) -> 606 | O19: =IF(OR($E19="",O$2=""),"",IF(TRIM(LEFT($E19,MIN(IFERROR(FIND("CDU",UPPER($E19)),999),IFERROR(FIND("BULK",UPPER($E19)),999),IFERROR(FIND("-",$E19),999),IFERROR(FIND("（",$E19),999))-1))=O$2,$F19,"")) | ... AD19: =IF(OR($E19="",AD$2=""),"",IF(TRIM(LEFT($E19,MIN(IFERROR(FIND("CDU",UPPER($E19)),999),IFERROR(FIND("BULK",UPPER($E19)),999),IFERROR(FIND("-",$E19),999),IFERROR(FIND("（",$E19),999))-1))=AD$2,$F19,"")) | AE19: 4.92 | AF19: =SUM(H19:AD19)*AE19 -> 2981.52 | AG19: =AF19*7.75 -> 23106.78
A20: 45972 | B20: 46043 | C20: AE-D2114D-LS | D20: 1000002006 | E20: HH993 | F20: 1602 | H20: =IF(OR($E20="",H$2=""),"",IF(TRIM(LEFT($E20,MIN(IFERROR(FIND("CDU",UPPER($E20)),999),IFERROR(FIND("BULK",UPPER($E20)),999),IFERROR(FIND("-",$E20),999),IFERROR(FIND("（",$E20),999))-1))=H$2,$F20,"")) | I20: =IF(OR($E20="",I$2=""),"",IF(TRIM(LEFT($E20,MIN(IFERROR(FIND("CDU",UPPER($E20)),999),IFERROR(FIND("BULK",UPPER($E20)),999),IFERROR(FIND("-",$E20),999),IFERROR(FIND("（",$E20),999))-1))=I$2,$F20,"")) | J20: =IF(OR($E20="",J$2=""),"",IF(TRIM(LEFT($E20,MIN(IFERROR(FIND("CDU",UPPER($E20)),999),IFERROR(FIND("BULK",UPPER($E20)),999),IFERROR(FIND("-",$E20),999),IFERROR(FIND("（",$E20),999))-1))=J$2,$F20,"")) | K20: =IF(OR($E20="",K$2=""),"",IF(TRIM(LEFT($E20,MIN(IFERROR(FIND("CDU",UPPER($E20)),999),IFERROR(FIND("BULK",UPPER($E20)),999),IFERROR(FIND("-",$E20),999),IFERROR(FIND("（",$E20),999))-1))=K$2,$F20,"")) | L20: =IF(OR($E20="",L$2=""),"",IF(TRIM(LEFT($E20,MIN(IFERROR(FIND("CDU",UPPER($E20)),999),IFERROR(FIND("BULK",UPPER($E20)),999),IFERROR(FIND("-",$E20),999),IFERROR(FIND("（",$E20),999))-1))=L$2,$F20,"")) -> 1602 | M20: =IF(OR($E20="",M$2=""),"",IF(TRIM(LEFT($E20,MIN(IFERROR(FIND("CDU",UPPER($E20)),999),IFERROR(FIND("BULK",UPPER($E20)),999),IFERROR(FIND("-",$E20),999),IFERROR(FIND("（",$E20),999))-1))=M$2,$F20,"")) | N20: =IF(OR($E20="",N$2=""),"",IF(TRIM(LEFT($E20,MIN(IFERROR(FIND("CDU",UPPER($E20)),999),IFERROR(FIND("BULK",UPPER($E20)),999),IFERROR(FIND("-",$E20),999),IFERROR(FIND("（",$E20),999))-1))=N$2,$F20,"")) | O20: =IF(OR($E20="",O$2=""),"",IF(TRIM(LEFT($E20,MIN(IFERROR(FIND("CDU",UPPER($E20)),999),IFERROR(FIND("BULK",UPPER($E20)),999),IFERROR(FIND("-",$E20),999),IFERROR(FIND("（",$E20),999))-1))=O$2,$F20,"")) | ... AD20: =IF(OR($E20="",AD$2=""),"",IF(TRIM(LEFT($E20,MIN(IFERROR(FIND("CDU",UPPER($E20)),999),IFERROR(FIND("BULK",UPPER($E20)),999),IFERROR(FIND("-",$E20),999),IFERROR(FIND("（",$E20),999))-1))=AD$2,$F20,"")) | AE20: 4.92 | AF20: =SUM(H20:AD20)*AE20 -> 7881.84 | AG20: =AF20*7.75 -> 61084.26
A21: 45972 | B21: 46043 | C21: AE-D2113D-LS | D21: 1000002006 | E21: HH994 | F21: 1002 | H21: =IF(OR($E21="",H$2=""),"",IF(TRIM(LEFT($E21,MIN(IFERROR(FIND("CDU",UPPER($E21)),999),IFERROR(FIND("BULK",UPPER($E21)),999),IFERROR(FIND("-",$E21),999),IFERROR(FIND("（",$E21),999))-1))=H$2,$F21,"")) | I21: =IF(OR($E21="",I$2=""),"",IF(TRIM(LEFT($E21,MIN(IFERROR(FIND("CDU",UPPER($E21)),999),IFERROR(FIND("BULK",UPPER($E21)),999),IFERROR(FIND("-",$E21),999),IFERROR(FIND("（",$E21),999))-1))=I$2,$F21,"")) | J21: =IF(OR($E21="",J$2=""),"",IF(TRIM(LEFT($E21,MIN(IFERROR(FIND("CDU",UPPER($E21)),999),IFERROR(FIND("BULK",UPPER($E21)),999),IFERROR(FIND("-",$E21),999),IFERROR(FIND("（",$E21),999))-1))=J$2,$F21,"")) | K21: =IF(OR($E21="",K$2=""),"",IF(TRIM(LEFT($E21,MIN(IFERROR(FIND("CDU",UPPER($E21)),999),IFERROR(FIND("BULK",UPPER($E21)),999),IFERROR(FIND("-",$E21),999),IFERROR(FIND("（",$E21),999))-1))=K$2,$F21,"")) -> 1002 | L21: =IF(OR($E21="",L$2=""),"",IF(TRIM(LEFT($E21,MIN(IFERROR(FIND("CDU",UPPER($E21)),999),IFERROR(FIND("BULK",UPPER($E21)),999),IFERROR(FIND("-",$E21),999),IFERROR(FIND("（",$E21),999))-1))=L$2,$F21,"")) | M21: =IF(OR($E21="",M$2=""),"",IF(TRIM(LEFT($E21,MIN(IFERROR(FIND("CDU",UPPER($E21)),999),IFERROR(FIND("BULK",UPPER($E21)),999),IFERROR(FIND("-",$E21),999),IFERROR(FIND("（",$E21),999))-1))=M$2,$F21,"")) | N21: =IF(OR($E21="",N$2=""),"",IF(TRIM(LEFT($E21,MIN(IFERROR(FIND("CDU",UPPER($E21)),999),IFERROR(FIND("BULK",UPPER($E21)),999),IFERROR(FIND("-",$E21),999),IFERROR(FIND("（",$E21),999))-1))=N$2,$F21,"")) | O21: =IF(OR($E21="",O$2=""),"",IF(TRIM(LEFT($E21,MIN(IFERROR(FIND("CDU",UPPER($E21)),999),IFERROR(FIND("BULK",UPPER($E21)),999),IFERROR(FIND("-",$E21),999),IFERROR(FIND("（",$E21),999))-1))=O$2,$F21,"")) | ... AD21: =IF(OR($E21="",AD$2=""),"",IF(TRIM(LEFT($E21,MIN(IFERROR(FIND("CDU",UPPER($E21)),999),IFERROR(FIND("BULK",UPPER($E21)),999),IFERROR(FIND("-",$E21),999),IFERROR(FIND("（",$E21),999))-1))=AD$2,$F21,"")) | AE21: 4.92 | AF21: =SUM(H21:AD21)*AE21 -> 4929.84 | AG21: =AF21*7.75 -> 38206.26
A22: 45972 | B22: 46043 | C22: AE-D2113D-LS | D22: 1000002006 | E22: HH994 | F22: =1602-1002 -> 600 | H22: =IF(OR($E22="",H$2=""),"",IF(TRIM(LEFT($E22,MIN(IFERROR(FIND("CDU",UPPER($E22)),999),IFERROR(FIND("BULK",UPPER($E22)),999),IFERROR(FIND("-",$E22),999),IFERROR(FIND("（",$E22),999))-1))=H$2,$F22,"")) | I22: =IF(OR($E22="",I$2=""),"",IF(TRIM(LEFT($E22,MIN(IFERROR(FIND("CDU",UPPER($E22)),999),IFERROR(FIND("BULK",UPPER($E22)),999),IFERROR(FIND("-",$E22),999),IFERROR(FIND("（",$E22),999))-1))=I$2,$F22,"")) | J22: =IF(OR($E22="",J$2=""),"",IF(TRIM(LEFT($E22,MIN(IFERROR(FIND("CDU",UPPER($E22)),999),IFERROR(FIND("BULK",UPPER($E22)),999),IFERROR(FIND("-",$E22),999),IFERROR(FIND("（",$E22),999))-1))=J$2,$F22,"")) | K22: =IF(OR($E22="",K$2=""),"",IF(TRIM(LEFT($E22,MIN(IFERROR(FIND("CDU",UPPER($E22)),999),IFERROR(FIND("BULK",UPPER($E22)),999),IFERROR(FIND("-",$E22),999),IFERROR(FIND("（",$E22),999))-1))=K$2,$F22,"")) -> 600 | L22: =IF(OR($E22="",L$2=""),"",IF(TRIM(LEFT($E22,MIN(IFERROR(FIND("CDU",UPPER($E22)),999),IFERROR(FIND("BULK",UPPER($E22)),999),IFERROR(FIND("-",$E22),999),IFERROR(FIND("（",$E22),999))-1))=L$2,$F22,"")) | M22: =IF(OR($E22="",M$2=""),"",IF(TRIM(LEFT($E22,MIN(IFERROR(FIND("CDU",UPPER($E22)),999),IFERROR(FIND("BULK",UPPER($E22)),999),IFERROR(FIND("-",$E22),999),IFERROR(FIND("（",$E22),999))-1))=M$2,$F22,"")) | N22: =IF(OR($E22="",N$2=""),"",IF(TRIM(LEFT($E22,MIN(IFERROR(FIND("CDU",UPPER($E22)),999),IFERROR(FIND("BULK",UPPER($E22)),999),IFERROR(FIND("-",$E22),999),IFERROR(FIND("（",$E22),999))-1))=N$2,$F22,"")) | O22: =IF(OR($E22="",O$2=""),"",IF(TRIM(LEFT($E22,MIN(IFERROR(FIND("CDU",UPPER($E22)),999),IFERROR(FIND("BULK",UPPER($E22)),999),IFERROR(FIND("-",$E22),999),IFERROR(FIND("（",$E22),999))-1))=O$2,$F22,"")) | ... AD22: =IF(OR($E22="",AD$2=""),"",IF(TRIM(LEFT($E22,MIN(IFERROR(FIND("CDU",UPPER($E22)),999),IFERROR(FIND("BULK",UPPER($E22)),999),IFERROR(FIND("-",$E22),999),IFERROR(FIND("（",$E22),999))-1))=AD$2,$F22,"")) | AE22: 4.92 | AF22: =SUM(H22:AD22)*AE22 -> 2952 | AG22: =AF22*7.75 -> 22878
A23: 45972 | B23: 46043 | C23: AE-ZT4060D-LS | D23: 1000002006 | E23: RA362 | F23: 1968 | H23: =IF(OR($E23="",H$2=""),"",IF(TRIM(LEFT($E23,MIN(IFERROR(FIND("CDU",UPPER($E23)),999),IFERROR(FIND("BULK",UPPER($E23)),999),IFERROR(FIND("-",$E23),999),IFERROR(FIND("（",$E23),999))-1))=H$2,$F23,"")) | I23: =IF(OR($E23="",I$2=""),"",IF(TRIM(LEFT($E23,MIN(IFERROR(FIND("CDU",UPPER($E23)),999),IFERROR(FIND("BULK",UPPER($E23)),999),IFERROR(FIND("-",$E23),999),IFERROR(FIND("（",$E23),999))-1))=I$2,$F23,"")) | J23: =IF(OR($E23="",J$2=""),"",IF(TRIM(LEFT($E23,MIN(IFERROR(FIND("CDU",UPPER($E23)),999),IFERROR(FIND("BULK",UPPER($E23)),999),IFERROR(FIND("-",$E23),999),IFERROR(FIND("（",$E23),999))-1))=J$2,$F23,"")) -> 1968 | K23: =IF(OR($E23="",K$2=""),"",IF(TRIM(LEFT($E23,MIN(IFERROR(FIND("CDU",UPPER($E23)),999),IFERROR(FIND("BULK",UPPER($E23)),999),IFERROR(FIND("-",$E23),999),IFERROR(FIND("（",$E23),999))-1))=K$2,$F23,"")) | L23: =IF(OR($E23="",L$2=""),"",IF(TRIM(LEFT($E23,MIN(IFERROR(FIND("CDU",UPPER($E23)),999),IFERROR(FIND("BULK",UPPER($E23)),999),IFERROR(FIND("-",$E23),999),IFERROR(FIND("（",$E23),999))-1))=L$2,$F23,"")) | M23: =IF(OR($E23="",M$2=""),"",IF(TRIM(LEFT($E23,MIN(IFERROR(FIND("CDU",UPPER($E23)),999),IFERROR(FIND("BULK",UPPER($E23)),999),IFERROR(FIND("-",$E23),999),IFERROR(FIND("（",$E23),999))-1))=M$2,$F23,"")) | N23: =IF(OR($E23="",N$2=""),"",IF(TRIM(LEFT($E23,MIN(IFERROR(FIND("CDU",UPPER($E23)),999),IFERROR(FIND("BULK",UPPER($E23)),999),IFERROR(FIND("-",$E23),999),IFERROR(FIND("（",$E23),999))-1))=N$2,$F23,"")) | O23: =IF(OR($E23="",O$2=""),"",IF(TRIM(LEFT($E23,MIN(IFERROR(FIND("CDU",UPPER($E23)),999),IFERROR(FIND("BULK",UPPER($E23)),999),IFERROR(FIND("-",$E23),999),IFERROR(FIND("（",$E23),999))-1))=O$2,$F23,"")) | ... AD23: =IF(OR($E23="",AD$2=""),"",IF(TRIM(LEFT($E23,MIN(IFERROR(FIND("CDU",UPPER($E23)),999),IFERROR(FIND("BULK",UPPER($E23)),999),IFERROR(FIND("-",$E23),999),IFERROR(FIND("（",$E23),999))-1))=AD$2,$F23,"")) | AE23: 7.34 | AF23: =SUM(H23:AD23)*AE23 -> 14445.12 | AG23: =AF23*7.75 -> 111949.68
A24: 45972 | B24: 46043 | C24: AE-ZT4060D-LS | D24: 1000002006 | E24: RA362 | F24: =2508-1968 -> 540 | H24: =IF(OR($E24="",H$2=""),"",IF(TRIM(LEFT($E24,MIN(IFERROR(FIND("CDU",UPPER($E24)),999),IFERROR(FIND("BULK",UPPER($E24)),999),IFERROR(FIND("-",$E24),999),IFERROR(FIND("（",$E24),999))-1))=H$2,$F24,"")) | I24: =IF(OR($E24="",I$2=""),"",IF(TRIM(LEFT($E24,MIN(IFERROR(FIND("CDU",UPPER($E24)),999),IFERROR(FIND("BULK",UPPER($E24)),999),IFERROR(FIND("-",$E24),999),IFERROR(FIND("（",$E24),999))-1))=I$2,$F24,"")) | J24: =IF(OR($E24="",J$2=""),"",IF(TRIM(LEFT($E24,MIN(IFERROR(FIND("CDU",UPPER($E24)),999),IFERROR(FIND("BULK",UPPER($E24)),999),IFERROR(FIND("-",$E24),999),IFERROR(FIND("（",$E24),999))-1))=J$2,$F24,"")) -> 540 | K24: =IF(OR($E24="",K$2=""),"",IF(TRIM(LEFT($E24,MIN(IFERROR(FIND("CDU",UPPER($E24)),999),IFERROR(FIND("BULK",UPPER($E24)),999),IFERROR(FIND("-",$E24),999),IFERROR(FIND("（",$E24),999))-1))=K$2,$F24,"")) | L24: =IF(OR($E24="",L$2=""),"",IF(TRIM(LEFT($E24,MIN(IFERROR(FIND("CDU",UPPER($E24)),999),IFERROR(FIND("BULK",UPPER($E24)),999),IFERROR(FIND("-",$E24),999),IFERROR(FIND("（",$E24),999))-1))=L$2,$F24,"")) | M24: =IF(OR($E24="",M$2=""),"",IF(TRIM(LEFT($E24,MIN(IFERROR(FIND("CDU",UPPER($E24)),999),IFERROR(FIND("BULK",UPPER($E24)),999),IFERROR(FIND("-",$E24),999),IFERROR(FIND("（",$E24),999))-1))=M$2,$F24,"")) | N24: =IF(OR($E24="",N$2=""),"",IF(TRIM(LEFT($E24,MIN(IFERROR(FIND("CDU",UPPER($E24)),999),IFERROR(FIND("BULK",UPPER($E24)),999),IFERROR(FIND("-",$E24),999),IFERROR(FIND("（",$E24),999))-1))=N$2,$F24,"")) | O24: =IF(OR($E24="",O$2=""),"",IF(TRIM(LEFT($E24,MIN(IFERROR(FIND("CDU",UPPER($E24)),999),IFERROR(FIND("BULK",UPPER($E24)),999),IFERROR(FIND("-",$E24),999),IFERROR(FIND("（",$E24),999))-1))=O$2,$F24,"")) | ... AD24: =IF(OR($E24="",AD$2=""),"",IF(TRIM(LEFT($E24,MIN(IFERROR(FIND("CDU",UPPER($E24)),999),IFERROR(FIND("BULK",UPPER($E24)),999),IFERROR(FIND("-",$E24),999),IFERROR(FIND("（",$E24),999))-1))=AD$2,$F24,"")) | AE24: 7.34 | AF24: =SUM(H24:AD24)*AE24 -> 3963.6 | AG24: =AF24*7.75 -> 30717.9
A25: 45972 | B25: 46043 | C25: AE-ZT4062D-LS | D25: 1000002006 | E25: RA368 | F25: 2520 | H25: =IF(OR($E25="",H$2=""),"",IF(TRIM(LEFT($E25,MIN(IFERROR(FIND("CDU",UPPER($E25)),999),IFERROR(FIND("BULK",UPPER($E25)),999),IFERROR(FIND("-",$E25),999),IFERROR(FIND("（",$E25),999))-1))=H$2,$F25,"")) | I25: =IF(OR($E25="",I$2=""),"",IF(TRIM(LEFT($E25,MIN(IFERROR(FIND("CDU",UPPER($E25)),999),IFERROR(FIND("BULK",UPPER($E25)),999),IFERROR(FIND("-",$E25),999),IFERROR(FIND("（",$E25),999))-1))=I$2,$F25,"")) | J25: =IF(OR($E25="",J$2=""),"",IF(TRIM(LEFT($E25,MIN(IFERROR(FIND("CDU",UPPER($E25)),999),IFERROR(FIND("BULK",UPPER($E25)),999),IFERROR(FIND("-",$E25),999),IFERROR(FIND("（",$E25),999))-1))=J$2,$F25,"")) | K25: =IF(OR($E25="",K$2=""),"",IF(TRIM(LEFT($E25,MIN(IFERROR(FIND("CDU",UPPER($E25)),999),IFERROR(FIND("BULK",UPPER($E25)),999),IFERROR(FIND("-",$E25),999),IFERROR(FIND("（",$E25),999))-1))=K$2,$F25,"")) | L25: =IF(OR($E25="",L$2=""),"",IF(TRIM(LEFT($E25,MIN(IFERROR(FIND("CDU",UPPER($E25)),999),IFERROR(FIND("BULK",UPPER($E25)),999),IFERROR(FIND("-",$E25),999),IFERROR(FIND("（",$E25),999))-1))=L$2,$F25,"")) | M25: =IF(OR($E25="",M$2=""),"",IF(TRIM(LEFT($E25,MIN(IFERROR(FIND("CDU",UPPER($E25)),999),IFERROR(FIND("BULK",UPPER($E25)),999),IFERROR(FIND("-",$E25),999),IFERROR(FIND("（",$E25),999))-1))=M$2,$F25,"")) | N25: =IF(OR($E25="",N$2=""),"",IF(TRIM(LEFT($E25,MIN(IFERROR(FIND("CDU",UPPER($E25)),999),IFERROR(FIND("BULK",UPPER($E25)),999),IFERROR(FIND("-",$E25),999),IFERROR(FIND("（",$E25),999))-1))=N$2,$F25,"")) | O25: =IF(OR($E25="",O$2=""),"",IF(TRIM(LEFT($E25,MIN(IFERROR(FIND("CDU",UPPER($E25)),999),IFERROR(FIND("BULK",UPPER($E25)),999),IFERROR(FIND("-",$E25),999),IFERROR(FIND("（",$E25),999))-1))=O$2,$F25,"")) | ... AD25: =IF(OR($E25="",AD$2=""),"",IF(TRIM(LEFT($E25,MIN(IFERROR(FIND("CDU",UPPER($E25)),999),IFERROR(FIND("BULK",UPPER($E25)),999),IFERROR(FIND("-",$E25),999),IFERROR(FIND("（",$E25),999))-1))=AD$2,$F25,"")) | AE25: 7 | AF25: =SUM(H25:AD25)*AE25 -> 17640 | AG25: =AF25*7.75 -> 136710
A26: 45981 | B26: 46065 | C26: AE-PT8573D-LS | D26: 1000002079 | E26: GS673 | F26: =1500-752 -> 748 | H26: =IF(OR($E26="",H$2=""),"",IF(TRIM(LEFT($E26,MIN(IFERROR(FIND("CDU",UPPER($E26)),999),IFERROR(FIND("BULK",UPPER($E26)),999),IFERROR(FIND("-",$E26),999),IFERROR(FIND("（",$E26),999))-1))=H$2,$F26,"")) | I26: =IF(OR($E26="",I$2=""),"",IF(TRIM(LEFT($E26,MIN(IFERROR(FIND("CDU",UPPER($E26)),999),IFERROR(FIND("BULK",UPPER($E26)),999),IFERROR(FIND("-",$E26),999),IFERROR(FIND("（",$E26),999))-1))=I$2,$F26,"")) | J26: =IF(OR($E26="",J$2=""),"",IF(TRIM(LEFT($E26,MIN(IFERROR(FIND("CDU",UPPER($E26)),999),IFERROR(FIND("BULK",UPPER($E26)),999),IFERROR(FIND("-",$E26),999),IFERROR(FIND("（",$E26),999))-1))=J$2,$F26,"")) | K26: =IF(OR($E26="",K$2=""),"",IF(TRIM(LEFT($E26,MIN(IFERROR(FIND("CDU",UPPER($E26)),999),IFERROR(FIND("BULK",UPPER($E26)),999),IFERROR(FIND("-",$E26),999),IFERROR(FIND("（",$E26),999))-1))=K$2,$F26,"")) | L26: =IF(OR($E26="",L$2=""),"",IF(TRIM(LEFT($E26,MIN(IFERROR(FIND("CDU",UPPER($E26)),999),IFERROR(FIND("BULK",UPPER($E26)),999),IFERROR(FIND("-",$E26),999),IFERROR(FIND("（",$E26),999))-1))=L$2,$F26,"")) | M26: =IF(OR($E26="",M$2=""),"",IF(TRIM(LEFT($E26,MIN(IFERROR(FIND("CDU",UPPER($E26)),999),IFERROR(FIND("BULK",UPPER($E26)),999),IFERROR(FIND("-",$E26),999),IFERROR(FIND("（",$E26),999))-1))=M$2,$F26,"")) | N26: =IF(OR($E26="",N$2=""),"",IF(TRIM(LEFT($E26,MIN(IFERROR(FIND("CDU",UPPER($E26)),999),IFERROR(FIND("BULK",UPPER($E26)),999),IFERROR(FIND("-",$E26),999),IFERROR(FIND("（",$E26),999))-1))=N$2,$F26,"")) | O26: =IF(OR($E26="",O$2=""),"",IF(TRIM(LEFT($E26,MIN(IFERROR(FIND("CDU",UPPER($E26)),999),IFERROR(FIND("BULK",UPPER($E26)),999),IFERROR(FIND("-",$E26),999),IFERROR(FIND("（",$E26),999))-1))=O$2,$F26,"")) | ... AD26: =IF(OR($E26="",AD$2=""),"",IF(TRIM(LEFT($E26,MIN(IFERROR(FIND("CDU",UPPER($E26)),999),IFERROR(FIND("BULK",UPPER($E26)),999),IFERROR(FIND("-",$E26),999),IFERROR(FIND("（",$E26),999))-1))=AD$2,$F26,"")) | AE26: 11.5 | AF26: =SUM(H26:AD26)*AE26 -> 8602 | AG26: =AF26*7.75 -> 66665.5
A27: 45981 | B27: 46065 | C27: AE-PT8574D-LS | D27: 1000002079 | E27: GS675 | F27: =1500-180-280-292 -> 748 | H27: =IF(OR($E27="",H$2=""),"",IF(TRIM(LEFT($E27,MIN(IFERROR(FIND("CDU",UPPER($E27)),999),IFERROR(FIND("BULK",UPPER($E27)),999),IFERROR(FIND("-",$E27),999),IFERROR(FIND("（",$E27),999))-1))=H$2,$F27,"")) | I27: =IF(OR($E27="",I$2=""),"",IF(TRIM(LEFT($E27,MIN(IFERROR(FIND("CDU",UPPER($E27)),999),IFERROR(FIND("BULK",UPPER($E27)),999),IFERROR(FIND("-",$E27),999),IFERROR(FIND("（",$E27),999))-1))=I$2,$F27,"")) | J27: =IF(OR($E27="",J$2=""),"",IF(TRIM(LEFT($E27,MIN(IFERROR(FIND("CDU",UPPER($E27)),999),IFERROR(FIND("BULK",UPPER($E27)),999),IFERROR(FIND("-",$E27),999),IFERROR(FIND("（",$E27),999))-1))=J$2,$F27,"")) | K27: =IF(OR($E27="",K$2=""),"",IF(TRIM(LEFT($E27,MIN(IFERROR(FIND("CDU",UPPER($E27)),999),IFERROR(FIND("BULK",UPPER($E27)),999),IFERROR(FIND("-",$E27),999),IFERROR(FIND("（",$E27),999))-1))=K$2,$F27,"")) | L27: =IF(OR($E27="",L$2=""),"",IF(TRIM(LEFT($E27,MIN(IFERROR(FIND("CDU",UPPER($E27)),999),IFERROR(FIND("BULK",UPPER($E27)),999),IFERROR(FIND("-",$E27),999),IFERROR(FIND("（",$E27),999))-1))=L$2,$F27,"")) | M27: =IF(OR($E27="",M$2=""),"",IF(TRIM(LEFT($E27,MIN(IFERROR(FIND("CDU",UPPER($E27)),999),IFERROR(FIND("BULK",UPPER($E27)),999),IFERROR(FIND("-",$E27),999),IFERROR(FIND("（",$E27),999))-1))=M$2,$F27,"")) | N27: =IF(OR($E27="",N$2=""),"",IF(TRIM(LEFT($E27,MIN(IFERROR(FIND("CDU",UPPER($E27)),999),IFERROR(FIND("BULK",UPPER($E27)),999),IFERROR(FIND("-",$E27),999),IFERROR(FIND("（",$E27),999))-1))=N$2,$F27,"")) | O27: =IF(OR($E27="",O$2=""),"",IF(TRIM(LEFT($E27,MIN(IFERROR(FIND("CDU",UPPER($E27)),999),IFERROR(FIND("BULK",UPPER($E27)),999),IFERROR(FIND("-",$E27),999),IFERROR(FIND("（",$E27),999))-1))=O$2,$F27,"")) | ... AD27: =IF(OR($E27="",AD$2=""),"",IF(TRIM(LEFT($E27,MIN(IFERROR(FIND("CDU",UPPER($E27)),999),IFERROR(FIND("BULK",UPPER($E27)),999),IFERROR(FIND("-",$E27),999),IFERROR(FIND("（",$E27),999))-1))=AD$2,$F27,"")) | AE27: 12 | AF27: =SUM(H27:AD27)*AE27 -> 8976 | AG27: =AF27*7.75 -> 69564
A28: 45981 | B28: 46065 | C28: AE-PT8573D-LS | D28: 1000002079 | E28: GS673 | F28: 752 | H28: =IF(OR($E28="",H$2=""),"",IF(TRIM(LEFT($E28,MIN(IFERROR(FIND("CDU",UPPER($E28)),999),IFERROR(FIND("BULK",UPPER($E28)),999),IFERROR(FIND("-",$E28),999),IFERROR(FIND("（",$E28),999))-1))=H$2,$F28,"")) | I28: =IF(OR($E28="",I$2=""),"",IF(TRIM(LEFT($E28,MIN(IFERROR(FIND("CDU",UPPER($E28)),999),IFERROR(FIND("BULK",UPPER($E28)),999),IFERROR(FIND("-",$E28),999),IFERROR(FIND("（",$E28),999))-1))=I$2,$F28,"")) | J28: =IF(OR($E28="",J$2=""),"",IF(TRIM(LEFT($E28,MIN(IFERROR(FIND("CDU",UPPER($E28)),999),IFERROR(FIND("BULK",UPPER($E28)),999),IFERROR(FIND("-",$E28),999),IFERROR(FIND("（",$E28),999))-1))=J$2,$F28,"")) | K28: =IF(OR($E28="",K$2=""),"",IF(TRIM(LEFT($E28,MIN(IFERROR(FIND("CDU",UPPER($E28)),999),IFERROR(FIND("BULK",UPPER($E28)),999),IFERROR(FIND("-",$E28),999),IFERROR(FIND("（",$E28),999))-1))=K$2,$F28,"")) | L28: =IF(OR($E28="",L$2=""),"",IF(TRIM(LEFT($E28,MIN(IFERROR(FIND("CDU",UPPER($E28)),999),IFERROR(FIND("BULK",UPPER($E28)),999),IFERROR(FIND("-",$E28),999),IFERROR(FIND("（",$E28),999))-1))=L$2,$F28,"")) | M28: =IF(OR($E28="",M$2=""),"",IF(TRIM(LEFT($E28,MIN(IFERROR(FIND("CDU",UPPER($E28)),999),IFERROR(FIND("BULK",UPPER($E28)),999),IFERROR(FIND("-",$E28),999),IFERROR(FIND("（",$E28),999))-1))=M$2,$F28,"")) | N28: =IF(OR($E28="",N$2=""),"",IF(TRIM(LEFT($E28,MIN(IFERROR(FIND("CDU",UPPER($E28)),999),IFERROR(FIND("BULK",UPPER($E28)),999),IFERROR(FIND("-",$E28),999),IFERROR(FIND("（",$E28),999))-1))=N$2,$F28,"")) | O28: =IF(OR($E28="",O$2=""),"",IF(TRIM(LEFT($E28,MIN(IFERROR(FIND("CDU",UPPER($E28)),999),IFERROR(FIND("BULK",UPPER($E28)),999),IFERROR(FIND("-",$E28),999),IFERROR(FIND("（",$E28),999))-1))=O$2,$F28,"")) | ... AD28: =IF(OR($E28="",AD$2=""),"",IF(TRIM(LEFT($E28,MIN(IFERROR(FIND("CDU",UPPER($E28)),999),IFERROR(FIND("BULK",UPPER($E28)),999),IFERROR(FIND("-",$E28),999),IFERROR(FIND("（",$E28),999))-1))=AD$2,$F28,"")) | AE28: 11.5 | AF28: =SUM(H28:AD28)*AE28 -> 8648 | AG28: =AF28*7.75 -> 67022
A29: 45981 | B29: 46065 | C29: AE-PT8574D-LS | D29: 1000002079 | E29: GS675 | F29: =180+280+292 -> 752 | H29: =IF(OR($E29="",H$2=""),"",IF(TRIM(LEFT($E29,MIN(IFERROR(FIND("CDU",UPPER($E29)),999),IFERROR(FIND("BULK",UPPER($E29)),999),IFERROR(FIND("-",$E29),999),IFERROR(FIND("（",$E29),999))-1))=H$2,$F29,"")) | I29: =IF(OR($E29="",I$2=""),"",IF(TRIM(LEFT($E29,MIN(IFERROR(FIND("CDU",UPPER($E29)),999),IFERROR(FIND("BULK",UPPER($E29)),999),IFERROR(FIND("-",$E29),999),IFERROR(FIND("（",$E29),999))-1))=I$2,$F29,"")) | J29: =IF(OR($E29="",J$2=""),"",IF(TRIM(LEFT($E29,MIN(IFERROR(FIND("CDU",UPPER($E29)),999),IFERROR(FIND("BULK",UPPER($E29)),999),IFERROR(FIND("-",$E29),999),IFERROR(FIND("（",$E29),999))-1))=J$2,$F29,"")) | K29: =IF(OR($E29="",K$2=""),"",IF(TRIM(LEFT($E29,MIN(IFERROR(FIND("CDU",UPPER($E29)),999),IFERROR(FIND("BULK",UPPER($E29)),999),IFERROR(FIND("-",$E29),999),IFERROR(FIND("（",$E29),999))-1))=K$2,$F29,"")) | L29: =IF(OR($E29="",L$2=""),"",IF(TRIM(LEFT($E29,MIN(IFERROR(FIND("CDU",UPPER($E29)),999),IFERROR(FIND("BULK",UPPER($E29)),999),IFERROR(FIND("-",$E29),999),IFERROR(FIND("（",$E29),999))-1))=L$2,$F29,"")) | M29: =IF(OR($E29="",M$2=""),"",IF(TRIM(LEFT($E29,MIN(IFERROR(FIND("CDU",UPPER($E29)),999),IFERROR(FIND("BULK",UPPER($E29)),999),IFERROR(FIND("-",$E29),999),IFERROR(FIND("（",$E29),999))-1))=M$2,$F29,"")) | N29: =IF(OR($E29="",N$2=""),"",IF(TRIM(LEFT($E29,MIN(IFERROR(FIND("CDU",UPPER($E29)),999),IFERROR(FIND("BULK",UPPER($E29)),999),IFERROR(FIND("-",$E29),999),IFERROR(FIND("（",$E29),999))-1))=N$2,$F29,"")) | O29: =IF(OR($E29="",O$2=""),"",IF(TRIM(LEFT($E29,MIN(IFERROR(FIND("CDU",UPPER($E29)),999),IFERROR(FIND("BULK",UPPER($E29)),999),IFERROR(FIND("-",$E29),999),IFERROR(FIND("（",$E29),999))-1))=O$2,$F29,"")) | ... AD29: =IF(OR($E29="",AD$2=""),"",IF(TRIM(LEFT($E29,MIN(IFERROR(FIND("CDU",UPPER($E29)),999),IFERROR(FIND("BULK",UPPER($E29)),999),IFERROR(FIND("-",$E29),999),IFERROR(FIND("（",$E29),999))-1))=AD$2,$F29,"")) | AE29: 12 | AF29: =SUM(H29:AD29)*AE29 -> 9024 | AG29: =AF29*7.75 -> 69936
A30: 45981 | B30: 46065 | C30: PZ5840-LS | D30: 1000002079 | E30: HH429 | F30: 3000 | H30: =IF(OR($E30="",H$2=""),"",IF(TRIM(LEFT($E30,MIN(IFERROR(FIND("CDU",UPPER($E30)),999),IFERROR(FIND("BULK",UPPER($E30)),999),IFERROR(FIND("-",$E30),999),IFERROR(FIND("（",$E30),999))-1))=H$2,$F30,"")) | I30: =IF(OR($E30="",I$2=""),"",IF(TRIM(LEFT($E30,MIN(IFERROR(FIND("CDU",UPPER($E30)),999),IFERROR(FIND("BULK",UPPER($E30)),999),IFERROR(FIND("-",$E30),999),IFERROR(FIND("（",$E30),999))-1))=I$2,$F30,"")) | J30: =IF(OR($E30="",J$2=""),"",IF(TRIM(LEFT($E30,MIN(IFERROR(FIND("CDU",UPPER($E30)),999),IFERROR(FIND("BULK",UPPER($E30)),999),IFERROR(FIND("-",$E30),999),IFERROR(FIND("（",$E30),999))-1))=J$2,$F30,"")) | K30: =IF(OR($E30="",K$2=""),"",IF(TRIM(LEFT($E30,MIN(IFERROR(FIND("CDU",UPPER($E30)),999),IFERROR(FIND("BULK",UPPER($E30)),999),IFERROR(FIND("-",$E30),999),IFERROR(FIND("（",$E30),999))-1))=K$2,$F30,"")) | L30: =IF(OR($E30="",L$2=""),"",IF(TRIM(LEFT($E30,MIN(IFERROR(FIND("CDU",UPPER($E30)),999),IFERROR(FIND("BULK",UPPER($E30)),999),IFERROR(FIND("-",$E30),999),IFERROR(FIND("（",$E30),999))-1))=L$2,$F30,"")) | M30: =IF(OR($E30="",M$2=""),"",IF(TRIM(LEFT($E30,MIN(IFERROR(FIND("CDU",UPPER($E30)),999),IFERROR(FIND("BULK",UPPER($E30)),999),IFERROR(FIND("-",$E30),999),IFERROR(FIND("（",$E30),999))-1))=M$2,$F30,"")) | N30: =IF(OR($E30="",N$2=""),"",IF(TRIM(LEFT($E30,MIN(IFERROR(FIND("CDU",UPPER($E30)),999),IFERROR(FIND("BULK",UPPER($E30)),999),IFERROR(FIND("-",$E30),999),IFERROR(FIND("（",$E30),999))-1))=N$2,$F30,"")) | O30: =IF(OR($E30="",O$2=""),"",IF(TRIM(LEFT($E30,MIN(IFERROR(FIND("CDU",UPPER($E30)),999),IFERROR(FIND("BULK",UPPER($E30)),999),IFERROR(FIND("-",$E30),999),IFERROR(FIND("（",$E30),999))-1))=O$2,$F30,"")) | ... AD30: =IF(OR($E30="",AD$2=""),"",IF(TRIM(LEFT($E30,MIN(IFERROR(FIND("CDU",UPPER($E30)),999),IFERROR(FIND("BULK",UPPER($E30)),999),IFERROR(FIND("-",$E30),999),IFERROR(FIND("（",$E30),999))-1))=AD$2,$F30,"")) | AE30: 4.26 | AF30: =SUM(H30:AD30)*AE30 -> 12780 | AG30: =AF30*7.75 -> 99045
A31: 45994 | B31: 46065 | C31: P1246/2-LS | D31: 1000002184 | E31: 300OK | F31: 1800 | H31: =IF(OR($E31="",H$2=""),"",IF(TRIM(LEFT($E31,MIN(IFERROR(FIND("CDU",UPPER($E31)),999),IFERROR(FIND("BULK",UPPER($E31)),999),IFERROR(FIND("-",$E31),999),IFERROR(FIND("（",$E31),999))-1))=H$2,$F31,"")) | I31: =IF(OR($E31="",I$2=""),"",IF(TRIM(LEFT($E31,MIN(IFERROR(FIND("CDU",UPPER($E31)),999),IFERROR(FIND("BULK",UPPER($E31)),999),IFERROR(FIND("-",$E31),999),IFERROR(FIND("（",$E31),999))-1))=I$2,$F31,"")) | J31: =IF(OR($E31="",J$2=""),"",IF(TRIM(LEFT($E31,MIN(IFERROR(FIND("CDU",UPPER($E31)),999),IFERROR(FIND("BULK",UPPER($E31)),999),IFERROR(FIND("-",$E31),999),IFERROR(FIND("（",$E31),999))-1))=J$2,$F31,"")) | K31: =IF(OR($E31="",K$2=""),"",IF(TRIM(LEFT($E31,MIN(IFERROR(FIND("CDU",UPPER($E31)),999),IFERROR(FIND("BULK",UPPER($E31)),999),IFERROR(FIND("-",$E31),999),IFERROR(FIND("（",$E31),999))-1))=K$2,$F31,"")) | L31: =IF(OR($E31="",L$2=""),"",IF(TRIM(LEFT($E31,MIN(IFERROR(FIND("CDU",UPPER($E31)),999),IFERROR(FIND("BULK",UPPER($E31)),999),IFERROR(FIND("-",$E31),999),IFERROR(FIND("（",$E31),999))-1))=L$2,$F31,"")) | M31: =IF(OR($E31="",M$2=""),"",IF(TRIM(LEFT($E31,MIN(IFERROR(FIND("CDU",UPPER($E31)),999),IFERROR(FIND("BULK",UPPER($E31)),999),IFERROR(FIND("-",$E31),999),IFERROR(FIND("（",$E31),999))-1))=M$2,$F31,"")) | N31: =IF(OR($E31="",N$2=""),"",IF(TRIM(LEFT($E31,MIN(IFERROR(FIND("CDU",UPPER($E31)),999),IFERROR(FIND("BULK",UPPER($E31)),999),IFERROR(FIND("-",$E31),999),IFERROR(FIND("（",$E31),999))-1))=N$2,$F31,"")) | O31: =IF(OR($E31="",O$2=""),"",IF(TRIM(LEFT($E31,MIN(IFERROR(FIND("CDU",UPPER($E31)),999),IFERROR(FIND("BULK",UPPER($E31)),999),IFERROR(FIND("-",$E31),999),IFERROR(FIND("（",$E31),999))-1))=O$2,$F31,"")) | ... AD31: =IF(OR($E31="",AD$2=""),"",IF(TRIM(LEFT($E31,MIN(IFERROR(FIND("CDU",UPPER($E31)),999),IFERROR(FIND("BULK",UPPER($E31)),999),IFERROR(FIND("-",$E31),999),IFERROR(FIND("（",$E31),999))-1))=AD$2,$F31,"")) | AE31: 0.36 | AF31: =SUM(H31:AD31)*AE31 -> 648 | AG31: =AF31*7.75 -> 5022
A32: 45994 | B32: 46065 | C32: PZ5934-LS | D32: 1000002184 | E32: HH393 | F32: 3000 | H32: =IF(OR($E32="",H$2=""),"",IF(TRIM(LEFT($E32,MIN(IFERROR(FIND("CDU",UPPER($E32)),999),IFERROR(FIND("BULK",UPPER($E32)),999),IFERROR(FIND("-",$E32),999),IFERROR(FIND("（",$E32),999))-1))=H$2,$F32,"")) -> 3000 | I32: =IF(OR($E32="",I$2=""),"",IF(TRIM(LEFT($E32,MIN(IFERROR(FIND("CDU",UPPER($E32)),999),IFERROR(FIND("BULK",UPPER($E32)),999),IFERROR(FIND("-",$E32),999),IFERROR(FIND("（",$E32),999))-1))=I$2,$F32,"")) | J32: =IF(OR($E32="",J$2=""),"",IF(TRIM(LEFT($E32,MIN(IFERROR(FIND("CDU",UPPER($E32)),999),IFERROR(FIND("BULK",UPPER($E32)),999),IFERROR(FIND("-",$E32),999),IFERROR(FIND("（",$E32),999))-1))=J$2,$F32,"")) | K32: =IF(OR($E32="",K$2=""),"",IF(TRIM(LEFT($E32,MIN(IFERROR(FIND("CDU",UPPER($E32)),999),IFERROR(FIND("BULK",UPPER($E32)),999),IFERROR(FIND("-",$E32),999),IFERROR(FIND("（",$E32),999))-1))=K$2,$F32,"")) | L32: =IF(OR($E32="",L$2=""),"",IF(TRIM(LEFT($E32,MIN(IFERROR(FIND("CDU",UPPER($E32)),999),IFERROR(FIND("BULK",UPPER($E32)),999),IFERROR(FIND("-",$E32),999),IFERROR(FIND("（",$E32),999))-1))=L$2,$F32,"")) | M32: =IF(OR($E32="",M$2=""),"",IF(TRIM(LEFT($E32,MIN(IFERROR(FIND("CDU",UPPER($E32)),999),IFERROR(FIND("BULK",UPPER($E32)),999),IFERROR(FIND("-",$E32),999),IFERROR(FIND("（",$E32),999))-1))=M$2,$F32,"")) | N32: =IF(OR($E32="",N$2=""),"",IF(TRIM(LEFT($E32,MIN(IFERROR(FIND("CDU",UPPER($E32)),999),IFERROR(FIND("BULK",UPPER($E32)),999),IFERROR(FIND("-",$E32),999),IFERROR(FIND("（",$E32),999))-1))=N$2,$F32,"")) | O32: =IF(OR($E32="",O$2=""),"",IF(TRIM(LEFT($E32,MIN(IFERROR(FIND("CDU",UPPER($E32)),999),IFERROR(FIND("BULK",UPPER($E32)),999),IFERROR(FIND("-",$E32),999),IFERROR(FIND("（",$E32),999))-1))=O$2,$F32,"")) | ... AD32: =IF(OR($E32="",AD$2=""),"",IF(TRIM(LEFT($E32,MIN(IFERROR(FIND("CDU",UPPER($E32)),999),IFERROR(FIND("BULK",UPPER($E32)),999),IFERROR(FIND("-",$E32),999),IFERROR(FIND("（",$E32),999))-1))=AD$2,$F32,"")) | AE32: 4.87 | AF32: =SUM(H32:AD32)*AE32 -> 14610 | AG32: =AF32*7.75 -> 113227.5
A33: 46001 | B33: 46076 | C33: 1083DN | D33: 1000002361 | E33: 142BT | F33: 8640 | H33: =IF(OR($E33="",H$2=""),"",IF(TRIM(LEFT($E33,MIN(IFERROR(FIND("CDU",UPPER($E33)),999),IFERROR(FIND("BULK",UPPER($E33)),999),IFERROR(FIND("-",$E33),999),IFERROR(FIND("（",$E33),999))-1))=H$2,$F33,"")) | I33: =IF(OR($E33="",I$2=""),"",IF(TRIM(LEFT($E33,MIN(IFERROR(FIND("CDU",UPPER($E33)),999),IFERROR(FIND("BULK",UPPER($E33)),999),IFERROR(FIND("-",$E33),999),IFERROR(FIND("（",$E33),999))-1))=I$2,$F33,"")) | J33: =IF(OR($E33="",J$2=""),"",IF(TRIM(LEFT($E33,MIN(IFERROR(FIND("CDU",UPPER($E33)),999),IFERROR(FIND("BULK",UPPER($E33)),999),IFERROR(FIND("-",$E33),999),IFERROR(FIND("（",$E33),999))-1))=J$2,$F33,"")) | K33: =IF(OR($E33="",K$2=""),"",IF(TRIM(LEFT($E33,MIN(IFERROR(FIND("CDU",UPPER($E33)),999),IFERROR(FIND("BULK",UPPER($E33)),999),IFERROR(FIND("-",$E33),999),IFERROR(FIND("（",$E33),999))-1))=K$2,$F33,"")) | L33: =IF(OR($E33="",L$2=""),"",IF(TRIM(LEFT($E33,MIN(IFERROR(FIND("CDU",UPPER($E33)),999),IFERROR(FIND("BULK",UPPER($E33)),999),IFERROR(FIND("-",$E33),999),IFERROR(FIND("（",$E33),999))-1))=L$2,$F33,"")) | M33: =IF(OR($E33="",M$2=""),"",IF(TRIM(LEFT($E33,MIN(IFERROR(FIND("CDU",UPPER($E33)),999),IFERROR(FIND("BULK",UPPER($E33)),999),IFERROR(FIND("-",$E33),999),IFERROR(FIND("（",$E33),999))-1))=M$2,$F33,"")) | N33: =IF(OR($E33="",N$2=""),"",IF(TRIM(LEFT($E33,MIN(IFERROR(FIND("CDU",UPPER($E33)),999),IFERROR(FIND("BULK",UPPER($E33)),999),IFERROR(FIND("-",$E33),999),IFERROR(FIND("（",$E33),999))-1))=N$2,$F33,"")) | O33: =IF(OR($E33="",O$2=""),"",IF(TRIM(LEFT($E33,MIN(IFERROR(FIND("CDU",UPPER($E33)),999),IFERROR(FIND("BULK",UPPER($E33)),999),IFERROR(FIND("-",$E33),999),IFERROR(FIND("（",$E33),999))-1))=O$2,$F33,"")) | ... AD33: =IF(OR($E33="",AD$2=""),"",IF(TRIM(LEFT($E33,MIN(IFERROR(FIND("CDU",UPPER($E33)),999),IFERROR(FIND("BULK",UPPER($E33)),999),IFERROR(FIND("-",$E33),999),IFERROR(FIND("（",$E33),999))-1))=AD$2,$F33,"")) | AE33: 0.15 | AF33: =SUM(H33:AD33)*AE33 -> 1296 | AG33: =AF33*7.75 -> 10044
A34: 46001 | B34: 46076 | C34: P111D | D34: 1000002361 | E34: 154DS | F34: 4000 | H34: =IF(OR($E34="",H$2=""),"",IF(TRIM(LEFT($E34,MIN(IFERROR(FIND("CDU",UPPER($E34)),999),IFERROR(FIND("BULK",UPPER($E34)),999),IFERROR(FIND("-",$E34),999),IFERROR(FIND("（",$E34),999))-1))=H$2,$F34,"")) | I34: =IF(OR($E34="",I$2=""),"",IF(TRIM(LEFT($E34,MIN(IFERROR(FIND("CDU",UPPER($E34)),999),IFERROR(FIND("BULK",UPPER($E34)),999),IFERROR(FIND("-",$E34),999),IFERROR(FIND("（",$E34),999))-1))=I$2,$F34,"")) | J34: =IF(OR($E34="",J$2=""),"",IF(TRIM(LEFT($E34,MIN(IFERROR(FIND("CDU",UPPER($E34)),999),IFERROR(FIND("BULK",UPPER($E34)),999),IFERROR(FIND("-",$E34),999),IFERROR(FIND("（",$E34),999))-1))=J$2,$F34,"")) | K34: =IF(OR($E34="",K$2=""),"",IF(TRIM(LEFT($E34,MIN(IFERROR(FIND("CDU",UPPER($E34)),999),IFERROR(FIND("BULK",UPPER($E34)),999),IFERROR(FIND("-",$E34),999),IFERROR(FIND("（",$E34),999))-1))=K$2,$F34,"")) | L34: =IF(OR($E34="",L$2=""),"",IF(TRIM(LEFT($E34,MIN(IFERROR(FIND("CDU",UPPER($E34)),999),IFERROR(FIND("BULK",UPPER($E34)),999),IFERROR(FIND("-",$E34),999),IFERROR(FIND("（",$E34),999))-1))=L$2,$F34,"")) | M34: =IF(OR($E34="",M$2=""),"",IF(TRIM(LEFT($E34,MIN(IFERROR(FIND("CDU",UPPER($E34)),999),IFERROR(FIND("BULK",UPPER($E34)),999),IFERROR(FIND("-",$E34),999),IFERROR(FIND("（",$E34),999))-1))=M$2,$F34,"")) | N34: =IF(OR($E34="",N$2=""),"",IF(TRIM(LEFT($E34,MIN(IFERROR(FIND("CDU",UPPER($E34)),999),IFERROR(FIND("BULK",UPPER($E34)),999),IFERROR(FIND("-",$E34),999),IFERROR(FIND("（",$E34),999))-1))=N$2,$F34,"")) | O34: =IF(OR($E34="",O$2=""),"",IF(TRIM(LEFT($E34,MIN(IFERROR(FIND("CDU",UPPER($E34)),999),IFERROR(FIND("BULK",UPPER($E34)),999),IFERROR(FIND("-",$E34),999),IFERROR(FIND("（",$E34),999))-1))=O$2,$F34,"")) | ... AD34: =IF(OR($E34="",AD$2=""),"",IF(TRIM(LEFT($E34,MIN(IFERROR(FIND("CDU",UPPER($E34)),999),IFERROR(FIND("BULK",UPPER($E34)),999),IFERROR(FIND("-",$E34),999),IFERROR(FIND("（",$E34),999))-1))=AD$2,$F34,"")) | AE34: 0.21 | AF34: =SUM(H34:AD34)*AE34 -> 840 | AG34: =AF34*7.75 -> 6510
A35: 46001 | B35: 46076 | C35: 98DTZ/2-N | D35: 1000002361 | E35: 682TC | F35: 4000 | H35: =IF(OR($E35="",H$2=""),"",IF(TRIM(LEFT($E35,MIN(IFERROR(FIND("CDU",UPPER($E35)),999),IFERROR(FIND("BULK",UPPER($E35)),999),IFERROR(FIND("-",$E35),999),IFERROR(FIND("（",$E35),999))-1))=H$2,$F35,"")) | I35: =IF(OR($E35="",I$2=""),"",IF(TRIM(LEFT($E35,MIN(IFERROR(FIND("CDU",UPPER($E35)),999),IFERROR(FIND("BULK",UPPER($E35)),999),IFERROR(FIND("-",$E35),999),IFERROR(FIND("（",$E35),999))-1))=I$2,$F35,"")) | J35: =IF(OR($E35="",J$2=""),"",IF(TRIM(LEFT($E35,MIN(IFERROR(FIND("CDU",UPPER($E35)),999),IFERROR(FIND("BULK",UPPER($E35)),999),IFERROR(FIND("-",$E35),999),IFERROR(FIND("（",$E35),999))-1))=J$2,$F35,"")) | K35: =IF(OR($E35="",K$2=""),"",IF(TRIM(LEFT($E35,MIN(IFERROR(FIND("CDU",UPPER($E35)),999),IFERROR(FIND("BULK",UPPER($E35)),999),IFERROR(FIND("-",$E35),999),IFERROR(FIND("（",$E35),999))-1))=K$2,$F35,"")) | L35: =IF(OR($E35="",L$2=""),"",IF(TRIM(LEFT($E35,MIN(IFERROR(FIND("CDU",UPPER($E35)),999),IFERROR(FIND("BULK",UPPER($E35)),999),IFERROR(FIND("-",$E35),999),IFERROR(FIND("（",$E35),999))-1))=L$2,$F35,"")) | M35: =IF(OR($E35="",M$2=""),"",IF(TRIM(LEFT($E35,MIN(IFERROR(FIND("CDU",UPPER($E35)),999),IFERROR(FIND("BULK",UPPER($E35)),999),IFERROR(FIND("-",$E35),999),IFERROR(FIND("（",$E35),999))-1))=M$2,$F35,"")) | N35: =IF(OR($E35="",N$2=""),"",IF(TRIM(LEFT($E35,MIN(IFERROR(FIND("CDU",UPPER($E35)),999),IFERROR(FIND("BULK",UPPER($E35)),999),IFERROR(FIND("-",$E35),999),IFERROR(FIND("（",$E35),999))-1))=N$2,$F35,"")) | O35: =IF(OR($E35="",O$2=""),"",IF(TRIM(LEFT($E35,MIN(IFERROR(FIND("CDU",UPPER($E35)),999),IFERROR(FIND("BULK",UPPER($E35)),999),IFERROR(FIND("-",$E35),999),IFERROR(FIND("（",$E35),999))-1))=O$2,$F35,"")) | ... AD35: =IF(OR($E35="",AD$2=""),"",IF(TRIM(LEFT($E35,MIN(IFERROR(FIND("CDU",UPPER($E35)),999),IFERROR(FIND("BULK",UPPER($E35)),999),IFERROR(FIND("-",$E35),999),IFERROR(FIND("（",$E35),999))-1))=AD$2,$F35,"")) | AE35: 0.42 | AF35: =SUM(H35:AD35)*AE35 -> 1680 | AG35: =AF35*7.75 -> 13020
A36: 46105 | B36: 46204 | C36: PZ5934-LS | D36: 1000002790 | E36: HH393 | F36: 284 | H36: =IF(OR($E36="",H$2=""),"",IF(TRIM(LEFT($E36,MIN(IFERROR(FIND("CDU",UPPER($E36)),999),IFERROR(FIND("BULK",UPPER($E36)),999),IFERROR(FIND("-",$E36),999),IFERROR(FIND("（",$E36),999))-1))=H$2,$F36,"")) -> 284 | I36: =IF(OR($E36="",I$2=""),"",IF(TRIM(LEFT($E36,MIN(IFERROR(FIND("CDU",UPPER($E36)),999),IFERROR(FIND("BULK",UPPER($E36)),999),IFERROR(FIND("-",$E36),999),IFERROR(FIND("（",$E36),999))-1))=I$2,$F36,"")) | J36: =IF(OR($E36="",J$2=""),"",IF(TRIM(LEFT($E36,MIN(IFERROR(FIND("CDU",UPPER($E36)),999),IFERROR(FIND("BULK",UPPER($E36)),999),IFERROR(FIND("-",$E36),999),IFERROR(FIND("（",$E36),999))-1))=J$2,$F36,"")) | K36: =IF(OR($E36="",K$2=""),"",IF(TRIM(LEFT($E36,MIN(IFERROR(FIND("CDU",UPPER($E36)),999),IFERROR(FIND("BULK",UPPER($E36)),999),IFERROR(FIND("-",$E36),999),IFERROR(FIND("（",$E36),999))-1))=K$2,$F36,"")) | L36: =IF(OR($E36="",L$2=""),"",IF(TRIM(LEFT($E36,MIN(IFERROR(FIND("CDU",UPPER($E36)),999),IFERROR(FIND("BULK",UPPER($E36)),999),IFERROR(FIND("-",$E36),999),IFERROR(FIND("（",$E36),999))-1))=L$2,$F36,"")) | M36: =IF(OR($E36="",M$2=""),"",IF(TRIM(LEFT($E36,MIN(IFERROR(FIND("CDU",UPPER($E36)),999),IFERROR(FIND("BULK",UPPER($E36)),999),IFERROR(FIND("-",$E36),999),IFERROR(FIND("（",$E36),999))-1))=M$2,$F36,"")) | N36: =IF(OR($E36="",N$2=""),"",IF(TRIM(LEFT($E36,MIN(IFERROR(FIND("CDU",UPPER($E36)),999),IFERROR(FIND("BULK",UPPER($E36)),999),IFERROR(FIND("-",$E36),999),IFERROR(FIND("（",$E36),999))-1))=N$2,$F36,"")) | O36: =IF(OR($E36="",O$2=""),"",IF(TRIM(LEFT($E36,MIN(IFERROR(FIND("CDU",UPPER($E36)),999),IFERROR(FIND("BULK",UPPER($E36)),999),IFERROR(FIND("-",$E36),999),IFERROR(FIND("（",$E36),999))-1))=O$2,$F36,"")) | ... AD36: =IF(OR($E36="",AD$2=""),"",IF(TRIM(LEFT($E36,MIN(IFERROR(FIND("CDU",UPPER($E36)),999),IFERROR(FIND("BULK",UPPER($E36)),999),IFERROR(FIND("-",$E36),999),IFERROR(FIND("（",$E36),999))-1))=AD$2,$F36,"")) | AE36: 4.87 | AF36: =SUM(H36:AD36)*AE36 -> 1383.08 | AG36: =AF36*7.75 -> 10718.87
A37: 46105 | B37: 46204 | C37: PZ5934-LS | D37: 1000002790 | E37: HH393 | F37: 3220 | H37: =IF(OR($E37="",H$2=""),"",IF(TRIM(LEFT($E37,MIN(IFERROR(FIND("CDU",UPPER($E37)),999),IFERROR(FIND("BULK",UPPER($E37)),999),IFERROR(FIND("-",$E37),999),IFERROR(FIND("（",$E37),999))-1))=H$2,$F37,"")) -> 3220 | I37: =IF(OR($E37="",I$2=""),"",IF(TRIM(LEFT($E37,MIN(IFERROR(FIND("CDU",UPPER($E37)),999),IFERROR(FIND("BULK",UPPER($E37)),999),IFERROR(FIND("-",$E37),999),IFERROR(FIND("（",$E37),999))-1))=I$2,$F37,"")) | J37: =IF(OR($E37="",J$2=""),"",IF(TRIM(LEFT($E37,MIN(IFERROR(FIND("CDU",UPPER($E37)),999),IFERROR(FIND("BULK",UPPER($E37)),999),IFERROR(FIND("-",$E37),999),IFERROR(FIND("（",$E37),999))-1))=J$2,$F37,"")) | K37: =IF(OR($E37="",K$2=""),"",IF(TRIM(LEFT($E37,MIN(IFERROR(FIND("CDU",UPPER($E37)),999),IFERROR(FIND("BULK",UPPER($E37)),999),IFERROR(FIND("-",$E37),999),IFERROR(FIND("（",$E37),999))-1))=K$2,$F37,"")) | L37: =IF(OR($E37="",L$2=""),"",IF(TRIM(LEFT($E37,MIN(IFERROR(FIND("CDU",UPPER($E37)),999),IFERROR(FIND("BULK",UPPER($E37)),999),IFERROR(FIND("-",$E37),999),IFERROR(FIND("（",$E37),999))-1))=L$2,$F37,"")) | M37: =IF(OR($E37="",M$2=""),"",IF(TRIM(LEFT($E37,MIN(IFERROR(FIND("CDU",UPPER($E37)),999),IFERROR(FIND("BULK",UPPER($E37)),999),IFERROR(FIND("-",$E37),999),IFERROR(FIND("（",$E37),999))-1))=M$2,$F37,"")) | N37: =IF(OR($E37="",N$2=""),"",IF(TRIM(LEFT($E37,MIN(IFERROR(FIND("CDU",UPPER($E37)),999),IFERROR(FIND("BULK",UPPER($E37)),999),IFERROR(FIND("-",$E37),999),IFERROR(FIND("（",$E37),999))-1))=N$2,$F37,"")) | O37: =IF(OR($E37="",O$2=""),"",IF(TRIM(LEFT($E37,MIN(IFERROR(FIND("CDU",UPPER($E37)),999),IFERROR(FIND("BULK",UPPER($E37)),999),IFERROR(FIND("-",$E37),999),IFERROR(FIND("（",$E37),999))-1))=O$2,$F37,"")) | ... AD37: =IF(OR($E37="",AD$2=""),"",IF(TRIM(LEFT($E37,MIN(IFERROR(FIND("CDU",UPPER($E37)),999),IFERROR(FIND("BULK",UPPER($E37)),999),IFERROR(FIND("-",$E37),999),IFERROR(FIND("（",$E37),999))-1))=AD$2,$F37,"")) | AE37: 4.87 | AF37: =SUM(H37:AD37)*AE37 -> 15681.4 | AG37: =AF37*7.75 -> 121530.85
A38: 46105 | B38: 46204 | C38: PZ5840-LS | D38: 1000002790 | E38: HH429 | F38: 3064 | H38: =IF(OR($E38="",H$2=""),"",IF(TRIM(LEFT($E38,MIN(IFERROR(FIND("CDU",UPPER($E38)),999),IFERROR(FIND("BULK",UPPER($E38)),999),IFERROR(FIND("-",$E38),999),IFERROR(FIND("（",$E38),999))-1))=H$2,$F38,"")) | I38: =IF(OR($E38="",I$2=""),"",IF(TRIM(LEFT($E38,MIN(IFERROR(FIND("CDU",UPPER($E38)),999),IFERROR(FIND("BULK",UPPER($E38)),999),IFERROR(FIND("-",$E38),999),IFERROR(FIND("（",$E38),999))-1))=I$2,$F38,"")) | J38: =IF(OR($E38="",J$2=""),"",IF(TRIM(LEFT($E38,MIN(IFERROR(FIND("CDU",UPPER($E38)),999),IFERROR(FIND("BULK",UPPER($E38)),999),IFERROR(FIND("-",$E38),999),IFERROR(FIND("（",$E38),999))-1))=J$2,$F38,"")) | K38: =IF(OR($E38="",K$2=""),"",IF(TRIM(LEFT($E38,MIN(IFERROR(FIND("CDU",UPPER($E38)),999),IFERROR(FIND("BULK",UPPER($E38)),999),IFERROR(FIND("-",$E38),999),IFERROR(FIND("（",$E38),999))-1))=K$2,$F38,"")) | L38: =IF(OR($E38="",L$2=""),"",IF(TRIM(LEFT($E38,MIN(IFERROR(FIND("CDU",UPPER($E38)),999),IFERROR(FIND("BULK",UPPER($E38)),999),IFERROR(FIND("-",$E38),999),IFERROR(FIND("（",$E38),999))-1))=L$2,$F38,"")) | M38: =IF(OR($E38="",M$2=""),"",IF(TRIM(LEFT($E38,MIN(IFERROR(FIND("CDU",UPPER($E38)),999),IFERROR(FIND("BULK",UPPER($E38)),999),IFERROR(FIND("-",$E38),999),IFERROR(FIND("（",$E38),999))-1))=M$2,$F38,"")) | N38: =IF(OR($E38="",N$2=""),"",IF(TRIM(LEFT($E38,MIN(IFERROR(FIND("CDU",UPPER($E38)),999),IFERROR(FIND("BULK",UPPER($E38)),999),IFERROR(FIND("-",$E38),999),IFERROR(FIND("（",$E38),999))-1))=N$2,$F38,"")) | O38: =IF(OR($E38="",O$2=""),"",IF(TRIM(LEFT($E38,MIN(IFERROR(FIND("CDU",UPPER($E38)),999),IFERROR(FIND("BULK",UPPER($E38)),999),IFERROR(FIND("-",$E38),999),IFERROR(FIND("（",$E38),999))-1))=O$2,$F38,"")) | ... AD38: =IF(OR($E38="",AD$2=""),"",IF(TRIM(LEFT($E38,MIN(IFERROR(FIND("CDU",UPPER($E38)),999),IFERROR(FIND("BULK",UPPER($E38)),999),IFERROR(FIND("-",$E38),999),IFERROR(FIND("（",$E38),999))-1))=AD$2,$F38,"")) | AE38: 4.26 | AF38: =SUM(H38:AD38)*AE38 -> 13052.64 | AG38: =AF38*7.75 -> 101157.96
A39: 46105 | B39: 46204 | C39: PZ5840-LS | D39: 1000002790 | E39: HH429 | F39: 3464 | H39: =IF(OR($E39="",H$2=""),"",IF(TRIM(LEFT($E39,MIN(IFERROR(FIND("CDU",UPPER($E39)),999),IFERROR(FIND("BULK",UPPER($E39)),999),IFERROR(FIND("-",$E39),999),IFERROR(FIND("（",$E39),999))-1))=H$2,$F39,"")) | I39: =IF(OR($E39="",I$2=""),"",IF(TRIM(LEFT($E39,MIN(IFERROR(FIND("CDU",UPPER($E39)),999),IFERROR(FIND("BULK",UPPER($E39)),999),IFERROR(FIND("-",$E39),999),IFERROR(FIND("（",$E39),999))-1))=I$2,$F39,"")) | J39: =IF(OR($E39="",J$2=""),"",IF(TRIM(LEFT($E39,MIN(IFERROR(FIND("CDU",UPPER($E39)),999),IFERROR(FIND("BULK",UPPER($E39)),999),IFERROR(FIND("-",$E39),999),IFERROR(FIND("（",$E39),999))-1))=J$2,$F39,"")) | K39: =IF(OR($E39="",K$2=""),"",IF(TRIM(LEFT($E39,MIN(IFERROR(FIND("CDU",UPPER($E39)),999),IFERROR(FIND("BULK",UPPER($E39)),999),IFERROR(FIND("-",$E39),999),IFERROR(FIND("（",$E39),999))-1))=K$2,$F39,"")) | L39: =IF(OR($E39="",L$2=""),"",IF(TRIM(LEFT($E39,MIN(IFERROR(FIND("CDU",UPPER($E39)),999),IFERROR(FIND("BULK",UPPER($E39)),999),IFERROR(FIND("-",$E39),999),IFERROR(FIND("（",$E39),999))-1))=L$2,$F39,"")) | M39: =IF(OR($E39="",M$2=""),"",IF(TRIM(LEFT($E39,MIN(IFERROR(FIND("CDU",UPPER($E39)),999),IFERROR(FIND("BULK",UPPER($E39)),999),IFERROR(FIND("-",$E39),999),IFERROR(FIND("（",$E39),999))-1))=M$2,$F39,"")) | N39: =IF(OR($E39="",N$2=""),"",IF(TRIM(LEFT($E39,MIN(IFERROR(FIND("CDU",UPPER($E39)),999),IFERROR(FIND("BULK",UPPER($E39)),999),IFERROR(FIND("-",$E39),999),IFERROR(FIND("（",$E39),999))-1))=N$2,$F39,"")) | O39: =IF(OR($E39="",O$2=""),"",IF(TRIM(LEFT($E39,MIN(IFERROR(FIND("CDU",UPPER($E39)),999),IFERROR(FIND("BULK",UPPER($E39)),999),IFERROR(FIND("-",$E39),999),IFERROR(FIND("（",$E39),999))-1))=O$2,$F39,"")) | ... AD39: =IF(OR($E39="",AD$2=""),"",IF(TRIM(LEFT($E39,MIN(IFERROR(FIND("CDU",UPPER($E39)),999),IFERROR(FIND("BULK",UPPER($E39)),999),IFERROR(FIND("-",$E39),999),IFERROR(FIND("（",$E39),999))-1))=AD$2,$F39,"")) | AE39: 4.26 | AF39: =SUM(H39:AD39)*AE39 -> 14756.64 | AG39: =AF39*7.75 -> 114363.96
A40: 46129 | B40: 46186 | C40: 98DTZ/2-N | D40: 1000003117 | E40: 682TC | F40: 3200 | H40: =IF(OR($E40="",H$2=""),"",IF(TRIM(LEFT($E40,MIN(IFERROR(FIND("CDU",UPPER($E40)),999),IFERROR(FIND("BULK",UPPER($E40)),999),IFERROR(FIND("-",$E40),999),IFERROR(FIND("（",$E40),999))-1))=H$2,$F40,"")) | I40: =IF(OR($E40="",I$2=""),"",IF(TRIM(LEFT($E40,MIN(IFERROR(FIND("CDU",UPPER($E40)),999),IFERROR(FIND("BULK",UPPER($E40)),999),IFERROR(FIND("-",$E40),999),IFERROR(FIND("（",$E40),999))-1))=I$2,$F40,"")) | J40: =IF(OR($E40="",J$2=""),"",IF(TRIM(LEFT($E40,MIN(IFERROR(FIND("CDU",UPPER($E40)),999),IFERROR(FIND("BULK",UPPER($E40)),999),IFERROR(FIND("-",$E40),999),IFERROR(FIND("（",$E40),999))-1))=J$2,$F40,"")) | K40: =IF(OR($E40="",K$2=""),"",IF(TRIM(LEFT($E40,MIN(IFERROR(FIND("CDU",UPPER($E40)),999),IFERROR(FIND("BULK",UPPER($E40)),999),IFERROR(FIND("-",$E40),999),IFERROR(FIND("（",$E40),999))-1))=K$2,$F40,"")) | L40: =IF(OR($E40="",L$2=""),"",IF(TRIM(LEFT($E40,MIN(IFERROR(FIND("CDU",UPPER($E40)),999),IFERROR(FIND("BULK",UPPER($E40)),999),IFERROR(FIND("-",$E40),999),IFERROR(FIND("（",$E40),999))-1))=L$2,$F40,"")) | M40: =IF(OR($E40="",M$2=""),"",IF(TRIM(LEFT($E40,MIN(IFERROR(FIND("CDU",UPPER($E40)),999),IFERROR(FIND("BULK",UPPER($E40)),999),IFERROR(FIND("-",$E40),999),IFERROR(FIND("（",$E40),999))-1))=M$2,$F40,"")) | N40: =IF(OR($E40="",N$2=""),"",IF(TRIM(LEFT($E40,MIN(IFERROR(FIND("CDU",UPPER($E40)),999),IFERROR(FIND("BULK",UPPER($E40)),999),IFERROR(FIND("-",$E40),999),IFERROR(FIND("（",$E40),999))-1))=N$2,$F40,"")) | O40: =IF(OR($E40="",O$2=""),"",IF(TRIM(LEFT($E40,MIN(IFERROR(FIND("CDU",UPPER($E40)),999),IFERROR(FIND("BULK",UPPER($E40)),999),IFERROR(FIND("-",$E40),999),IFERROR(FIND("（",$E40),999))-1))=O$2,$F40,"")) | ... AD40: =IF(OR($E40="",AD$2=""),"",IF(TRIM(LEFT($E40,MIN(IFERROR(FIND("CDU",UPPER($E40)),999),IFERROR(FIND("BULK",UPPER($E40)),999),IFERROR(FIND("-",$E40),999),IFERROR(FIND("（",$E40),999))-1))=AD$2,$F40,"")) | AE40: 0.41 | AF40: =SUM(H40:AD40)*AE40 -> 1312 | AG40: =AF40*7.75 -> 10168
A41: 46129 | B41: 46186 | C41: AE-D2115D-LS | D41: 1000003117 | E41: HH991 | F41: 1602 | H41: =IF(OR($E41="",H$2=""),"",IF(TRIM(LEFT($E41,MIN(IFERROR(FIND("CDU",UPPER($E41)),999),IFERROR(FIND("BULK",UPPER($E41)),999),IFERROR(FIND("-",$E41),999),IFERROR(FIND("（",$E41),999))-1))=H$2,$F41,"")) | I41: =IF(OR($E41="",I$2=""),"",IF(TRIM(LEFT($E41,MIN(IFERROR(FIND("CDU",UPPER($E41)),999),IFERROR(FIND("BULK",UPPER($E41)),999),IFERROR(FIND("-",$E41),999),IFERROR(FIND("（",$E41),999))-1))=I$2,$F41,"")) | J41: =IF(OR($E41="",J$2=""),"",IF(TRIM(LEFT($E41,MIN(IFERROR(FIND("CDU",UPPER($E41)),999),IFERROR(FIND("BULK",UPPER($E41)),999),IFERROR(FIND("-",$E41),999),IFERROR(FIND("（",$E41),999))-1))=J$2,$F41,"")) | K41: =IF(OR($E41="",K$2=""),"",IF(TRIM(LEFT($E41,MIN(IFERROR(FIND("CDU",UPPER($E41)),999),IFERROR(FIND("BULK",UPPER($E41)),999),IFERROR(FIND("-",$E41),999),IFERROR(FIND("（",$E41),999))-1))=K$2,$F41,"")) | L41: =IF(OR($E41="",L$2=""),"",IF(TRIM(LEFT($E41,MIN(IFERROR(FIND("CDU",UPPER($E41)),999),IFERROR(FIND("BULK",UPPER($E41)),999),IFERROR(FIND("-",$E41),999),IFERROR(FIND("（",$E41),999))-1))=L$2,$F41,"")) | M41: =IF(OR($E41="",M$2=""),"",IF(TRIM(LEFT($E41,MIN(IFERROR(FIND("CDU",UPPER($E41)),999),IFERROR(FIND("BULK",UPPER($E41)),999),IFERROR(FIND("-",$E41),999),IFERROR(FIND("（",$E41),999))-1))=M$2,$F41,"")) -> 1602 | N41: =IF(OR($E41="",N$2=""),"",IF(TRIM(LEFT($E41,MIN(IFERROR(FIND("CDU",UPPER($E41)),999),IFERROR(FIND("BULK",UPPER($E41)),999),IFERROR(FIND("-",$E41),999),IFERROR(FIND("（",$E41),999))-1))=N$2,$F41,"")) | O41: =IF(OR($E41="",O$2=""),"",IF(TRIM(LEFT($E41,MIN(IFERROR(FIND("CDU",UPPER($E41)),999),IFERROR(FIND("BULK",UPPER($E41)),999),IFERROR(FIND("-",$E41),999),IFERROR(FIND("（",$E41),999))-1))=O$2,$F41,"")) | ... AD41: =IF(OR($E41="",AD$2=""),"",IF(TRIM(LEFT($E41,MIN(IFERROR(FIND("CDU",UPPER($E41)),999),IFERROR(FIND("BULK",UPPER($E41)),999),IFERROR(FIND("-",$E41),999),IFERROR(FIND("（",$E41),999))-1))=AD$2,$F41,"")) | AE41: 4.58 | AF41: =SUM(H41:AD41)*AE41 -> 7337.16 | AG41: =AF41*7.75 -> 56862.99
... A49: 46200 | B49: 46251 | C49: AE-ZT4059D-LS | D49: 1000003832 | E49: RA369 | F49: 2520 | H49: =IF(OR($E49="",H$2=""),"",IF(TRIM(LEFT($E49,MIN(IFERROR(FIND("CDU",UPPER($E49)),999),IFERROR(FIND("BULK",UPPER($E49)),999),IFERROR(FIND("-",$E49),999),IFERROR(FIND("（",$E49),999))-1))=H$2,$F49,"")) | I49: =IF(OR($E49="",I$2=""),"",IF(TRIM(LEFT($E49,MIN(IFERROR(FIND("CDU",UPPER($E49)),999),IFERROR(FIND("BULK",UPPER($E49)),999),IFERROR(FIND("-",$E49),999),IFERROR(FIND("（",$E49),999))-1))=I$2,$F49,"")) | J49: =IF(OR($E49="",J$2=""),"",IF(TRIM(LEFT($E49,MIN(IFERROR(FIND("CDU",UPPER($E49)),999),IFERROR(FIND("BULK",UPPER($E49)),999),IFERROR(FIND("-",$E49),999),IFERROR(FIND("（",$E49),999))-1))=J$2,$F49,"")) | K49: =IF(OR($E49="",K$2=""),"",IF(TRIM(LEFT($E49,MIN(IFERROR(FIND("CDU",UPPER($E49)),999),IFERROR(FIND("BULK",UPPER($E49)),999),IFERROR(FIND("-",$E49),999),IFERROR(FIND("（",$E49),999))-1))=K$2,$F49,"")) | L49: =IF(OR($E49="",L$2=""),"",IF(TRIM(LEFT($E49,MIN(IFERROR(FIND("CDU",UPPER($E49)),999),IFERROR(FIND("BULK",UPPER($E49)),999),IFERROR(FIND("-",$E49),999),IFERROR(FIND("（",$E49),999))-1))=L$2,$F49,"")) | M49: =IF(OR($E49="",M$2=""),"",IF(TRIM(LEFT($E49,MIN(IFERROR(FIND("CDU",UPPER($E49)),999),IFERROR(FIND("BULK",UPPER($E49)),999),IFERROR(FIND("-",$E49),999),IFERROR(FIND("（",$E49),999))-1))=M$2,$F49,"")) | N49: =IF(OR($E49="",N$2=""),"",IF(TRIM(LEFT($E49,MIN(IFERROR(FIND("CDU",UPPER($E49)),999),IFERROR(FIND("BULK",UPPER($E49)),999),IFERROR(FIND("-",$E49),999),IFERROR(FIND("（",$E49),999))-1))=N$2,$F49,"")) | O49: =IF(OR($E49="",O$2=""),"",IF(TRIM(LEFT($E49,MIN(IFERROR(FIND("CDU",UPPER($E49)),999),IFERROR(FIND("BULK",UPPER($E49)),999),IFERROR(FIND("-",$E49),999),IFERROR(FIND("（",$E49),999))-1))=O$2,$F49,"")) | ... AD49: =IF(OR($E49="",AD$2=""),"",IF(TRIM(LEFT($E49,MIN(IFERROR(FIND("CDU",UPPER($E49)),999),IFERROR(FIND("BULK",UPPER($E49)),999),IFERROR(FIND("-",$E49),999),IFERROR(FIND("（",$E49),999))-1))=AD$2,$F49,"")) | AE49: 7.16 | AF49: =SUM(H49:AD49)*AE49 -> 18043.2 | AG49: =AF49*7.75 -> 139834.8
A50: 46219 | B50: 46275 | C50: P111D | E50: 154DS | F50: 4000 | H50: =IF(OR($E50="",H$2=""),"",IF(TRIM(LEFT($E50,MIN(IFERROR(FIND("CDU",UPPER($E50)),999),IFERROR(FIND("BULK",UPPER($E50)),999),IFERROR(FIND("-",$E50),999),IFERROR(FIND("（",$E50),999))-1))=H$2,$F50,"")) | I50: =IF(OR($E50="",I$2=""),"",IF(TRIM(LEFT($E50,MIN(IFERROR(FIND("CDU",UPPER($E50)),999),IFERROR(FIND("BULK",UPPER($E50)),999),IFERROR(FIND("-",$E50),999),IFERROR(FIND("（",$E50),999))-1))=I$2,$F50,"")) | J50: =IF(OR($E50="",J$2=""),"",IF(TRIM(LEFT($E50,MIN(IFERROR(FIND("CDU",UPPER($E50)),999),IFERROR(FIND("BULK",UPPER($E50)),999),IFERROR(FIND("-",$E50),999),IFERROR(FIND("（",$E50),999))-1))=J$2,$F50,"")) | K50: =IF(OR($E50="",K$2=""),"",IF(TRIM(LEFT($E50,MIN(IFERROR(FIND("CDU",UPPER($E50)),999),IFERROR(FIND("BULK",UPPER($E50)),999),IFERROR(FIND("-",$E50),999),IFERROR(FIND("（",$E50),999))-1))=K$2,$F50,"")) | L50: =IF(OR($E50="",L$2=""),"",IF(TRIM(LEFT($E50,MIN(IFERROR(FIND("CDU",UPPER($E50)),999),IFERROR(FIND("BULK",UPPER($E50)),999),IFERROR(FIND("-",$E50),999),IFERROR(FIND("（",$E50),999))-1))=L$2,$F50,"")) | M50: =IF(OR($E50="",M$2=""),"",IF(TRIM(LEFT($E50,MIN(IFERROR(FIND("CDU",UPPER($E50)),999),IFERROR(FIND("BULK",UPPER($E50)),999),IFERROR(FIND("-",$E50),999),IFERROR(FIND("（",$E50),999))-1))=M$2,$F50,"")) | N50: =IF(OR($E50="",N$2=""),"",IF(TRIM(LEFT($E50,MIN(IFERROR(FIND("CDU",UPPER($E50)),999),IFERROR(FIND("BULK",UPPER($E50)),999),IFERROR(FIND("-",$E50),999),IFERROR(FIND("（",$E50),999))-1))=N$2,$F50,"")) | O50: =IF(OR($E50="",O$2=""),"",IF(TRIM(LEFT($E50,MIN(IFERROR(FIND("CDU",UPPER($E50)),999),IFERROR(FIND("BULK",UPPER($E50)),999),IFERROR(FIND("-",$E50),999),IFERROR(FIND("（",$E50),999))-1))=O$2,$F50,"")) | ... AD50: =IF(OR($E50="",AD$2=""),"",IF(TRIM(LEFT($E50,MIN(IFERROR(FIND("CDU",UPPER($E50)),999),IFERROR(FIND("BULK",UPPER($E50)),999),IFERROR(FIND("-",$E50),999),IFERROR(FIND("（",$E50),999))-1))=AD$2,$F50,"")) | AE50: 0.21 | AF50: =SUM(H50:AD50)*AE50 -> 840 | AG50: =AF50*7.75 -> 6510
A51: 46219 | B51: 46275 | C51: P532D/100 | E51: 856T1 | F51: 4800 | H51: =IF(OR($E51="",H$2=""),"",IF(TRIM(LEFT($E51,MIN(IFERROR(FIND("CDU",UPPER($E51)),999),IFERROR(FIND("BULK",UPPER($E51)),999),IFERROR(FIND("-",$E51),999),IFERROR(FIND("（",$E51),999))-1))=H$2,$F51,"")) | I51: =IF(OR($E51="",I$2=""),"",IF(TRIM(LEFT($E51,MIN(IFERROR(FIND("CDU",UPPER($E51)),999),IFERROR(FIND("BULK",UPPER($E51)),999),IFERROR(FIND("-",$E51),999),IFERROR(FIND("（",$E51),999))-1))=I$2,$F51,"")) | J51: =IF(OR($E51="",J$2=""),"",IF(TRIM(LEFT($E51,MIN(IFERROR(FIND("CDU",UPPER($E51)),999),IFERROR(FIND("BULK",UPPER($E51)),999),IFERROR(FIND("-",$E51),999),IFERROR(FIND("（",$E51),999))-1))=J$2,$F51,"")) | K51: =IF(OR($E51="",K$2=""),"",IF(TRIM(LEFT($E51,MIN(IFERROR(FIND("CDU",UPPER($E51)),999),IFERROR(FIND("BULK",UPPER($E51)),999),IFERROR(FIND("-",$E51),999),IFERROR(FIND("（",$E51),999))-1))=K$2,$F51,"")) | L51: =IF(OR($E51="",L$2=""),"",IF(TRIM(LEFT($E51,MIN(IFERROR(FIND("CDU",UPPER($E51)),999),IFERROR(FIND("BULK",UPPER($E51)),999),IFERROR(FIND("-",$E51),999),IFERROR(FIND("（",$E51),999))-1))=L$2,$F51,"")) | M51: =IF(OR($E51="",M$2=""),"",IF(TRIM(LEFT($E51,MIN(IFERROR(FIND("CDU",UPPER($E51)),999),IFERROR(FIND("BULK",UPPER($E51)),999),IFERROR(FIND("-",$E51),999),IFERROR(FIND("（",$E51),999))-1))=M$2,$F51,"")) | N51: =IF(OR($E51="",N$2=""),"",IF(TRIM(LEFT($E51,MIN(IFERROR(FIND("CDU",UPPER($E51)),999),IFERROR(FIND("BULK",UPPER($E51)),999),IFERROR(FIND("-",$E51),999),IFERROR(FIND("（",$E51),999))-1))=N$2,$F51,"")) | O51: =IF(OR($E51="",O$2=""),"",IF(TRIM(LEFT($E51,MIN(IFERROR(FIND("CDU",UPPER($E51)),999),IFERROR(FIND("BULK",UPPER($E51)),999),IFERROR(FIND("-",$E51),999),IFERROR(FIND("（",$E51),999))-1))=O$2,$F51,"")) | ... AD51: =IF(OR($E51="",AD$2=""),"",IF(TRIM(LEFT($E51,MIN(IFERROR(FIND("CDU",UPPER($E51)),999),IFERROR(FIND("BULK",UPPER($E51)),999),IFERROR(FIND("-",$E51),999),IFERROR(FIND("（",$E51),999))-1))=AD$2,$F51,"")) | AE51: 0.16 | AF51: =SUM(H51:AD51)*AE51 -> 768 | AG51: =AF51*7.75 -> 5952
H52: =IF(OR($E52="",H$2=""),"",IF(TRIM(LEFT($E52,MIN(IFERROR(FIND("CDU",UPPER($E52)),999),IFERROR(FIND("BULK",UPPER($E52)),999),IFERROR(FIND("-",$E52),999),IFERROR(FIND("（",$E52),999))-1))=H$2,$F52,"")) | I52: =IF(OR($E52="",I$2=""),"",IF(TRIM(LEFT($E52,MIN(IFERROR(FIND("CDU",UPPER($E52)),999),IFERROR(FIND("BULK",UPPER($E52)),999),IFERROR(FIND("-",$E52),999),IFERROR(FIND("（",$E52),999))-1))=I$2,$F52,"")) | J52: =IF(OR($E52="",J$2=""),"",IF(TRIM(LEFT($E52,MIN(IFERROR(FIND("CDU",UPPER($E52)),999),IFERROR(FIND("BULK",UPPER($E52)),999),IFERROR(FIND("-",$E52),999),IFERROR(FIND("（",$E52),999))-1))=J$2,$F52,"")) | K52: =IF(OR($E52="",K$2=""),"",IF(TRIM(LEFT($E52,MIN(IFERROR(FIND("CDU",UPPER($E52)),999),IFERROR(FIND("BULK",UPPER($E52)),999),IFERROR(FIND("-",$E52),999),IFERROR(FIND("（",$E52),999))-1))=K$2,$F52,"")) | L52: =IF(OR($E52="",L$2=""),"",IF(TRIM(LEFT($E52,MIN(IFERROR(FIND("CDU",UPPER($E52)),999),IFERROR(FIND("BULK",UPPER($E52)),999),IFERROR(FIND("-",$E52),999),IFERROR(FIND("（",$E52),999))-1))=L$2,$F52,"")) | M52: =IF(OR($E52="",M$2=""),"",IF(TRIM(LEFT($E52,MIN(IFERROR(FIND("CDU",UPPER($E52)),999),IFERROR(FIND("BULK",UPPER($E52)),999),IFERROR(FIND("-",$E52),999),IFERROR(FIND("（",$E52),999))-1))=M$2,$F52,"")) | N52: =IF(OR($E52="",N$2=""),"",IF(TRIM(LEFT($E52,MIN(IFERROR(FIND("CDU",UPPER($E52)),999),IFERROR(FIND("BULK",UPPER($E52)),999),IFERROR(FIND("-",$E52),999),IFERROR(FIND("（",$E52),999))-1))=N$2,$F52,"")) | O52: =IF(OR($E52="",O$2=""),"",IF(TRIM(LEFT($E52,MIN(IFERROR(FIND("CDU",UPPER($E52)),999),IFERROR(FIND("BULK",UPPER($E52)),999),IFERROR(FIND("-",$E52),999),IFERROR(FIND("（",$E52),999))-1))=O$2,$F52,"")) | ... AD52: =IF(OR($E52="",AD$2=""),"",IF(TRIM(LEFT($E52,MIN(IFERROR(FIND("CDU",UPPER($E52)),999),IFERROR(FIND("BULK",UPPER($E52)),999),IFERROR(FIND("-",$E52),999),IFERROR(FIND("（",$E52),999))-1))=AD$2,$F52,"")) | AF52: =SUM(H52:AD52)*AE52 -> 0 | AG52: =AF52*7.75 -> 0
H53: =IF(OR($E53="",H$2=""),"",IF(TRIM(LEFT($E53,MIN(IFERROR(FIND("CDU",UPPER($E53)),999),IFERROR(FIND("BULK",UPPER($E53)),999),IFERROR(FIND("-",$E53),999),IFERROR(FIND("（",$E53),999))-1))=H$2,$F53,"")) | I53: =IF(OR($E53="",I$2=""),"",IF(TRIM(LEFT($E53,MIN(IFERROR(FIND("CDU",UPPER($E53)),999),IFERROR(FIND("BULK",UPPER($E53)),999),IFERROR(FIND("-",$E53),999),IFERROR(FIND("（",$E53),999))-1))=I$2,$F53,"")) | J53: =IF(OR($E53="",J$2=""),"",IF(TRIM(LEFT($E53,MIN(IFERROR(FIND("CDU",UPPER($E53)),999),IFERROR(FIND("BULK",UPPER($E53)),999),IFERROR(FIND("-",$E53),999),IFERROR(FIND("（",$E53),999))-1))=J$2,$F53,"")) | K53: =IF(OR($E53="",K$2=""),"",IF(TRIM(LEFT($E53,MIN(IFERROR(FIND("CDU",UPPER($E53)),999),IFERROR(FIND("BULK",UPPER($E53)),999),IFERROR(FIND("-",$E53),999),IFERROR(FIND("（",$E53),999))-1))=K$2,$F53,"")) | L53: =IF(OR($E53="",L$2=""),"",IF(TRIM(LEFT($E53,MIN(IFERROR(FIND("CDU",UPPER($E53)),999),IFERROR(FIND("BULK",UPPER($E53)),999),IFERROR(FIND("-",$E53),999),IFERROR(FIND("（",$E53),999))-1))=L$2,$F53,"")) | M53: =IF(OR($E53="",M$2=""),"",IF(TRIM(LEFT($E53,MIN(IFERROR(FIND("CDU",UPPER($E53)),999),IFERROR(FIND("BULK",UPPER($E53)),999),IFERROR(FIND("-",$E53),999),IFERROR(FIND("（",$E53),999))-1))=M$2,$F53,"")) | N53: =IF(OR($E53="",N$2=""),"",IF(TRIM(LEFT($E53,MIN(IFERROR(FIND("CDU",UPPER($E53)),999),IFERROR(FIND("BULK",UPPER($E53)),999),IFERROR(FIND("-",$E53),999),IFERROR(FIND("（",$E53),999))-1))=N$2,$F53,"")) | O53: =IF(OR($E53="",O$2=""),"",IF(TRIM(LEFT($E53,MIN(IFERROR(FIND("CDU",UPPER($E53)),999),IFERROR(FIND("BULK",UPPER($E53)),999),IFERROR(FIND("-",$E53),999),IFERROR(FIND("（",$E53),999))-1))=O$2,$F53,"")) | ... AD53: =IF(OR($E53="",AD$2=""),"",IF(TRIM(LEFT($E53,MIN(IFERROR(FIND("CDU",UPPER($E53)),999),IFERROR(FIND("BULK",UPPER($E53)),999),IFERROR(FIND("-",$E53),999),IFERROR(FIND("（",$E53),999))-1))=AD$2,$F53,"")) | AF53: =SUM(H53:AD53)*AE53 -> 0 | AG53: =AF53*7.75 -> 0
H54: =IF(OR($E54="",H$2=""),"",IF(TRIM(LEFT($E54,MIN(IFERROR(FIND("CDU",UPPER($E54)),999),IFERROR(FIND("BULK",UPPER($E54)),999),IFERROR(FIND("-",$E54),999),IFERROR(FIND("（",$E54),999))-1))=H$2,$F54,"")) | I54: =IF(OR($E54="",I$2=""),"",IF(TRIM(LEFT($E54,MIN(IFERROR(FIND("CDU",UPPER($E54)),999),IFERROR(FIND("BULK",UPPER($E54)),999),IFERROR(FIND("-",$E54),999),IFERROR(FIND("（",$E54),999))-1))=I$2,$F54,"")) | J54: =IF(OR($E54="",J$2=""),"",IF(TRIM(LEFT($E54,MIN(IFERROR(FIND("CDU",UPPER($E54)),999),IFERROR(FIND("BULK",UPPER($E54)),999),IFERROR(FIND("-",$E54),999),IFERROR(FIND("（",$E54),999))-1))=J$2,$F54,"")) | K54: =IF(OR($E54="",K$2=""),"",IF(TRIM(LEFT($E54,MIN(IFERROR(FIND("CDU",UPPER($E54)),999),IFERROR(FIND("BULK",UPPER($E54)),999),IFERROR(FIND("-",$E54),999),IFERROR(FIND("（",$E54),999))-1))=K$2,$F54,"")) | L54: =IF(OR($E54="",L$2=""),"",IF(TRIM(LEFT($E54,MIN(IFERROR(FIND("CDU",UPPER($E54)),999),IFERROR(FIND("BULK",UPPER($E54)),999),IFERROR(FIND("-",$E54),999),IFERROR(FIND("（",$E54),999))-1))=L$2,$F54,"")) | M54: =IF(OR($E54="",M$2=""),"",IF(TRIM(LEFT($E54,MIN(IFERROR(FIND("CDU",UPPER($E54)),999),IFERROR(FIND("BULK",UPPER($E54)),999),IFERROR(FIND("-",$E54),999),IFERROR(FIND("（",$E54),999))-1))=M$2,$F54,"")) | N54: =IF(OR($E54="",N$2=""),"",IF(TRIM(LEFT($E54,MIN(IFERROR(FIND("CDU",UPPER($E54)),999),IFERROR(FIND("BULK",UPPER($E54)),999),IFERROR(FIND("-",$E54),999),IFERROR(FIND("（",$E54),999))-1))=N$2,$F54,"")) | O54: =IF(OR($E54="",O$2=""),"",IF(TRIM(LEFT($E54,MIN(IFERROR(FIND("CDU",UPPER($E54)),999),IFERROR(FIND("BULK",UPPER($E54)),999),IFERROR(FIND("-",$E54),999),IFERROR(FIND("（",$E54),999))-1))=O$2,$F54,"")) | ... AD54: =IF(OR($E54="",AD$2=""),"",IF(TRIM(LEFT($E54,MIN(IFERROR(FIND("CDU",UPPER($E54)),999),IFERROR(FIND("BULK",UPPER($E54)),999),IFERROR(FIND("-",$E54),999),IFERROR(FIND("（",$E54),999))-1))=AD$2,$F54,"")) | AF54: =SUM(H54:AD54)*AE54 -> 0 | AG54: =AF54*7.75 -> 0
H55: =IF(OR($E55="",H$2=""),"",IF(TRIM(LEFT($E55,MIN(IFERROR(FIND("CDU",UPPER($E55)),999),IFERROR(FIND("BULK",UPPER($E55)),999),IFERROR(FIND("-",$E55),999),IFERROR(FIND("（",$E55),999))-1))=H$2,$F55,"")) | I55: =IF(OR($E55="",I$2=""),"",IF(TRIM(LEFT($E55,MIN(IFERROR(FIND("CDU",UPPER($E55)),999),IFERROR(FIND("BULK",UPPER($E55)),999),IFERROR(FIND("-",$E55),999),IFERROR(FIND("（",$E55),999))-1))=I$2,$F55,"")) | J55: =IF(OR($E55="",J$2=""),"",IF(TRIM(LEFT($E55,MIN(IFERROR(FIND("CDU",UPPER($E55)),999),IFERROR(FIND("BULK",UPPER($E55)),999),IFERROR(FIND("-",$E55),999),IFERROR(FIND("（",$E55),999))-1))=J$2,$F55,"")) | K55: =IF(OR($E55="",K$2=""),"",IF(TRIM(LEFT($E55,MIN(IFERROR(FIND("CDU",UPPER($E55)),999),IFERROR(FIND("BULK",UPPER($E55)),999),IFERROR(FIND("-",$E55),999),IFERROR(FIND("（",$E55),999))-1))=K$2,$F55,"")) | L55: =IF(OR($E55="",L$2=""),"",IF(TRIM(LEFT($E55,MIN(IFERROR(FIND("CDU",UPPER($E55)),999),IFERROR(FIND("BULK",UPPER($E55)),999),IFERROR(FIND("-",$E55),999),IFERROR(FIND("（",$E55),999))-1))=L$2,$F55,"")) | M55: =IF(OR($E55="",M$2=""),"",IF(TRIM(LEFT($E55,MIN(IFERROR(FIND("CDU",UPPER($E55)),999),IFERROR(FIND("BULK",UPPER($E55)),999),IFERROR(FIND("-",$E55),999),IFERROR(FIND("（",$E55),999))-1))=M$2,$F55,"")) | N55: =IF(OR($E55="",N$2=""),"",IF(TRIM(LEFT($E55,MIN(IFERROR(FIND("CDU",UPPER($E55)),999),IFERROR(FIND("BULK",UPPER($E55)),999),IFERROR(FIND("-",$E55),999),IFERROR(FIND("（",$E55),999))-1))=N$2,$F55,"")) | O55: =IF(OR($E55="",O$2=""),"",IF(TRIM(LEFT($E55,MIN(IFERROR(FIND("CDU",UPPER($E55)),999),IFERROR(FIND("BULK",UPPER($E55)),999),IFERROR(FIND("-",$E55),999),IFERROR(FIND("（",$E55),999))-1))=O$2,$F55,"")) | ... AD55: =IF(OR($E55="",AD$2=""),"",IF(TRIM(LEFT($E55,MIN(IFERROR(FIND("CDU",UPPER($E55)),999),IFERROR(FIND("BULK",UPPER($E55)),999),IFERROR(FIND("-",$E55),999),IFERROR(FIND("（",$E55),999))-1))=AD$2,$F55,"")) | AF55: =SUM(H55:AD55)*AE55 -> 0 | AG55: =AF55*7.75 -> 0
H56: =IF(OR($E56="",H$2=""),"",IF(TRIM(LEFT($E56,MIN(IFERROR(FIND("CDU",UPPER($E56)),999),IFERROR(FIND("BULK",UPPER($E56)),999),IFERROR(FIND("-",$E56),999),IFERROR(FIND("（",$E56),999))-1))=H$2,$F56,"")) | I56: =IF(OR($E56="",I$2=""),"",IF(TRIM(LEFT($E56,MIN(IFERROR(FIND("CDU",UPPER($E56)),999),IFERROR(FIND("BULK",UPPER($E56)),999),IFERROR(FIND("-",$E56),999),IFERROR(FIND("（",$E56),999))-1))=I$2,$F56,"")) | J56: =IF(OR($E56="",J$2=""),"",IF(TRIM(LEFT($E56,MIN(IFERROR(FIND("CDU",UPPER($E56)),999),IFERROR(FIND("BULK",UPPER($E56)),999),IFERROR(FIND("-",$E56),999),IFERROR(FIND("（",$E56),999))-1))=J$2,$F56,"")) | K56: =IF(OR($E56="",K$2=""),"",IF(TRIM(LEFT($E56,MIN(IFERROR(FIND("CDU",UPPER($E56)),999),IFERROR(FIND("BULK",UPPER($E56)),999),IFERROR(FIND("-",$E56),999),IFERROR(FIND("（",$E56),999))-1))=K$2,$F56,"")) | L56: =IF(OR($E56="",L$2=""),"",IF(TRIM(LEFT($E56,MIN(IFERROR(FIND("CDU",UPPER($E56)),999),IFERROR(FIND("BULK",UPPER($E56)),999),IFERROR(FIND("-",$E56),999),IFERROR(FIND("（",$E56),999))-1))=L$2,$F56,"")) | M56: =IF(OR($E56="",M$2=""),"",IF(TRIM(LEFT($E56,MIN(IFERROR(FIND("CDU",UPPER($E56)),999),IFERROR(FIND("BULK",UPPER($E56)),999),IFERROR(FIND("-",$E56),999),IFERROR(FIND("（",$E56),999))-1))=M$2,$F56,"")) | N56: =IF(OR($E56="",N$2=""),"",IF(TRIM(LEFT($E56,MIN(IFERROR(FIND("CDU",UPPER($E56)),999),IFERROR(FIND("BULK",UPPER($E56)),999),IFERROR(FIND("-",$E56),999),IFERROR(FIND("（",$E56),999))-1))=N$2,$F56,"")) | O56: =IF(OR($E56="",O$2=""),"",IF(TRIM(LEFT($E56,MIN(IFERROR(FIND("CDU",UPPER($E56)),999),IFERROR(FIND("BULK",UPPER($E56)),999),IFERROR(FIND("-",$E56),999),IFERROR(FIND("（",$E56),999))-1))=O$2,$F56,"")) | ... AD56: =IF(OR($E56="",AD$2=""),"",IF(TRIM(LEFT($E56,MIN(IFERROR(FIND("CDU",UPPER($E56)),999),IFERROR(FIND("BULK",UPPER($E56)),999),IFERROR(FIND("-",$E56),999),IFERROR(FIND("（",$E56),999))-1))=AD$2,$F56,"")) | AF56: =SUM(H56:AD56)*AE56 -> 0 | AG56: =AF56*7.75 -> 0
E57: 合计： | F57: =SUM(F2:F56) -> 103608 | G57: =F57-AE57 -> 0 | H57: =SUM(H3:H56) -> 6504 | I57: =SUM(I3:I56) -> 9240 | J57: =SUM(J3:J56) -> 8244 | K57: =SUM(K3:K56) -> 3780 | L57: =SUM(L3:L56) -> 1602 | M57: =SUM(M3:M56) -> 4242 | N57: =SUM(N3:N56) -> 4200 | O57: =SUM(O3:O56) -> 3000 | ... AD57: =SUM(AD3:AD56) -> 0 | AE57: =SUM(H57:AD57) -> 103608 | AF57: =SUM(AF2:AF56) -> 479791.52 | AG57: =SUM(AG2:AG56) -> 3718384.3
D60: 美国
A61: 总接单： | B61: =AG57 -> 3718384.3 | C61: 总接单： | D61: =D62+D63 -> 3718384.3
A62: 总排期： | B62: =总排期!Z13 -> 397784.25 | C62: 总排期： | D62: =SUMIF(总排期!C:C,D60,总排期!Z:Z) -> 397784.25
A63: 已走货： | B63: =已走货!Z51 -> 3320600 | C63: 已出货： | D63: =SUMIF(已走货!C:C,D60,已走货!Z:Z) -> 3320600
B64: =B61-B62-B63 -> 0
A66: 以下标注内容区分识别备注：
A67: 类型 | B67: 内容
A68: 黄色填充 | B68: 新加单或更改
A69: 粉色填充 | B69: 扣单/转单
A70: 蓝色字体 | B70: 已完成
A71: 粉色字体 | B71: 已出货
A72: 红色字体 | B72: 取消单

Sheet 总排期
A1: 接单期 | B1: 客名 | C1: 国家 | D1: Customer | E1: PO号 | F1: 货号 | G1: 产品名称 | H1: 数量 | I1: 内箱 | J1: 外箱 | K1: 总箱数 | L1: 客PO期 | M1: 出货期 | N1: 验货期 | O1: 验货/抽板 地点 | P1: 验货结果 | Q1: 船期SO | R1: 箱唛 | S1: 贴纸 | T1: 外箱贴纸序号 | U1: 日期码 | V1: 包装版本 | W1: 备注 | X1: 单价USD | Y1: 金额USD | Z1: 金额HKD | AA1: 发票号 | AB1: 是否入系统 | AC1: 交货点 | AD1: 目的地
A2: 46200 | B2: PWP | C2: 美国 | D2: D4802D-LS | E2: 1000003832 | F2: DC346 | G2: =VLOOKUP(F2,名称!A:F,3,FALSE) -> 恐龙收藏盒 | H2: 1500 | I2: =VLOOKUP(F2,名称!A:F,5,0) -> 0 | J2: =VLOOKUP(F2,名称!A:F,6,0) -> 4 | K2: =H2/J2 -> 375 | L2: 46258 | M2: =L2-7 -> 46251 | N2: 要抽PSS | R2: Lakeshore客标准唛 | U2: Lakeshore+1000003832 | X2: 9.71 | Y2: =H2*X2 -> 14565 | Z2: =Y2*7.75 -> 112878.75 | AB2: 未有BOM | AE2: 1720
A3: 46200 | B3: PWP | C3: 美国 | D3: AE-ZT4062D-LS | E3: 1000003832 | F3: RA368 | G3: =VLOOKUP(F3,名称!A:F,3,FALSE) -> 10款海洋动物套装 | H3: 2520 | I3: =VLOOKUP(F3,名称!A:F,5,0) -> 6 | J3: =VLOOKUP(F3,名称!A:F,6,0) -> 12 | K3: =H3/J3 -> 210 | L3: 46258 | M3: =L3-7 -> 46251 | R3: Lakeshore客标准唛 | U3: Lakeshore+1000003832 | X3: 6.79 | Y3: =H3*X3 -> 17110.8 | Z3: =Y3*7.75 -> 132608.7 | AB3: 已入系统 | AE3: 1720
A4: 46200 | B4: PWP | C4: 美国 | D4: AE-ZT4059D-LS | E4: 1000003832 | F4: RA369 | G4: =VLOOKUP(F4,名称!A:F,3,FALSE) -> 8款恐龙玩具 | H4: 2520 | I4: =VLOOKUP(F4,名称!A:F,5,0) -> 9 | J4: =VLOOKUP(F4,名称!A:F,6,0) -> 18 | K4: =H4/J4 -> 140 | L4: 46258 | M4: =L4-7 -> 46251 | R4: Lakeshore客标准唛 | U4: Lakeshore+1000003832 | X4: 7.16 | Y4: =H4*X4 -> 18043.2 | Z4: =Y4*7.75 -> 139834.8 | AB4: 已入系统 | AE4: 1720
A5: 46219 | B5: PWP | C5: 美国 | D5: P111D | E5: 1000003943 | F5: 154DS | G5: =VLOOKUP(F5,名称!A:F,3,FALSE) -> 8只小恐龙 | H5: 4000 | I5: =VLOOKUP(F5,名称!A:F,5,0) -> 25 | J5: =VLOOKUP(F5,名称!A:F,6,0) -> 100 | K5: =H5/J5 -> 40 | L5: 46275 | M5: =L5-7 -> 46268 | R5: Lakeshore客标准唛 | U5: Lakeshore+1000003943 | X5: 0.21 | Y5: =H5*X5 -> 840 | Z5: =Y5*7.75 -> 6510 | AB5: 已入系统 | AE5: 1730
A6: 46219 | B6: PWP | C6: 美国 | D6: P532D/100 | E6: 1000003943 | F6: 856T1 | G6: =VLOOKUP(F6,名称!A:F,3,FALSE) -> 小海龟 | H6: 4800 | I6: =VLOOKUP(F6,名称!A:F,5,0) -> 3 | J6: =VLOOKUP(F6,名称!A:F,6,0) -> 12 | K6: =H6/J6 -> 400 | L6: 46275 | M6: =L6-7 -> 46268 | R6: Lakeshore客标准唛 | U6: Lakeshore+1000003943 | X6: 0.16 | Y6: =H6*X6 -> 768 | Z6: =Y6*7.75 -> 5952 | AB6: 已入系统 | AE6: 1730
Y7: =H7*X7 -> 0 | Z7: =Y7*7.75 -> 0
Y8: =H8*X8 -> 0 | Z8: =Y8*7.75 -> 0
Y9: =H9*X9 -> 0 | Z9: =Y9*7.75 -> 0
Y10: =H10*X10 -> 0 | Z10: =Y10*7.75 -> 0
Y11: =H11*X11 -> 0 | Z11: =Y11*7.75 -> 0
Y12: =H12*X12 -> 0 | Z12: =Y12*7.75 -> 0
G13: 合计 | H13: =SUM(H2:H12) -> 15340 | Y13: =SUM(Y2:Y12) -> 51327 | Z13: =SUM(Z2:Z12) -> 397784.25

Sheet 已走货
A1: 接单期 | B1: 客名 | C1: 国家 | D1: Customer | E1: PO号 | F1: 货号 | G1: 产品名称 | H1: 数量 | I1: 内箱 | J1: 外箱 | K1: 总箱数 | L1: 客PO期 | M1: 出货期 | N1: 验货期 | O1: 验货/抽板 地点 | P1: 验货结果 | Q1: 船期SO | R1: 箱唛 | S1: 贴纸 | T1: 外箱贴纸序号 | U1: 日期码 | V1: 包装版本 | W1: 备注 | X1: 单价USD | Y1: 金额USD | Z1: 金额HKD | AA1: 发票号 | AB1: 是否入系统
A2: 45930 | B2: PWP | C2: 美国 | D2: P318D/5 | E2: 1000001583 | F2: 376MM | G2: =VLOOKUP(F2,名称!A:F,3,FALSE) -> 蝴蝶生长套装 | H2: 1440 | I2: =VLOOKUP(F2,名称!A:F,5,0) -> 72 | J2: =VLOOKUP(F2,名称!A:F,6,0) -> 288 | K2: =H2/J2 -> 5 | L2: 45989 | M2: 45989 | R2: Lakeshore客标准唛 | S2: 外箱贴纸*1 | U2: Lakeshore+1000001583 | W2: 从MA转入 | X2: 1.01 | Y2: =H2*X2 -> 1454.4 | Z2: =Y2*7.75 -> 11271.6 | AA2: 45944 | AB2: 已入系统
A3: 45910 | B3: PWP | C3: 美国 | D3: AE-PT8573D-LS | E3: 1000001352 | F3: GS673 | G3: =VLOOKUP(F3,名称!A:F,3,FALSE) -> 巨型恐龙组1 | H3: =1532-340 -> 1192 | I3: =VLOOKUP(F3,名称!A:F,5,0) -> 2 | J3: =VLOOKUP(F3,名称!A:F,6,0) -> 4 | K3: =H3/J3 -> 298 | L3: 45995 | M3: 46003 | N3: 46043 | P3: pass | R3: Lakeshore客标准唛 | S3: 外箱贴纸*1 | T3: ="第"&外箱贴纸箱号!A33&"箱至第"&外箱贴纸箱号!B33&"箱" -> 第215335箱至第215507箱 | U3: Lakeshore+1000001352 | W3: 订单抽PSS办6pcs，车间需在大货里挑6套完美办寄给QC检查 | X3: 11.5 | Y3: =H3*X3 -> 13708 | Z3: =Y3*7.75 -> 106237 | AA3: 45949 | AB3: 已入系统
A4: 45966 | B4: PWP | C4: 美国 | D4: AE-ZT8351D-LS | E4: 1000001880 | F4: RA367 | G4: =VLOOKUP(F4,名称!A:F,3,FALSE) -> 农场小动物 | H4: 2832 | I4: =VLOOKUP(F4,名称!A:F,5,0) -> 6 | J4: =VLOOKUP(F4,名称!A:F,6,0) -> 12 | K4: =H4/J4 -> 236 | L4: 46021 | M4: 45686 | N4: 46043 | P4: pass | R4: Lakeshore客标准唛 | S4: 外箱贴纸*1 | U4: Lakeshore+1000001880 | X4: 7.38 | Y4: =H4*X4 -> 20900.16 | Z4: =Y4*7.75 -> 161976.24 | AA4: 45950 | AB4: 已入系统
A5: 45966 | B5: PWP | C5: 美国 | D5: D4802D-LS | E5: 1000001879 | F5: DC346 | G5: =VLOOKUP(F5,名称!A:F,3,FALSE) -> 恐龙收藏盒 | H5: 752 | I5: =VLOOKUP(F5,名称!A:F,5,0) -> 0 | J5: =VLOOKUP(F5,名称!A:F,6,0) -> 4 | K5: =H5/J5 -> 188 | L5: 46036 | M5: 2026/2/5:750pcs 2026/5/5:750pcs | N5: 2/5验752pcs | R5: Lakeshore客标准唛 | S5: 外箱贴纸*1 | U5: Lakeshore+1000001879 | W5: 从MA转入 | X5: 9.71 | Y5: =H5*X5 -> 7301.92 | Z5: =Y5*7.75 -> 56589.88 | AA5: 45957 | AB5: 已入系统
A6: 45966 | B6: PWP | C6: 美国 | D6: AE-PT8574D-LS | E6: 1000001879 | F6: GS675 | G6: =VLOOKUP(F6,名称!A:F,3,FALSE) -> 巨型恐龙组2 | H6: 1500 | I6: =VLOOKUP(F6,名称!A:F,5,0) -> 0 | J6: =VLOOKUP(F6,名称!A:F,6,0) -> 4 | K6: =H6/J6 -> 375 | L6: 46036 | M6: 45693 | N6: 46052 | P6: pass | R6: Lakeshore客标准唛 | S6: 外箱贴纸*1 | U6: Lakeshore+1000001879 | X6: 12 | Y6: =H6*X6 -> 18000 | Z6: =Y6*7.75 -> 139500 | AA6: 45957 | AB6: 已入系统
A7: 45972 | B7: PWP | C7: 美国 | D7: AE-ZT4060D-LS | E7: 1000002006 | F7: RA362 | G7: =VLOOKUP(F7,名称!A:F,3,FALSE) -> 8款野生动物套装 | H7: 1968 | I7: =VLOOKUP(F7,名称!A:F,5,0) -> 6 | J7: =VLOOKUP(F7,名称!A:F,6,0) -> 12 | K7: =H7/J7 -> 164 | L7: 46043 | M7: =L7-7 -> 46036 | N7: 46043 | P7: 等美国确认 | R7: Lakeshore客标准唛 | S7: 外箱贴纸*1 | U7: Lakeshore+1000002006 | X7: 7.34 | Y7: =H7*X7 -> 14445.12 | Z7: =Y7*7.75 -> 111949.68 | AA7: 45958 | AB7: 已入系统
A8: 45972 | B8: PWP | C8: 美国 | D8: AE-ZT4062D-LS | E8: 1000002006 | F8: RA368 | G8: =VLOOKUP(F8,名称!A:F,3,FALSE) -> 10款海洋动物套装 | H8: 2520 | I8: =VLOOKUP(F8,名称!A:F,5,0) -> 6 | J8: =VLOOKUP(F8,名称!A:F,6,0) -> 12 | K8: =H8/J8 -> 210 | L8: 46043 | M8: =L8-7 -> 46036 | N8: 46043 | P8: pass | R8: Lakeshore客标准唛 | S8: 外箱贴纸*1 | U8: Lakeshore+1000002006 | X8: 7 | Y8: =H8*X8 -> 17640 | Z8: =Y8*7.75 -> 136710 | AA8: 45958 | AB8: 已入系统
A9: 45966 | B9: PWP | C9: 美国 | D9: AE-ZT8351D-LS | E9: 1000001880 | F9: RA367 | G9: =VLOOKUP(F9,名称!A:F,3,FALSE) -> 农场小动物 | H9: =2520+720-2832 -> 408 | I9: =VLOOKUP(F9,名称!A:F,5,0) -> 6 | J9: =VLOOKUP(F9,名称!A:F,6,0) -> 12 | K9: =H9/J9 -> 34 | L9: 46021 | M9: 45686 | N9: 46043 | P9: pass | R9: Lakeshore客标准唛 | S9: 外箱贴纸*1 | U9: Lakeshore+1000001880 | X9: 7.38 | Y9: =H9*X9 -> 3011.04 | Z9: =Y9*7.75 -> 23335.56 | AA9: 45960 | AB9: 已入系统
A10: 45966 | B10: PWP | C10: 美国 | D10: AE-ZT4059D-LS | E10: 1000001880 | F10: RA369 | G10: =VLOOKUP(F10,名称!A:F,3,FALSE) -> 8款恐龙玩具 | H10: =2520+1080 -> 3600 | I10: =VLOOKUP(F10,名称!A:F,5,0) -> 9 | J10: =VLOOKUP(F10,名称!A:F,6,0) -> 18 | K10: =H10/J10 -> 200 | L10: 46021 | M10: 45686 | N10: 46043 | P10: pass | R10: Lakeshore客标准唛 | S10: 外箱贴纸*1 | U10: Lakeshore+1000001880 | X10: 7.31 | Y10: =H10*X10 -> 26316 | Z10: =Y10*7.75 -> 203949 | AA10: 45960 | AB10: 已入系统
A11: 45981 | B11: PWP | C11: 美国 | D11: AE-PT8573D-LS | E11: 1000002079 | F11: GS673 | G11: =VLOOKUP(F11,名称!A:F,3,FALSE) -> 巨型恐龙组1 | H11: 752 | I11: =VLOOKUP(F11,名称!A:F,5,0) -> 2 | J11: =VLOOKUP(F11,名称!A:F,6,0) -> 4 | K11: =H11/J11 -> 188 | L11: 46065 | M11: 2026/2/5：750pcs 2026/5/5：750pcs | N11: 2/5验752pcs | R11: Lakeshore客标准唛 | S11: 外箱贴纸*1 | U11: Lakeshore+1000002079 | X11: 11.5 | Y11: =H11*X11 -> 8648 | Z11: =Y11*7.75 -> 67022 | AA11: 45961 | AB11: 已入系统
A12: 45981 | B12: PWP | C12: 美国 | D12: AE-PT8574D-LS | E12: 1000002079 | F12: GS675 | G12: =VLOOKUP(F12,名称!A:F,3,FALSE) -> 巨型恐龙组2 | H12: =180+280+292 -> 752 | I12: =VLOOKUP(F12,名称!A:F,5,0) -> 0 | J12: =VLOOKUP(F12,名称!A:F,6,0) -> 4 | K12: =H12/J12 -> 188 | L12: 46065 | M12: 2026/2/5：750pcs 2026/5/5：750pcs | N12: 2/5验752pcs | R12: Lakeshore客标准唛 | S12: 外箱贴纸*1 | U12: Lakeshore+1000002079 | X12: 12 | Y12: =H12*X12 -> 9024 | Z12: =Y12*7.75 -> 69936 | AA12: 45961 | AB12: 已入系统
A13: 45981 | B13: PWP | C13: 美国 | D13: PZ5840-LS | E13: 1000002079 | F13: HH429 | G13: =VLOOKUP(F13,名称!A:F,3,FALSE) -> 恐龙冒险套装 | H13: 3000 | I13: =VLOOKUP(F13,名称!A:F,5,0) -> 0 | J13: =VLOOKUP(F13,名称!A:F,6,0) -> 4 | K13: =H13/J13 -> 750 | L13: 46065 | M13: =L13-7 -> 46058 | R13: Lakeshore客标准唛 | S13: 外箱贴纸*1 | U13: Lakeshore+1000002079 | W13: 背包1/25送达，不用订纸箱 | X13: 4.26 | Y13: =H13*X13 -> 12780 | Z13: =Y13*7.75 -> 99045 | AA13: 45961 | AB13: 已入系统
A14: 45994 | B14: PWP | C14: 美国 | D14: PZ5934-LS | E14: 1000002184 | F14: HH393 | G14: =VLOOKUP(F14,名称!A:F,3,FALSE) -> 奇幻冒险背包 | H14: 3000 | I14: =VLOOKUP(F14,名称!A:F,5,0) -> 0 | J14: =VLOOKUP(F14,名称!A:F,6,0) -> 4 | K14: =H14/J14 -> 750 | L14: 46072 | M14: 46058 | N14: 46056 | R14: Lakeshore客标准唛 | S14: 外箱贴纸*1 | U14: Lakeshore+1000002184 | W14: 背包1/25送达，不用订纸箱 | X14: 4.87 | Y14: =H14*X14 -> 14610 | Z14: =Y14*7.75 -> 113227.5 | AA14: 45962 | AB14: 已入系统
A15: 45994 | B15: PWP | C15: 美国 | D15: P1246/2-LS | E15: 1000002184 | F15: 300OK | G15: =VLOOKUP(F15,名称!A:F,3,FALSE) -> 2颗小树 | H15: 1800 | I15: =VLOOKUP(F15,名称!A:F,5,0) -> 30 | J15: =VLOOKUP(F15,名称!A:F,6,0) -> 180 | K15: =H15/J15 -> 10 | L15: 46072 | M15: =L15-7 -> 46065 | R15: Lakeshore客标准唛 | S15: 外箱贴纸*1 | U15: Lakeshore+1000002184 | X15: 0.36 | Y15: =H15*X15 -> 648 | Z15: =Y15*7.75 -> 5022 | AA15: 45962 | AB15: 已入系统
A16: 45972 | B16: PWP | C16: 美国 | D16: AE-D2116D-LS | E16: 1000002006 | F16: HH992 | G16: =VLOOKUP(F16,名称!A:F,3,FALSE) -> 欧洲家庭 | H16: 1002 | I16: =VLOOKUP(F16,名称!A:F,5,0) -> 0 | J16: =VLOOKUP(F16,名称!A:F,6,0) -> 6 | K16: =H16/J16 -> 167 | L16: 46043 | M16: 2026/2/4:1002pcs 2026/5/2:606pcs | N16: 1/30验1002pcs | P16: pass | R16: Lakeshore客标准唛 | S16: 外箱贴纸*1 | U16: Lakeshore+1000002006 | X16: 4.92 | Y16: =H16*X16 -> 4929.84 | Z16: =Y16*7.75 -> 38206.26 | AA16: 45963 | AB16: 已入系统
A17: 45972 | B17: PWP | C17: 美国 | D17: AE-D2113D-LS | E17: 1000002006 | F17: HH994 | G17: =VLOOKUP(F17,名称!A:F,3,FALSE) -> 西班牙家庭 | H17: 1002 | I17: =VLOOKUP(F17,名称!A:F,5,0) -> 0 | J17: =VLOOKUP(F17,名称!A:F,6,0) -> 6 | K17: =H17/J17 -> 167 | L17: 46043 | M17: 2026/2/4:1002pcs 2026/5/2:600pcs | N17: 2/3验1002pcs | R17: Lakeshore客标准唛 | S17: 外箱贴纸*1 | U17: Lakeshore+1000002006 | X17: 4.92 | Y17: =H17*X17 -> 4929.84 | Z17: =Y17*7.75 -> 38206.26 | AA17: 45963 | AB17: 已入系统
A18: 45966 | B18: PWP | C18: 美国 | D18: AE-D2115D-LS | E18: 1000001879 | F18: HH991 | G18: =VLOOKUP(F18,名称!A:F,3,FALSE) -> 非洲家庭 | H18: 1602 | I18: =VLOOKUP(F18,名称!A:F,5,0) -> 0 | J18: =VLOOKUP(F18,名称!A:F,6,0) -> 6 | K18: =H18/J18 -> 267 | L18: 46036 | M18: 46104 | R18: Lakeshore客标准唛 | S18: 外箱贴纸*1 | U18: Lakeshore+1000001879 | W18: 从MA转入 | X18: 4.72 | Y18: =H18*X18 -> 7561.44 | Z18: =Y18*7.75 -> 58601.16 | AA18: 45975 | AB18: 转单已录
A19: 46001 | B19: PWP | C19: 美国 | D19: 1083DN | E19: 1000002361 | F19: 142BT | G19: =VLOOKUP(F19,名称!A:F,3,FALSE) -> 蝙蝠 | H19: 8640 | I19: =VLOOKUP(F19,名称!A:F,5,0) -> 144 | J19: =VLOOKUP(F19,名称!A:F,6,0) -> 864 | K19: =H19/J19 -> 10 | L19: 46076 | M19: 46094 | R19: Lakeshore客标准唛 | S19: 外箱贴纸*1 | U19: Lakeshore+1000002361 | X19: 0.15 | Y19: =H19*X19 -> 1296 | Z19: =Y19*7.75 -> 10044 | AA19: 45976 | AB19: 已入系统
A20: 46001 | B20: PWP | C20: 美国 | D20: P111D | E20: 1000002361 | F20: 154DS | G20: =VLOOKUP(F20,名称!A:F,3,FALSE) -> 8只小恐龙 | H20: 4000 | I20: =VLOOKUP(F20,名称!A:F,5,0) -> 25 | J20: =VLOOKUP(F20,名称!A:F,6,0) -> 100 | K20: =H20/J20 -> 40 | L20: 46076 | M20: 46094 | R20: Lakeshore客标准唛 | S20: 外箱贴纸*1 | U20: Lakeshore+1000002361 | W20: 总订单4000pcs，8只恐龙，每款恐龙500pcs | X20: 0.21 | Y20: =H20*X20 -> 840 | Z20: =Y20*7.75 -> 6510 | AA20: 45976 | AB20: 已入系统
A21: 46001 | B21: PWP | C21: 美国 | D21: 98DTZ/2-N | E21: 1000002361 | F21: 682TC | G21: =VLOOKUP(F21,名称!A:F,3,FALSE) -> 2只2寸小老虎 | H21: 4000 | I21: =VLOOKUP(F21,名称!A:F,5,0) -> 50 | J21: =VLOOKUP(F21,名称!A:F,6,0) -> 400 | K21: =H21/J21 -> 10 | L21: 46076 | M21: 46094 | R21: Lakeshore客标准唛 | S21: 外箱贴纸*1 | U21: Lakeshore+1000002361 | W21: 总订单4000pcs,每只小老虎：2000pcs | X21: 0.42 | Y21: =H21*X21 -> 1680 | Z21: =Y21*7.75 -> 13020 | AA21: 45976 | AB21: 已入系统
A22: 45840 | B22: PWP | C22: 美国 | D22: AE-D2115D-LS | E22: 1000000721 | F22: HH991 | G22: =VLOOKUP(F22,名称!A:F,3,FALSE) -> 非洲家庭 | H22: =1602-564 -> 1038 | I22: =VLOOKUP(F22,名称!A:F,5,0) -> 0 | J22: =VLOOKUP(F22,名称!A:F,6,0) -> 6 | K22: =H22/J22 -> 173 | L22: 45915 | M22: 46085 | R22: Lakeshore客标准唛 | S22: 外箱贴纸*1 | T22: ="第"&外箱贴纸箱号!A29&"箱至第"&外箱贴纸箱号!B29&"箱" -> 第214273箱至第214539箱 | U22: Lakeshore+1000000721 | W22: 订单抽PSS办6pcs，车间需在大货里挑6套完美办寄给QC检查 | X22: 4.72 | Y22: =H22*X22 -> 4899.36 | Z22: =Y22*7.75 -> 37970.04 | AA22: 45977 | AB22: 转单已录
A23: 45840 | B23: PWP | C23: 美国 | D23: AE-D2116D-LS | E23: 1000000721 | F23: HH992 | G23: =VLOOKUP(F23,名称!A:F,3,FALSE) -> 欧洲家庭 | H23: =1602-612 -> 990 | I23: =VLOOKUP(F23,名称!A:F,5,0) -> 0 | J23: =VLOOKUP(F23,名称!A:F,6,0) -> 6 | K23: =H23/J23 -> 165 | L23: 45915 | M23: 46104 | R23: Lakeshore客标准唛 | S23: 外箱贴纸*1 | T23: ="第"&外箱贴纸箱号!A30&"箱至第"&外箱贴纸箱号!B30&"箱" -> 第214540箱至第214806箱 | U23: Lakeshore+1000000721 | W23: 订单抽PSS办6pcs，车间需在大货里挑6套完美办寄给QC检查 | X23: 4.92 | Y23: =H23*X23 -> 4870.8 | Z23: =Y23*7.75 -> 37748.7 | AA23: 45977 | AB23: 转单已录
A24: 45910 | B24: PWP | C24: 美国 | D24: AE-D2116D-LS | E24: 1000001352 | F24: HH992 | G24: =VLOOKUP(F24,名称!A:F,3,FALSE) -> 欧洲家庭 | H24: 1602 | I24: =VLOOKUP(F24,名称!A:F,5,0) -> 0 | J24: =VLOOKUP(F24,名称!A:F,6,0) -> 6 | K24: =H24/J24 -> 267 | L24: 45995 | M24: 46104 | R24: Lakeshore客标准唛 | S24: 外箱贴纸*1 | T24: ="第"&外箱贴纸箱号!A35&"箱至第"&外箱贴纸箱号!B35&"箱" -> 第215875箱至第216274箱 | U24: Lakeshore+1000001352 | W24: 从MA转入 | X24: 4.92 | Y24: =H24*X24 -> 7881.84 | Z24: =Y24*7.75 -> 61084.26 | AA24: 45978 | AB24: 转单已录
A25: 45966 | B25: PWP | C25: 美国 | D25: D4802D-LS | E25: 1000001879 | F25: DC346 | G25: =VLOOKUP(F25,名称!A:F,3,FALSE) -> 恐龙收藏盒 | H25: =1500-752 -> 748 | I25: =VLOOKUP(F25,名称!A:F,5,0) -> 0 | J25: =VLOOKUP(F25,名称!A:F,6,0) -> 4 | K25: =H25/J25 -> 187 | L25: 46036 | M25: 2026/2/5:750pcs 2026/5/5:750pcs | N25: 2/5验752pcs | R25: Lakeshore客标准唛 | S25: 外箱贴纸*1 | U25: Lakeshore+1000001879 | W25: 从MA转入 | X25: 9.71 | Y25: =H25*X25 -> 7263.08 | Z25: =Y25*7.75 -> 56288.87 | AA25: 45982 | AB25: 已入系统
A26: 45972 | B26: PWP | C26: 美国 | D26: AE-D2116D-LS | E26: 1000002006 | F26: HH992 | G26: =VLOOKUP(F26,名称!A:F,3,FALSE) -> 欧洲家庭 | H26: =1608-1002 -> 606 | I26: =VLOOKUP(F26,名称!A:F,5,0) -> 0 | J26: =VLOOKUP(F26,名称!A:F,6,0) -> 6 | K26: =H26/J26 -> 101 | L26: 46043 | M26: 2026/2/4:1002pcs 2026/5/2:606pcs | N26: 1/30验1002pcs | P26: pass | R26: Lakeshore客标准唛 | S26: 外箱贴纸*1 | U26: Lakeshore+1000002006 | X26: 4.92 | Y26: =H26*X26 -> 2981.52 | Z26: =Y26*7.75 -> 23106.78 | AA26: 45983 | AB26: 已入系统
A27: 45972 | B27: PWP | C27: 美国 | D27: AE-D2114D-LS | E27: 1000002006 | F27: HH993 | G27: =VLOOKUP(F27,名称!A:F,3,FALSE) -> 亚洲家庭 | H27: 1602 | I27: =VLOOKUP(F27,名称!A:F,5,0) -> 0 | J27: =VLOOKUP(F27,名称!A:F,6,0) -> 6 | K27: =H27/J27 -> 267 | L27: 46043 | M27: 46144 | R27: Lakeshore客标准唛 | S27: 外箱贴纸*1 | U27: Lakeshore+1000002006 | X27: 4.92 | Y27: =H27*X27 -> 7881.84 | Z27: =Y27*7.75 -> 61084.26 | AA27: 45983 | AB27: 已入系统
A28: 45972 | B28: PWP | C28: 美国 | D28: AE-D2113D-LS | E28: 1000002006 | F28: HH994 | G28: =VLOOKUP(F28,名称!A:F,3,FALSE) -> 西班牙家庭 | H28: =1602-1002 -> 600 | I28: =VLOOKUP(F28,名称!A:F,5,0) -> 0 | J28: =VLOOKUP(F28,名称!A:F,6,0) -> 6 | K28: =H28/J28 -> 100 | L28: 46043 | M28: 2026/2/4:1002pcs 2026/5/2:600pcs | N28: 2/3验1002pcs | R28: Lakeshore客标准唛 | S28: 外箱贴纸*1 | U28: Lakeshore+1000002006 | X28: 4.92 | Y28: =H28*X28 -> 2952 | Z28: =Y28*7.75 -> 22878 | AA28: 45983 | AB28: 已入系统
A29: 45972 | B29: PWP | C29: 美国 | D29: AE-ZT4060D-LS | E29: 1000002006 | F29: RA362 | G29: =VLOOKUP(F29,名称!A:F,3,FALSE) -> 8款野生动物套装 | H29: =2508-1968 -> 540 | I29: =VLOOKUP(F29,名称!A:F,5,0) -> 6 | J29: =VLOOKUP(F29,名称!A:F,6,0) -> 12 | K29: =H29/J29 -> 45 | L29: 46043 | M29: =L29-7 -> 46036 | N29: 46043 | P29: 等美国确认 | R29: Lakeshore客标准唛 | S29: 外箱贴纸*1 | U29: Lakeshore+1000002006 | X29: 7.34 | Y29: =H29*X29 -> 3963.6 | Z29: =Y29*7.75 -> 30717.9 | AA29: 45983 | AB29: 已入系统
A30: 45840 | B30: PWP | C30: 美国 | D30: AE-D2113D-LS | E30: 1000000721 | F30: HH994 | G30: =VLOOKUP(F30,名称!A:F,3,FALSE) -> 西班牙家庭 | H30: =1602-1026 -> 576 | I30: =VLOOKUP(F30,名称!A:F,5,0) -> 0 | J30: =VLOOKUP(F30,名称!A:F,6,0) -> 6 | K30: =H30/J30 -> 96 | L30: 45915 | M30: 46081 | R30: Lakeshore客标准唛 | S30: 外箱贴纸*1 | T30: ="第"&外箱贴纸箱号!A31&"箱至第"&外箱贴纸箱号!B31&"箱" -> 第214807箱至第215073箱 | U30: Lakeshore+1000000721 | W30: 订单抽PSS办6pcs，车间需在大货里挑6套完美办寄给QC检查 | X30: 4.92 | Y30: =H30*X30 -> 2833.92 | Z30: =Y30*7.75 -> 21962.88 | AA30: 45989 | AB30: 转单已录
A31: 45966 | B31: PWP | C31: 美国 | D31: AE-ZT4060D-LS | E31: 1000001880 | F31: RA362 | G31: =VLOOKUP(F31,名称!A:F,3,FALSE) -> 8款野生动物套装 | H31: =2508+720 -> 3228 | I31: =VLOOKUP(F31,名称!A:F,5,0) -> 6 | J31: =VLOOKUP(F31,名称!A:F,6,0) -> 12 | K31: =H31/J31 -> 269 | L31: 46021 | M31: 46144 | R31: Lakeshore客标准唛 | S31: 外箱贴纸*1 | U31: Lakeshore+1000001880 | W31: 从MA转入 | X31: 7.34 | Y31: =H31*X31 -> 23693.52 | Z31: =Y31*7.75 -> 183624.78 | AA31: 45990 | AB31: 已入系统
A32: 45981 | B32: PWP | C32: 美国 | D32: AE-PT8574D-LS | E32: 1000002079 | F32: GS675 | G32: =VLOOKUP(F32,名称!A:F,3,FALSE) -> 巨型恐龙组2 | H32: =1500-180-280-292 -> 748 | I32: =VLOOKUP(F32,名称!A:F,5,0) -> 0 | J32: =VLOOKUP(F32,名称!A:F,6,0) -> 4 | K32: =H32/J32 -> 187 | L32: 46065 | M32: 2026/2/5：750pcs 2026/5/5：750pcs | N32: 2/5验752pcs | R32: Lakeshore客标准唛 | S32: 外箱贴纸*1 | U32: Lakeshore+1000002079 | X32: 12 | Y32: =H32*X32 -> 8976 | Z32: =Y32*7.75 -> 69564 | AA32: 45991 | AB32: 已入系统
A33: 46129 | B33: PWP | C33: 美国 | D33: 98DTZ/2-N | E33: 1000003117 | F33: 682TC | G33: =VLOOKUP(F33,名称!A:F,3,FALSE) -> 2只2寸小老虎 | H33: 3200 | I33: =VLOOKUP(F33,名称!A:F,5,0) -> 50 | J33: =VLOOKUP(F33,名称!A:F,6,0) -> 400 | K33: =H33/J33 -> 8 | L33: 46186 | M33: 46186 | R33: Lakeshore客标准唛 | S33: 外箱贴纸*1 | U33: Lakeshore+1000003117 | X33: 0.41 | Y33: =H33*X33 -> 1312 | Z33: =Y33*7.75 -> 10168 | AA33: 45995 | AB33: 已入系统
A34: 46129 | B34: PWP | C34: 美国 | D34: AE-D2115D-LS | E34: 1000003117 | F34: HH991 | G34: =VLOOKUP(F34,名称!A:F,3,FALSE) -> 非洲家庭 | H34: 1602 | I34: =VLOOKUP(F34,名称!A:F,5,0) -> 0 | J34: =VLOOKUP(F34,名称!A:F,6,0) -> 6 | K34: =H34/J34 -> 267 | L34: 46186 | M34: 46186 | R34: Lakeshore客标准唛 | S34: 外箱贴纸*1 | U34: Lakeshore+1000003117 | X34: 4.58 | Y34: =H34*X34 -> 7337.16 | Z34: =Y34*7.75 -> 56862.99 | AA34: 45995 | AB34: 已入系统
A35: 46129 | B35: PWP | C35: 美国 | D35: V553D/80-LS | E35: 1000003117 | F35: LM986 | G35: =VLOOKUP(F35,名称!A:F,3,FALSE) -> 桶装野生动物 | H35: 1008 | I35: =VLOOKUP(F35,名称!A:F,5,0) -> 6 | J35: =VLOOKUP(F35,名称!A:F,6,0) -> 24 | K35: =H35/J35 -> 42 | L35: 46186 | M35: 46186 | R35: Lakeshore客标准唛 | S35: 外箱贴纸*1 | U35: Lakeshore+1000003117 | X35: 4.65 | Y35: =H35*X35 -> 4687.2 | Z35: =Y35*7.75 -> 36325.8 | AA35: 45995 | AB35: 已入系统
A36: 46129 | B36: PWP | C36: 美国 | D36: AE-ZT8351D-LS | E36: 1000003117 | F36: RA367 | G36: =VLOOKUP(F36,名称!A:F,3,FALSE) -> 农场小动物 | H36: 6000 | I36: =VLOOKUP(F36,名称!A:F,5,0) -> 6 | J36: =VLOOKUP(F36,名称!A:F,6,0) -> 12 | K36: =H36/J36 -> 500 | L36: 46186 | M36: 46186 | R36: Lakeshore客标准唛 | S36: 外箱贴纸*1 | U36: Lakeshore+1000003117 | X36: 7.38 | Y36: =H36*X36 -> 44280 | Z36: =Y36*7.75 -> 343170 | AA36: 45995 | AB36: 已入系统
A37: 46105 | B37: PWP | C37: 美国 | D37: PZ5840-LS | E37: 1000002790 | F37: HH429 | G37: =VLOOKUP(F37,名称!A:F,3,FALSE) -> 恐龙冒险套装 | H37: 3464 | I37: =VLOOKUP(F37,名称!A:F,5,0) -> 0 | J37: =VLOOKUP(F37,名称!A:F,6,0) -> 4 | K37: =H37/J37 -> 866 | L37: 46204 | M37: 46204 | N37: 46210 | P37: PASS | R37: Lakeshore客标准唛 | S37: 外箱贴纸*1 | U37: Lakeshore+1000002790 | X37: 4.26 | Y37: =H37*X37 -> 14756.64 | Z37: =Y37*7.75 -> 114363.96 | AA37: 45996 | AB37: 已入系统
A38: 46105 | B38: PWP | C38: 美国 | D38: PZ5934-LS | E38: 1000002790 | F38: HH393 | G38: =VLOOKUP(F38,名称!A:F,3,FALSE) -> 奇幻冒险背包 | H38: 3220 | I38: =VLOOKUP(F38,名称!A:F,5,0) -> 0 | J38: =VLOOKUP(F38,名称!A:F,6,0) -> 4 | K38: =H38/J38 -> 805 | L38: 46204 | M38: 46204 | N38: 46210 | P38: PASS | R38: Lakeshore客标准唛 | S38: 外箱贴纸*1 | U38: Lakeshore+1000002790 | X38: 4.87 | Y38: =H38*X38 -> 15681.4 | Z38: =Y38*7.75 -> 121530.85 | AA38: 45996 | AB38: 已入系统
A39: 46105 | B39: PWP | C39: 美国 | D39: PZ5934-LS | E39: 1000002790 | F39: HH393 | G39: =VLOOKUP(F39,名称!A:F,3,FALSE) -> 奇幻冒险背包 | H39: 284 | I39: =VLOOKUP(F39,名称!A:F,5,0) -> 0 | J39: =VLOOKUP(F39,名称!A:F,6,0) -> 4 | K39: =H39/J39 -> 71 | L39: 46204 | M39: 46204 | N39: 46210 | P39: PASS | R39: Lakeshore客标准唛 | S39: 外箱贴纸*1 | U39: Lakeshore+1000002790 | X39: 4.87 | Y39: =H39*X39 -> 1383.08 | Z39: =Y39*7.75 -> 10718.87 | AA39: 45997 | AB39: 已入系统
A40: 46105 | B40: PWP | C40: 美国 | D40: PZ5840-LS | E40: 1000002790 | F40: HH429 | G40: =VLOOKUP(F40,名称!A:F,3,FALSE) -> 恐龙冒险套装 | H40: 3064 | I40: =VLOOKUP(F40,名称!A:F,5,0) -> 0 | J40: =VLOOKUP(F40,名称!A:F,6,0) -> 4 | K40: =H40/J40 -> 766 | L40: 46204 | M40: 46204 | N40: 46210 | P40: PASS | R40: Lakeshore客标准唛 | S40: 外箱贴纸*1 | U40: Lakeshore+1000002790 | X40: 4.26 | Y40: =H40*X40 -> 13052.64 | Z40: =Y40*7.75 -> 101157.96 | AA40: 45997 | AB40: 已入系统
A41: 45910 | B41: PWP | C41: 美国 | D41: AE-D2113D-LS | E41: 1000001352 | F41: HH994 | G41: =VLOOKUP(F41,名称!A:F,3,FALSE) -> 西班牙家庭 | H41: 1602 | I41: =VLOOKUP(F41,名称!A:F,5,0) -> 0 | J41: =VLOOKUP(F41,名称!A:F,6,0) -> 6 | K41: =H41/J41 -> 267 | L41: 45995 | M41: 46104 | N41: 46210 | P41: PASS | R41: Lakeshore客标准唛 | S41: 外箱贴纸*1 | T41: ="第"&外箱贴纸箱号!A36&"箱至第"&外箱贴纸箱号!B36&"箱" -> 第216275箱至第216684箱 | U41: Lakeshore+1000001352 | W41: 从MA转入 | X41: 4.92 | Y41: =H41*X41 -> 7881.84 | Z41: =Y41*7.75 -> 61084.26 | AA41: 45998 | AB41: 转单已录
A42: 45981 | B42: PWP | C42: 美国 | D42: AE-PT8573D-LS | E42: 1000002079 | F42: GS673 | G42: =VLOOKUP(F42,名称!A:F,3,FALSE) -> 巨型恐龙组1 | H42: =1500-752 -> 748 | I42: =VLOOKUP(F42,名称!A:F,5,0) -> 2 | J42: =VLOOKUP(F42,名称!A:F,6,0) -> 4 | K42: =H42/J42 -> 187 | L42: 46065 | M42: 46233 | R42: Lakeshore客标准唛 | S42: 外箱贴纸*1 | U42: Lakeshore+1000002079 | X42: 11.5 | Y42: =H42*X42 -> 8602 | Z42: =Y42*7.75 -> 66665.5 | AA42: 46002 | AB42: 已入系统 | AE42: 1720
A43: 46161 | B43: PWP | C43: 美国 | D43: DR5936-LS | E43: 1000003458 | F43: LC630 | G43: =VLOOKUP(F43,名称!A:F,3,FALSE) -> 26款动物套装 | H43: 1008 | I43: =VLOOKUP(F43,名称!A:F,5,0) -> 0 | J43: =VLOOKUP(F43,名称!A:F,6,0) -> 12 | K43: =H43/J43 -> 84 | L43: 46232 | M43: =L43-7 -> 46225 | N43: 首次PSS,请特别提前两星期安排 | R43: Lakeshore客标准唛 | U43: Lakeshore+1000003458 | X43: 5.45 | Y43: =H43*X43 -> 5493.6 | Z43: =Y43*7.75 -> 42575.4 | AA43: 46003 | AB43: 未有BOM | AE43: 1720
A44: 46161 | B44: PWP | C44: 美国 | D44: AE-ZT4060D-LS | E44: 1000003458 | F44: RA362 | G44: =VLOOKUP(F44,名称!A:F,3,FALSE) -> 8款野生动物套装 | H44: 2508 | I44: =VLOOKUP(F44,名称!A:F,5,0) -> 6 | J44: =VLOOKUP(F44,名称!A:F,6,0) -> 12 | K44: =H44/J44 -> 209 | L44: 46232 | M44: =L44-7 -> 46225 | R44: Lakeshore客标准唛 | U44: Lakeshore+1000003458 | X44: 7.19 | Y44: =H44*X44 -> 18032.52 | Z44: =Y44*7.75 -> 139752.03 | AA44: 46003 | AB44: 已入系统 | AE44: 1720
A45: 46161 | B45: PWP | C45: 美国 | D45: AE-ZT4059D-LS | E45: 1000003458 | F45: RA369 | G45: =VLOOKUP(F45,名称!A:F,3,FALSE) -> 8款恐龙玩具 | H45: 2520 | I45: =VLOOKUP(F45,名称!A:F,5,0) -> 9 | J45: =VLOOKUP(F45,名称!A:F,6,0) -> 18 | K45: =H45/J45 -> 140 | L45: 46232 | M45: =L45-7 -> 46225 | R45: Lakeshore客标准唛 | U45: Lakeshore+1000003458 | X45: 7.16 | Y45: =H45*X45 -> 18043.2 | Z45: =Y45*7.75 -> 139834.8 | AA45: 46003 | AB45: 已入系统 | AE45: 1720
Y46: =H46*X46 -> 0 | Z46: =Y46*7.75 -> 0
Y47: =H47*X47 -> 0 | Z47: =Y47*7.75 -> 0
Y48: =H48*X48 -> 0 | Z48: =Y48*7.75 -> 0
Y49: =H49*X49 -> 0 | Z49: =Y49*7.75 -> 0
Y50: =H50*X50 -> 0 | Z50: =Y50*7.75 -> 0
G51: 合计 | H51: =SUM(H1:H50) -> 88268 | K51: =SUM(K1:K50) -> 10326 | Y51: =SUM(Y1:Y50) -> 428464.52 | Z51: =SUM(Z1:Z50) -> 3320600

Sheet 取消单
A1: 接单期 | B1: 客名 | C1: 国家 | D1: Customer | E1: PO号 | F1: 货号 | G1: 产品名称 | H1: 数量 | I1: 内箱 | J1: 外箱 | K1: 总箱数 | L1: 客PO期 | M1: 出货期 | N1: 验货期 | O1: 验货/抽板 地点 | P1: 验货结果 | Q1: 船期SO | R1: 箱唛 | S1: 贴纸 | T1: 客供物料 | U1: 包装版本 | V1: 日期码 | W1: 备注 | X1: 单价USD | Y1: 金额USD | Z1: 金额HKD | AA1: 发票号 | AB1: 是否入系统
A2: 45614 | B2: PWP | C2: 美国 | D2: AE-ZT8351D-LS | F2: RA367 | G2: =VLOOKUP(F2,名称!A:F,3,FALSE) -> 农场小动物 | H2: =5140-2520-2520-100 -> 0 | I2: =VLOOKUP(F2,名称!A:F,5,0) -> 6 | J2: =VLOOKUP(F2,名称!A:F,6,0) -> 12 | K2: =H2/J2 -> 0 | X2: 7.38 | Y2: =H2*X2 -> 0 | Z2: =Y2*7.75 -> 0
A3: 45614 | B3: PWP | C3: 美国 | D3: AE-PT8574D-LS | F3: GS675 | G3: =VLOOKUP(F3,名称!A:F,3,FALSE) -> 巨型恐龙组2 | H3: =5000-1500-1500-1500-500 -> 0 | I3: =VLOOKUP(F3,名称!A:F,5,0) -> 0 | J3: =VLOOKUP(F3,名称!A:F,6,0) -> 4 | K3: =H3/J3 -> 0 | X3: 12 | Y3: =H3*X3 -> 0 | Z3: =Y3*7.75 -> 0
A4: 45614 | B4: PWP | C4: 美国 | D4: D4802D-LS | F4: DC346 | G4: =VLOOKUP(F4,名称!A:F,3,FALSE) -> 恐龙收藏盒 | H4: =5000-1500-1600-1500-400 -> 0 | I4: =VLOOKUP(F4,名称!A:F,5,0) -> 0 | J4: =VLOOKUP(F4,名称!A:F,6,0) -> 4 | K4: =H4/J4 -> 0 | X4: 9.71 | Y4: =H4*X4 -> 0 | Z4: =Y4*7.75 -> 0
A5: 45791 | B5: PWP | C5: 美国 | D5: AE-PT8573D-LS | F5: GS673 | G5: =VLOOKUP(F5,名称!A:F,3,FALSE) -> 巨型恐龙组1 | H5: =3000-1500-1500 -> 0 | I5: =VLOOKUP(F5,名称!A:F,5,0) -> 2 | J5: =VLOOKUP(F5,名称!A:F,6,0) -> 4 | K5: =H5/J5 -> 0 | X5: 11.5 | Y5: =H5*X5 -> 0 | Z5: =Y5*7.75 -> 0
A6: 45791 | B6: PWP | C6: 美国 | D6: AE-ZT4062D-LS | F6: RA368 | G6: =VLOOKUP(F6,名称!A:F,3,FALSE) -> 10款海洋动物套装 | H6: =2520-2520 -> 0 | I6: =VLOOKUP(F6,名称!A:F,5,0) -> 6 | J6: =VLOOKUP(F6,名称!A:F,6,0) -> 12 | K6: =H6/J6 -> 0 | X6: 7 | Y6: =H6*X6 -> 0 | Z6: =Y6*7.75 -> 0
A7: 45841 | B7: PWP | C7: 美国 | D7: AE-ZT4060D-LS | F7: RA362 | G7: =VLOOKUP(F7,名称!A:F,3,FALSE) -> 8款野生动物套装 | H7: =5016-2508-2508 -> 0 | I7: =VLOOKUP(F7,名称!A:F,5,0) -> 6 | J7: =VLOOKUP(F7,名称!A:F,6,0) -> 12 | K7: =H7/J7 -> 0 | X7: 7.34 | Y7: =H7*X7 -> 0 | Z7: =Y7*7.75 -> 0
A8: 45614 | B8: PWP | C8: 美国 | D8: AE-ZT4059D-LS | F8: RA369 | G8: =VLOOKUP(F8,名称!A:F,3,FALSE) -> 8款恐龙玩具 | H8: =5140-2016-504-2520-100 -> 0 | I8: =VLOOKUP(F8,名称!A:F,5,0) -> 9 | J8: =VLOOKUP(F8,名称!A:F,6,0) -> 18 | K8: =H8/J8 -> 0 | X8: 7.31 | Y8: =H8*X8 -> 0 | Z8: =Y8*7.75 -> 0
Y9: =H9*X9 -> 0 | Z9: =Y9*7.75 -> 0
Y10: =H10*X10 -> 0 | Z10: =Y10*7.75 -> 0
Y11: =H11*X11 -> 0 | Z11: =Y11*7.75 -> 0
Y12: =H12*X12 -> 0 | Z12: =Y12*7.75 -> 0
G13: 合计 | H13: =SUM(H2:H12) -> 0 | K13: =SUM(K2:K12) -> 0 | Y13: =SUM(Y2:Y12) -> 0 | Z13: =SUM(Z2:Z12) -> 0

Sheet MA
A1: 接单期 | B1: 客名 | C1: 国家 | D1: Customer | E1: PO号 | F1: 货号 | G1: 产品名称 | H1: 数量 | I1: 内箱 | J1: 外箱 | K1: 总箱数 | L1: 客PO期 | M1: 出货期 | N1: 验货期 | O1: 验货/抽板 地点 | P1: 验货结果 | Q1: 船期SO | R1: 箱唛 | S1: 贴纸 | T1: 客供物料 | U1: 包装版本 | V1: 日期码 | W1: 备注 | X1: 单价USD | Y1: 金额USD | Z1: 金额HKD | AA1: 发票号 | AB1: 是否入系统
A2: 45614 | B2: PWP | C2: 美国 | D2: AE-D2115D-LS | F2: HH991 | G2: =VLOOKUP(F2,名称!A:F,3,FALSE) -> 非洲家庭 | H2: =5000-1602-1602-1602 -> 194 | I2: =VLOOKUP(F2,名称!A:F,5,0) -> 0 | J2: =VLOOKUP(F2,名称!A:F,6,0) -> 6 | K2: =H2/J2 -> 32.333333 | X2: 4.72 | Y2: =H2*X2 -> 915.68 | Z2: =Y2*7.75 -> 7096.52 | AB2: 已入系统
A3: 45614 | B3: PWP | C3: 美国 | D3: AE-D2116D-LS | F3: HH992 | G3: =VLOOKUP(F3,名称!A:F,3,FALSE) -> 欧洲家庭 | H3: =5000-1602-1602-1602 -> 194 | I3: =VLOOKUP(F3,名称!A:F,5,0) -> 0 | J3: =VLOOKUP(F3,名称!A:F,6,0) -> 6 | K3: =H3/J3 -> 32.333333 | X3: 4.92 | Y3: =H3*X3 -> 954.48 | Z3: =Y3*7.75 -> 7397.22 | AB3: 已入系统
A4: 45614 | B4: PWP | C4: 美国 | D4: AE-D2114D-LS | F4: HH993 | G4: =VLOOKUP(F4,名称!A:F,3,FALSE) -> 亚洲家庭 | H4: =5000-612-1602-990 -> 1796 | I4: =VLOOKUP(F4,名称!A:F,5,0) -> 0 | J4: =VLOOKUP(F4,名称!A:F,6,0) -> 6 | K4: =H4/J4 -> 299.33333 | X4: 4.92 | Y4: =H4*X4 -> 8836.32 | Z4: =Y4*7.75 -> 68481.48 | AB4: 已入系统
A5: 45614 | B5: PWP | C5: 美国 | D5: AE-D2113D-LS | F5: HH994 | G5: =VLOOKUP(F5,名称!A:F,3,FALSE) -> 西班牙家庭 | H5: =5000-1602-1602-1602 -> 194 | I5: =VLOOKUP(F5,名称!A:F,5,0) -> 0 | J5: =VLOOKUP(F5,名称!A:F,6,0) -> 6 | K5: =H5/J5 -> 32.333333 | X5: 4.92 | Y5: =H5*X5 -> 954.48 | Z5: =Y5*7.75 -> 7397.22 | AB5: 已入系统
A6: 45614 | B6: PWP | C6: 美国 | D6: PZ5934-LS | F6: HH393 | G6: =VLOOKUP(F6,名称!A:F,3,FALSE) -> 奇幻冒险背包 | H6: =6100-1700-1300 -> 3100 | I6: =VLOOKUP(F6,名称!A:F,5,0) -> 0 | J6: =VLOOKUP(F6,名称!A:F,6,0) -> 4 | K6: =H6/J6 -> 775 | X6: 12.82 | Y6: =H6*X6 -> 39742 | Z6: =Y6*7.75 -> 308000.5
A7: 45614 | B7: PWP | C7: 美国 | D7: DR5936-LS | F7: LC630 | G7: =VLOOKUP(F7,名称!A:F,3,FALSE) -> 26款动物套装 | H7: =5140-1008 -> 4132 | I7: =VLOOKUP(F7,名称!A:F,5,0) -> 0 | J7: =VLOOKUP(F7,名称!A:F,6,0) -> 12 | K7: =H7/J7 -> 344.33333 | X7: 5.45 | Y7: =H7*X7 -> 22519.4 | Z7: =Y7*7.75 -> 174525.35
A8: 45791 | B8: PWP | C8: 美国 | D8: V553D/80-LS | F8: LM986 | G8: =VLOOKUP(F8,名称!A:F,3,FALSE) -> 桶装野生动物 | H8: =4032-1008 -> 3024 | I8: =VLOOKUP(F8,名称!A:F,5,0) -> 6 | J8: =VLOOKUP(F8,名称!A:F,6,0) -> 24 | K8: =H8/J8 -> 126 | X8: 4.65 | Y8: =H8*X8 -> 14061.6 | Z8: =Y8*7.75 -> 108977.4
A9: 45863 | B9: PWP | C9: 美国 | D9: AE-D2114D-LS | F9: HH993 | G9: =VLOOKUP(F9,名称!A:F,3,FALSE) -> 亚洲家庭 | H9: 2202 | I9: =VLOOKUP(F9,名称!A:F,5,0) -> 0 | J9: =VLOOKUP(F9,名称!A:F,6,0) -> 6 | K9: =H9/J9 -> 367 | X9: 4.92 | Y9: =H9*X9 -> 10833.84 | Z9: =Y9*7.75 -> 83962.26
A10: 45863 | B10: PWP | C10: 美国 | D10: AE-ZT4062D-LS | F10: RA368 | G10: =VLOOKUP(F10,名称!A:F,3,FALSE) -> 10款海洋动物套装 | H10: =4920 -> 4920 | I10: =VLOOKUP(F10,名称!A:F,5,0) -> 6 | J10: =VLOOKUP(F10,名称!A:F,6,0) -> 12 | K10: =H10/J10 -> 410 | X10: 7 | Y10: =H10*X10 -> 34440 | Z10: =Y10*7.75 -> 266910
A11: 45901 | B11: PWP | C11: 美国 | D11: PZ5934-LS | F11: HH393 | G11: =VLOOKUP(F11,名称!A:F,3,FALSE) -> 奇幻冒险背包 | H11: =6500-1500-284-3220 -> 1496 | I11: =VLOOKUP(F11,名称!A:F,5,0) -> 0 | J11: =VLOOKUP(F11,名称!A:F,6,0) -> 4 | K11: =H11/J11 -> 374 | X11: 12.82 | Y11: =H11*X11 -> 19178.72 | Z11: =Y11*7.75 -> 148635.08
A12: 45930 | B12: PWP | C12: 美国 | D12: P318D/5 | F12: 376MM | G12: =VLOOKUP(F12,名称!A:F,3,FALSE) -> 蝴蝶生长套装 | H12: =4320-1440 -> 2880 | I12: =VLOOKUP(F12,名称!A:F,5,0) -> 72 | J12: =VLOOKUP(F12,名称!A:F,6,0) -> 288 | K12: =H12/J12 -> 10 | X12: 1.01 | Y12: =H12*X12 -> 2908.8 | Z12: =Y12*7.75 -> 22543.2 | AB12: 已入系统
A13: 46204 | B13: PWP | C13: 美国 | D13: D4802D-LS | F13: DC346 | G13: =VLOOKUP(F13,名称!A:F,3,FALSE) -> 恐龙收藏盒 | H13: =4500-1500 -> 3000 | I13: =VLOOKUP(F13,名称!A:F,5,0) -> 0 | J13: =VLOOKUP(F13,名称!A:F,6,0) -> 4 | K13: =H13/J13 -> 750 | X13: 9.71 | Y13: =H13*X13 -> 29130 | Z13: =Y13*7.75 -> 225757.5
A14: 46204 | B14: PWP | C14: 美国 | D14: AE-ZT4062D-LS | F14: RA368 | G14: =VLOOKUP(F14,名称!A:F,3,FALSE) -> 10款海洋动物套装 | H14: =5040-2520 -> 2520 | I14: =VLOOKUP(F14,名称!A:F,5,0) -> 6 | J14: =VLOOKUP(F14,名称!A:F,6,0) -> 12 | K14: =H14/J14 -> 210 | X14: 6.79 | Y14: =H14*X14 -> 17110.8 | Z14: =Y14*7.75 -> 132608.7
A15: 46204 | B15: PWP | C15: 美国 | D15: AE-ZT4059D-LS | F15: RA369 | G15: =VLOOKUP(F15,名称!A:F,3,FALSE) -> 8款恐龙玩具 | H15: =5040-2520 -> 2520 | I15: =VLOOKUP(F15,名称!A:F,5,0) -> 9 | J15: =VLOOKUP(F15,名称!A:F,6,0) -> 18 | K15: =H15/J15 -> 140 | X15: 7.16 | Y15: =H15*X15 -> 18043.2 | Z15: =Y15*7.75 -> 139834.8
Y16: =H16*X16 -> 0 | Z16: =Y16*7.75 -> 0
Y17: =H17*X17 -> 0 | Z17: =Y17*7.75 -> 0
Y18: =H18*X18 -> 0 | Z18: =Y18*7.75 -> 0
Y19: =H19*X19 -> 0 | Z19: =Y19*7.75 -> 0
Y20: =H20*X20 -> 0 | Z20: =Y20*7.75 -> 0
G21: 合计 | H21: =SUM(H2:H20) -> 32172 | K21: =SUM(K2:K20) -> 3902.6667 | Y21: =SUM(Y2:Y20) -> 219629.32 | Z21: =SUM(Z2:Z20) -> 1702127.2

Sheet 外箱贴纸箱号
A1: 开始箱数 From | B1: 结束箱数 Up to | C1: PWP货号 | D1: 客货号 | E1: 订单总箱数 Total CTN | F1: 产品条码 UPC/EAN | G1: 产品描述 DESCRIPTION | H1: 装箱数 CASE PACK | I1: 订单号PO# | J1: S/C No. | K1: Shipdate | L1: 订单数量 | M1: 供应商
A2: 208138 | B2: =A2+E2-1 -> 208562 | C2: PZ5934-LS | D2: =VLOOKUP(C2,[1]ref!A:D,2,FALSE) -> HH393 | E2: =L2/H2 -> 425 | F2: =VLOOKUP(D2,[1]ref!B:D,2,FALSE) -> 633682140063 | G2: =VLOOKUP(D2,[1]ref!B:D,3,FALSE) -> FANTASY ADVENTURE SET | H2: =VLOOKUP(D2,[1]ref!B:E,4,FALSE) -> 4 | I2: CBE471 | K2: 45660 | L2: 1700 | M2: RR
A3: =B2+1 -> 208563 | B3: =B2+E3 -> 208887 | C3: PZ5934-LS | D3: =VLOOKUP(C3,[1]ref!A:D,2,FALSE) -> HH393 | E3: =L3/H3 -> 325 | F3: =VLOOKUP(D3,[1]ref!B:D,2,FALSE) -> 633682140063 | G3: =VLOOKUP(D3,[1]ref!B:D,3,FALSE) -> FANTASY ADVENTURE SET | H3: =VLOOKUP(D3,[1]ref!B:E,4,FALSE) -> 4 | I3: KAR812 | K3: 45661 | L3: 1300 | M3: RR
A4: =B3+1 -> 208888 | B4: =B3+E4 -> 209097 | C4: AE-ZT8351D-LS | D4: =VLOOKUP(C4,[1]ref!A:D,2,FALSE) -> RA367 | E4: =L4/H4 -> 210 | F4: =VLOOKUP(D4,[1]ref!B:D,2,FALSE) -> 754046835101 | G4: =VLOOKUP(D4,[1]ref!B:D,3,FALSE) -> BEST-BUY FARM ANIMAL SET | H4: =VLOOKUP(D4,[1]ref!B:E,4,FALSE) -> 12 | I4: CBE541 | K4: 45661 | L4: 2520 | M4: RR
A5: =B4+1 -> 209098 | B5: =B4+E5 -> 209306 | C5: AE-ZT4060D-LS | D5: =VLOOKUP(C5,[1]ref!A:D,2,FALSE) -> RA362 | E5: =L5/H5 -> 209 | F5: =VLOOKUP(D5,[1]ref!B:D,2,FALSE) -> 500000080779 | G5: =VLOOKUP(D5,[1]ref!B:D,3,FALSE) -> SOFT WILD ANIMALS SET | H5: =VLOOKUP(D5,[1]ref!B:E,4,FALSE) -> 12 | I5: CBE541 | K5: 45661 | L5: 2508 | M5: RR
A6: =B5+1 -> 209307 | B6: =B5+E6 -> 209408 | C6: AE-D2114D-LS | D6: =VLOOKUP(C6,[1]ref!A:D,2,FALSE) -> HH993 | E6: =L6/H6 -> 102 | F6: =VLOOKUP(D6,[1]ref!B:D,2,FALSE) -> 633682112879 | G6: =VLOOKUP(D6,[1]ref!B:D,3,FALSE) -> ASIAN SOFT FAMILY SET | H6: =VLOOKUP(D6,[1]ref!B:E,4,FALSE) -> 6 | I6: CBE541 | K6: 45661 | L6: =1602-990 -> 612 | M6: RR
A7: =B6+1 -> 209409 | B7: =B6+E7 -> 209783 | C7: D4802D-LS | D7: =VLOOKUP(C7,[1]ref!A:D,2,FALSE) -> DC346 | E7: =L7/H7 -> 375 | F7: =VLOOKUP(D7,[1]ref!B:D,2,FALSE) -> 500000248797 | G7: =VLOOKUP(D7,[1]ref!B:D,3,FALSE) -> CLASSIC DINOSAUR COLLECTION | H7: =VLOOKUP(D7,[1]ref!B:E,4,FALSE) -> 4 | I7: CBE541 | K7: 45687 | L7: 1500 | M7: RR
A8: =B7+1 -> 209784 | B8: =B7+E8 -> 210158 | C8: AE-PT8574D-LS | D8: =VLOOKUP(C8,[1]ref!A:D,2,FALSE) -> GS675 | E8: =L8/H8 -> 375 | F8: =VLOOKUP(D8,[1]ref!B:D,2,FALSE) -> 500000080748 | G8: =VLOOKUP(D8,[1]ref!B:D,3,FALSE) -> SOFT DINOSAURS - 2 | H8: =VLOOKUP(D8,[1]ref!B:E,4,FALSE) -> 4 | I8: CBE593 | K8: 45687 | L8: 1500 | M8: RR
A9: =B8+1 -> 210159 | B9: =B8+E9 -> 210270 | C9: AE-ZT4059D-LS | D9: =VLOOKUP(C9,[1]ref!A:D,2,FALSE) -> RA369 | E9: =L9/H9 -> 112 | F9: =VLOOKUP(D9,[1]ref!B:D,2,FALSE) -> 500000080762 | G9: =VLOOKUP(D9,[1]ref!B:D,3,FALSE) -> SOFT & SQUEEZY DINOSAURS | H9: =VLOOKUP(D9,[1]ref!B:E,4,FALSE) -> 18 | I9: CBE593 | K9: 45660 | L9: =2520-504 -> 2016 | M9: RR
A10: =B9+1 -> 210271 | B10: =B9+E10 -> 210537 | C10: AE-D2115D-LS | D10: =VLOOKUP(C10,[1]ref!A:D,2,FALSE) -> HH991 | E10: =L10/H10 -> 267 | F10: =VLOOKUP(D10,[1]ref!B:D,2,FALSE) -> 633682111193 | G10: =VLOOKUP(D10,[1]ref!B:D,3,FALSE) -> BLACK SOFT FAMILY SET | H10: =VLOOKUP(D10,[1]ref!B:E,4,FALSE) -> 6 | I10: KAR929 | K10: 45688 | L10: 1602 | M10: RR
A11: =B10+1 -> 210538 | B11: =B10+E11 -> 210804 | C11: AE-D2116D-LS | D11: =VLOOKUP(C11,[1]ref!A:D,2,FALSE) -> HH992 | E11: =L11/H11 -> 267 | F11: =VLOOKUP(D11,[1]ref!B:D,2,FALSE) -> 633682112619 | G11: =VLOOKUP(D11,[1]ref!B:D,3,FALSE) -> WHITE SOFT FAMILY SET | H11: =VLOOKUP(D11,[1]ref!B:E,4,FALSE) -> 6 | I11: KAR929 | K11: 45688 | L11: 1602 | M11: RR
A12: =B11+1 -> 210805 | B12: =B11+E12 -> 211071 | C12: AE-D2114D-LS | D12: =VLOOKUP(C12,[1]ref!A:D,2,FALSE) -> HH993 | E12: =L12/H12 -> 267 | F12: =VLOOKUP(D12,[1]ref!B:D,2,FALSE) -> 633682112879 | G12: =VLOOKUP(D12,[1]ref!B:D,3,FALSE) -> ASIAN SOFT FAMILY SET | H12: =VLOOKUP(D12,[1]ref!B:E,4,FALSE) -> 6 | I12: KAR929 | K12: 45688 | L12: 1602 | M12: RR
A13: =B12+1 -> 211072 | B13: =B12+E13 -> 211338 | C13: AE-D2113D-LS | D13: =VLOOKUP(C13,[1]ref!A:D,2,FALSE) -> HH994 | E13: =L13/H13 -> 267 | F13: =VLOOKUP(D13,[1]ref!B:D,2,FALSE) -> 633682113012 | G13: =VLOOKUP(D13,[1]ref!B:D,3,FALSE) -> HISPANIC SOFT FAMILY SET | H13: =VLOOKUP(D13,[1]ref!B:E,4,FALSE) -> 6 | I13: KAR929 | K13: 45688 | L13: 1602 | M13: RR
A14: =B13+1 -> 211339 | B14: =B13+E14 -> 211547 | C14: AE-ZT4060D-LS | D14: =VLOOKUP(C14,[1]ref!A:D,2,FALSE) -> RA362 | E14: =L14/H14 -> 209 | F14: =VLOOKUP(D14,[1]ref!B:D,2,FALSE) -> 500000080779 | G14: =VLOOKUP(D14,[1]ref!B:D,3,FALSE) -> SOFT WILD ANIMALS SET | H14: =VLOOKUP(D14,[1]ref!B:E,4,FALSE) -> 12 | I14: KAR929 | K14: 45688 | L14: 2508 | M14: RR
A15: =B14+1 -> 211548 | B15: =B14+E15 -> 211631 | C15: DR5936-LS | D15: =VLOOKUP(C15,[1]ref!A:D,2,FALSE) -> LC630 | E15: =L15/H15 -> 84 | F15: =VLOOKUP(D15,[1]ref!B:D,2,FALSE) -> 633682141084 | G15: =VLOOKUP(D15,[1]ref!B:D,3,FALSE) -> ANIMAL PLAYSET | H15: =VLOOKUP(D15,[1]ref!B:E,4,FALSE) -> 12 | I15: KAR929 | K15: 45688 | L15: 1008 | M15: RR
A16: =B15+1 -> 211632 | B16: =B15+E16 -> 211641 | C16: 1083DN | D16: =VLOOKUP(C16,[1]ref!A:D,2,FALSE) -> 142BT | E16: =L16/H16 -> 10 | F16: =VLOOKUP(D16,[1]ref!B:D,2,FALSE) -> 754046108304 | G16: =VLOOKUP(D16,[1]ref!B:D,3,FALSE) -> 5.5"PVC BLACK BAT | H16: =VLOOKUP(D16,[1]ref!B:E,4,FALSE) -> 864 | I16: CBF400 | K16: 45761 | L16: 8640 | M16: RR
A17: =B16+1 -> 211642 | B17: =B16+E17 -> 211647 | C17: 98DTZ/2-N | D17: =VLOOKUP(C17,[1]ref!A:D,2,FALSE) -> 682TC | E17: =L17/H17 -> 6 | F17: =VLOOKUP(D17,[1]ref!B:D,2,FALSE) -> 754046006822 | G17: =VLOOKUP(D17,[1]ref!B:D,3,FALSE) -> TIGER CUBS | H17: =VLOOKUP(D17,[1]ref!B:E,4,FALSE) -> 400 | I17: CBF400 | K17: 45761 | L17: 2400 | M17: RR
A18: =B17+1 -> 211648 | B18: =B17+E18 -> 211651 | C18: P532D/100 | D18: =VLOOKUP(C18,[1]ref!A:D,2,FALSE) -> 856T1 | E18: =L18/H18 -> 4 | F18: =VLOOKUP(D18,[1]ref!B:D,2,FALSE) -> 754046532406 | G18: =VLOOKUP(D18,[1]ref!B:D,3,FALSE) -> SMALL TURTLES | H18: =VLOOKUP(D18,[1]ref!B:E,4,FALSE) -> 1200 | I18: CBF400 | K18: 45761 | L18: 4800 | M18: RR
A19: =B18+1 -> 211652 | B19: =B18+E19 -> 211816 | C19: AE-D2114D-LS | D19: =VLOOKUP(C19,[1]ref!A:D,2,FALSE) -> HH993 | E19: =L19/H19 -> 165 | F19: =VLOOKUP(D19,[1]ref!B:D,2,FALSE) -> 633682112879 | G19: =VLOOKUP(D19,[1]ref!B:D,3,FALSE) -> ASIAN SOFT FAMILY SET | H19: =VLOOKUP(D19,[1]ref!B:E,4,FALSE) -> 6 | I19: CBE541 | K19: 45761 | L19: 990 | M19: RR
A20: =B19+1 -> 211817 | B20: =B19+E20 -> 212191 | C20: AE-PT8573D-LS | D20: =VLOOKUP(C20,[1]ref!A:D,2,FALSE) -> GS673 | E20: =L20/H20 -> 375 | F20: =VLOOKUP(D20,[1]ref!B:D,2,FALSE) -> 007492000068 | G20: =VLOOKUP(D20,[1]ref!B:D,3,FALSE) -> SOFT DINOSAURS - 1 | H20: =VLOOKUP(D20,[1]ref!B:E,4,FALSE) -> 4 | I20: 1000000271 | K20: 45761 | L20: 1500 | M20: RR
A21: =B20+1 -> 212192 | B21: =B20+E21 -> 212566 | C21: AE-PT8574D-LS | D21: =VLOOKUP(C21,[1]ref!A:D,2,FALSE) -> GS675 | E21: =L21/H21 -> 375 | F21: =VLOOKUP(D21,[1]ref!B:D,2,FALSE) -> 500000080748 | G21: =VLOOKUP(D21,[1]ref!B:D,3,FALSE) -> SOFT DINOSAURS - 2 | H21: =VLOOKUP(D21,[1]ref!B:E,4,FALSE) -> 4 | I21: 1000000271 | K21: 45761 | L21: 1500 | M21: RR
A22: =B21+1 -> 212567 | B22: =B21+E22 -> 212608 | C22: V553D/80-LS | D22: =VLOOKUP(C22,[1]ref!A:D,2,FALSE) -> LM986 | E22: =L22/H22 -> 42 | F22: =VLOOKUP(D22,[1]ref!B:D,2,FALSE) -> 633682136417 | G22: =VLOOKUP(D22,[1]ref!B:D,3,FALSE) -> WILD ANIMAL COUNTERS | H22: =VLOOKUP(D22,[1]ref!B:E,4,FALSE) -> 24 | I22: 1000000271 | K22: 45761 | L22: 1008 | M22: RR
A23: =B22+1 -> 212609 | B23: =B22+E23 -> 212818 | C23: AE-ZT4062D-LS | D23: =VLOOKUP(C23,[1]ref!A:D,2,FALSE) -> RA368 | E23: =L23/H23 -> 210 | F23: =VLOOKUP(D23,[1]ref!B:D,2,FALSE) -> 500000080786 | G23: =VLOOKUP(D23,[1]ref!B:D,3,FALSE) -> SOFT OCEAN ANIMALS SET | H23: =VLOOKUP(D23,[1]ref!B:E,4,FALSE) -> 12 | I23: 1000000271 | K23: 45761 | L23: 2520 | M23: RR
A24: =B23+1 -> 212819 | B24: =B23+E24 -> 212846 | C24: AE-ZT4059D-LS | D24: =VLOOKUP(C24,[1]ref!A:D,2,FALSE) -> RA369 | E24: =L24/H24 -> 28 | F24: =VLOOKUP(D24,[1]ref!B:D,2,FALSE) -> 500000080762 | G24: =VLOOKUP(D24,[1]ref!B:D,3,FALSE) -> SOFT & SQUEEZY DINOSAURS | H24: =VLOOKUP(D24,[1]ref!B:E,4,FALSE) -> 18 | I24: CBE593 | K24: 45761 | L24: 504 | M24: RR
A25: =B24+1 -> 212847 | B25: =B24+E25 -> 213361 | C25: PZ5840-LS | D25: =VLOOKUP(C25,[1]ref!A:D,2,FALSE) -> HH429 | E25: =L25/H25 -> 515 | F25: =VLOOKUP(D25,[1]ref!B:D,2,FALSE) -> 633682032085 | G25: =VLOOKUP(D25,[1]ref!B:D,3,FALSE) -> DINOSAURS ADVENTURE SET | H25: =VLOOKUP(D25,[1]ref!B:E,4,FALSE) -> 4 | I25: 1000000520 | K25: 45761 | L25: 2060 | M25: RR
A26: =B25+1 -> 213362 | B26: =B25+E26 -> 213571 | C26: AE-ZT8351D-LS | D26: =VLOOKUP(C26,[1]ref!A:D,2,FALSE) -> RA367 | E26: =L26/H26 -> 210 | F26: =VLOOKUP(D26,[1]ref!B:D,2,FALSE) -> 754046835101 | G26: =VLOOKUP(D26,[1]ref!B:D,3,FALSE) -> BEST-BUY FARM ANIMAL SET | H26: =VLOOKUP(D26,[1]ref!B:E,4,FALSE) -> 12 | I26: 1000000520 | K26: 45661 | L26: 2520 | M26: RR
A27: =B26+1 -> 213572 | B27: =B26+E27 -> 213932 | C27: PZ5840-LS | D27: =VLOOKUP(C27,[1]ref!A:D,2,FALSE) -> HH429 | E27: =L27/H27 -> 361 | F27: =VLOOKUP(D27,[1]ref!B:D,2,FALSE) -> 633682032085 | G27: =VLOOKUP(D27,[1]ref!B:D,3,FALSE) -> DINOSAURS ADVENTURE SET | H27: =VLOOKUP(D27,[1]ref!B:E,4,FALSE) -> 4 | I27: 1000000521 | K27: 45761 | L27: 1444 | M27: RR
A28: =B27+1 -> 213933 | B28: =B27+E28 -> 214272 | C28: AE-ZT8351D-LS | D28: =VLOOKUP(C28,[1]ref!A:D,2,FALSE) -> RA367 | E28: =L28/H28 -> 340 | F28: =VLOOKUP(D28,[1]ref!B:D,2,FALSE) -> 754046835101 | G28: =VLOOKUP(D28,[1]ref!B:D,3,FALSE) -> BEST-BUY FARM ANIMAL SET | H28: =VLOOKUP(D28,[1]ref!B:E,4,FALSE) -> 12 | I28: 1000000521 | K28: 45661 | L28: 4080 | M28: RR
A29: =B28+1 -> 214273 | B29: =B28+E29 -> 214539 | C29: AE-D2115D-LS | D29: =VLOOKUP(C29,[1]ref!A:D,2,FALSE) -> HH991 | E29: =L29/H29 -> 267 | F29: =VLOOKUP(D29,[1]ref!B:D,2,FALSE) -> 633682111193 | G29: =VLOOKUP(D29,[1]ref!B:D,3,FALSE) -> BLACK SOFT FAMILY SET | H29: =VLOOKUP(D29,[1]ref!B:E,4,FALSE) -> 6 | I29: 1000000721 | K29: 45688 | L29: 1602 | M29: RR
A30: =B29+1 -> 214540 | B30: =B29+E30 -> 214806 | C30: AE-D2116D-LS | D30: =VLOOKUP(C30,[1]ref!A:D,2,FALSE) -> HH992 | E30: =L30/H30 -> 267 | F30: =VLOOKUP(D30,[1]ref!B:D,2,FALSE) -> 633682112619 | G30: =VLOOKUP(D30,[1]ref!B:D,3,FALSE) -> WHITE SOFT FAMILY SET | H30: =VLOOKUP(D30,[1]ref!B:E,4,FALSE) -> 6 | I30: 1000000721 | K30: 45688 | L30: 1602 | M30: RR
A31: =B30+1 -> 214807 | B31: =B30+E31 -> 215073 | C31: AE-D2113D-LS | D31: =VLOOKUP(C31,[1]ref!A:D,2,FALSE) -> HH994 | E31: =L31/H31 -> 267 | F31: =VLOOKUP(D31,[1]ref!B:D,2,FALSE) -> 633682113012 | G31: =VLOOKUP(D31,[1]ref!B:D,3,FALSE) -> HISPANIC SOFT FAMILY SET | H31: =VLOOKUP(D31,[1]ref!B:E,4,FALSE) -> 6 | I31: 1000000721 | K31: 45688 | L31: 1602 | M31: RR
A32: =B31+1 -> 215074 | B32: =B31+E32 -> 215334 | C32: AE-ZT4060D-LS | D32: =VLOOKUP(C32,[1]ref!A:D,2,FALSE) -> RA362 | E32: =L32/H32 -> 261 | F32: =VLOOKUP(D32,[1]ref!B:D,2,FALSE) -> 500000080779 | G32: =VLOOKUP(D32,[1]ref!B:D,3,FALSE) -> SOFT WILD ANIMALS SET | H32: =VLOOKUP(D32,[1]ref!B:E,4,FALSE) -> 12 | I32: 1000000721 | K32: 45688 | L32: 3132 | M32: RR
A33: =B32+1 -> 215335 | B33: =B32+E33 -> 215507 | C33: AE-ZT4059D-LS | D33: =VLOOKUP(C33,[1]ref!A:D,2,FALSE) -> RA369 | E33: =L33/H33 -> 173 | F33: =VLOOKUP(D33,[1]ref!B:D,2,FALSE) -> 500000080762 | G33: =VLOOKUP(D33,[1]ref!B:D,3,FALSE) -> SOFT & SQUEEZY DINOSAURS | H33: =VLOOKUP(D33,[1]ref!B:E,4,FALSE) -> 18 | I33: 1000000721 | K33: 45761 | L33: 3114 | M33: RR
A34: =B33+1 -> 215508 | B34: =B33+E34 -> 215874 | C34: AE-D2114D-LS | D34: =VLOOKUP(C34,[1]ref!A:D,2,FALSE) -> HH993 | E34: =L34/H34 -> 367 | F34: =VLOOKUP(D34,[1]ref!B:D,2,FALSE) -> 633682112879 | G34: =VLOOKUP(D34,[1]ref!B:D,3,FALSE) -> ASIAN SOFT FAMILY SET | H34: =VLOOKUP(D34,[1]ref!B:E,4,FALSE) -> 6 | I34: 1000000908 | K34: 45761 | L34: 2202 | M34: RR
A35: =B34+1 -> 215875 | B35: =B34+E35 -> 216274 | C35: D4802D-LS | D35: =VLOOKUP(C35,[1]ref!A:D,2,FALSE) -> DC346 | E35: =L35/H35 -> 400 | F35: =VLOOKUP(D35,[1]ref!B:D,2,FALSE) -> 500000248797 | G35: =VLOOKUP(D35,[1]ref!B:D,3,FALSE) -> CLASSIC DINOSAUR COLLECTION | H35: =VLOOKUP(D35,[1]ref!B:E,4,FALSE) -> 4 | I35: 1000000908 | K35: 45687 | L35: 1600 | M35: RR
A36: =B35+1 -> 216275 | B36: =B35+E36 -> 216684 | C36: AE-ZT4062D-LS | D36: =VLOOKUP(C36,[1]ref!A:D,2,FALSE) -> RA368 | E36: =L36/H36 -> 410 | F36: =VLOOKUP(D36,[1]ref!B:D,2,FALSE) -> 500000080786 | G36: =VLOOKUP(D36,[1]ref!B:D,3,FALSE) -> SOFT OCEAN ANIMALS SET | H36: =VLOOKUP(D36,[1]ref!B:E,4,FALSE) -> 12 | I36: 1000000908 | K36: 45761 | L36: 4920 | M36: RR
... A56: =B55+1 -> 221751 | B56: =B55+E56 -> 222500 | C56: PZ5840-LS | D56: =VLOOKUP(C56,[1]ref!A:D,2,FALSE) -> HH429 | E56: =L56/H56 -> 750 | F56: =VLOOKUP(D56,[1]ref!B:D,2,FALSE) -> 633682032085 | G56: =VLOOKUP(D56,[1]ref!B:D,3,FALSE) -> DINOSAURS ADVENTURE SET | H56: =VLOOKUP(D56,[1]ref!B:E,4,FALSE) -> 4 | I56: 1000000521 | K56: 45761 | L56: 3000 | M56: RR
A57: =B56+1 -> 222501 | B57: =B56+E57 -> 223250 | C57: PZ5934-LS | D57: =VLOOKUP(C57,[1]ref!A:D,2,FALSE) -> HH393 | E57: =L57/H57 -> 750 | F57: =VLOOKUP(D57,[1]ref!B:D,2,FALSE) -> 633682140063 | G57: =VLOOKUP(D57,[1]ref!B:D,3,FALSE) -> FANTASY ADVENTURE SET | H57: =VLOOKUP(D57,[1]ref!B:E,4,FALSE) -> 4 | I57: KAR812 | K57: 45661 | L57: 3000 | M57: RR
A58: =B57+1 -> 223251 | B58: =B57+E58 -> 223625 | C58: D4802D-LS | D58: =VLOOKUP(C58,[1]ref!A:D,2,FALSE) -> DC346 | E58: =L58/H58 -> 375 | F58: =VLOOKUP(D58,[1]ref!B:D,2,FALSE) -> 500000248797 | G58: =VLOOKUP(D58,[1]ref!B:D,3,FALSE) -> CLASSIC DINOSAUR COLLECTION | H58: =VLOOKUP(D58,[1]ref!B:E,4,FALSE) -> 4 | I58: 1000001879 | K58: 45687 | L58: 1500 | M58: RR
A59: =B58+1 -> 223626 | B59: =B58+E59 -> 223635 | C59: P1246/2-LS | D59: 300OK | E59: =L59/H59 -> 10 | F59: 75404612460 | G59: =VLOOKUP(D59,[1]ref!B:D,3,FALSE) -> SET OF 2 SMALL OAK TREES | H59: 180 | I59: 1000002184 | K59: 46065 | L59: 1800 | M59: RR
A60: =B59+1 -> 223636 | B60: =B59+E60 -> 223686 | C60: PZ5840-LS | D60: =VLOOKUP(C60,[1]ref!A:D,2,FALSE) -> HH429 | E60: 51 | F60: =VLOOKUP(D60,[1]ref!B:D,2,FALSE) -> 633682032085 | G60: =VLOOKUP(D60,[1]ref!B:D,3,FALSE) -> DINOSAURS ADVENTURE SET | H60: =VLOOKUP(D60,[1]ref!B:E,4,FALSE) -> 4 | I60: 1000000521 | K60: 45761 | L60: 3000 | M60: RR
A61: =B60+1 -> 223687 | B61: =B60+E61 -> 223782 | C61: AE-D2113D-LS | D61: =VLOOKUP(C61,[1]ref!A:D,2,FALSE) -> HH994 | E61: =L61/H61 -> 96 | F61: =VLOOKUP(D61,[1]ref!B:D,2,FALSE) -> 633682113012 | G61: =VLOOKUP(D61,[1]ref!B:D,3,FALSE) -> HISPANIC SOFT FAMILY SET | H61: =VLOOKUP(D61,[1]ref!B:E,4,FALSE) -> 6 | I61: 1000000721 | K61: 45688 | L61: 576 | M61: RR
A62: =B61+1 -> 223783 | B62: =B61+E62 -> 224049 | C62: AE-D2113D-LS | D62: =VLOOKUP(C62,[1]ref!A:D,2,FALSE) -> HH994 | E62: =L62/H62 -> 267 | F62: =VLOOKUP(D62,[1]ref!B:D,2,FALSE) -> 633682113012 | G62: =VLOOKUP(D62,[1]ref!B:D,3,FALSE) -> HISPANIC SOFT FAMILY SET | H62: =VLOOKUP(D62,[1]ref!B:E,4,FALSE) -> 6 | I62: 1000001352 | K62: 45688 | L62: 1602 | M62: RR
A63: =B62+1 -> 224050 | B63: =B62+E63 -> 224149 | C63: AE-D2113D-LS | D63: =VLOOKUP(C63,[1]ref!A:D,2,FALSE) -> HH994 | E63: =L63/H63 -> 100 | F63: =VLOOKUP(D63,[1]ref!B:D,2,FALSE) -> 633682113012 | G63: =VLOOKUP(D63,[1]ref!B:D,3,FALSE) -> HISPANIC SOFT FAMILY SET | H63: =VLOOKUP(D63,[1]ref!B:E,4,FALSE) -> 6 | I63: 1000002006 | K63: 45688 | L63: 600 | M63: RR
A64: =B63+1 -> 224150 | B64: =B63+E64 -> 224159 | C64: 1083DN | D64: =VLOOKUP(C64,[1]ref!A:D,2,FALSE) -> 142BT | E64: =L64/H64 -> 10 | F64: =VLOOKUP(D64,[1]ref!B:D,2,FALSE) -> 754046108304 | G64: =VLOOKUP(D64,[1]ref!B:D,3,FALSE) -> 5.5"PVC BLACK BAT | H64: =VLOOKUP(D64,[1]ref!B:E,4,FALSE) -> 864 | I64: 1000002361 | K64: 45761 | L64: 8640 | M64: RR
A65: =B64+1 -> 224160 | B65: =B64+E65 -> 224169 | C65: 98DTZ/2-N | D65: =VLOOKUP(C65,[1]ref!A:D,2,FALSE) -> 682TC | E65: =L65/H65 -> 10 | F65: =VLOOKUP(D65,[1]ref!B:D,2,FALSE) -> 754046006822 | G65: =VLOOKUP(D65,[1]ref!B:D,3,FALSE) -> TIGER CUBS | H65: =VLOOKUP(D65,[1]ref!B:E,4,FALSE) -> 400 | I65: 1000002361 | K65: 45761 | L65: 4000 | M65: RR
A66: =B65+1 -> 224170 | B66: =B65+E66 -> 224209 | C66: P111D | D66: =VLOOKUP(C66,[1]ref!A:D,2,FALSE) -> 154DS | E66: =L66/H66 -> 40 | F66: =VLOOKUP(D66,[1]ref!B:D,2,FALSE) -> 754046001117 | G66: 8 ASSTD. 5" DINOSAURS | H66: 100 | I66: 1000002361 | K66: 45761 | L66: 4000 | M66: RR
A67: =B66+1 -> 224210 | B67: =B66+E67 -> 225085 | C67: PZ5934-LS | D67: =VLOOKUP(C67,[1]ref!A:D,2,FALSE) -> HH393 | E67: =L67/H67 -> 876 | F67: =VLOOKUP(D67,[1]ref!B:D,2,FALSE) -> 633682140063 | G67: =VLOOKUP(D67,[1]ref!B:D,3,FALSE) -> FANTASY ADVENTURE SET | H67: =VLOOKUP(D67,[1]ref!B:E,4,FALSE) -> 4 | I67: 1000002790 | K67: 45661 | L67: 3504 | M67: RR
A68: =B67+1 -> 225086 | B68: =B67+E68 -> 226717 | C68: PZ5840-LS | D68: =VLOOKUP(C68,[1]ref!A:D,2,FALSE) -> HH429 | E68: =L68/H68 -> 1632 | F68: =VLOOKUP(D68,[1]ref!B:D,2,FALSE) -> 633682032085 | G68: =VLOOKUP(D68,[1]ref!B:D,3,FALSE) -> DINOSAURS ADVENTURE SET | H68: =VLOOKUP(D68,[1]ref!B:E,4,FALSE) -> 4 | I68: 1000002790 | K68: 45761 | L68: 6528 | M68: RR
A69: =B68+1 -> 226718 | B69: =B68+E69 -> 226904 | C69: AE-PT8573D-LS | D69: =VLOOKUP(C69,[1]ref!A:D,2,FALSE) -> GS673 | E69: =L69/H69 -> 187 | F69: =VLOOKUP(D69,[1]ref!B:D,2,FALSE) -> 007492000068 | G69: =VLOOKUP(D69,[1]ref!B:D,3,FALSE) -> SOFT DINOSAURS - 1 | H69: =VLOOKUP(D69,[1]ref!B:E,4,FALSE) -> 4 | I69: 1000002079 | K69: 45985 | L69: 748 | M69: RR
A70: =B69+1 -> 226905 | B70: =B69+E70 -> 227091 | C70: AE-PT8574D-LS | D70: =VLOOKUP(C70,[1]ref!A:D,2,FALSE) -> GS675 | E70: =L70/H70 -> 187 | F70: =VLOOKUP(D70,[1]ref!B:D,2,FALSE) -> 500000080748 | G70: =VLOOKUP(D70,[1]ref!B:D,3,FALSE) -> SOFT DINOSAURS - 2 | H70: =VLOOKUP(D70,[1]ref!B:E,4,FALSE) -> 4 | I70: 1000002079 | K70: 45985 | L70: 748 | M70: RR
A71: =B70+1 -> 227092 | B71: =B70+E71 -> 227192 | C71: AE-D2116D-LS | D71: =VLOOKUP(C71,[1]ref!A:D,2,FALSE) -> HH992 | E71: =L71/H71 -> 101 | F71: =VLOOKUP(D71,[1]ref!B:D,2,FALSE) -> 633682112619 | G71: =VLOOKUP(D71,[1]ref!B:D,3,FALSE) -> WHITE SOFT FAMILY SET | H71: =VLOOKUP(D71,[1]ref!B:E,4,FALSE) -> 6 | I71: 1000002006 | K71: 45688 | L71: 606 | M71: RR
A72: =B71+1 -> 227193 | B72: =B71+E72 -> 227292 | C72: AE-D2113D-LS | D72: =VLOOKUP(C72,[1]ref!A:D,2,FALSE) -> HH994 | E72: =L72/H72 -> 100 | F72: =VLOOKUP(D72,[1]ref!B:D,2,FALSE) -> 633682113012 | G72: =VLOOKUP(D72,[1]ref!B:D,3,FALSE) -> HISPANIC SOFT FAMILY SET | H72: =VLOOKUP(D72,[1]ref!B:E,4,FALSE) -> 6 | I72: 1000002006 | K72: 45688 | L72: 600 | M72: RR
A73: =B72+1 -> 227293 | B73: =B72+E73 -> 227559 | C73: AE-D2115D-LS | D73: =VLOOKUP(C73,[1]ref!A:D,2,FALSE) -> HH991 | E73: =L73/H73 -> 267 | F73: =VLOOKUP(D73,[1]ref!B:D,2,FALSE) -> 633682111193 | G73: =VLOOKUP(D73,[1]ref!B:D,3,FALSE) -> BLACK SOFT FAMILY SET | H73: =VLOOKUP(D73,[1]ref!B:E,4,FALSE) -> 6 | I73: 1000003117 | K73: 45688 | L73: 1602 | M73: RR
A74: =B73+1 -> 227560 | B74: =B73+E74 -> 227567 | C74: 98DTZ/2-N | D74: =VLOOKUP(C74,[1]ref!A:D,2,FALSE) -> 682TC | E74: =L74/H74 -> 8 | F74: =VLOOKUP(D74,[1]ref!B:D,2,FALSE) -> 754046006822 | G74: =VLOOKUP(D74,[1]ref!B:D,3,FALSE) -> TIGER CUBS | H74: =VLOOKUP(D74,[1]ref!B:E,4,FALSE) -> 400 | I74: 1000003117 | K74: 45761 | L74: 3200 | M74: RR
A75: =B74+1 -> 227568 | B75: =B74+E75 -> 227834 | C75: AE-D2113D-LS | D75: =VLOOKUP(C75,[1]ref!A:D,2,FALSE) -> HH994 | E75: =L75/H75 -> 267 | F75: =VLOOKUP(D75,[1]ref!B:D,2,FALSE) -> 633682113012 | G75: =VLOOKUP(D75,[1]ref!B:D,3,FALSE) -> HISPANIC SOFT FAMILY SET | H75: =VLOOKUP(D75,[1]ref!B:E,4,FALSE) -> 6 | I75: 1000001352 | K75: 45688 | L75: 1602 | M75: RR
