Workbook

Sheet 名称
A1: 货号 | B1: 贴纸用量 | C1: 装箱数
A2: SR000 | B2: 3 | C2: 360
A3: SR100 | B3: 7 | C3: 12
A4: SR100CDU-16 | B4: 7 | C4: 16
A5: SR100CDU-24 | B5: 7 | C5: 24
A6: SR101CDU | B6: 5 | C6: 24
A7: SR160 | B7: 5 | C7: 24
A8: SR200 | B8: 12 | C8: 6
A9: SR200CO | B9: 12 | C9: 6
A10: SR300 | B10: 32 | C10: 4
A11: SR460 | B11: 12 | C11: 6
A12: SR600 | B12: 18 | C12: 6
A13: SR100CDU-9 | B13: 7 | C13: 9
A14: SR100- | B14: 7 | C14: 144 | D14: 密封盒
A15: SR200- | B15: 12 | C15: 24 | D15: 密封盒
A16: SR001 | B16: 5 | C16: 250
A17: SR102C | B17: 10 | C17: 16
A18: SR102CDU-16 | B18: 7 | C18: 16
A19: SR201C | B19: 15 | C19: 6
A20: SR301C | B20: 35 | C20: 4
A21: JS300 | B21: 3 | C21: 12
A22: SR103 | B22: 5 | C22: 24
A23: SR103CDU-12 | B23: 5 | C23: 12
A24: JS100 | B24: 24 | C24: 24
A25: SR100CDU-16 | B25: 7 | C25: 16
A26: SR130 | B26: 5 | C26: 24
A27: SR430 | B27: 12 | C27: 6
... A34: SR400 | B34: 12 | C34: 6
A35: SR320 | C35: 2
A36: SR130CDU-24 | B36: 5 | C36: 24
A37: SR103CDU-24 | B37: 5 | C37: 24
A38: SR020 | B38: 5 | C38: 360
A39: SR160CDU-12 | B39: 5 | C39: 12
A40: SR201C-CDU-5 | B40: 15 | C40: 5
A41: SR130CDU-12 | B41: 5 | C41: 12
A42: SR370 | C42: 4

Sheet 总接单
A1: 产品名称
A2: 接单期 | B2: 出货期 | C2: CUSTOMER PO | D2: PO号 | E2: 货号 | F2: 数量 | G2: 包装版本 | H2: SR103CDU-24 | I2: SR201 | R2: 单价USD | S2: 金额USD | T2: 金额HKD
A3: 46109 | B3: 46132 | C3: JAZ292848 | D3: PO0000208 | E3: SR103CDU-24 | F3: 15000 | G3: 第二代美文版 | H3: =F3 -> 15000 | R3: 0.61 | S3: =SUM(H3:Q3)*R3 -> 9150 | T3: =S3*7.75 -> 70912.5
A4: 46109 | B4: 46132 | C4: JAZ292848 | D4: PO0000208 | E4: SR103CDU-24 | F4: =60120-6000-2112-7200 -> 44808 | G4: 第二代美文版 | H4: =F4 -> 44808 | R4: 0.64 | S4: =SUM(H4:Q4)*R4 -> 28677.12 | T4: =S4*7.75 -> 222247.68
A5: 46109 | B5: 46132 | C5: JAZ292848 | D5: PO0000208 | E5: SR103CDU-24 | F5: 6000 | G5: 第二代美文版 | H5: =F5 -> 6000 | R5: 0.63 | S5: =SUM(H5:Q5)*R5 -> 3780 | T5: =S5*7.75 -> 29295
A6: 46109 | B6: 46132 | C6: JAZ292849 | D6: PO0000209 | E6: SR201 | F6: 9996 | G6: 第二代美文版 | I6: =F6 -> 9996 | R6: 2.02 | S6: =SUM(H6:Q6)*R6 -> 20191.92 | T6: =S6*7.75 -> 156487.38
A7: 46109 | B7: 46132 | C7: JAZ292849 | D7: PO0000209 | E7: SR201 | F7: 1116 | G7: 第二代美文版 | I7: =F7 -> 1116 | R7: 2.04 | S7: =SUM(H7:Q7)*R7 -> 2276.64 | T7: =S7*7.75 -> 17643.96
A8: 46109 | B8: 46132 | C8: JAZ292849 | D8: PO0000209 | E8: SR201 | F8: =17604-1116-1488 -> 15000 | G8: 第二代美文版 | I8: =F8 -> 15000 | R8: 2.11 | S8: =SUM(H8:Q8)*R8 -> 31650 | T8: =S8*7.75 -> 245287.5
A9: 46207 | B9: 46237 | C9: 43531 | D9: PO0000446 | E9: SR103CDU-24 | F9: 7200 | G9: 第二代美文版 | H9: =F9 -> 7200 | R9: 0.64 | S9: =SUM(H9:Q9)*R9 -> 4608 | T9: =S9*7.75 -> 35712
S10: =SUM(H10:Q10)*R10 -> 0 | T10: =S10*7.75 -> 0
S11: =SUM(H11:Q11)*R11 -> 0 | T11: =S11*7.75 -> 0
S12: =SUM(H12:Q12)*R12 -> 0 | T12: =S12*7.75 -> 0
S13: =SUM(H13:Q13)*R13 -> 0 | T13: =S13*7.75 -> 0
S14: =SUM(H14:Q14)*R14 -> 0 | T14: =S14*7.75 -> 0
S15: =SUM(H15:Q15)*R15 -> 0 | T15: =S15*7.75 -> 0
E16: 合计： | F16: =SUM(F3:F15) -> 99120 | G16: =F16-R16 -> 0 | H16: =SUM(H3:H15) -> 73008 | I16: =SUM(I3:I15) -> 26112 | J16: =SUM(J3:J15) -> 0 | K16: =SUM(K3:K15) -> 0 | L16: =SUM(L3:L15) -> 0 | M16: =SUM(M3:M15) -> 0 | N16: =SUM(N3:N15) -> 0 | O16: =SUM(O3:O15) -> 0 | ... Q16: =SUM(Q3:Q15) -> 0 | R16: =SUM(H16:Q16) -> 99120 | S16: =SUM(S3:S15) -> 100333.68 | T16: =SUM(T3:T15) -> 777586.02
F17: =F16-总排期!J11-已走货!J13 -> 0
D19: 美国
A20: 总接单： | B20: =T16 -> 777586.02 | C20: 总接单： | D20: =D21+D22 -> 503247.18
A21: 总排期： | B21: =总排期!AP11 -> 503247.18 | C21: 总排期： | D21: =SUMIF(总排期!E:E,D19,总排期!AP:AP) -> 503247.18
A22: 已走货： | B22: =已走货!AP13 -> 274338.84 | C22: 已出货： | D22: =SUMIF(已走货!C:C,D19,已走货!AP:AP) -> 0
B23: =B20-B21-B22 -> 0
A25: 以下标注内容区分识别备注：
A26: 类型 | B26: 内容
A27: 黄色填充 | B27: 新加单或更改
A28: 粉色填充 | B28: 扣单/转单
A29: 蓝色字体 | B29: 已经完成订单
A30: 粉色字体 | B30: 已经出货
A31: 红色字体 | B31: 取消单

Sheet 总排期
A1: 接单期 | B1: 提醒追客箱唛 | C1: =VLOOKUP(H1,[1]名称!A:E,4,0) -> 系列 | D1: 客名 | E1: 国家 | F1: CUSTOMER PO | G1: PO号 | H1: 货号 | I1: 产品名称 | J1: 数量 | K1: 贴纸用量 | L1: 总贴纸用量 | M1: 外箱 | N1: 总箱数 | O1: 客PO期（订单） | P1: RR回复出货期 | Q1: TMAX验货期 | R1: TMAX验货结果 | S1: 第三方QC验货期 | T1: 第三方验货结果 | U1: 船期SO | V1: 生产车间 | W1: 彩盒/外箱贴纸 | Y1: 箱唛/时间 | AB1: 吸塑 | AD1: 收藏指南/说明书 | AF1: 彩盒/CDU/底纸 | AI1: 笔记本 | AJ1: 收缩膜/胶袋 | AK1: 是否已签板 | AL1: 日期码 | AM1: 备注 | AN1: 单价USD | AO1: 金额USD | AP1: 金额HKD | AQ1: 发票号 | AR1: 发票日期 | AS1: 是否入系统 | AT1: TMAX跟单 | AU1: RR跟单 | AV1: 内部PO | AW1: 谭凤娟仓库物料交期 | AX1: 邹琼珍仓库物料交期 | AY1: 黄艳华仓库物料交期 | AZ1: 彭又君仓库纸箱交期 | BA1: 送回数量 | BB1: 欠数 | BC1: 仓库位置 | BD1: 国家
W2: 做货是否需要 | X2: 是否收到 | Y2: 客提供档案时间 | Z2: 提供给客确认时间 | AA2: 确认时间 | AB2: 做货要求 | AC2: 是否收到 | AD2: 做货版本 | AE2: 是否收到 | AF2: 彩盒/CDU(版本） | AG2: 彩盒底纸 | AH2: 是否收到
A3: 46109 | B3: =IF(TODAY()-5>=A3,IF(AA3="","异常",""),"") -> 异常 | C3: =VLOOKUP(H3,[1]名称!A:E,4,0) -> 二代 | D3: Jazwares- INVENTORY DOM | E3: 美国 | F3: JAZ292848 | G3: PO0000208 | H3: SR103CDU-24 | J3: =60120-6000-2112-7200 -> 44808 | M3: =VLOOKUP(H3,[1]名称!A:E,3,0) -> 24 | N3: =J3/M3 -> 1867 | O3: 46132 | P3: 46132 | Q3: 46147 | S3: 46148 | Y3: 欠 | AB3: / | AC3: OK | AD3: 通用美文版 | AE3: OK | AF3: 通用美文版 | AG3: / | AH3: OK | AI3: / | AJ3: 通用美文版 | AK3: OK | AL3: I272RRKK | AN3: 0.64 | AO3: =J3*AN3 -> 28677.12 | AP3: =AO3*7.75 -> 222247.68 | BB3: =J3-BA3 -> 44808 | BD3: =E3 -> 美国
A4: 46109 | B4: =IF(TODAY()-5>=A4,IF(AA4="","异常",""),"") -> 异常 | C4: =VLOOKUP(H4,[1]名称!A:E,4,0) -> 二代 | D4: Jazwares- INVENTORY DOM | E4: 美国 | F4: JAZ292849 | G4: PO0000209 | H4: SR201 | J4: =17604-1116-1488 -> 15000 | M4: =VLOOKUP(H4,[1]名称!A:E,3,0) -> 6 | N4: =J4/M4 -> 2500 | O4: 46132 | P4: 46132 | Q4: 46147 | S4: 46148 | Y4: 欠 | AB4: J钩吸塑 | AC4: OK | AD4: 通用美文版 | AE4: OK | AF4: 通用美文版 | AG4: 第二代美文版底纸烫金 | AH4: OK | AI4: 第二代美文版 | AJ4: / | AK4: OK | AL4: I272RRKK | AN4: 2.11 | AO4: =J4*AN4 -> 31650 | AP4: =AO4*7.75 -> 245287.5 | BB4: =J4-BA4 -> 15000 | BD4: =E4 -> 美国
A5: 46207 | B5: =IF(TODAY()-5>=A5,IF(AA5="","异常",""),"") | C5: =VLOOKUP(H5,[1]名称!A:E,4,0) -> 二代 | D5: JAZWARES - OSIRIS INC | E5: 美国 | F5: 43531 | G5: PO0000446 | H5: SR103CDU-24 | J5: 7200 | M5: =VLOOKUP(H5,[1]名称!A:E,3,0) -> 24 | N5: =J5/M5 -> 300 | O5: 46237 | P5: 46237 | Q5: 46245 | S5: 46245 | U5: CFS CUT: 8/17-8/19 (16:00) | Y5: 46206 | Z5: 46210 | AA5: 46211 | AB5: / | AC5: OK | AD5: 通用美文版 | AE5: OK | AF5: 通用美文版 | AG5: / | AH5: OK | AI5: / | AJ5: 通用美文版 | AK5: OK | AL5: I272RRKK | AN5: 0.64 | AO5: =J5*AN5 -> 4608 | AP5: =AO5*7.75 -> 35712 | BB5: =J5-BA5 -> 7200 | BD5: =E5 -> 美国
AO6: =J6*AN6 -> 0 | AP6: =AO6*7.75 -> 0 | BB6: =J6-BA6 -> 0 | BD6: =E6 -> 0
AO7: =J7*AN7 -> 0 | AP7: =AO7*7.75 -> 0 | BB7: =J7-BA7 -> 0 | BD7: =E7 -> 0
AO8: =J8*AN8 -> 0 | AP8: =AO8*7.75 -> 0 | BB8: =J8-BA8 -> 0 | BD8: =E8 -> 0
AO9: =J9*AN9 -> 0 | AP9: =AO9*7.75 -> 0 | BB9: =J9-BA9 -> 0 | BD9: =E9 -> 0
AO10: =J10*AN10 -> 0 | AP10: =AO10*7.75 -> 0 | BB10: =J10-BA10 -> 0 | BD10: =E10 -> 0
I11: 合计 | J11: =SUM(J3:J10) -> 67008 | K11: 合计 | L11: =SUM(L3:L10) -> 0 | AO11: =SUM(AO3:AO10) -> 64935.12 | AP11: =SUM(AP3:AP10) -> 503247.18 | BD11: =E11 -> 0

Sheet 已走货
A1: 接单期 | B1: 提醒追客箱唛 | C1: =VLOOKUP(H1,[1]名称!A:E,4,0) -> 系列 | D1: 客名 | E1: 国家 | F1: CUSTOMER PO | G1: PO号 | H1: 货号 | I1: 产品名称 | J1: 数量 | K1: 贴纸用量 | L1: 总贴纸用量 | M1: 外箱 | N1: 总箱数 | O1: 客PO期（订单） | P1: RR回复出货期 | Q1: TMAX验货期 | R1: TMAX验货结果 | S1: 第三方QC验货期 | T1: 第三方验货结果 | U1: 船期SO | V1: 生产车间 | W1: 彩盒/外箱贴纸 | Y1: 箱唛/时间 | AB1: 吸塑 | AD1: 收藏指南/说明书 | AF1: 彩盒/CDU/底纸 | AI1: 笔记本 | AJ1: 收缩膜/胶袋 | AK1: 是否已签板 | AL1: 日期码 | AM1: 备注 | AN1: 单价USD | AO1: 金额USD | AP1: 金额HKD | AQ1: 发票号 | AR1: 发票日期 | AS1: 是否入系统 | AT1: TMAX跟单 | AU1: RR跟单 | AV1: 内部PO | AW1: 谭凤娟仓库物料交期 | AX1: 邹琼珍仓库物料交期 | AY1: 黄艳华仓库物料交期 | AZ1: 彭又君仓库纸箱交期 | BA1: 送回数量 | BB1: 欠数 | BC1: 仓库位置 | BD1: 国家
W2: 做货是否需要 | X2: 是否收到 | Y2: 客提供档案时间 | Z2: 提供给客确认时间 | AA2: 确认时间 | AB2: 做货要求 | AC2: 是否收到 | AD2: 做货版本 | AE2: 是否收到 | AF2: 彩盒/CDU(版本） | AG2: 彩盒底纸 | AH2: 是否收到
A3: 46109 | B3: =IF(TODAY()-5>=A3,IF(AA3="","异常",""),"") | C3: =VLOOKUP(H3,[1]名称!A:E,4,0) -> 二代 | D3: Jazwares- INVENTORY DOM | E3: 美国 | F3: JAZ292848 | G3: PO0000208 | H3: SR103CDU-24 | J3: 15000 | M3: =VLOOKUP(H3,[1]名称!A:E,3,0) -> 24 | N3: =J3/M3 -> 625 | O3: 46132 | P3: 46142 | Q3: 46141 | S3: 46142 | Y3: 46108 | Z3: 46109 | AA3: 46120 | AB3: / | AC3: OK | AD3: 通用美文版 | AE3: OK | AF3: 通用美文版 | AG3: / | AH3: OK | AI3: / | AJ3: 通用美文版 | AN3: 0.61 | AO3: =J3*AN3 -> 9150 | AP3: =AO3*7.75 -> 70912.5 | AQ3: 61196 | AR3: 46189 | BB3: =J3-BA3 -> 15000 | BD3: =E3 -> 美国
A4: 46109 | B4: =IF(TODAY()-5>=A4,IF(AA4="","异常",""),"") | C4: =VLOOKUP(H4,[1]名称!A:E,4,0) -> 二代 | D4: Jazwares- INVENTORY DOM | E4: 美国 | F4: JAZ292849 | G4: PO0000209 | H4: SR201 | J4: 9996 | M4: =VLOOKUP(H4,[1]名称!A:E,3,0) -> 6 | N4: =J4/M4 -> 1666 | O4: 46132 | P4: 46142 | Q4: 46141 | S4: 46142 | Y4: 46108 | Z4: 46109 | AA4: 46120 | AB4: J钩吸塑 | AC4: OK | AD4: 通用美文版 | AE4: OK | AF4: 通用美文版 | AG4: 第二代美文版底纸烫金 | AH4: OK | AI4: 第二代美文版 | AJ4: / | AN4: 2.02 | AO4: =J4*AN4 -> 20191.92 | AP4: =AO4*7.75 -> 156487.38 | AQ4: 61197 | AR4: 46189 | BB4: =J4-BA4 -> 9996 | BD4: =E4 -> 美国
A5: 46109 | B5: =IF(TODAY()-5>=A5,IF(AA5="","异常",""),"") | C5: =VLOOKUP(H5,[1]名称!A:E,4,0) -> 二代 | D5: Jazwares- INVENTORY DOM | E5: 美国 | F5: JAZ292848 | G5: PO0000208 | H5: SR103CDU-24 | J5: 6000 | M5: =VLOOKUP(H5,[1]名称!A:E,3,0) -> 24 | N5: =J5/M5 -> 250 | O5: 46184 | P5: 46184 | Q5: 46184 | S5: 46184 | Y5: OK | Z5: OK | AA5: OK | AB5: / | AC5: OK | AD5: 通用美文版 | AE5: OK | AF5: 通用美文版 | AG5: / | AH5: OK | AI5: / | AJ5: 通用美文版 | AN5: 0.63 | AO5: =J5*AN5 -> 3780 | AP5: =AO5*7.75 -> 29295 | AQ5: 61474 | AR5: 46239 | BB5: =J5-BA5 -> 6000 | BD5: =E5 -> 美国
A6: 46109 | B6: =IF(TODAY()-5>=A6,IF(AA6="","异常",""),"") | C6: =VLOOKUP(H6,[1]名称!A:E,4,0) -> 二代 | D6: Jazwares- INVENTORY DOM | E6: 美国 | F6: JAZ292849 | G6: PO0000209 | H6: SR201 | J6: 1116 | M6: =VLOOKUP(H6,[1]名称!A:E,3,0) -> 6 | N6: =J6/M6 -> 186 | O6: 46184 | P6: 46184 | Q6: 46184 | S6: 46184 | Y6: OK | Z6: OK | AA6: OK | AB6: J钩吸塑 | AC6: OK | AD6: 通用美文版 | AE6: OK | AF6: 通用美文版 | AG6: 第二代美文版底纸烫金 | AH6: OK | AI6: 第二代美文版 | AJ6: / | AN6: 2.04 | AO6: =J6*AN6 -> 2276.64 | AP6: =AO6*7.75 -> 17643.96 | AQ6: 61475 | AR6: 46239 | BB6: =J6-BA6 -> 1116 | BD6: =E6 -> 美国
AO7: =J7*AN7 -> 0 | AP7: =AO7*7.75 -> 0 | BB7: =J7-BA7 -> 0 | BD7: =E7 -> 0
AO8: =J8*AN8 -> 0 | AP8: =AO8*7.75 -> 0 | BB8: =J8-BA8 -> 0 | BD8: =E8 -> 0
AO9: =J9*AN9 -> 0 | AP9: =AO9*7.75 -> 0 | BB9: =J9-BA9 -> 0 | BD9: =E9 -> 0
AO10: =J10*AN10 -> 0 | AP10: =AO10*7.75 -> 0 | BB10: =J10-BA10 -> 0 | BD10: =E10 -> 0
AO11: =J11*AN11 -> 0 | AP11: =AO11*7.75 -> 0 | BB11: =J11-BA11 -> 0 | BD11: =E11 -> 0
AO12: =J12*AN12 -> 0 | AP12: =AO12*7.75 -> 0 | BB12: =J12-BA12 -> 0 | BD12: =E12 -> 0
I13: 合计 | J13: =SUM(J3:J12) -> 32112 | K13: 合计 | L13: =SUM(L5:L12) -> 0 | AO13: =SUM(AO3:AO12) -> 35398.56 | AP13: =SUM(AP3:AP12) -> 274338.84 | BD13: =E13 -> 0

Sheet 取消单
A1: 接单期 | B1: 提醒追客箱唛 | C1: =VLOOKUP(H1,[1]名称!A:E,4,0) -> 系列 | D1: 客名 | E1: 国家 | F1: CUSTOMER PO | G1: PO号 | H1: 货号 | I1: 产品名称 | J1: 数量 | K1: 贴纸用量 | L1: 总贴纸用量 | M1: 外箱 | N1: 总箱数 | O1: 客PO期（订单） | P1: RR回复出货期 | Q1: TMAX验货期 | R1: TMAX验货结果 | S1: 第三方QC验货期 | T1: 第三方验货结果 | U1: 船期SO | V1: 生产车间 | W1: 彩盒/外箱贴纸 | Y1: 箱唛/时间 | AB1: 吸塑 | AD1: 收藏指南/说明书 | AF1: 彩盒/CDU/底纸 | AI1: 笔记本 | AJ1: 收缩膜/胶袋 | AK1: 是否已签板 | AL1: 日期码 | AM1: 备注 | AN1: 单价USD | AO1: 金额USD | AP1: 金额HKD | AQ1: 发票号 | AR1: 发票日期 | AS1: 是否入系统 | AT1: TMAX跟单 | AU1: RR跟单 | AV1: 内部PO | AW1: 谭凤娟仓库物料交期 | AX1: 邹琼珍仓库物料交期 | AY1: 黄艳华仓库物料交期 | AZ1: 彭又君仓库纸箱交期 | BA1: 送回数量 | BB1: 欠数 | BC1: 仓库位置 | BD1: 国家
W2: 做货是否需要 | X2: 是否收到 | Y2: 客提供档案时间 | Z2: 提供给客确认时间 | AA2: 确认时间 | AB2: 做货要求 | AC2: 是否收到 | AD2: 做货版本 | AE2: 是否收到 | AF2: 彩盒/CDU(版本） | AG2: 彩盒底纸 | AH2: 是否收到
A3: 45845 | B3: =IF(TODAY()-5>=A3,IF(AA3="","异常",""),"") -> 异常 | C3: =VLOOKUP(H3,[1]名称!A:E,4,0) -> 二代 | D3: Sky Castle Toys | E3: 印度尼西亚 | G3: USSC041 | H3: SR103CDU-24 | J3: =75120-15000-60120 -> 0 | M3: =VLOOKUP(H3,[1]名称!A:E,3,0) -> 24 | N3: =J3/M3 -> 0 | O3: 45964 | P3: 45964 | V3: YN | W3: / | X3: / | Y3: 欠 | AB3: / | AC3: / | AD3: 第二代美文版 | AE3: OK | AF3: 第二代美文版 | AG3: / | AH3: OK | AI3: / | AJ3: 第二代美文版 | AN3: 0.64 | AO3: =J3*AN3 -> 0 | AP3: =AO3*7.75 -> 0 | BB3: =J3-BA3 -> 0 | BD3: =E3 -> 印度尼西亚
A4: 45845 | B4: =IF(TODAY()-5>=A4,IF(AA4="","异常",""),"") -> 异常 | C4: =VLOOKUP(H4,[1]名称!A:E,4,0) -> 二代 | D4: Sky Castle Toys | E4: 印度尼西亚 | G4: USSC042 | H4: SR201 | J4: =27600-9996-17604 -> 0 | M4: =VLOOKUP(H4,[1]名称!A:E,3,0) -> 6 | N4: =J4/M4 -> 0 | O4: 45964 | P4: 45964 | V4: YN | W4: / | X4: / | Y4: 欠 | AB4: J钩吸塑 | AC4: OK | AD4: 第二代美文版 | AE4: OK | AF4: 第二代美文版 | AG4: 第二代彩盒底纸烫金 | AH4: OK | AI4: 第二代美文版 | AJ4: / | AN4: 2.11 | AO4: =J4*AN4 -> 0 | AP4: =AO4*7.75 -> 0 | BB4: =J4-BA4 -> 0 | BD4: =E4 -> 印度尼西亚
A5: 46109 | B5: =IF(TODAY()-5>=A5,IF(AA5="","异常",""),"") -> 异常 | C5: =VLOOKUP(H5,[1]名称!A:E,4,0) -> 二代 | D5: Jazwares- INVENTORY DOM | E5: 美国 | F5: JAZ292849 | G5: PO0000209 | H5: SR201 | J5: 1488 | M5: =VLOOKUP(H5,[1]名称!A:E,3,0) -> 6 | N5: =J5/M5 -> 248 | O5: 46132 | P5: 46132 | Q5: 46147 | S5: 46148 | Y5: 欠 | AB5: J钩吸塑 | AC5: OK | AD5: 通用美文版 | AE5: OK | AF5: 通用美文版 | AG5: 第二代美文版底纸烫金 | AH5: OK | AI5: 第二代美文版 | AJ5: / | AN5: 2.11 | AO5: =J5*AN5 -> 3139.68 | AP5: =AO5*7.75 -> 24332.52 | AQ5: 46205 | BB5: =J5-BA5 -> 1488 | BD5: =E5 -> 美国
A6: 46109 | B6: =IF(TODAY()-5>=A6,IF(AA6="","异常",""),"") -> 异常 | C6: =VLOOKUP(H6,[1]名称!A:E,4,0) -> 二代 | D6: Jazwares- INVENTORY DOM | E6: 美国 | F6: JAZ292848 | G6: PO0000208 | H6: SR103CDU-24 | J6: 2112 | M6: =VLOOKUP(H6,[1]名称!A:E,3,0) -> 24 | N6: =J6/M6 -> 88 | O6: 46132 | P6: 46132 | Q6: 46147 | S6: 46148 | Y6: 欠 | AB6: / | AC6: OK | AD6: 通用美文版 | AE6: OK | AF6: 通用美文版 | AG6: / | AH6: OK | AI6: / | AJ6: 通用美文版 | AN6: 0.64 | AO6: =J6*AN6 -> 1351.68 | AP6: =AO6*7.75 -> 10475.52 | AQ6: 46205 | BB6: =J6-BA6 -> 2112 | BD6: =E6 -> 美国
AO7: =J7*AN7 -> 0 | AP7: =AO7*7.75 -> 0 | BB7: =J7-BA7 -> 0 | BD7: =E7 -> 0
AO8: =J8*AN8 -> 0 | AP8: =AO8*7.75 -> 0 | BB8: =J8-BA8 -> 0 | BD8: =E8 -> 0
AO9: =J9*AN9 -> 0 | AP9: =AO9*7.75 -> 0 | BB9: =J9-BA9 -> 0 | BD9: =E9 -> 0
I10: 合计 | J10: =SUM(J3:J9) -> 3600 | K10: 合计 | L10: =SUM(L3:L9) -> 0 | AO10: =SUM(AO3:AO9) -> 4491.36 | AP10: =SUM(AP3:AP9) -> 34808.04 | BD10: =E10 -> 0

Sheet 汇总
A1: 货号 | B1: 接单 | C1: 排期 | D1: 走货 | E1: 相差 | F1: 接单 | G1: 排期 | H1: 走货 | I1: 相差
A2: SR103CDU-24 | B2: =SUMIF(总接单!E:E,A2,总接单!F:F) -> 73008 | C2: =SUMIF(总排期!H:H,A2,总排期!J:J) -> 52008 | D2: =SUMIF(已走货!H:H,A2,已走货!J:J) -> 21000 | E2: =B2-C2-D2 -> 0 | F2: =SUMIF(总接单!E:E,A2,总接单!T:T) -> 358167.18 | G2: =SUMIF(总排期!H:H,A2,总排期!AP:AP) -> 257959.68 | H2: =SUMIF(已走货!H:H,A2,已走货!AP:AP) -> 100207.5 | I2: =F2-G2-H2 -> 0
A3: SR201 | B3: =SUMIF(总接单!E:E,A3,总接单!F:F) -> 26112 | C3: =SUMIF(总排期!H:H,A3,总排期!J:J) -> 15000 | D3: =SUMIF(已走货!H:H,A3,已走货!J:J) -> 11112 | E3: =B3-C3-D3 -> 0 | F3: =SUMIF(总接单!E:E,A3,总接单!T:T) -> 419418.84 | G3: =SUMIF(总排期!H:H,A3,总排期!AP:AP) -> 245287.5 | H3: =SUMIF(已走货!H:H,A3,已走货!AP:AP) -> 174131.34 | I3: =F3-G3-H3 -> 0
