Workbook

Sheet 总接单
A1: 产品名称 | H1: 确认走货期 | J1: 单价USD | K1: 金额USD | L1: HK金额 | M1: 发票号 | N1: 备注
A2: 接单期 | B2: 国家/客名 | C2: PO号 | D2: ItemCode | E2: 货号 | F2: 名称 | G2: 数量 | I2: 14312
A3: 46184 | B3: Character World LTD | C3: PO000652 | D3: 14312.AF0.106L | E3: 14312 | F3: 公仔夜灯 | G3: 2004 | H3: 46247 | I3: =G3 -> 2004 | J3: 2.75 | K3: =J3*G3 -> 5511 | L3: =K3*7.75 -> 42710.25
E8: 合计： | G8: =SUM(G3:G7) -> 2004 | H8: =排期!G6+已走货!H7+MA!G9 -> 2004 | K8: =SUM(K3:K7) -> 5511 | L8: =SUM(L3:L7) -> 42710.25
G9: =G8=SUM(I9:I9) -> TRUE | H9: =G8=H8 -> TRUE | I9: =SUM(I3:I8) -> 2004 | K9: =K8=排期!Y6+已走货!Z7 -> TRUE | L9: =L8=排期!Z6+已走货!AA7 -> TRUE
A12: 25年库存金额： | B12: 0
A14: 2026年总接单： | B14: =L8 -> 42710.25 | C14: =B14-B15-B16 -> 0
A15: 排期： | B15: =排期!Z6 -> 42710.25
A16: 已走货： | B16: =已走货!AA7 -> 0
A24: 以下标注内容区分识别备注：
A25: 类型
A26: 黄色填充
A27: 绿色填充
A28: 蓝色字体
A29: 粉色字体
A30: 红色字体

Sheet 排期
A1: 接单期 | B1: 国家/客名 | C1: PO号 | D1: ItemCode | E1: 货号 | F1: 名称 | G1: 数量 | H1: 装箱数 | I1: 总箱数 | J1: 客PO期 | K1: 计划验货期 | L1: 第三方验货 | M1: 产品描述 | N1: 验货时间 | O1: SI日期 | P1: 验货 结果 | Q1: 箱唛 资料 | R1: 外箱 贴纸 | S1: 客贴纸 | T1: 包装版本 | U1: 日期码 | V1: 是否扣FGMA | W1: 备注 | X1: 单价 | Y1: 金额USD | Z1: 金额HKD | AA1: 是否 入系统 | AB1: 车间 | AC1: 下单明细 | AD1: 送回数量 | AE1: 欠数 | AF1: 贴纸 | AG1: 外箱 | AH1: SY回复
A2: 46184 | B2: Character World LTD | C2: PO000652 | D2: 14312.AF0.106L | E2: 14312 | F2: 公仔夜灯 | G2: 2004 | H2: 6 | I2: =G2/H2 -> 334 | J2: 46247 | K2: 46245 | L2: 46245 | M2: Bluey Blue GoGlow Buddy | N2: 46241 | P2: PASS | T2: CW版本 | U2: HS22026 | W2: 有一套销售办 | X2: 2.75 | Y2: =X2*G2 -> 5511 | Z2: =Y2*7.75 -> 42710.25 | AA2: 已入系统 | AB2: B | AC2: 已下半成品
G6: =SUM(G1:G5) -> 2004 | Y6: =SUM(Y1:Y5) -> 5511 | Z6: =SUM(Z1:Z5) -> 42710.25

Sheet 已走货
A1: 接单期 | B1: 国家/客名 | C1: Customer | D1: PO号 | E1: ItemCode | F1: 货号 | G1: 名称 | H1: 数量 | I1: 装箱数 | J1: 总箱数 | K1: 客PO期 | L1: 计划验货期 | M1: 第三方验货 | N1: 产品描述 | O1: 验货时间 | P1: SI日期 | Q1: 验货 结果 | R1: 箱唛 资料 | S1: 外箱 贴纸 | T1: 客贴纸 | U1: 包装版本 | V1: 日期码 | W1: 是否扣FGMA | X1: 备注 | Y1: 单价 | Z1: 金额USD | AA1: 金额HKD | AB1: 是否 入系统 | AC1: 车间 | AD1: 下单明细 | AE1: 送回数量 | AF1: 欠数 | AG1: 贴纸 | AH1: 外箱 | AI1: SY回复 | AJ1: 发票号 | AK1: 发票日期 | AL1: 出货方式
H7: =SUM(H2:H6) -> 0 | Z7: =SUM(Z2:Z6) -> 0 | AA7: =SUM(AA2:AA6) -> 0

Sheet MA
A1: 接单期 | B1: 国家/客名 | C1: Customer | D1: PO号 | E1: ItemCode | F1: 货号 | G1: 数量 | H1: 装箱数 | I1: 总箱数 | J1: 客PO期 | K1: 计划验货期 | L1: 第三方验货 | M1: 验货时间 | N1: SI日期 | O1: 验货 结果 | P1: 箱唛 资料 | Q1: 外箱 贴纸 | R1: 客贴纸 | S1: 包装版本 | T1: 日期码 | U1: 是否扣FGMA | V1: 备注 | W1: 单价 | X1: 金额USD | Y1: 金额HKD | Z1: 发票号 | AA1: 是否 入系统 | AB1: 车间 | AC1: 下单明细 | AD1: 送回数量 | AE1: 欠数 | AF1: 贴纸 | AG1: 外箱 | AH1: SY回复
G9: =SUM(G1:G8) -> 0 | X9: =SUM(X2:X8) -> 0 | Y9: =SUM(Y2:Y8) -> 0

Sheet 取消单
A1: 接单期 | B1: 国家/客名 | C1: Customer | D1: PO号 | E1: ItemCode | F1: 货号 | G1: 名称 | H1: 数量 | I1: 装箱数 | J1: 总箱数 | K1: 客PO期 | L1: 计划验货期 | M1: 第三方验货 | N1: 产品描述 | O1: 验货时间 | P1: SI日期 | Q1: 验货 结果 | R1: 箱唛 资料 | S1: 外箱 贴纸 | T1: 客贴纸 | U1: 包装版本 | V1: 日期码 | W1: 是否扣FGMA | X1: 备注 | Y1: 单价 | Z1: 金额USD | AA1: 金额HKD | AB1: 是否 入系统 | AC1: 车间 | AD1: 下单明细 | AE1: 送回数量 | AF1: 欠数 | AG1: 贴纸 | AH1: 外箱 | AI1: SY回复
H6: =SUM(H1:H5) -> 0 | Z6: =SUM(Z1:Z5) -> 0 | AA6: =SUM(AA1:AA5) -> 0

Sheet 配比图
B1: 50074两个装 | J1: 50074六个装

Sheet ☆
A1: ItemCode | B1: 车间 | C1: 车间 | D1: 名称
A2: 13095.AC0.00WR | B2: 13095 | C2: C | D2: 医药箱
A3: 14312.AF0.106L | B3: 14312 | C3: B | D3: 灯公仔
A4: 14345.AF0.106L | B4: 14345 | C4: B | D4: 灯公仔
A5: 17344.AD0.005L | B5: 17344 | C5: A | D5: 布鲁公仔一代
A6: 17345.AB0.00WR | B6: 17345 | C6: A | D6: 校巴
A7: 17529.AB0.00WR | B7: 17529 | C7: C | D7: 大树
A8: 17552.AB0.00WR | B8: 17552 | C8: A-C | D8: 玩具商场
A9: 17563.AB0.0000 | B9: 17563 | C9: A | D9: 校巴邮购盒装
A10: 17588.AA0.005L | B10: 17588 | C10: C | D10: 玩具商场+车仔
A11: 17644.AA0.0000 | B11: 17644 | C11: A-C | D11: 大树
A12: 13095.AC0.0000 | B12: =TEXT(MID(A12,1,5),"00000") -> 13095 | C12: C | D12: 医药箱
A13: 13095.AC0.00KL | B13: =TEXT(MID(A13,1,5),"00000") -> 13095 | C13: C | D13: 医药箱
A14: 13095.AC0.00SS | B14: =TEXT(MID(A14,1,5),"00000") -> 13095 | C14: C | D14: 医药箱
A15: 13095.AC0.00WR | B15: =TEXT(MID(A15,1,5),"00000") -> 13095 | C15: C | D15: 医药箱
A16: 14300.AF0.106L | B16: =TEXT(MID(A16,1,5),"00000") -> 14300 | C16: B | D16: 灯公仔
A17: 14303.AF0.106L | B17: =TEXT(MID(A17,1,5),"00000") -> 14303 | C17: B
A18: 14305.AF0.106L | B18: =TEXT(MID(A18,1,5),"00000") -> 14305 | C18: B
A19: 14311.AB0.0000 | B19: =TEXT(MID(A19,1,5),"00000") -> 14311 | C19: B | D19: 灯公仔
A20: 14311.AB0.00SS | B20: =TEXT(MID(A20,1,5),"00000") -> 14311 | C20: B | D20: 灯公仔
A21: 14312.AB0.0000 | B21: =TEXT(MID(A21,1,5),"00000") -> 14312 | C21: B | D21: 灯公仔
A22: 14312.AB0.00SS | B22: =TEXT(MID(A22,1,5),"00000") -> 14312 | C22: B | D22: 灯公仔
A23: 14312.AF0.0000 | B23: =TEXT(MID(A23,1,5),"00000") -> 14312 | C23: B | D23: 灯公仔
A24: 14312.AF0.106L | B24: =TEXT(MID(A24,1,5),"00000") -> 14312 | C24: B | D24: 灯公仔
A25: 14317.AF0.106L | B25: =TEXT(MID(A25,1,5),"00000") -> 14317 | C25: B
A26: 14344.AF0.106L | B26: =TEXT(MID(A26,1,5),"00000") -> 14344 | C26: B
A27: 14345.AF0.0000 | B27: =TEXT(MID(A27,1,5),"00000") -> 14345 | C27: B | D27: 灯公仔
A28: 14345.AF0.106L | B28: =TEXT(MID(A28,1,5),"00000") -> 14345 | C28: B | D28: 灯公仔
A29: 14347.AG0.CT00 | B29: =TEXT(MID(A29,1,5),"00000") -> 14347 | C29: B | D29: 灯公仔
A30: 14349.AF0.0000 | B30: =TEXT(MID(A30,1,5),"00000") -> 14349 | C30: B
A31: 14764.AF0.106L | B31: =TEXT(MID(A31,1,5),"00000") -> 14764 | C31: B | D31: 灯公仔
A32: 14765.AG0.CT00 | B32: =TEXT(MID(A32,1,5),"00000") -> 14765 | C32: B | D32: 灯公仔
A33: 14766.AG0.CT00 | B33: =TEXT(MID(A33,1,5),"00000") -> 14766 | C33: B | D33: 灯公仔
A34: 14766.AG0.CT02 | B34: 14766 | C34: B | D34: 灯公仔
A35: 14766.AG0.CT04 | B35: 14766 | C35: B | D35: 灯公仔
A36: 14767.AG0.CT03 | B36: 14767 | C36: B | D36: 灯公仔
A37: 14768.AG0.CT05 | B37: 14768 | C37: B | D37: 灯公仔
A38: 14769.AG0.CT06 | B38: 14769 | C38: B | D38: 灯公仔
A39: 17337.AB0.0000 | B39: =TEXT(MID(A39,1,5),"00000") -> 17337 | C39: B | D39: 学校
A40: 17337.AB0.005L | B40: =TEXT(MID(A40,1,5),"00000") -> 17337 | C40: B | D40: 学校
A41: 17337.AB0.11AZ | B41: =TEXT(MID(A41,1,5),"00000") -> 17337 | C41: B | D41: 学校
A42: 17337.AD0.0000 | B42: =TEXT(MID(A42,1,5),"00000") -> 17337 | C42: B | D42: 学校
A43: 17341.AB0.0000 | B43: =TEXT(MID(A43,1,5),"00000") -> 17341 | C43: C
A44: 17341.AD0.0000 | B44: =TEXT(MID(A44,1,5),"00000") -> 17341 | C44: C
A45: 17341.AD0.005L | B45: =TEXT(MID(A45,1,5),"00000") -> 17341 | C45: C
A46: 17341.EG0.0000 | B46: =TEXT(MID(A46,1,5),"00000") -> 17341 | C46: C
A47: 17342.AD0.0000 | B47: =TEXT(MID(A47,1,5),"00000") -> 17342 | C47: A-C | D47: 布鲁伊玩偶2只装-布鲁伊和温顿
A48: 17342.AD0.005L | B48: =TEXT(MID(A48,1,5),"00000") -> 17342 | C48: A-C | D48: 布鲁伊玩偶2只装-布鲁伊和温顿
A49: 17342.AF0.0000 | B49: =TEXT(MID(A49,1,5),"00000") -> 17342 | C49: A-C | D49: 布鲁伊玩偶2只装-布鲁伊和温顿
A50: 17343.AD0.0000 | B50: =TEXT(MID(A50,1,5),"00000") -> 17343 | C50: A-C | D50: 布鲁伊玩偶2只装-学校茶话会
A51: 17343.AD0.005L | B51: =TEXT(MID(A51,1,5),"00000") -> 17343 | C51: A-C | D51: 布鲁伊玩偶2只装-学校茶话会
A52: 17344.AD0.0000 | B52: =TEXT(MID(A52,1,5),"00000") -> 17344 | C52: A | D52: 布鲁公仔一代
A53: 17344.AD0.005L | B53: =TEXT(MID(A53,1,5),"00000") -> 17344 | C53: A | D53: 布鲁公仔一代
A54: 17345.AB0.0000 | B54: =TEXT(MID(A54,1,5),"00000") -> 17345 | C54: A | D54: 校巴
A55: 17345.AB0.005L | B55: =TEXT(MID(A55,1,5),"00000") -> 17345 | C55: A | D55: 校巴
A56: 17345.AB0.00SS | B56: =TEXT(MID(A56,1,5),"00000") -> 17345 | C56: A | D56: 校巴
A57: 17345.AD0.0000 | B57: =TEXT(MID(A57,1,5),"00000") -> 17345 | C57: A | D57: 校巴
A58: 17389.AB0.0000 | B58: =TEXT(MID(A58,1,5),"00000") -> 17389 | C58: B | D58: 学校邮购合装
A59: 17392.AA0.0000 | B59: =TEXT(MID(A59,1,5),"00000") -> 17392 | C59: C
A60: 17513.AA0.0000 | B60: =TEXT(MID(A60,1,5),"00000") -> 17513 | C60: C
A61: 17513.AA0.005L | B61: =TEXT(MID(A61,1,5),"00000") -> 17513 | C61: C
A62: 17527.AD0.0000 | B62: =TEXT(MID(A62,1,5),"00000") -> 17527 | C62: A-C | D62: 布鲁公仔二代
A63: 17528.AD0.0000 | B63: =TEXT(MID(A63,1,5),"00000") -> 17528 | C63: C | D63: 布鲁伊&强盗
A64: 17529.AB0.0000 | B64: =TEXT(MID(A64,1,5),"00000") -> 17529 | C64: A-C | D64: 大树
A65: 17529.AB0.005L | B65: =TEXT(MID(A65,1,5),"00000") -> 17529 | C65: A-C | D65: 大树
A66: 17529.AD0.0000 | B66: =TEXT(MID(A66,1,5),"00000") -> 17529 | C66: A-C | D66: 大树
A67: 17529.BB0.0000 | B67: =TEXT(MID(A67,1,5),"00000") -> 17529 | C67: A-C | D67: 大树
A68: 17529.AB0.00WR | B68: =TEXT(MID(A68,1,5),"00000") -> 17529 | C68: A-C | D68: 大树
A69: 17552.AB0.0000 | B69: =TEXT(MID(A69,1,5),"00000") -> 17552 | C69: A-C | D69: 玩具商场
A70: 17563.AB0.0000 | B70: =TEXT(MID(A70,1,5),"00000") -> 17563 | C70: A | D70: 校巴邮购盒装
A71: 17588.AB0.0000 | B71: =TEXT(MID(A71,1,5),"00000") -> 17588 | C71: A-C | D71: 玩具商场+车仔
A72: 17644.AA0.0000 | B72: =TEXT(MID(A72,1,5),"00000") -> 17644 | C72: A-C | D72: 大树
A73: 18060.AB0.0000 | B73: 18060 | C73: A-C | D73: 车子+公仔
A74: 18947.AD0.005L | B74: 18947 | C74: A-C | D74: 大树，校巴，车仔
A75: 50040.AB0.0000 | B75: =TEXT(MID(A75,1,5),"00000") -> 50040 | C75: A | D75: 大头公仔
A76: 50040.AB0.0200 | B76: =TEXT(MID(A76,1,5),"00000") -> 50040 | C76: A | D76: 大头公仔
A77: 50040.AB0.11AZ | B77: =TEXT(MID(A77,1,5),"00000") -> 50040 | C77: A | D77: 大头公仔
A78: 50047.AC0.005L | B78: =TEXT(MID(A78,1,5),"00000") -> 50047 | C78: A
A79: 50047.AC0.0200 | B79: =TEXT(MID(A79,1,5),"00000") -> 50047 | C79: B
A80: 50060.AB0.0000 | B80: =TEXT(MID(A80,1,5),"00000") -> 50060 | C80: B
A81: 50064.AB0.0000 | B81: =TEXT(MID(A81,1,5),"00000") -> 50064 | C81: B
A82: 50064.AB0.TB00 | B82: =TEXT(MID(A82,1,5),"00000") -> 50064 | C82: B
A83: 50074.AB0.0000 | B83: =TEXT(MID(A83,1,5),"00000") -> 50074 | C83: A | D83: 大头公仔
A84: 50074.AB0.0200 | B84: =TEXT(MID(A84,1,5),"00000") -> 50074 | C84: A | D84: 大头公仔
A85: 50074.AB0.025L | B85: =TEXT(MID(A85,1,5),"00000") -> 50074 | C85: A | D85: 大头公仔
A86: 50110.AB0.0000 | B86: =TEXT(MID(A86,1,5),"00000") -> 50110 | C86: A
A87: 50111.AB0.0000 | B87: =TEXT(MID(A87,1,5),"00000") -> 50111 | C87: A
A88: 50111.AB0.025L | B88: =TEXT(MID(A88,1,5),"00000") -> 50111 | C88: A
A89: 50112.AB0.0000 | B89: =TEXT(MID(A89,1,5),"00000") -> 50112 | C89: A
A90: 50112.AB0.025L | B90: =TEXT(MID(A90,1,5),"00000") -> 50112 | C90: A
A91: 50113.AB0.0000 | B91: =TEXT(MID(A91,1,5),"00000") -> 50113 | C91: A
A92: 50113.AB0.025L | B92: =TEXT(MID(A92,1,5),"00000") -> 50113 | C92: A
A93: 50116.AB0.0000 | B93: =TEXT(MID(A93,1,5),"00000") -> 50116 | C93: B | D93: 大头公仔
A94: 50119.AB0.0200 | B94: =TEXT(MID(A94,1,5),"00000") -> 50119 | C94: B
A95: 50122.AB0.0000 | B95: =TEXT(MID(A95,1,5),"00000") -> 50122 | C95: B
A96: 50122.AB0.0200 | B96: =TEXT(MID(A96,1,5),"00000") -> 50122 | C96: B
A97: 50124.AB0.0200 | B97: =TEXT(MID(A97,1,5),"00000") -> 50124 | C97: A
A98: 50125.AB0.0000 | B98: =TEXT(MID(A98,1,5),"00000") -> 50125 | C98: A | D98: 五代BB公仔
A99: 50125.AB0.0200 | B99: =TEXT(MID(A99,1,5),"00000") -> 50125 | C99: A | D99: 五代BB公仔
A100: 50127.AB0.0000 | B100: =TEXT(MID(A100,1,5),"00000") -> 50127 | C100: A | D100: 五代BB公仔
...
